ISO-10303-21;
HEADER;
/* Generated by software containing ST-Developer
 * from STEP Tools, Inc. (www.steptools.com) 
 */
/* OPTION: using custom renumber hook */

FILE_DESCRIPTION(
/* description */ ('STEP AP242 Edition 2',
'CAx-IF Rec.Pracs.---Representation and Presentation of Product Manufa
cturing Information (PMI)---4.0---2014-10-13',
'CAx-IF Rec.Pracs.---3D Tessellated Geometry---0.4---2014-09-14','2;1',
'CAx-IF Rec.Pracs.---User Defined Attributes---1.5---2016-08-15'),
/* implementation_level */ '2;1');

FILE_NAME(
/* name */ 'Driver Gear',
/* time_stamp */ '2026-06-29T21:36:42Z',
/* author */ (''),
/* organization */ (''),
/* preprocessor_version */ 'ST-DEVELOPER v20',
/* originating_system */ 'ONSHAPE BY PTC INC, 1.217',
/* authorisation */ '  ');

FILE_SCHEMA (('AP242_MANAGED_MODEL_BASED_3D_ENGINEERING_MIM_LF { 1 0 10303 442 3 1 4 }'));
ENDSEC;

DATA;
#10=SHAPE_REPRESENTATION_RELATIONSHIP('','',#970,#11);
#11=ADVANCED_BREP_SHAPE_REPRESENTATION('',(#968),#3497);
#12=B_SPLINE_SURFACE_WITH_KNOTS('',3,1,((#2958,#2959),(#2960,#2961),(#2962,
#2963),(#2964,#2965),(#2966,#2967),(#2968,#2969),(#2970,#2971),(#2972,#2973),
(#2974,#2975),(#2976,#2977),(#2978,#2979),(#2980,#2981),(#2982,#2983),(#2984,
#2985),(#2986,#2987),(#2988,#2989),(#2990,#2991)),
 .SURF_OF_LINEAR_EXTRUSION.,.F.,.F.,.F.,(4,1,1,1,1,1,1,1,1,1,1,1,1,1,4),
(2,2),(0.0276087652851221,0.0574291121082657,0.0872494589314092,0.102159632342981,
0.117069805754553,0.146890152577696,0.17671049940084,0.206530846223983,
0.26617153987027,0.325812233516557,0.385452927162845,0.504734314455419,
0.624015701747993,0.743297089040567,0.981859863625715),(0.,1.),
 .UNSPECIFIED.);
#13=B_SPLINE_SURFACE_WITH_KNOTS('',3,1,((#2993,#2994),(#2995,#2996),(#2997,
#2998),(#2999,#3000),(#3001,#3002),(#3003,#3004),(#3005,#3006),(#3007,#3008),
(#3009,#3010),(#3011,#3012),(#3013,#3014),(#3015,#3016),(#3017,#3018),(#3019,
#3020),(#3021,#3022),(#3023,#3024),(#3025,#3026)),
 .SURF_OF_LINEAR_EXTRUSION.,.F.,.F.,.F.,(4,1,1,1,1,1,1,1,1,1,1,1,1,1,4),
(2,2),(0.0276087652851221,0.0574291121082657,0.0872494589314092,0.102159632342981,
0.117069805754553,0.146890152577696,0.17671049940084,0.206530846223983,
0.26617153987027,0.325812233516557,0.385452927162845,0.504734314455419,
0.624015701747993,0.743297089040567,0.981859863625715),(0.,1.),
 .UNSPECIFIED.);
#14=B_SPLINE_SURFACE_WITH_KNOTS('',3,1,((#3033,#3034),(#3035,#3036),(#3037,
#3038),(#3039,#3040),(#3041,#3042),(#3043,#3044),(#3045,#3046),(#3047,#3048),
(#3049,#3050),(#3051,#3052),(#3053,#3054),(#3055,#3056),(#3057,#3058),(#3059,
#3060),(#3061,#3062),(#3063,#3064),(#3065,#3066)),
 .SURF_OF_LINEAR_EXTRUSION.,.F.,.F.,.F.,(4,1,1,1,1,1,1,1,1,1,1,1,1,1,4),
(2,2),(0.027608765285122,0.0574291121082656,0.0872494589314091,0.102159632342981,
0.117069805754553,0.146890152577696,0.17671049940084,0.206530846223983,
0.26617153987027,0.325812233516557,0.385452927162844,0.504734314455419,
0.624015701747993,0.743297089040567,0.981859863625715),(0.,1.),
 .UNSPECIFIED.);
#15=B_SPLINE_SURFACE_WITH_KNOTS('',3,1,((#3068,#3069),(#3070,#3071),(#3072,
#3073),(#3074,#3075),(#3076,#3077),(#3078,#3079),(#3080,#3081),(#3082,#3083),
(#3084,#3085),(#3086,#3087),(#3088,#3089),(#3090,#3091),(#3092,#3093),(#3094,
#3095),(#3096,#3097),(#3098,#3099),(#3100,#3101)),
 .SURF_OF_LINEAR_EXTRUSION.,.F.,.F.,.F.,(4,1,1,1,1,1,1,1,1,1,1,1,1,1,4),
(2,2),(0.0276087652851222,0.0574291121082657,0.0872494589314092,0.102159632342981,
0.117069805754553,0.146890152577696,0.17671049940084,0.206530846223983,
0.26617153987027,0.325812233516557,0.385452927162845,0.504734314455419,
0.624015701747993,0.743297089040567,0.981859863625715),(0.,1.),
 .UNSPECIFIED.);
#16=B_SPLINE_SURFACE_WITH_KNOTS('',3,1,((#3108,#3109),(#3110,#3111),(#3112,
#3113),(#3114,#3115),(#3116,#3117),(#3118,#3119),(#3120,#3121),(#3122,#3123),
(#3124,#3125),(#3126,#3127),(#3128,#3129),(#3130,#3131),(#3132,#3133),(#3134,
#3135),(#3136,#3137),(#3138,#3139),(#3140,#3141)),
 .SURF_OF_LINEAR_EXTRUSION.,.F.,.F.,.F.,(4,1,1,1,1,1,1,1,1,1,1,1,1,1,4),
(2,2),(0.027608765285122,0.0574291121082656,0.0872494589314091,0.102159632342981,
0.117069805754553,0.146890152577696,0.17671049940084,0.206530846223983,
0.26617153987027,0.325812233516557,0.385452927162844,0.504734314455419,
0.624015701747993,0.743297089040567,0.981859863625715),(0.,1.),
 .UNSPECIFIED.);
#17=B_SPLINE_SURFACE_WITH_KNOTS('',3,1,((#3143,#3144),(#3145,#3146),(#3147,
#3148),(#3149,#3150),(#3151,#3152),(#3153,#3154),(#3155,#3156),(#3157,#3158),
(#3159,#3160),(#3161,#3162),(#3163,#3164),(#3165,#3166),(#3167,#3168),(#3169,
#3170),(#3171,#3172),(#3173,#3174),(#3175,#3176)),
 .SURF_OF_LINEAR_EXTRUSION.,.F.,.F.,.F.,(4,1,1,1,1,1,1,1,1,1,1,1,1,1,4),
(2,2),(0.0276087652851223,0.0574291121082658,0.0872494589314093,0.102159632342981,
0.117069805754553,0.146890152577696,0.17671049940084,0.206530846223983,
0.26617153987027,0.325812233516558,0.385452927162845,0.504734314455419,
0.624015701747993,0.743297089040567,0.981859863625715),(0.,1.),
 .UNSPECIFIED.);
#18=B_SPLINE_SURFACE_WITH_KNOTS('',3,1,((#3183,#3184),(#3185,#3186),(#3187,
#3188),(#3189,#3190),(#3191,#3192),(#3193,#3194),(#3195,#3196),(#3197,#3198),
(#3199,#3200),(#3201,#3202),(#3203,#3204),(#3205,#3206),(#3207,#3208),(#3209,
#3210),(#3211,#3212),(#3213,#3214),(#3215,#3216)),
 .SURF_OF_LINEAR_EXTRUSION.,.F.,.F.,.F.,(4,1,1,1,1,1,1,1,1,1,1,1,1,1,4),
(2,2),(0.0276087652851221,0.0574291121082656,0.0872494589314091,0.102159632342981,
0.117069805754553,0.146890152577696,0.17671049940084,0.206530846223983,
0.26617153987027,0.325812233516557,0.385452927162845,0.504734314455419,
0.624015701747993,0.743297089040567,0.981859863625715),(0.,1.),
 .UNSPECIFIED.);
#19=B_SPLINE_SURFACE_WITH_KNOTS('',3,1,((#3218,#3219),(#3220,#3221),(#3222,
#3223),(#3224,#3225),(#3226,#3227),(#3228,#3229),(#3230,#3231),(#3232,#3233),
(#3234,#3235),(#3236,#3237),(#3238,#3239),(#3240,#3241),(#3242,#3243),(#3244,
#3245),(#3246,#3247),(#3248,#3249),(#3250,#3251)),
 .SURF_OF_LINEAR_EXTRUSION.,.F.,.F.,.F.,(4,1,1,1,1,1,1,1,1,1,1,1,1,1,4),
(2,2),(0.0276087652851221,0.0574291121082656,0.0872494589314092,0.102159632342981,
0.117069805754553,0.146890152577696,0.17671049940084,0.206530846223983,
0.26617153987027,0.325812233516557,0.385452927162845,0.504734314455419,
0.624015701747993,0.743297089040567,0.981859863625715),(0.,1.),
 .UNSPECIFIED.);
#20=B_SPLINE_SURFACE_WITH_KNOTS('',3,1,((#3258,#3259),(#3260,#3261),(#3262,
#3263),(#3264,#3265),(#3266,#3267),(#3268,#3269),(#3270,#3271),(#3272,#3273),
(#3274,#3275),(#3276,#3277),(#3278,#3279),(#3280,#3281),(#3282,#3283),(#3284,
#3285),(#3286,#3287),(#3288,#3289),(#3290,#3291)),
 .SURF_OF_LINEAR_EXTRUSION.,.F.,.F.,.F.,(4,1,1,1,1,1,1,1,1,1,1,1,1,1,4),
(2,2),(0.0276087652851219,0.0574291121082655,0.087249458931409,0.102159632342981,
0.117069805754553,0.146890152577696,0.17671049940084,0.206530846223983,
0.26617153987027,0.325812233516557,0.385452927162844,0.504734314455418,
0.624015701747993,0.743297089040567,0.981859863625715),(0.,1.),
 .UNSPECIFIED.);
#21=B_SPLINE_SURFACE_WITH_KNOTS('',3,1,((#3293,#3294),(#3295,#3296),(#3297,
#3298),(#3299,#3300),(#3301,#3302),(#3303,#3304),(#3305,#3306),(#3307,#3308),
(#3309,#3310),(#3311,#3312),(#3313,#3314),(#3315,#3316),(#3317,#3318),(#3319,
#3320),(#3321,#3322),(#3323,#3324),(#3325,#3326)),
 .SURF_OF_LINEAR_EXTRUSION.,.F.,.F.,.F.,(4,1,1,1,1,1,1,1,1,1,1,1,1,1,4),
(2,2),(0.0276087652851221,0.0574291121082656,0.0872494589314092,0.102159632342981,
0.117069805754553,0.146890152577696,0.17671049940084,0.206530846223983,
0.26617153987027,0.325812233516557,0.385452927162845,0.504734314455419,
0.624015701747993,0.743297089040567,0.981859863625715),(0.,1.),
 .UNSPECIFIED.);
#22=B_SPLINE_SURFACE_WITH_KNOTS('',3,1,((#3333,#3334),(#3335,#3336),(#3337,
#3338),(#3339,#3340),(#3341,#3342),(#3343,#3344),(#3345,#3346),(#3347,#3348),
(#3349,#3350),(#3351,#3352),(#3353,#3354),(#3355,#3356),(#3357,#3358),(#3359,
#3360),(#3361,#3362),(#3363,#3364),(#3365,#3366)),
 .SURF_OF_LINEAR_EXTRUSION.,.F.,.F.,.F.,(4,1,1,1,1,1,1,1,1,1,1,1,1,1,4),
(2,2),(0.0276087652851221,0.0574291121082657,0.0872494589314092,0.102159632342981,
0.117069805754553,0.146890152577696,0.17671049940084,0.206530846223983,
0.26617153987027,0.325812233516557,0.385452927162845,0.504734314455419,
0.624015701747993,0.743297089040567,0.981859863625715),(0.,1.),
 .UNSPECIFIED.);
#23=B_SPLINE_SURFACE_WITH_KNOTS('',3,1,((#3368,#3369),(#3370,#3371),(#3372,
#3373),(#3374,#3375),(#3376,#3377),(#3378,#3379),(#3380,#3381),(#3382,#3383),
(#3384,#3385),(#3386,#3387),(#3388,#3389),(#3390,#3391),(#3392,#3393),(#3394,
#3395),(#3396,#3397),(#3398,#3399),(#3400,#3401)),
 .SURF_OF_LINEAR_EXTRUSION.,.F.,.F.,.F.,(4,1,1,1,1,1,1,1,1,1,1,1,1,1,4),
(2,2),(0.0276087652851223,0.0574291121082659,0.0872494589314094,0.102159632342981,
0.117069805754553,0.146890152577696,0.17671049940084,0.206530846223983,
0.266171539870271,0.325812233516558,0.385452927162845,0.504734314455419,
0.624015701747993,0.743297089040567,0.981859863625715),(0.,1.),
 .UNSPECIFIED.);
#24=B_SPLINE_SURFACE_WITH_KNOTS('',3,1,((#3408,#3409),(#3410,#3411),(#3412,
#3413),(#3414,#3415),(#3416,#3417),(#3418,#3419),(#3420,#3421),(#3422,#3423),
(#3424,#3425),(#3426,#3427),(#3428,#3429),(#3430,#3431),(#3432,#3433),(#3434,
#3435),(#3436,#3437),(#3438,#3439),(#3440,#3441)),
 .SURF_OF_LINEAR_EXTRUSION.,.F.,.F.,.F.,(4,1,1,1,1,1,1,1,1,1,1,1,1,1,4),
(2,2),(0.027608765285122,0.0574291121082656,0.0872494589314091,0.102159632342981,
0.117069805754553,0.146890152577696,0.17671049940084,0.206530846223983,
0.26617153987027,0.325812233516557,0.385452927162844,0.504734314455419,
0.624015701747993,0.743297089040567,0.981859863625715),(0.,1.),
 .UNSPECIFIED.);
#25=B_SPLINE_SURFACE_WITH_KNOTS('',3,1,((#3443,#3444),(#3445,#3446),(#3447,
#3448),(#3449,#3450),(#3451,#3452),(#3453,#3454),(#3455,#3456),(#3457,#3458),
(#3459,#3460),(#3461,#3462),(#3463,#3464),(#3465,#3466),(#3467,#3468),(#3469,
#3470),(#3471,#3472),(#3473,#3474),(#3475,#3476)),
 .SURF_OF_LINEAR_EXTRUSION.,.F.,.F.,.F.,(4,1,1,1,1,1,1,1,1,1,1,1,1,1,4),
(2,2),(0.0276087652851222,0.0574291121082657,0.0872494589314092,0.102159632342981,
0.117069805754553,0.146890152577696,0.17671049940084,0.206530846223983,
0.26617153987027,0.325812233516557,0.385452927162845,0.504734314455419,
0.624015701747993,0.743297089040567,0.981859863625715),(0.,1.),
 .UNSPECIFIED.);
#26=B_SPLINE_CURVE_WITH_KNOTS('',3,(#1371,#1372,#1373,#1374,#1375,#1376,
#1377,#1378,#1379,#1380,#1381,#1382,#1383,#1384,#1385,#1386,#1387,#1388,
#1389,#1390,#1391,#1392,#1393,#1394,#1395,#1396,#1397,#1398,#1399,#1400,
#1401,#1402,#1403,#1404,#1405,#1406,#1407,#1408,#1409,#1410,#1411,#1412,
#1413,#1414,#1415,#1416,#1417,#1418,#1419,#1420,#1421),.UNSPECIFIED.,.F.,
 .F.,(4,1,1,1,1,1,1,1,1,1,1,1,1,1,1,1,1,1,1,1,1,1,1,1,1,1,1,1,1,1,1,1,1,
1,1,1,1,1,1,1,1,1,1,1,1,1,1,1,4),(0.,0.112108834737287,0.11702819395499,
0.123379058141875,0.130893501577168,0.139414079345275,0.148833932389768,
0.159074392220065,0.170074410577281,0.181784824331308,0.194164936479258,
0.207180333643927,0.220801418400705,0.235002380923658,0.249760454077983,
0.265055358781732,0.280868881367794,0.297184545107746,0.313987350527688,
0.331263567031716,0.349000563491511,0.367186668905854,0.385811056597094,
0.4048636470669,0.424335025814966,0.444216373281739,0.464499404708071,0.48517631817675,
0.506239749458081,0.527682732555067,0.549498665055279,0.571681277561739,
0.594224606605412,0.61712297054549,0.640370948046653,0.663963358789474,
0.68789524612463,0.712161861426071,0.736758649935033,0.761681237917062,
0.786925420979504,0.812487153418033,0.838362538478519,0.864547819435549,
0.891039371401588,0.917833693791613,0.944927403377279,0.972317227872603,
0.981859863625715),.UNSPECIFIED.);
#27=B_SPLINE_CURVE_WITH_KNOTS('',3,(#1425,#1426,#1427,#1428,#1429,#1430,
#1431,#1432,#1433,#1434,#1435,#1436,#1437,#1438,#1439,#1440,#1441,#1442,
#1443,#1444,#1445,#1446,#1447,#1448,#1449,#1450,#1451,#1452,#1453,#1454,
#1455,#1456,#1457,#1458,#1459,#1460,#1461,#1462,#1463,#1464,#1465,#1466,
#1467,#1468,#1469,#1470,#1471,#1472,#1473,#1474,#1475),.UNSPECIFIED.,.F.,
 .F.,(4,1,1,1,1,1,1,1,1,1,1,1,1,1,1,1,1,1,1,1,1,1,1,1,1,1,1,1,1,1,1,1,1,
1,1,1,1,1,1,1,1,1,1,1,1,1,1,1,4),(0.,0.112108834737287,0.11702819395499,
0.123379058141875,0.130893501577168,0.139414079345275,0.148833932389768,
0.159074392220065,0.170074410577281,0.181784824331308,0.194164936479258,
0.207180333643927,0.220801418400705,0.235002380923658,0.249760454077983,
0.265055358781732,0.280868881367794,0.297184545107746,0.313987350527688,
0.331263567031716,0.349000563491511,0.367186668905854,0.385811056597094,
0.4048636470669,0.424335025814966,0.444216373281739,0.464499404708071,0.48517631817675,
0.506239749458081,0.527682732555067,0.549498665055279,0.571681277561739,
0.594224606605412,0.61712297054549,0.640370948046653,0.663963358789474,
0.68789524612463,0.712161861426071,0.736758649935033,0.761681237917062,
0.786925420979504,0.812487153418033,0.838362538478519,0.864547819435549,
0.891039371401588,0.917833693791613,0.944927403377279,0.972317227872603,
0.981859863625715),.UNSPECIFIED.);
#28=B_SPLINE_CURVE_WITH_KNOTS('',3,(#1483,#1484,#1485,#1486,#1487,#1488,
#1489,#1490,#1491,#1492,#1493,#1494,#1495,#1496,#1497,#1498,#1499,#1500,
#1501,#1502,#1503,#1504,#1505,#1506,#1507,#1508,#1509,#1510,#1511,#1512,
#1513,#1514,#1515,#1516,#1517,#1518,#1519,#1520,#1521,#1522,#1523,#1524,
#1525,#1526,#1527,#1528,#1529,#1530,#1531,#1532,#1533),.UNSPECIFIED.,.F.,
 .F.,(4,1,1,1,1,1,1,1,1,1,1,1,1,1,1,1,1,1,1,1,1,1,1,1,1,1,1,1,1,1,1,1,1,
1,1,1,1,1,1,1,1,1,1,1,1,1,1,1,4),(0.,0.112108834737287,0.11702819395499,
0.123379058141875,0.130893501577168,0.139414079345275,0.148833932389768,
0.159074392220065,0.170074410577281,0.181784824331308,0.194164936479258,
0.207180333643927,0.220801418400705,0.235002380923658,0.249760454077983,
0.265055358781732,0.280868881367794,0.297184545107746,0.313987350527688,
0.331263567031716,0.349000563491511,0.367186668905854,0.385811056597094,
0.4048636470669,0.424335025814966,0.444216373281739,0.464499404708071,0.48517631817675,
0.506239749458081,0.527682732555067,0.549498665055279,0.571681277561739,
0.594224606605412,0.61712297054549,0.640370948046653,0.663963358789474,
0.68789524612463,0.712161861426071,0.736758649935033,0.761681237917062,
0.786925420979504,0.812487153418033,0.838362538478519,0.864547819435549,
0.891039371401588,0.917833693791613,0.944927403377279,0.972317227872603,
0.981859863625715),.UNSPECIFIED.);
#29=B_SPLINE_CURVE_WITH_KNOTS('',3,(#1537,#1538,#1539,#1540,#1541,#1542,
#1543,#1544,#1545,#1546,#1547,#1548,#1549,#1550,#1551,#1552,#1553,#1554,
#1555,#1556,#1557,#1558,#1559,#1560,#1561,#1562,#1563,#1564,#1565,#1566,
#1567,#1568,#1569,#1570,#1571,#1572,#1573,#1574,#1575,#1576,#1577,#1578,
#1579,#1580,#1581,#1582,#1583,#1584,#1585,#1586,#1587),.UNSPECIFIED.,.F.,
 .F.,(4,1,1,1,1,1,1,1,1,1,1,1,1,1,1,1,1,1,1,1,1,1,1,1,1,1,1,1,1,1,1,1,1,
1,1,1,1,1,1,1,1,1,1,1,1,1,1,1,4),(0.,0.112108834737287,0.11702819395499,
0.123379058141875,0.130893501577168,0.139414079345275,0.148833932389768,
0.159074392220065,0.170074410577281,0.181784824331308,0.194164936479258,
0.207180333643927,0.220801418400705,0.235002380923658,0.249760454077983,
0.265055358781732,0.280868881367794,0.297184545107746,0.313987350527688,
0.331263567031716,0.349000563491511,0.367186668905854,0.385811056597094,
0.4048636470669,0.424335025814966,0.444216373281739,0.464499404708071,0.48517631817675,
0.506239749458081,0.527682732555067,0.549498665055279,0.571681277561739,
0.594224606605412,0.61712297054549,0.640370948046653,0.663963358789474,
0.68789524612463,0.712161861426071,0.736758649935033,0.761681237917062,
0.786925420979504,0.812487153418033,0.838362538478519,0.864547819435549,
0.891039371401588,0.917833693791613,0.944927403377279,0.972317227872603,
0.981859863625715),.UNSPECIFIED.);
#30=B_SPLINE_CURVE_WITH_KNOTS('',3,(#1595,#1596,#1597,#1598,#1599,#1600,
#1601,#1602,#1603,#1604,#1605,#1606,#1607,#1608,#1609,#1610,#1611,#1612,
#1613,#1614,#1615,#1616,#1617,#1618,#1619,#1620,#1621,#1622,#1623,#1624,
#1625,#1626,#1627,#1628,#1629,#1630,#1631,#1632,#1633,#1634,#1635,#1636,
#1637,#1638,#1639,#1640,#1641,#1642,#1643,#1644,#1645),.UNSPECIFIED.,.F.,
 .F.,(4,1,1,1,1,1,1,1,1,1,1,1,1,1,1,1,1,1,1,1,1,1,1,1,1,1,1,1,1,1,1,1,1,
1,1,1,1,1,1,1,1,1,1,1,1,1,1,1,4),(0.,0.112108834737287,0.11702819395499,
0.123379058141875,0.130893501577168,0.139414079345275,0.148833932389768,
0.159074392220065,0.170074410577281,0.181784824331308,0.194164936479258,
0.207180333643927,0.220801418400705,0.235002380923658,0.249760454077983,
0.265055358781732,0.280868881367794,0.297184545107746,0.313987350527688,
0.331263567031716,0.349000563491511,0.367186668905854,0.385811056597094,
0.4048636470669,0.424335025814966,0.444216373281739,0.464499404708071,0.48517631817675,
0.506239749458081,0.527682732555067,0.549498665055279,0.571681277561739,
0.594224606605412,0.61712297054549,0.640370948046653,0.663963358789474,
0.68789524612463,0.712161861426071,0.736758649935033,0.761681237917062,
0.786925420979504,0.812487153418033,0.838362538478519,0.864547819435549,
0.891039371401588,0.917833693791613,0.944927403377279,0.972317227872603,
0.981859863625715),.UNSPECIFIED.);
#31=B_SPLINE_CURVE_WITH_KNOTS('',3,(#1649,#1650,#1651,#1652,#1653,#1654,
#1655,#1656,#1657,#1658,#1659,#1660,#1661,#1662,#1663,#1664,#1665,#1666,
#1667,#1668,#1669,#1670,#1671,#1672,#1673,#1674,#1675,#1676,#1677,#1678,
#1679,#1680,#1681,#1682,#1683,#1684,#1685,#1686,#1687,#1688,#1689,#1690,
#1691,#1692,#1693,#1694,#1695,#1696,#1697,#1698,#1699),.UNSPECIFIED.,.F.,
 .F.,(4,1,1,1,1,1,1,1,1,1,1,1,1,1,1,1,1,1,1,1,1,1,1,1,1,1,1,1,1,1,1,1,1,
1,1,1,1,1,1,1,1,1,1,1,1,1,1,1,4),(0.,0.112108834737287,0.11702819395499,
0.123379058141875,0.130893501577168,0.139414079345275,0.148833932389768,
0.159074392220065,0.170074410577281,0.181784824331308,0.194164936479258,
0.207180333643927,0.220801418400705,0.235002380923658,0.249760454077983,
0.265055358781732,0.280868881367794,0.297184545107746,0.313987350527688,
0.331263567031716,0.349000563491511,0.367186668905854,0.385811056597094,
0.4048636470669,0.424335025814966,0.444216373281739,0.464499404708071,0.48517631817675,
0.506239749458081,0.527682732555067,0.549498665055279,0.571681277561739,
0.594224606605412,0.61712297054549,0.640370948046653,0.663963358789474,
0.68789524612463,0.712161861426071,0.736758649935033,0.761681237917062,
0.786925420979504,0.812487153418033,0.838362538478519,0.864547819435549,
0.891039371401588,0.917833693791613,0.944927403377279,0.972317227872603,
0.981859863625715),.UNSPECIFIED.);
#32=B_SPLINE_CURVE_WITH_KNOTS('',3,(#1707,#1708,#1709,#1710,#1711,#1712,
#1713,#1714,#1715,#1716,#1717,#1718,#1719,#1720,#1721,#1722,#1723,#1724,
#1725,#1726,#1727,#1728,#1729,#1730,#1731,#1732,#1733,#1734,#1735,#1736,
#1737,#1738,#1739,#1740,#1741,#1742,#1743,#1744,#1745,#1746,#1747,#1748,
#1749,#1750,#1751,#1752,#1753,#1754,#1755,#1756,#1757),.UNSPECIFIED.,.F.,
 .F.,(4,1,1,1,1,1,1,1,1,1,1,1,1,1,1,1,1,1,1,1,1,1,1,1,1,1,1,1,1,1,1,1,1,
1,1,1,1,1,1,1,1,1,1,1,1,1,1,1,4),(0.,0.112108834737287,0.11702819395499,
0.123379058141875,0.130893501577168,0.139414079345275,0.148833932389768,
0.159074392220065,0.170074410577281,0.181784824331308,0.194164936479258,
0.207180333643927,0.220801418400705,0.235002380923658,0.249760454077983,
0.265055358781732,0.280868881367794,0.297184545107746,0.313987350527688,
0.331263567031716,0.349000563491511,0.367186668905854,0.385811056597094,
0.4048636470669,0.424335025814966,0.444216373281739,0.464499404708071,0.48517631817675,
0.506239749458081,0.527682732555067,0.549498665055279,0.571681277561739,
0.594224606605412,0.61712297054549,0.640370948046653,0.663963358789474,
0.68789524612463,0.712161861426071,0.736758649935033,0.761681237917062,
0.786925420979504,0.812487153418033,0.838362538478519,0.864547819435549,
0.891039371401588,0.917833693791613,0.944927403377279,0.972317227872603,
0.981859863625715),.UNSPECIFIED.);
#33=B_SPLINE_CURVE_WITH_KNOTS('',3,(#1761,#1762,#1763,#1764,#1765,#1766,
#1767,#1768,#1769,#1770,#1771,#1772,#1773,#1774,#1775,#1776,#1777,#1778,
#1779,#1780,#1781,#1782,#1783,#1784,#1785,#1786,#1787,#1788,#1789,#1790,
#1791,#1792,#1793,#1794,#1795,#1796,#1797,#1798,#1799,#1800,#1801,#1802,
#1803,#1804,#1805,#1806,#1807,#1808,#1809,#1810,#1811),.UNSPECIFIED.,.F.,
 .F.,(4,1,1,1,1,1,1,1,1,1,1,1,1,1,1,1,1,1,1,1,1,1,1,1,1,1,1,1,1,1,1,1,1,
1,1,1,1,1,1,1,1,1,1,1,1,1,1,1,4),(0.,0.112108834737287,0.11702819395499,
0.123379058141875,0.130893501577168,0.139414079345275,0.148833932389768,
0.159074392220065,0.170074410577281,0.181784824331308,0.194164936479258,
0.207180333643927,0.220801418400705,0.235002380923658,0.249760454077983,
0.265055358781732,0.280868881367794,0.297184545107746,0.313987350527688,
0.331263567031716,0.349000563491511,0.367186668905854,0.385811056597094,
0.4048636470669,0.424335025814966,0.444216373281739,0.464499404708071,0.48517631817675,
0.506239749458081,0.527682732555067,0.549498665055279,0.571681277561739,
0.594224606605412,0.61712297054549,0.640370948046653,0.663963358789474,
0.68789524612463,0.712161861426071,0.736758649935033,0.761681237917062,
0.786925420979504,0.812487153418033,0.838362538478519,0.864547819435549,
0.891039371401588,0.917833693791613,0.944927403377279,0.972317227872603,
0.981859863625715),.UNSPECIFIED.);
#34=B_SPLINE_CURVE_WITH_KNOTS('',3,(#1819,#1820,#1821,#1822,#1823,#1824,
#1825,#1826,#1827,#1828,#1829,#1830,#1831,#1832,#1833,#1834,#1835,#1836,
#1837,#1838,#1839,#1840,#1841,#1842,#1843,#1844,#1845,#1846,#1847,#1848,
#1849,#1850,#1851,#1852,#1853,#1854,#1855,#1856,#1857,#1858,#1859,#1860,
#1861,#1862,#1863,#1864,#1865,#1866,#1867,#1868,#1869),.UNSPECIFIED.,.F.,
 .F.,(4,1,1,1,1,1,1,1,1,1,1,1,1,1,1,1,1,1,1,1,1,1,1,1,1,1,1,1,1,1,1,1,1,
1,1,1,1,1,1,1,1,1,1,1,1,1,1,1,4),(0.,0.112108834737287,0.11702819395499,
0.123379058141875,0.130893501577168,0.139414079345275,0.148833932389768,
0.159074392220065,0.170074410577281,0.181784824331308,0.194164936479258,
0.207180333643927,0.220801418400705,0.235002380923658,0.249760454077983,
0.265055358781732,0.280868881367794,0.297184545107746,0.313987350527688,
0.331263567031716,0.349000563491511,0.367186668905854,0.385811056597094,
0.4048636470669,0.424335025814966,0.444216373281739,0.464499404708071,0.48517631817675,
0.506239749458081,0.527682732555067,0.549498665055279,0.571681277561739,
0.594224606605412,0.61712297054549,0.640370948046653,0.663963358789474,
0.68789524612463,0.712161861426071,0.736758649935033,0.761681237917062,
0.786925420979504,0.812487153418033,0.838362538478519,0.864547819435549,
0.891039371401588,0.917833693791613,0.944927403377279,0.972317227872603,
0.981859863625715),.UNSPECIFIED.);
#35=B_SPLINE_CURVE_WITH_KNOTS('',3,(#1873,#1874,#1875,#1876,#1877,#1878,
#1879,#1880,#1881,#1882,#1883,#1884,#1885,#1886,#1887,#1888,#1889,#1890,
#1891,#1892,#1893,#1894,#1895,#1896,#1897,#1898,#1899,#1900,#1901,#1902,
#1903,#1904,#1905,#1906,#1907,#1908,#1909,#1910,#1911,#1912,#1913,#1914,
#1915,#1916,#1917,#1918,#1919,#1920,#1921,#1922,#1923),.UNSPECIFIED.,.F.,
 .F.,(4,1,1,1,1,1,1,1,1,1,1,1,1,1,1,1,1,1,1,1,1,1,1,1,1,1,1,1,1,1,1,1,1,
1,1,1,1,1,1,1,1,1,1,1,1,1,1,1,4),(0.,0.112108834737287,0.11702819395499,
0.123379058141875,0.130893501577168,0.139414079345275,0.148833932389768,
0.159074392220065,0.170074410577281,0.181784824331308,0.194164936479258,
0.207180333643927,0.220801418400705,0.235002380923658,0.249760454077983,
0.265055358781732,0.280868881367794,0.297184545107746,0.313987350527688,
0.331263567031716,0.349000563491511,0.367186668905854,0.385811056597094,
0.4048636470669,0.424335025814966,0.444216373281739,0.464499404708071,0.48517631817675,
0.506239749458081,0.527682732555067,0.549498665055279,0.571681277561739,
0.594224606605412,0.61712297054549,0.640370948046653,0.663963358789474,
0.68789524612463,0.712161861426071,0.736758649935033,0.761681237917062,
0.786925420979504,0.812487153418033,0.838362538478519,0.864547819435549,
0.891039371401588,0.917833693791613,0.944927403377279,0.972317227872603,
0.981859863625715),.UNSPECIFIED.);
#36=B_SPLINE_CURVE_WITH_KNOTS('',3,(#1931,#1932,#1933,#1934,#1935,#1936,
#1937,#1938,#1939,#1940,#1941,#1942,#1943,#1944,#1945,#1946,#1947,#1948,
#1949,#1950,#1951,#1952,#1953,#1954,#1955,#1956,#1957,#1958,#1959,#1960,
#1961,#1962,#1963,#1964,#1965,#1966,#1967,#1968,#1969,#1970,#1971,#1972,
#1973,#1974,#1975,#1976,#1977,#1978,#1979,#1980,#1981),.UNSPECIFIED.,.F.,
 .F.,(4,1,1,1,1,1,1,1,1,1,1,1,1,1,1,1,1,1,1,1,1,1,1,1,1,1,1,1,1,1,1,1,1,
1,1,1,1,1,1,1,1,1,1,1,1,1,1,1,4),(0.,0.112108834737287,0.11702819395499,
0.123379058141875,0.130893501577168,0.139414079345275,0.148833932389768,
0.159074392220065,0.170074410577281,0.181784824331308,0.194164936479258,
0.207180333643927,0.220801418400705,0.235002380923658,0.249760454077983,
0.265055358781732,0.280868881367794,0.297184545107746,0.313987350527688,
0.331263567031716,0.349000563491511,0.367186668905854,0.385811056597094,
0.4048636470669,0.424335025814966,0.444216373281739,0.464499404708071,0.48517631817675,
0.506239749458081,0.527682732555067,0.549498665055279,0.571681277561739,
0.594224606605412,0.61712297054549,0.640370948046653,0.663963358789474,
0.68789524612463,0.712161861426071,0.736758649935033,0.761681237917062,
0.786925420979504,0.812487153418033,0.838362538478519,0.864547819435549,
0.891039371401588,0.917833693791613,0.944927403377279,0.972317227872603,
0.981859863625715),.UNSPECIFIED.);
#37=B_SPLINE_CURVE_WITH_KNOTS('',3,(#1985,#1986,#1987,#1988,#1989,#1990,
#1991,#1992,#1993,#1994,#1995,#1996,#1997,#1998,#1999,#2000,#2001,#2002,
#2003,#2004,#2005,#2006,#2007,#2008,#2009,#2010,#2011,#2012,#2013,#2014,
#2015,#2016,#2017,#2018,#2019,#2020,#2021,#2022,#2023,#2024,#2025,#2026,
#2027,#2028,#2029,#2030,#2031,#2032,#2033,#2034,#2035),.UNSPECIFIED.,.F.,
 .F.,(4,1,1,1,1,1,1,1,1,1,1,1,1,1,1,1,1,1,1,1,1,1,1,1,1,1,1,1,1,1,1,1,1,
1,1,1,1,1,1,1,1,1,1,1,1,1,1,1,4),(0.,0.112108834737287,0.11702819395499,
0.123379058141875,0.130893501577168,0.139414079345275,0.148833932389768,
0.159074392220065,0.170074410577281,0.181784824331308,0.194164936479258,
0.207180333643927,0.220801418400705,0.235002380923658,0.249760454077983,
0.265055358781732,0.280868881367794,0.297184545107746,0.313987350527688,
0.331263567031716,0.349000563491511,0.367186668905854,0.385811056597094,
0.4048636470669,0.424335025814966,0.444216373281739,0.464499404708071,0.48517631817675,
0.506239749458081,0.527682732555067,0.549498665055279,0.571681277561739,
0.594224606605412,0.61712297054549,0.640370948046653,0.663963358789474,
0.68789524612463,0.712161861426071,0.736758649935033,0.761681237917062,
0.786925420979504,0.812487153418033,0.838362538478519,0.864547819435549,
0.891039371401588,0.917833693791613,0.944927403377279,0.972317227872603,
0.981859863625715),.UNSPECIFIED.);
#38=B_SPLINE_CURVE_WITH_KNOTS('',3,(#2043,#2044,#2045,#2046,#2047,#2048,
#2049,#2050,#2051,#2052,#2053,#2054,#2055,#2056,#2057,#2058,#2059,#2060,
#2061,#2062,#2063,#2064,#2065,#2066,#2067,#2068,#2069,#2070,#2071,#2072,
#2073,#2074,#2075,#2076,#2077,#2078,#2079,#2080,#2081,#2082,#2083,#2084,
#2085,#2086,#2087,#2088,#2089,#2090,#2091,#2092,#2093),.UNSPECIFIED.,.F.,
 .F.,(4,1,1,1,1,1,1,1,1,1,1,1,1,1,1,1,1,1,1,1,1,1,1,1,1,1,1,1,1,1,1,1,1,
1,1,1,1,1,1,1,1,1,1,1,1,1,1,1,4),(0.,0.112108834737287,0.11702819395499,
0.123379058141875,0.130893501577168,0.139414079345275,0.148833932389768,
0.159074392220065,0.170074410577281,0.181784824331308,0.194164936479258,
0.207180333643927,0.220801418400705,0.235002380923658,0.249760454077983,
0.265055358781732,0.280868881367794,0.297184545107746,0.313987350527688,
0.331263567031716,0.349000563491511,0.367186668905854,0.385811056597094,
0.4048636470669,0.424335025814966,0.444216373281739,0.464499404708071,0.48517631817675,
0.506239749458081,0.527682732555067,0.549498665055279,0.571681277561739,
0.594224606605412,0.61712297054549,0.640370948046653,0.663963358789474,
0.68789524612463,0.712161861426071,0.736758649935033,0.761681237917062,
0.786925420979504,0.812487153418033,0.838362538478519,0.864547819435549,
0.891039371401588,0.917833693791613,0.944927403377279,0.972317227872603,
0.981859863625715),.UNSPECIFIED.);
#39=B_SPLINE_CURVE_WITH_KNOTS('',3,(#2097,#2098,#2099,#2100,#2101,#2102,
#2103,#2104,#2105,#2106,#2107,#2108,#2109,#2110,#2111,#2112,#2113,#2114,
#2115,#2116,#2117,#2118,#2119,#2120,#2121,#2122,#2123,#2124,#2125,#2126,
#2127,#2128,#2129,#2130,#2131,#2132,#2133,#2134,#2135,#2136,#2137,#2138,
#2139,#2140,#2141,#2142,#2143,#2144,#2145,#2146,#2147),.UNSPECIFIED.,.F.,
 .F.,(4,1,1,1,1,1,1,1,1,1,1,1,1,1,1,1,1,1,1,1,1,1,1,1,1,1,1,1,1,1,1,1,1,
1,1,1,1,1,1,1,1,1,1,1,1,1,1,1,4),(0.,0.112108834737287,0.11702819395499,
0.123379058141875,0.130893501577168,0.139414079345275,0.148833932389768,
0.159074392220065,0.170074410577281,0.181784824331308,0.194164936479258,
0.207180333643927,0.220801418400705,0.235002380923658,0.249760454077983,
0.265055358781732,0.280868881367794,0.297184545107746,0.313987350527688,
0.331263567031716,0.349000563491511,0.367186668905854,0.385811056597094,
0.4048636470669,0.424335025814966,0.444216373281739,0.464499404708071,0.48517631817675,
0.506239749458081,0.527682732555067,0.549498665055279,0.571681277561739,
0.594224606605412,0.61712297054549,0.640370948046653,0.663963358789474,
0.68789524612463,0.712161861426071,0.736758649935033,0.761681237917062,
0.786925420979504,0.812487153418033,0.838362538478519,0.864547819435549,
0.891039371401588,0.917833693791613,0.944927403377279,0.972317227872603,
0.981859863625715),.UNSPECIFIED.);
#40=B_SPLINE_CURVE_WITH_KNOTS('',3,(#2156,#2157,#2158,#2159,#2160,#2161,
#2162,#2163,#2164,#2165,#2166,#2167,#2168,#2169,#2170,#2171,#2172,#2173,
#2174,#2175,#2176,#2177,#2178,#2179,#2180,#2181,#2182,#2183,#2184,#2185,
#2186,#2187,#2188,#2189,#2190,#2191,#2192,#2193,#2194,#2195,#2196,#2197,
#2198,#2199,#2200,#2201,#2202,#2203,#2204,#2205,#2206),.UNSPECIFIED.,.F.,
 .F.,(4,1,1,1,1,1,1,1,1,1,1,1,1,1,1,1,1,1,1,1,1,1,1,1,1,1,1,1,1,1,1,1,1,
1,1,1,1,1,1,1,1,1,1,1,1,1,1,1,4),(0.,0.112108834737287,0.11702819395499,
0.123379058141875,0.130893501577168,0.139414079345275,0.148833932389768,
0.159074392220065,0.170074410577281,0.181784824331308,0.194164936479258,
0.207180333643927,0.220801418400705,0.235002380923658,0.249760454077983,
0.265055358781732,0.280868881367794,0.297184545107746,0.313987350527688,
0.331263567031716,0.349000563491511,0.367186668905854,0.385811056597094,
0.4048636470669,0.424335025814966,0.444216373281739,0.464499404708071,0.48517631817675,
0.506239749458081,0.527682732555067,0.549498665055279,0.571681277561739,
0.594224606605412,0.61712297054549,0.640370948046653,0.663963358789474,
0.68789524612463,0.712161861426071,0.736758649935033,0.761681237917062,
0.786925420979504,0.812487153418033,0.838362538478519,0.864547819435549,
0.891039371401588,0.917833693791613,0.944927403377279,0.972317227872603,
0.981859863625715),.UNSPECIFIED.);
#41=B_SPLINE_CURVE_WITH_KNOTS('',3,(#2210,#2211,#2212,#2213,#2214,#2215,
#2216,#2217,#2218,#2219,#2220,#2221,#2222,#2223,#2224,#2225,#2226,#2227,
#2228,#2229,#2230,#2231,#2232,#2233,#2234,#2235,#2236,#2237,#2238,#2239,
#2240,#2241,#2242,#2243,#2244,#2245,#2246,#2247,#2248,#2249,#2250,#2251,
#2252,#2253,#2254,#2255,#2256,#2257,#2258,#2259,#2260),.UNSPECIFIED.,.F.,
 .F.,(4,1,1,1,1,1,1,1,1,1,1,1,1,1,1,1,1,1,1,1,1,1,1,1,1,1,1,1,1,1,1,1,1,
1,1,1,1,1,1,1,1,1,1,1,1,1,1,1,4),(0.,0.112108834737287,0.11702819395499,
0.123379058141875,0.130893501577168,0.139414079345275,0.148833932389768,
0.159074392220065,0.170074410577281,0.181784824331308,0.194164936479258,
0.207180333643927,0.220801418400705,0.235002380923658,0.249760454077983,
0.265055358781732,0.280868881367794,0.297184545107746,0.313987350527688,
0.331263567031716,0.349000563491511,0.367186668905854,0.385811056597094,
0.4048636470669,0.424335025814966,0.444216373281739,0.464499404708071,0.48517631817675,
0.506239749458081,0.527682732555067,0.549498665055279,0.571681277561739,
0.594224606605412,0.61712297054549,0.640370948046653,0.663963358789474,
0.68789524612463,0.712161861426071,0.736758649935033,0.761681237917062,
0.786925420979504,0.812487153418033,0.838362538478519,0.864547819435549,
0.891039371401588,0.917833693791613,0.944927403377279,0.972317227872603,
0.981859863625715),.UNSPECIFIED.);
#42=B_SPLINE_CURVE_WITH_KNOTS('',3,(#2268,#2269,#2270,#2271,#2272,#2273,
#2274,#2275,#2276,#2277,#2278,#2279,#2280,#2281,#2282,#2283,#2284,#2285,
#2286,#2287,#2288,#2289,#2290,#2291,#2292,#2293,#2294,#2295,#2296,#2297,
#2298,#2299,#2300,#2301,#2302,#2303,#2304,#2305,#2306,#2307,#2308,#2309,
#2310,#2311,#2312,#2313,#2314,#2315,#2316,#2317,#2318),.UNSPECIFIED.,.F.,
 .F.,(4,1,1,1,1,1,1,1,1,1,1,1,1,1,1,1,1,1,1,1,1,1,1,1,1,1,1,1,1,1,1,1,1,
1,1,1,1,1,1,1,1,1,1,1,1,1,1,1,4),(0.,0.112108834737287,0.11702819395499,
0.123379058141875,0.130893501577168,0.139414079345275,0.148833932389768,
0.159074392220065,0.170074410577281,0.181784824331308,0.194164936479258,
0.207180333643927,0.220801418400705,0.235002380923658,0.249760454077983,
0.265055358781732,0.280868881367794,0.297184545107746,0.313987350527688,
0.331263567031716,0.349000563491511,0.367186668905854,0.385811056597094,
0.4048636470669,0.424335025814966,0.444216373281739,0.464499404708071,0.48517631817675,
0.506239749458081,0.527682732555067,0.549498665055279,0.571681277561739,
0.594224606605412,0.61712297054549,0.640370948046653,0.663963358789474,
0.68789524612463,0.712161861426071,0.736758649935033,0.761681237917062,
0.786925420979504,0.812487153418033,0.838362538478519,0.864547819435549,
0.891039371401588,0.917833693791613,0.944927403377279,0.972317227872603,
0.981859863625715),.UNSPECIFIED.);
#43=B_SPLINE_CURVE_WITH_KNOTS('',3,(#2322,#2323,#2324,#2325,#2326,#2327,
#2328,#2329,#2330,#2331,#2332,#2333,#2334,#2335,#2336,#2337,#2338,#2339,
#2340,#2341,#2342,#2343,#2344,#2345,#2346,#2347,#2348,#2349,#2350,#2351,
#2352,#2353,#2354,#2355,#2356,#2357,#2358,#2359,#2360,#2361,#2362,#2363,
#2364,#2365,#2366,#2367,#2368,#2369,#2370,#2371,#2372),.UNSPECIFIED.,.F.,
 .F.,(4,1,1,1,1,1,1,1,1,1,1,1,1,1,1,1,1,1,1,1,1,1,1,1,1,1,1,1,1,1,1,1,1,
1,1,1,1,1,1,1,1,1,1,1,1,1,1,1,4),(0.,0.112108834737287,0.11702819395499,
0.123379058141875,0.130893501577168,0.139414079345275,0.148833932389768,
0.159074392220065,0.170074410577281,0.181784824331308,0.194164936479258,
0.207180333643927,0.220801418400705,0.235002380923658,0.249760454077983,
0.265055358781732,0.280868881367794,0.297184545107746,0.313987350527688,
0.331263567031716,0.349000563491511,0.367186668905854,0.385811056597094,
0.4048636470669,0.424335025814966,0.444216373281739,0.464499404708071,0.48517631817675,
0.506239749458081,0.527682732555067,0.549498665055279,0.571681277561739,
0.594224606605412,0.61712297054549,0.640370948046653,0.663963358789474,
0.68789524612463,0.712161861426071,0.736758649935033,0.761681237917062,
0.786925420979504,0.812487153418033,0.838362538478519,0.864547819435549,
0.891039371401588,0.917833693791613,0.944927403377279,0.972317227872603,
0.981859863625715),.UNSPECIFIED.);
#44=B_SPLINE_CURVE_WITH_KNOTS('',3,(#2380,#2381,#2382,#2383,#2384,#2385,
#2386,#2387,#2388,#2389,#2390,#2391,#2392,#2393,#2394,#2395,#2396,#2397,
#2398,#2399,#2400,#2401,#2402,#2403,#2404,#2405,#2406,#2407,#2408,#2409,
#2410,#2411,#2412,#2413,#2414,#2415,#2416,#2417,#2418,#2419,#2420,#2421,
#2422,#2423,#2424,#2425,#2426,#2427,#2428,#2429,#2430),.UNSPECIFIED.,.F.,
 .F.,(4,1,1,1,1,1,1,1,1,1,1,1,1,1,1,1,1,1,1,1,1,1,1,1,1,1,1,1,1,1,1,1,1,
1,1,1,1,1,1,1,1,1,1,1,1,1,1,1,4),(0.,0.112108834737287,0.11702819395499,
0.123379058141875,0.130893501577168,0.139414079345275,0.148833932389768,
0.159074392220065,0.170074410577281,0.181784824331308,0.194164936479258,
0.207180333643927,0.220801418400705,0.235002380923658,0.249760454077983,
0.265055358781732,0.280868881367794,0.297184545107746,0.313987350527688,
0.331263567031716,0.349000563491511,0.367186668905854,0.385811056597094,
0.4048636470669,0.424335025814966,0.444216373281739,0.464499404708071,0.48517631817675,
0.506239749458081,0.527682732555067,0.549498665055279,0.571681277561739,
0.594224606605412,0.61712297054549,0.640370948046653,0.663963358789474,
0.68789524612463,0.712161861426071,0.736758649935033,0.761681237917062,
0.786925420979504,0.812487153418033,0.838362538478519,0.864547819435549,
0.891039371401588,0.917833693791613,0.944927403377279,0.972317227872603,
0.981859863625715),.UNSPECIFIED.);
#45=B_SPLINE_CURVE_WITH_KNOTS('',3,(#2434,#2435,#2436,#2437,#2438,#2439,
#2440,#2441,#2442,#2443,#2444,#2445,#2446,#2447,#2448,#2449,#2450,#2451,
#2452,#2453,#2454,#2455,#2456,#2457,#2458,#2459,#2460,#2461,#2462,#2463,
#2464,#2465,#2466,#2467,#2468,#2469,#2470,#2471,#2472,#2473,#2474,#2475,
#2476,#2477,#2478,#2479,#2480,#2481,#2482,#2483,#2484),.UNSPECIFIED.,.F.,
 .F.,(4,1,1,1,1,1,1,1,1,1,1,1,1,1,1,1,1,1,1,1,1,1,1,1,1,1,1,1,1,1,1,1,1,
1,1,1,1,1,1,1,1,1,1,1,1,1,1,1,4),(0.,0.112108834737287,0.11702819395499,
0.123379058141875,0.130893501577168,0.139414079345275,0.148833932389768,
0.159074392220065,0.170074410577281,0.181784824331308,0.194164936479258,
0.207180333643927,0.220801418400705,0.235002380923658,0.249760454077983,
0.265055358781732,0.280868881367794,0.297184545107746,0.313987350527688,
0.331263567031716,0.349000563491511,0.367186668905854,0.385811056597094,
0.4048636470669,0.424335025814966,0.444216373281739,0.464499404708071,0.48517631817675,
0.506239749458081,0.527682732555067,0.549498665055279,0.571681277561739,
0.594224606605412,0.61712297054549,0.640370948046653,0.663963358789474,
0.68789524612463,0.712161861426071,0.736758649935033,0.761681237917062,
0.786925420979504,0.812487153418033,0.838362538478519,0.864547819435549,
0.891039371401588,0.917833693791613,0.944927403377279,0.972317227872603,
0.981859863625715),.UNSPECIFIED.);
#46=B_SPLINE_CURVE_WITH_KNOTS('',3,(#2492,#2493,#2494,#2495,#2496,#2497,
#2498,#2499,#2500,#2501,#2502,#2503,#2504,#2505,#2506,#2507,#2508,#2509,
#2510,#2511,#2512,#2513,#2514,#2515,#2516,#2517,#2518,#2519,#2520,#2521,
#2522,#2523,#2524,#2525,#2526,#2527,#2528,#2529,#2530,#2531,#2532,#2533,
#2534,#2535,#2536,#2537,#2538,#2539,#2540,#2541,#2542),.UNSPECIFIED.,.F.,
 .F.,(4,1,1,1,1,1,1,1,1,1,1,1,1,1,1,1,1,1,1,1,1,1,1,1,1,1,1,1,1,1,1,1,1,
1,1,1,1,1,1,1,1,1,1,1,1,1,1,1,4),(0.,0.112108834737287,0.11702819395499,
0.123379058141875,0.130893501577168,0.139414079345275,0.148833932389768,
0.159074392220065,0.170074410577281,0.181784824331308,0.194164936479258,
0.207180333643927,0.220801418400705,0.235002380923658,0.249760454077983,
0.265055358781732,0.280868881367794,0.297184545107746,0.313987350527688,
0.331263567031716,0.349000563491511,0.367186668905854,0.385811056597094,
0.4048636470669,0.424335025814966,0.444216373281739,0.464499404708071,0.48517631817675,
0.506239749458081,0.527682732555067,0.549498665055279,0.571681277561739,
0.594224606605412,0.61712297054549,0.640370948046653,0.663963358789474,
0.68789524612463,0.712161861426071,0.736758649935033,0.761681237917062,
0.786925420979504,0.812487153418033,0.838362538478519,0.864547819435549,
0.891039371401588,0.917833693791613,0.944927403377279,0.972317227872603,
0.981859863625715),.UNSPECIFIED.);
#47=B_SPLINE_CURVE_WITH_KNOTS('',3,(#2546,#2547,#2548,#2549,#2550,#2551,
#2552,#2553,#2554,#2555,#2556,#2557,#2558,#2559,#2560,#2561,#2562,#2563,
#2564,#2565,#2566,#2567,#2568,#2569,#2570,#2571,#2572,#2573,#2574,#2575,
#2576,#2577,#2578,#2579,#2580,#2581,#2582,#2583,#2584,#2585,#2586,#2587,
#2588,#2589,#2590,#2591,#2592,#2593,#2594,#2595,#2596),.UNSPECIFIED.,.F.,
 .F.,(4,1,1,1,1,1,1,1,1,1,1,1,1,1,1,1,1,1,1,1,1,1,1,1,1,1,1,1,1,1,1,1,1,
1,1,1,1,1,1,1,1,1,1,1,1,1,1,1,4),(0.,0.112108834737287,0.11702819395499,
0.123379058141875,0.130893501577168,0.139414079345275,0.148833932389768,
0.159074392220065,0.170074410577281,0.181784824331308,0.194164936479258,
0.207180333643927,0.220801418400705,0.235002380923658,0.249760454077983,
0.265055358781732,0.280868881367794,0.297184545107746,0.313987350527688,
0.331263567031716,0.349000563491511,0.367186668905854,0.385811056597094,
0.4048636470669,0.424335025814966,0.444216373281739,0.464499404708071,0.48517631817675,
0.506239749458081,0.527682732555067,0.549498665055279,0.571681277561739,
0.594224606605412,0.61712297054549,0.640370948046653,0.663963358789474,
0.68789524612463,0.712161861426071,0.736758649935033,0.761681237917062,
0.786925420979504,0.812487153418033,0.838362538478519,0.864547819435549,
0.891039371401588,0.917833693791613,0.944927403377279,0.972317227872603,
0.981859863625715),.UNSPECIFIED.);
#48=B_SPLINE_CURVE_WITH_KNOTS('',3,(#2604,#2605,#2606,#2607,#2608,#2609,
#2610,#2611,#2612,#2613,#2614,#2615,#2616,#2617,#2618,#2619,#2620,#2621,
#2622,#2623,#2624,#2625,#2626,#2627,#2628,#2629,#2630,#2631,#2632,#2633,
#2634,#2635,#2636,#2637,#2638,#2639,#2640,#2641,#2642,#2643,#2644,#2645,
#2646,#2647,#2648,#2649,#2650,#2651,#2652,#2653,#2654),.UNSPECIFIED.,.F.,
 .F.,(4,1,1,1,1,1,1,1,1,1,1,1,1,1,1,1,1,1,1,1,1,1,1,1,1,1,1,1,1,1,1,1,1,
1,1,1,1,1,1,1,1,1,1,1,1,1,1,1,4),(0.,0.112108834737287,0.11702819395499,
0.123379058141875,0.130893501577168,0.139414079345275,0.148833932389768,
0.159074392220065,0.170074410577281,0.181784824331308,0.194164936479258,
0.207180333643927,0.220801418400705,0.235002380923658,0.249760454077983,
0.265055358781732,0.280868881367794,0.297184545107746,0.313987350527688,
0.331263567031716,0.349000563491511,0.367186668905854,0.385811056597094,
0.4048636470669,0.424335025814966,0.444216373281739,0.464499404708071,0.48517631817675,
0.506239749458081,0.527682732555067,0.549498665055279,0.571681277561739,
0.594224606605412,0.61712297054549,0.640370948046653,0.663963358789474,
0.68789524612463,0.712161861426071,0.736758649935033,0.761681237917062,
0.786925420979504,0.812487153418033,0.838362538478519,0.864547819435549,
0.891039371401588,0.917833693791613,0.944927403377279,0.972317227872603,
0.981859863625715),.UNSPECIFIED.);
#49=B_SPLINE_CURVE_WITH_KNOTS('',3,(#2658,#2659,#2660,#2661,#2662,#2663,
#2664,#2665,#2666,#2667,#2668,#2669,#2670,#2671,#2672,#2673,#2674,#2675,
#2676,#2677,#2678,#2679,#2680,#2681,#2682,#2683,#2684,#2685,#2686,#2687,
#2688,#2689,#2690,#2691,#2692,#2693,#2694,#2695,#2696,#2697,#2698,#2699,
#2700,#2701,#2702,#2703,#2704,#2705,#2706,#2707,#2708),.UNSPECIFIED.,.F.,
 .F.,(4,1,1,1,1,1,1,1,1,1,1,1,1,1,1,1,1,1,1,1,1,1,1,1,1,1,1,1,1,1,1,1,1,
1,1,1,1,1,1,1,1,1,1,1,1,1,1,1,4),(0.,0.112108834737287,0.11702819395499,
0.123379058141875,0.130893501577168,0.139414079345275,0.148833932389768,
0.159074392220065,0.170074410577281,0.181784824331308,0.194164936479258,
0.207180333643927,0.220801418400705,0.235002380923658,0.249760454077983,
0.265055358781732,0.280868881367794,0.297184545107746,0.313987350527688,
0.331263567031716,0.349000563491511,0.367186668905854,0.385811056597094,
0.4048636470669,0.424335025814966,0.444216373281739,0.464499404708071,0.48517631817675,
0.506239749458081,0.527682732555067,0.549498665055279,0.571681277561739,
0.594224606605412,0.61712297054549,0.640370948046653,0.663963358789474,
0.68789524612463,0.712161861426071,0.736758649935033,0.761681237917062,
0.786925420979504,0.812487153418033,0.838362538478519,0.864547819435549,
0.891039371401588,0.917833693791613,0.944927403377279,0.972317227872603,
0.981859863625715),.UNSPECIFIED.);
#50=B_SPLINE_CURVE_WITH_KNOTS('',3,(#2716,#2717,#2718,#2719,#2720,#2721,
#2722,#2723,#2724,#2725,#2726,#2727,#2728,#2729,#2730,#2731,#2732,#2733,
#2734,#2735,#2736,#2737,#2738,#2739,#2740,#2741,#2742,#2743,#2744,#2745,
#2746,#2747,#2748,#2749,#2750,#2751,#2752,#2753,#2754,#2755,#2756,#2757,
#2758,#2759,#2760,#2761,#2762,#2763,#2764,#2765,#2766),.UNSPECIFIED.,.F.,
 .F.,(4,1,1,1,1,1,1,1,1,1,1,1,1,1,1,1,1,1,1,1,1,1,1,1,1,1,1,1,1,1,1,1,1,
1,1,1,1,1,1,1,1,1,1,1,1,1,1,1,4),(0.,0.112108834737287,0.11702819395499,
0.123379058141875,0.130893501577168,0.139414079345275,0.148833932389768,
0.159074392220065,0.170074410577281,0.181784824331308,0.194164936479258,
0.207180333643927,0.220801418400705,0.235002380923658,0.249760454077983,
0.265055358781732,0.280868881367794,0.297184545107746,0.313987350527688,
0.331263567031716,0.349000563491511,0.367186668905854,0.385811056597094,
0.4048636470669,0.424335025814966,0.444216373281739,0.464499404708071,0.48517631817675,
0.506239749458081,0.527682732555067,0.549498665055279,0.571681277561739,
0.594224606605412,0.61712297054549,0.640370948046653,0.663963358789474,
0.68789524612463,0.712161861426071,0.736758649935033,0.761681237917062,
0.786925420979504,0.812487153418033,0.838362538478519,0.864547819435549,
0.891039371401588,0.917833693791613,0.944927403377279,0.972317227872603,
0.981859863625715),.UNSPECIFIED.);
#51=B_SPLINE_CURVE_WITH_KNOTS('',3,(#2770,#2771,#2772,#2773,#2774,#2775,
#2776,#2777,#2778,#2779,#2780,#2781,#2782,#2783,#2784,#2785,#2786,#2787,
#2788,#2789,#2790,#2791,#2792,#2793,#2794,#2795,#2796,#2797,#2798,#2799,
#2800,#2801,#2802,#2803,#2804,#2805,#2806,#2807,#2808,#2809,#2810,#2811,
#2812,#2813,#2814,#2815,#2816,#2817,#2818,#2819,#2820),.UNSPECIFIED.,.F.,
 .F.,(4,1,1,1,1,1,1,1,1,1,1,1,1,1,1,1,1,1,1,1,1,1,1,1,1,1,1,1,1,1,1,1,1,
1,1,1,1,1,1,1,1,1,1,1,1,1,1,1,4),(0.,0.112108834737287,0.11702819395499,
0.123379058141875,0.130893501577168,0.139414079345275,0.148833932389768,
0.159074392220065,0.170074410577281,0.181784824331308,0.194164936479258,
0.207180333643927,0.220801418400705,0.235002380923658,0.249760454077983,
0.265055358781732,0.280868881367794,0.297184545107746,0.313987350527688,
0.331263567031716,0.349000563491511,0.367186668905854,0.385811056597094,
0.4048636470669,0.424335025814966,0.444216373281739,0.464499404708071,0.48517631817675,
0.506239749458081,0.527682732555067,0.549498665055279,0.571681277561739,
0.594224606605412,0.61712297054549,0.640370948046653,0.663963358789474,
0.68789524612463,0.712161861426071,0.736758649935033,0.761681237917062,
0.786925420979504,0.812487153418033,0.838362538478519,0.864547819435549,
0.891039371401588,0.917833693791613,0.944927403377279,0.972317227872603,
0.981859863625715),.UNSPECIFIED.);
#52=B_SPLINE_CURVE_WITH_KNOTS('',3,(#2828,#2829,#2830,#2831,#2832,#2833,
#2834,#2835,#2836,#2837,#2838,#2839,#2840,#2841,#2842,#2843,#2844,#2845,
#2846,#2847,#2848,#2849,#2850,#2851,#2852,#2853,#2854,#2855,#2856,#2857,
#2858,#2859,#2860,#2861,#2862,#2863,#2864,#2865,#2866,#2867,#2868,#2869,
#2870,#2871,#2872,#2873,#2874,#2875,#2876,#2877,#2878),.UNSPECIFIED.,.F.,
 .F.,(4,1,1,1,1,1,1,1,1,1,1,1,1,1,1,1,1,1,1,1,1,1,1,1,1,1,1,1,1,1,1,1,1,
1,1,1,1,1,1,1,1,1,1,1,1,1,1,1,4),(0.,0.112108834737287,0.11702819395499,
0.123379058141875,0.130893501577168,0.139414079345275,0.148833932389768,
0.159074392220065,0.170074410577281,0.181784824331308,0.194164936479258,
0.207180333643927,0.220801418400705,0.235002380923658,0.249760454077983,
0.265055358781732,0.280868881367794,0.297184545107746,0.313987350527688,
0.331263567031716,0.349000563491511,0.367186668905854,0.385811056597094,
0.4048636470669,0.424335025814966,0.444216373281739,0.464499404708071,0.48517631817675,
0.506239749458081,0.527682732555067,0.549498665055279,0.571681277561739,
0.594224606605412,0.61712297054549,0.640370948046653,0.663963358789474,
0.68789524612463,0.712161861426071,0.736758649935033,0.761681237917062,
0.786925420979504,0.812487153418033,0.838362538478519,0.864547819435549,
0.891039371401588,0.917833693791613,0.944927403377279,0.972317227872603,
0.981859863625715),.UNSPECIFIED.);
#53=B_SPLINE_CURVE_WITH_KNOTS('',3,(#2882,#2883,#2884,#2885,#2886,#2887,
#2888,#2889,#2890,#2891,#2892,#2893,#2894,#2895,#2896,#2897,#2898,#2899,
#2900,#2901,#2902,#2903,#2904,#2905,#2906,#2907,#2908,#2909,#2910,#2911,
#2912,#2913,#2914,#2915,#2916,#2917,#2918,#2919,#2920,#2921,#2922,#2923,
#2924,#2925,#2926,#2927,#2928,#2929,#2930,#2931,#2932),.UNSPECIFIED.,.F.,
 .F.,(4,1,1,1,1,1,1,1,1,1,1,1,1,1,1,1,1,1,1,1,1,1,1,1,1,1,1,1,1,1,1,1,1,
1,1,1,1,1,1,1,1,1,1,1,1,1,1,1,4),(0.,0.112108834737287,0.11702819395499,
0.123379058141875,0.130893501577168,0.139414079345275,0.148833932389768,
0.159074392220065,0.170074410577281,0.181784824331308,0.194164936479258,
0.207180333643927,0.220801418400705,0.235002380923658,0.249760454077983,
0.265055358781732,0.280868881367794,0.297184545107746,0.313987350527688,
0.331263567031716,0.349000563491511,0.367186668905854,0.385811056597094,
0.4048636470669,0.424335025814966,0.444216373281739,0.464499404708071,0.48517631817675,
0.506239749458081,0.527682732555067,0.549498665055279,0.571681277561739,
0.594224606605412,0.61712297054549,0.640370948046653,0.663963358789474,
0.68789524612463,0.712161861426071,0.736758649935033,0.761681237917062,
0.786925420979504,0.812487153418033,0.838362538478519,0.864547819435549,
0.891039371401588,0.917833693791613,0.944927403377279,0.972317227872603,
0.981859863625715),.UNSPECIFIED.);
#54=CIRCLE('',#975,0.00275);
#55=CIRCLE('',#976,0.00275);
#56=CIRCLE('',#977,0.00275);
#57=CIRCLE('',#978,0.00275);
#58=CIRCLE('',#979,0.00275);
#59=CIRCLE('',#981,0.005);
#60=CIRCLE('',#982,0.000970067441955312);
#61=CIRCLE('',#983,0.01125);
#62=CIRCLE('',#984,0.000970067441955312);
#63=CIRCLE('',#985,0.005625);
#64=CIRCLE('',#986,0.000970067441955312);
#65=CIRCLE('',#987,0.01125);
#66=CIRCLE('',#988,0.000970067441955312);
#67=CIRCLE('',#989,0.005625);
#68=CIRCLE('',#990,0.000970067441955312);
#69=CIRCLE('',#991,0.01125);
#70=CIRCLE('',#992,0.000970067441955312);
#71=CIRCLE('',#993,0.005625);
#72=CIRCLE('',#994,0.000970067441955312);
#73=CIRCLE('',#995,0.01125);
#74=CIRCLE('',#996,0.000970067441955312);
#75=CIRCLE('',#997,0.005625);
#76=CIRCLE('',#998,0.000970067441955312);
#77=CIRCLE('',#999,0.01125);
#78=CIRCLE('',#1000,0.000970067441955312);
#79=CIRCLE('',#1001,0.005625);
#80=CIRCLE('',#1002,0.000970067441955312);
#81=CIRCLE('',#1003,0.01125);
#82=CIRCLE('',#1004,0.000970067441955312);
#83=CIRCLE('',#1005,0.005625);
#84=CIRCLE('',#1006,0.000970067441955312);
#85=CIRCLE('',#1007,0.01125);
#86=CIRCLE('',#1008,0.000970067441955312);
#87=CIRCLE('',#1009,0.005625);
#88=CIRCLE('',#1011,0.000970067441955312);
#89=CIRCLE('',#1012,0.01125);
#90=CIRCLE('',#1013,0.000970067441955312);
#91=CIRCLE('',#1014,0.005625);
#92=CIRCLE('',#1015,0.000970067441955312);
#93=CIRCLE('',#1016,0.01125);
#94=CIRCLE('',#1017,0.000970067441955312);
#95=CIRCLE('',#1018,0.005625);
#96=CIRCLE('',#1019,0.000970067441955312);
#97=CIRCLE('',#1020,0.01125);
#98=CIRCLE('',#1021,0.000970067441955312);
#99=CIRCLE('',#1022,0.005625);
#100=CIRCLE('',#1023,0.000970067441955312);
#101=CIRCLE('',#1024,0.01125);
#102=CIRCLE('',#1025,0.000970067441955312);
#103=CIRCLE('',#1026,0.005625);
#104=CIRCLE('',#1027,0.000970067441955312);
#105=CIRCLE('',#1028,0.01125);
#106=CIRCLE('',#1029,0.000970067441955312);
#107=CIRCLE('',#1030,0.005625);
#108=CIRCLE('',#1031,0.000970067441955312);
#109=CIRCLE('',#1032,0.01125);
#110=CIRCLE('',#1033,0.000970067441955312);
#111=CIRCLE('',#1034,0.005625);
#112=CIRCLE('',#1035,0.000970067441955312);
#113=CIRCLE('',#1036,0.01125);
#114=CIRCLE('',#1037,0.000970067441955312);
#115=CIRCLE('',#1038,0.005625);
#116=CIRCLE('',#1070,0.005);
#117=CIRCLE('',#1072,0.00399);
#118=CIRCLE('',#1074,0.00399);
#119=CYLINDRICAL_SURFACE('',#974,0.00275);
#120=CYLINDRICAL_SURFACE('',#1039,0.01125);
#121=CYLINDRICAL_SURFACE('',#1040,0.01125);
#122=CYLINDRICAL_SURFACE('',#1041,0.01125);
#123=CYLINDRICAL_SURFACE('',#1042,0.01125);
#124=CYLINDRICAL_SURFACE('',#1043,0.01125);
#125=CYLINDRICAL_SURFACE('',#1044,0.01125);
#126=CYLINDRICAL_SURFACE('',#1045,0.01125);
#127=CYLINDRICAL_SURFACE('',#1046,0.005625);
#128=CYLINDRICAL_SURFACE('',#1047,0.000970067441955312);
#129=CYLINDRICAL_SURFACE('',#1048,0.000970067441955312);
#130=CYLINDRICAL_SURFACE('',#1049,0.005625);
#131=CYLINDRICAL_SURFACE('',#1050,0.000970067441955312);
#132=CYLINDRICAL_SURFACE('',#1051,0.000970067441955312);
#133=CYLINDRICAL_SURFACE('',#1052,0.005625);
#134=CYLINDRICAL_SURFACE('',#1053,0.000970067441955312);
#135=CYLINDRICAL_SURFACE('',#1054,0.000970067441955312);
#136=CYLINDRICAL_SURFACE('',#1055,0.005625);
#137=CYLINDRICAL_SURFACE('',#1056,0.000970067441955312);
#138=CYLINDRICAL_SURFACE('',#1057,0.000970067441955312);
#139=CYLINDRICAL_SURFACE('',#1058,0.005625);
#140=CYLINDRICAL_SURFACE('',#1059,0.000970067441955312);
#141=CYLINDRICAL_SURFACE('',#1060,0.000970067441955312);
#142=CYLINDRICAL_SURFACE('',#1061,0.005625);
#143=CYLINDRICAL_SURFACE('',#1062,0.000970067441955312);
#144=CYLINDRICAL_SURFACE('',#1063,0.000970067441955312);
#145=CYLINDRICAL_SURFACE('',#1064,0.005625);
#146=CYLINDRICAL_SURFACE('',#1065,0.000970067441955312);
#147=CYLINDRICAL_SURFACE('',#1066,0.000970067441955312);
#148=CYLINDRICAL_SURFACE('',#1069,0.005);
#149=CYLINDRICAL_SURFACE('',#1073,0.00399);
#150=ORIENTED_EDGE('',*,*,#436,.F.);
#151=ORIENTED_EDGE('',*,*,#437,.T.);
#152=ORIENTED_EDGE('',*,*,#438,.T.);
#153=ORIENTED_EDGE('',*,*,#439,.F.);
#154=ORIENTED_EDGE('',*,*,#440,.F.);
#155=ORIENTED_EDGE('',*,*,#441,.T.);
#156=ORIENTED_EDGE('',*,*,#442,.T.);
#157=ORIENTED_EDGE('',*,*,#443,.F.);
#158=ORIENTED_EDGE('',*,*,#444,.T.);
#159=ORIENTED_EDGE('',*,*,#445,.F.);
#160=ORIENTED_EDGE('',*,*,#436,.T.);
#161=ORIENTED_EDGE('',*,*,#446,.F.);
#162=ORIENTED_EDGE('',*,*,#438,.F.);
#163=ORIENTED_EDGE('',*,*,#447,.F.);
#164=ORIENTED_EDGE('',*,*,#443,.T.);
#165=ORIENTED_EDGE('',*,*,#448,.F.);
#166=ORIENTED_EDGE('',*,*,#441,.F.);
#167=ORIENTED_EDGE('',*,*,#449,.F.);
#168=ORIENTED_EDGE('',*,*,#450,.F.);
#169=ORIENTED_EDGE('',*,*,#451,.T.);
#170=ORIENTED_EDGE('',*,*,#452,.F.);
#171=ORIENTED_EDGE('',*,*,#453,.F.);
#172=ORIENTED_EDGE('',*,*,#454,.F.);
#173=ORIENTED_EDGE('',*,*,#455,.F.);
#174=ORIENTED_EDGE('',*,*,#456,.F.);
#175=ORIENTED_EDGE('',*,*,#457,.T.);
#176=ORIENTED_EDGE('',*,*,#458,.F.);
#177=ORIENTED_EDGE('',*,*,#459,.F.);
#178=ORIENTED_EDGE('',*,*,#460,.F.);
#179=ORIENTED_EDGE('',*,*,#461,.F.);
#180=ORIENTED_EDGE('',*,*,#462,.F.);
#181=ORIENTED_EDGE('',*,*,#463,.T.);
#182=ORIENTED_EDGE('',*,*,#464,.F.);
#183=ORIENTED_EDGE('',*,*,#465,.F.);
#184=ORIENTED_EDGE('',*,*,#466,.F.);
#185=ORIENTED_EDGE('',*,*,#467,.F.);
#186=ORIENTED_EDGE('',*,*,#468,.F.);
#187=ORIENTED_EDGE('',*,*,#469,.T.);
#188=ORIENTED_EDGE('',*,*,#470,.F.);
#189=ORIENTED_EDGE('',*,*,#471,.F.);
#190=ORIENTED_EDGE('',*,*,#472,.F.);
#191=ORIENTED_EDGE('',*,*,#473,.F.);
#192=ORIENTED_EDGE('',*,*,#474,.F.);
#193=ORIENTED_EDGE('',*,*,#475,.T.);
#194=ORIENTED_EDGE('',*,*,#476,.F.);
#195=ORIENTED_EDGE('',*,*,#477,.F.);
#196=ORIENTED_EDGE('',*,*,#478,.F.);
#197=ORIENTED_EDGE('',*,*,#479,.F.);
#198=ORIENTED_EDGE('',*,*,#480,.F.);
#199=ORIENTED_EDGE('',*,*,#481,.T.);
#200=ORIENTED_EDGE('',*,*,#482,.F.);
#201=ORIENTED_EDGE('',*,*,#483,.F.);
#202=ORIENTED_EDGE('',*,*,#484,.F.);
#203=ORIENTED_EDGE('',*,*,#485,.F.);
#204=ORIENTED_EDGE('',*,*,#486,.F.);
#205=ORIENTED_EDGE('',*,*,#487,.T.);
#206=ORIENTED_EDGE('',*,*,#488,.F.);
#207=ORIENTED_EDGE('',*,*,#489,.F.);
#208=ORIENTED_EDGE('',*,*,#490,.F.);
#209=ORIENTED_EDGE('',*,*,#491,.F.);
#210=ORIENTED_EDGE('',*,*,#444,.F.);
#211=ORIENTED_EDGE('',*,*,#492,.F.);
#212=ORIENTED_EDGE('',*,*,#493,.T.);
#213=ORIENTED_EDGE('',*,*,#494,.T.);
#214=ORIENTED_EDGE('',*,*,#495,.F.);
#215=ORIENTED_EDGE('',*,*,#496,.F.);
#216=ORIENTED_EDGE('',*,*,#497,.T.);
#217=ORIENTED_EDGE('',*,*,#498,.F.);
#218=ORIENTED_EDGE('',*,*,#499,.T.);
#219=ORIENTED_EDGE('',*,*,#500,.T.);
#220=ORIENTED_EDGE('',*,*,#501,.F.);
#221=ORIENTED_EDGE('',*,*,#502,.F.);
#222=ORIENTED_EDGE('',*,*,#503,.T.);
#223=ORIENTED_EDGE('',*,*,#504,.F.);
#224=ORIENTED_EDGE('',*,*,#505,.T.);
#225=ORIENTED_EDGE('',*,*,#506,.T.);
#226=ORIENTED_EDGE('',*,*,#507,.F.);
#227=ORIENTED_EDGE('',*,*,#508,.F.);
#228=ORIENTED_EDGE('',*,*,#509,.T.);
#229=ORIENTED_EDGE('',*,*,#510,.F.);
#230=ORIENTED_EDGE('',*,*,#511,.T.);
#231=ORIENTED_EDGE('',*,*,#512,.T.);
#232=ORIENTED_EDGE('',*,*,#513,.F.);
#233=ORIENTED_EDGE('',*,*,#514,.F.);
#234=ORIENTED_EDGE('',*,*,#515,.T.);
#235=ORIENTED_EDGE('',*,*,#516,.F.);
#236=ORIENTED_EDGE('',*,*,#517,.T.);
#237=ORIENTED_EDGE('',*,*,#518,.T.);
#238=ORIENTED_EDGE('',*,*,#519,.F.);
#239=ORIENTED_EDGE('',*,*,#520,.F.);
#240=ORIENTED_EDGE('',*,*,#521,.T.);
#241=ORIENTED_EDGE('',*,*,#522,.F.);
#242=ORIENTED_EDGE('',*,*,#523,.T.);
#243=ORIENTED_EDGE('',*,*,#524,.T.);
#244=ORIENTED_EDGE('',*,*,#525,.F.);
#245=ORIENTED_EDGE('',*,*,#526,.F.);
#246=ORIENTED_EDGE('',*,*,#527,.T.);
#247=ORIENTED_EDGE('',*,*,#528,.F.);
#248=ORIENTED_EDGE('',*,*,#529,.T.);
#249=ORIENTED_EDGE('',*,*,#530,.T.);
#250=ORIENTED_EDGE('',*,*,#531,.F.);
#251=ORIENTED_EDGE('',*,*,#532,.F.);
#252=ORIENTED_EDGE('',*,*,#533,.T.);
#253=ORIENTED_EDGE('',*,*,#534,.F.);
#254=ORIENTED_EDGE('',*,*,#530,.F.);
#255=ORIENTED_EDGE('',*,*,#535,.T.);
#256=ORIENTED_EDGE('',*,*,#452,.T.);
#257=ORIENTED_EDGE('',*,*,#536,.F.);
#258=ORIENTED_EDGE('',*,*,#524,.F.);
#259=ORIENTED_EDGE('',*,*,#537,.T.);
#260=ORIENTED_EDGE('',*,*,#458,.T.);
#261=ORIENTED_EDGE('',*,*,#538,.F.);
#262=ORIENTED_EDGE('',*,*,#518,.F.);
#263=ORIENTED_EDGE('',*,*,#539,.T.);
#264=ORIENTED_EDGE('',*,*,#464,.T.);
#265=ORIENTED_EDGE('',*,*,#540,.F.);
#266=ORIENTED_EDGE('',*,*,#512,.F.);
#267=ORIENTED_EDGE('',*,*,#541,.T.);
#268=ORIENTED_EDGE('',*,*,#470,.T.);
#269=ORIENTED_EDGE('',*,*,#494,.F.);
#270=ORIENTED_EDGE('',*,*,#542,.T.);
#271=ORIENTED_EDGE('',*,*,#488,.T.);
#272=ORIENTED_EDGE('',*,*,#543,.F.);
#273=ORIENTED_EDGE('',*,*,#500,.F.);
#274=ORIENTED_EDGE('',*,*,#544,.T.);
#275=ORIENTED_EDGE('',*,*,#482,.T.);
#276=ORIENTED_EDGE('',*,*,#545,.F.);
#277=ORIENTED_EDGE('',*,*,#506,.F.);
#278=ORIENTED_EDGE('',*,*,#546,.T.);
#279=ORIENTED_EDGE('',*,*,#476,.T.);
#280=ORIENTED_EDGE('',*,*,#547,.F.);
#281=ORIENTED_EDGE('',*,*,#507,.T.);
#282=ORIENTED_EDGE('',*,*,#547,.T.);
#283=ORIENTED_EDGE('',*,*,#475,.F.);
#284=ORIENTED_EDGE('',*,*,#548,.F.);
#285=ORIENTED_EDGE('',*,*,#471,.T.);
#286=ORIENTED_EDGE('',*,*,#541,.F.);
#287=ORIENTED_EDGE('',*,*,#511,.F.);
#288=ORIENTED_EDGE('',*,*,#549,.F.);
#289=ORIENTED_EDGE('',*,*,#473,.T.);
#290=ORIENTED_EDGE('',*,*,#550,.F.);
#291=ORIENTED_EDGE('',*,*,#509,.F.);
#292=ORIENTED_EDGE('',*,*,#551,.F.);
#293=ORIENTED_EDGE('',*,*,#508,.T.);
#294=ORIENTED_EDGE('',*,*,#548,.T.);
#295=ORIENTED_EDGE('',*,*,#474,.T.);
#296=ORIENTED_EDGE('',*,*,#551,.T.);
#297=ORIENTED_EDGE('',*,*,#510,.T.);
#298=ORIENTED_EDGE('',*,*,#550,.T.);
#299=ORIENTED_EDGE('',*,*,#472,.T.);
#300=ORIENTED_EDGE('',*,*,#549,.T.);
#301=ORIENTED_EDGE('',*,*,#501,.T.);
#302=ORIENTED_EDGE('',*,*,#545,.T.);
#303=ORIENTED_EDGE('',*,*,#481,.F.);
#304=ORIENTED_EDGE('',*,*,#552,.F.);
#305=ORIENTED_EDGE('',*,*,#477,.T.);
#306=ORIENTED_EDGE('',*,*,#546,.F.);
#307=ORIENTED_EDGE('',*,*,#505,.F.);
#308=ORIENTED_EDGE('',*,*,#553,.F.);
#309=ORIENTED_EDGE('',*,*,#479,.T.);
#310=ORIENTED_EDGE('',*,*,#554,.F.);
#311=ORIENTED_EDGE('',*,*,#503,.F.);
#312=ORIENTED_EDGE('',*,*,#555,.F.);
#313=ORIENTED_EDGE('',*,*,#502,.T.);
#314=ORIENTED_EDGE('',*,*,#552,.T.);
#315=ORIENTED_EDGE('',*,*,#480,.T.);
#316=ORIENTED_EDGE('',*,*,#555,.T.);
#317=ORIENTED_EDGE('',*,*,#504,.T.);
#318=ORIENTED_EDGE('',*,*,#554,.T.);
#319=ORIENTED_EDGE('',*,*,#478,.T.);
#320=ORIENTED_EDGE('',*,*,#553,.T.);
#321=ORIENTED_EDGE('',*,*,#495,.T.);
#322=ORIENTED_EDGE('',*,*,#543,.T.);
#323=ORIENTED_EDGE('',*,*,#487,.F.);
#324=ORIENTED_EDGE('',*,*,#556,.F.);
#325=ORIENTED_EDGE('',*,*,#483,.T.);
#326=ORIENTED_EDGE('',*,*,#544,.F.);
#327=ORIENTED_EDGE('',*,*,#499,.F.);
#328=ORIENTED_EDGE('',*,*,#557,.F.);
#329=ORIENTED_EDGE('',*,*,#485,.T.);
#330=ORIENTED_EDGE('',*,*,#558,.F.);
#331=ORIENTED_EDGE('',*,*,#497,.F.);
#332=ORIENTED_EDGE('',*,*,#559,.F.);
#333=ORIENTED_EDGE('',*,*,#496,.T.);
#334=ORIENTED_EDGE('',*,*,#556,.T.);
#335=ORIENTED_EDGE('',*,*,#486,.T.);
#336=ORIENTED_EDGE('',*,*,#559,.T.);
#337=ORIENTED_EDGE('',*,*,#498,.T.);
#338=ORIENTED_EDGE('',*,*,#558,.T.);
#339=ORIENTED_EDGE('',*,*,#484,.T.);
#340=ORIENTED_EDGE('',*,*,#557,.T.);
#341=ORIENTED_EDGE('',*,*,#513,.T.);
#342=ORIENTED_EDGE('',*,*,#540,.T.);
#343=ORIENTED_EDGE('',*,*,#469,.F.);
#344=ORIENTED_EDGE('',*,*,#560,.F.);
#345=ORIENTED_EDGE('',*,*,#465,.T.);
#346=ORIENTED_EDGE('',*,*,#539,.F.);
#347=ORIENTED_EDGE('',*,*,#517,.F.);
#348=ORIENTED_EDGE('',*,*,#561,.F.);
#349=ORIENTED_EDGE('',*,*,#467,.T.);
#350=ORIENTED_EDGE('',*,*,#562,.F.);
#351=ORIENTED_EDGE('',*,*,#515,.F.);
#352=ORIENTED_EDGE('',*,*,#563,.F.);
#353=ORIENTED_EDGE('',*,*,#514,.T.);
#354=ORIENTED_EDGE('',*,*,#560,.T.);
#355=ORIENTED_EDGE('',*,*,#468,.T.);
#356=ORIENTED_EDGE('',*,*,#563,.T.);
#357=ORIENTED_EDGE('',*,*,#516,.T.);
#358=ORIENTED_EDGE('',*,*,#562,.T.);
#359=ORIENTED_EDGE('',*,*,#466,.T.);
#360=ORIENTED_EDGE('',*,*,#561,.T.);
#361=ORIENTED_EDGE('',*,*,#519,.T.);
#362=ORIENTED_EDGE('',*,*,#538,.T.);
#363=ORIENTED_EDGE('',*,*,#463,.F.);
#364=ORIENTED_EDGE('',*,*,#564,.F.);
#365=ORIENTED_EDGE('',*,*,#459,.T.);
#366=ORIENTED_EDGE('',*,*,#537,.F.);
#367=ORIENTED_EDGE('',*,*,#523,.F.);
#368=ORIENTED_EDGE('',*,*,#565,.F.);
#369=ORIENTED_EDGE('',*,*,#461,.T.);
#370=ORIENTED_EDGE('',*,*,#566,.F.);
#371=ORIENTED_EDGE('',*,*,#521,.F.);
#372=ORIENTED_EDGE('',*,*,#567,.F.);
#373=ORIENTED_EDGE('',*,*,#520,.T.);
#374=ORIENTED_EDGE('',*,*,#564,.T.);
#375=ORIENTED_EDGE('',*,*,#462,.T.);
#376=ORIENTED_EDGE('',*,*,#567,.T.);
#377=ORIENTED_EDGE('',*,*,#522,.T.);
#378=ORIENTED_EDGE('',*,*,#566,.T.);
#379=ORIENTED_EDGE('',*,*,#460,.T.);
#380=ORIENTED_EDGE('',*,*,#565,.T.);
#381=ORIENTED_EDGE('',*,*,#525,.T.);
#382=ORIENTED_EDGE('',*,*,#536,.T.);
#383=ORIENTED_EDGE('',*,*,#457,.F.);
#384=ORIENTED_EDGE('',*,*,#568,.F.);
#385=ORIENTED_EDGE('',*,*,#453,.T.);
#386=ORIENTED_EDGE('',*,*,#535,.F.);
#387=ORIENTED_EDGE('',*,*,#529,.F.);
#388=ORIENTED_EDGE('',*,*,#569,.F.);
#389=ORIENTED_EDGE('',*,*,#455,.T.);
#390=ORIENTED_EDGE('',*,*,#570,.F.);
#391=ORIENTED_EDGE('',*,*,#527,.F.);
#392=ORIENTED_EDGE('',*,*,#571,.F.);
#393=ORIENTED_EDGE('',*,*,#526,.T.);
#394=ORIENTED_EDGE('',*,*,#568,.T.);
#395=ORIENTED_EDGE('',*,*,#456,.T.);
#396=ORIENTED_EDGE('',*,*,#571,.T.);
#397=ORIENTED_EDGE('',*,*,#528,.T.);
#398=ORIENTED_EDGE('',*,*,#570,.T.);
#399=ORIENTED_EDGE('',*,*,#454,.T.);
#400=ORIENTED_EDGE('',*,*,#569,.T.);
#401=ORIENTED_EDGE('',*,*,#531,.T.);
#402=ORIENTED_EDGE('',*,*,#534,.T.);
#403=ORIENTED_EDGE('',*,*,#451,.F.);
#404=ORIENTED_EDGE('',*,*,#572,.F.);
#405=ORIENTED_EDGE('',*,*,#489,.T.);
#406=ORIENTED_EDGE('',*,*,#542,.F.);
#407=ORIENTED_EDGE('',*,*,#493,.F.);
#408=ORIENTED_EDGE('',*,*,#573,.F.);
#409=ORIENTED_EDGE('',*,*,#491,.T.);
#410=ORIENTED_EDGE('',*,*,#574,.F.);
#411=ORIENTED_EDGE('',*,*,#533,.F.);
#412=ORIENTED_EDGE('',*,*,#575,.F.);
#413=ORIENTED_EDGE('',*,*,#532,.T.);
#414=ORIENTED_EDGE('',*,*,#572,.T.);
#415=ORIENTED_EDGE('',*,*,#450,.T.);
#416=ORIENTED_EDGE('',*,*,#575,.T.);
#417=ORIENTED_EDGE('',*,*,#492,.T.);
#418=ORIENTED_EDGE('',*,*,#574,.T.);
#419=ORIENTED_EDGE('',*,*,#490,.T.);
#420=ORIENTED_EDGE('',*,*,#573,.T.);
#421=ORIENTED_EDGE('',*,*,#442,.F.);
#422=ORIENTED_EDGE('',*,*,#448,.T.);
#423=ORIENTED_EDGE('',*,*,#446,.T.);
#424=ORIENTED_EDGE('',*,*,#439,.T.);
#425=ORIENTED_EDGE('',*,*,#576,.F.);
#426=ORIENTED_EDGE('',*,*,#449,.T.);
#427=ORIENTED_EDGE('',*,*,#577,.F.);
#428=ORIENTED_EDGE('',*,*,#576,.T.);
#429=ORIENTED_EDGE('',*,*,#578,.F.);
#430=ORIENTED_EDGE('',*,*,#577,.T.);
#431=ORIENTED_EDGE('',*,*,#578,.T.);
#432=ORIENTED_EDGE('',*,*,#437,.F.);
#433=ORIENTED_EDGE('',*,*,#445,.T.);
#434=ORIENTED_EDGE('',*,*,#440,.T.);
#435=ORIENTED_EDGE('',*,*,#447,.T.);
#436=EDGE_CURVE('',#579,#580,#676,.T.);
#437=EDGE_CURVE('',#579,#581,#677,.T.);
#438=EDGE_CURVE('',#581,#582,#678,.T.);
#439=EDGE_CURVE('',#580,#582,#679,.T.);
#440=EDGE_CURVE('',#583,#584,#680,.T.);
#441=EDGE_CURVE('',#583,#585,#681,.T.);
#442=EDGE_CURVE('',#585,#586,#682,.T.);
#443=EDGE_CURVE('',#584,#586,#683,.T.);
#444=EDGE_CURVE('',#587,#587,#54,.T.);
#445=EDGE_CURVE('',#579,#583,#55,.T.);
#446=EDGE_CURVE('',#582,#580,#56,.T.);
#447=EDGE_CURVE('',#584,#581,#57,.T.);
#448=EDGE_CURVE('',#585,#586,#58,.T.);
#449=EDGE_CURVE('',#588,#588,#59,.F.);
#450=EDGE_CURVE('',#589,#590,#60,.F.);
#451=EDGE_CURVE('',#589,#591,#26,.T.);
#452=EDGE_CURVE('',#592,#591,#61,.T.);
#453=EDGE_CURVE('',#593,#592,#27,.T.);
#454=EDGE_CURVE('',#594,#593,#62,.F.);
#455=EDGE_CURVE('',#595,#594,#63,.T.);
#456=EDGE_CURVE('',#596,#595,#64,.F.);
#457=EDGE_CURVE('',#596,#597,#28,.T.);
#458=EDGE_CURVE('',#598,#597,#65,.T.);
#459=EDGE_CURVE('',#599,#598,#29,.T.);
#460=EDGE_CURVE('',#600,#599,#66,.F.);
#461=EDGE_CURVE('',#601,#600,#67,.T.);
#462=EDGE_CURVE('',#602,#601,#68,.F.);
#463=EDGE_CURVE('',#602,#603,#30,.T.);
#464=EDGE_CURVE('',#604,#603,#69,.T.);
#465=EDGE_CURVE('',#605,#604,#31,.T.);
#466=EDGE_CURVE('',#606,#605,#70,.F.);
#467=EDGE_CURVE('',#607,#606,#71,.T.);
#468=EDGE_CURVE('',#608,#607,#72,.F.);
#469=EDGE_CURVE('',#608,#609,#32,.T.);
#470=EDGE_CURVE('',#610,#609,#73,.T.);
#471=EDGE_CURVE('',#611,#610,#33,.T.);
#472=EDGE_CURVE('',#612,#611,#74,.F.);
#473=EDGE_CURVE('',#613,#612,#75,.T.);
#474=EDGE_CURVE('',#614,#613,#76,.F.);
#475=EDGE_CURVE('',#614,#615,#34,.T.);
#476=EDGE_CURVE('',#616,#615,#77,.T.);
#477=EDGE_CURVE('',#617,#616,#35,.T.);
#478=EDGE_CURVE('',#618,#617,#78,.F.);
#479=EDGE_CURVE('',#619,#618,#79,.T.);
#480=EDGE_CURVE('',#620,#619,#80,.F.);
#481=EDGE_CURVE('',#620,#621,#36,.T.);
#482=EDGE_CURVE('',#622,#621,#81,.T.);
#483=EDGE_CURVE('',#623,#622,#37,.T.);
#484=EDGE_CURVE('',#624,#623,#82,.F.);
#485=EDGE_CURVE('',#625,#624,#83,.T.);
#486=EDGE_CURVE('',#626,#625,#84,.F.);
#487=EDGE_CURVE('',#626,#627,#38,.T.);
#488=EDGE_CURVE('',#628,#627,#85,.T.);
#489=EDGE_CURVE('',#629,#628,#39,.T.);
#490=EDGE_CURVE('',#630,#629,#86,.F.);
#491=EDGE_CURVE('',#590,#630,#87,.T.);
#492=EDGE_CURVE('',#631,#632,#88,.T.);
#493=EDGE_CURVE('',#631,#633,#40,.T.);
#494=EDGE_CURVE('',#633,#634,#89,.T.);
#495=EDGE_CURVE('',#635,#634,#41,.T.);
#496=EDGE_CURVE('',#636,#635,#90,.T.);
#497=EDGE_CURVE('',#636,#637,#91,.T.);
#498=EDGE_CURVE('',#638,#637,#92,.T.);
#499=EDGE_CURVE('',#638,#639,#42,.T.);
#500=EDGE_CURVE('',#639,#640,#93,.T.);
#501=EDGE_CURVE('',#641,#640,#43,.T.);
#502=EDGE_CURVE('',#642,#641,#94,.T.);
#503=EDGE_CURVE('',#642,#643,#95,.T.);
#504=EDGE_CURVE('',#644,#643,#96,.T.);
#505=EDGE_CURVE('',#644,#645,#44,.T.);
#506=EDGE_CURVE('',#645,#646,#97,.T.);
#507=EDGE_CURVE('',#647,#646,#45,.T.);
#508=EDGE_CURVE('',#648,#647,#98,.T.);
#509=EDGE_CURVE('',#648,#649,#99,.T.);
#510=EDGE_CURVE('',#650,#649,#100,.T.);
#511=EDGE_CURVE('',#650,#651,#46,.T.);
#512=EDGE_CURVE('',#651,#652,#101,.T.);
#513=EDGE_CURVE('',#653,#652,#47,.T.);
#514=EDGE_CURVE('',#654,#653,#102,.T.);
#515=EDGE_CURVE('',#654,#655,#103,.T.);
#516=EDGE_CURVE('',#656,#655,#104,.T.);
#517=EDGE_CURVE('',#656,#657,#48,.T.);
#518=EDGE_CURVE('',#657,#658,#105,.T.);
#519=EDGE_CURVE('',#659,#658,#49,.T.);
#520=EDGE_CURVE('',#660,#659,#106,.T.);
#521=EDGE_CURVE('',#660,#661,#107,.T.);
#522=EDGE_CURVE('',#662,#661,#108,.T.);
#523=EDGE_CURVE('',#662,#663,#50,.T.);
#524=EDGE_CURVE('',#663,#664,#109,.T.);
#525=EDGE_CURVE('',#665,#664,#51,.T.);
#526=EDGE_CURVE('',#666,#665,#110,.T.);
#527=EDGE_CURVE('',#666,#667,#111,.T.);
#528=EDGE_CURVE('',#668,#667,#112,.T.);
#529=EDGE_CURVE('',#668,#669,#52,.T.);
#530=EDGE_CURVE('',#669,#670,#113,.T.);
#531=EDGE_CURVE('',#671,#670,#53,.T.);
#532=EDGE_CURVE('',#672,#671,#114,.T.);
#533=EDGE_CURVE('',#672,#632,#115,.T.);
#534=EDGE_CURVE('',#670,#591,#684,.T.);
#535=EDGE_CURVE('',#669,#592,#685,.T.);
#536=EDGE_CURVE('',#664,#597,#686,.T.);
#537=EDGE_CURVE('',#663,#598,#687,.T.);
#538=EDGE_CURVE('',#658,#603,#688,.T.);
#539=EDGE_CURVE('',#657,#604,#689,.T.);
#540=EDGE_CURVE('',#652,#609,#690,.T.);
#541=EDGE_CURVE('',#651,#610,#691,.T.);
#542=EDGE_CURVE('',#633,#628,#692,.T.);
#543=EDGE_CURVE('',#634,#627,#693,.T.);
#544=EDGE_CURVE('',#639,#622,#694,.T.);
#545=EDGE_CURVE('',#640,#621,#695,.T.);
#546=EDGE_CURVE('',#645,#616,#696,.T.);
#547=EDGE_CURVE('',#646,#615,#697,.T.);
#548=EDGE_CURVE('',#647,#614,#698,.T.);
#549=EDGE_CURVE('',#611,#650,#699,.F.);
#550=EDGE_CURVE('',#649,#612,#700,.T.);
#551=EDGE_CURVE('',#613,#648,#701,.F.);
#552=EDGE_CURVE('',#641,#620,#702,.T.);
#553=EDGE_CURVE('',#617,#644,#703,.F.);
#554=EDGE_CURVE('',#643,#618,#704,.T.);
#555=EDGE_CURVE('',#619,#642,#705,.F.);
#556=EDGE_CURVE('',#635,#626,#706,.T.);
#557=EDGE_CURVE('',#623,#638,#707,.F.);
#558=EDGE_CURVE('',#637,#624,#708,.T.);
#559=EDGE_CURVE('',#625,#636,#709,.F.);
#560=EDGE_CURVE('',#653,#608,#710,.T.);
#561=EDGE_CURVE('',#605,#656,#711,.F.);
#562=EDGE_CURVE('',#655,#606,#712,.T.);
#563=EDGE_CURVE('',#607,#654,#713,.F.);
#564=EDGE_CURVE('',#659,#602,#714,.T.);
#565=EDGE_CURVE('',#599,#662,#715,.F.);
#566=EDGE_CURVE('',#661,#600,#716,.T.);
#567=EDGE_CURVE('',#601,#660,#717,.F.);
#568=EDGE_CURVE('',#665,#596,#718,.T.);
#569=EDGE_CURVE('',#593,#668,#719,.F.);
#570=EDGE_CURVE('',#667,#594,#720,.T.);
#571=EDGE_CURVE('',#595,#666,#721,.F.);
#572=EDGE_CURVE('',#671,#589,#722,.T.);
#573=EDGE_CURVE('',#629,#631,#723,.F.);
#574=EDGE_CURVE('',#632,#630,#724,.T.);
#575=EDGE_CURVE('',#590,#672,#725,.F.);
#576=EDGE_CURVE('',#673,#673,#116,.T.);
#577=EDGE_CURVE('',#674,#674,#117,.T.);
#578=EDGE_CURVE('',#675,#675,#118,.T.);
#579=VERTEX_POINT('',#1342);
#580=VERTEX_POINT('',#1343);
#581=VERTEX_POINT('',#1345);
#582=VERTEX_POINT('',#1347);
#583=VERTEX_POINT('',#1351);
#584=VERTEX_POINT('',#1352);
#585=VERTEX_POINT('',#1354);
#586=VERTEX_POINT('',#1356);
#587=VERTEX_POINT('',#1360);
#588=VERTEX_POINT('',#1367);
#589=VERTEX_POINT('',#1369);
#590=VERTEX_POINT('',#1370);
#591=VERTEX_POINT('',#1422);
#592=VERTEX_POINT('',#1424);
#593=VERTEX_POINT('',#1476);
#594=VERTEX_POINT('',#1478);
#595=VERTEX_POINT('',#1480);
#596=VERTEX_POINT('',#1482);
#597=VERTEX_POINT('',#1534);
#598=VERTEX_POINT('',#1536);
#599=VERTEX_POINT('',#1588);
#600=VERTEX_POINT('',#1590);
#601=VERTEX_POINT('',#1592);
#602=VERTEX_POINT('',#1594);
#603=VERTEX_POINT('',#1646);
#604=VERTEX_POINT('',#1648);
#605=VERTEX_POINT('',#1700);
#606=VERTEX_POINT('',#1702);
#607=VERTEX_POINT('',#1704);
#608=VERTEX_POINT('',#1706);
#609=VERTEX_POINT('',#1758);
#610=VERTEX_POINT('',#1760);
#611=VERTEX_POINT('',#1812);
#612=VERTEX_POINT('',#1814);
#613=VERTEX_POINT('',#1816);
#614=VERTEX_POINT('',#1818);
#615=VERTEX_POINT('',#1870);
#616=VERTEX_POINT('',#1872);
#617=VERTEX_POINT('',#1924);
#618=VERTEX_POINT('',#1926);
#619=VERTEX_POINT('',#1928);
#620=VERTEX_POINT('',#1930);
#621=VERTEX_POINT('',#1982);
#622=VERTEX_POINT('',#1984);
#623=VERTEX_POINT('',#2036);
#624=VERTEX_POINT('',#2038);
#625=VERTEX_POINT('',#2040);
#626=VERTEX_POINT('',#2042);
#627=VERTEX_POINT('',#2094);
#628=VERTEX_POINT('',#2096);
#629=VERTEX_POINT('',#2148);
#630=VERTEX_POINT('',#2150);
#631=VERTEX_POINT('',#2154);
#632=VERTEX_POINT('',#2155);
#633=VERTEX_POINT('',#2207);
#634=VERTEX_POINT('',#2209);
#635=VERTEX_POINT('',#2261);
#636=VERTEX_POINT('',#2263);
#637=VERTEX_POINT('',#2265);
#638=VERTEX_POINT('',#2267);
#639=VERTEX_POINT('',#2319);
#640=VERTEX_POINT('',#2321);
#641=VERTEX_POINT('',#2373);
#642=VERTEX_POINT('',#2375);
#643=VERTEX_POINT('',#2377);
#644=VERTEX_POINT('',#2379);
#645=VERTEX_POINT('',#2431);
#646=VERTEX_POINT('',#2433);
#647=VERTEX_POINT('',#2485);
#648=VERTEX_POINT('',#2487);
#649=VERTEX_POINT('',#2489);
#650=VERTEX_POINT('',#2491);
#651=VERTEX_POINT('',#2543);
#652=VERTEX_POINT('',#2545);
#653=VERTEX_POINT('',#2597);
#654=VERTEX_POINT('',#2599);
#655=VERTEX_POINT('',#2601);
#656=VERTEX_POINT('',#2603);
#657=VERTEX_POINT('',#2655);
#658=VERTEX_POINT('',#2657);
#659=VERTEX_POINT('',#2709);
#660=VERTEX_POINT('',#2711);
#661=VERTEX_POINT('',#2713);
#662=VERTEX_POINT('',#2715);
#663=VERTEX_POINT('',#2767);
#664=VERTEX_POINT('',#2769);
#665=VERTEX_POINT('',#2821);
#666=VERTEX_POINT('',#2823);
#667=VERTEX_POINT('',#2825);
#668=VERTEX_POINT('',#2827);
#669=VERTEX_POINT('',#2879);
#670=VERTEX_POINT('',#2881);
#671=VERTEX_POINT('',#2933);
#672=VERTEX_POINT('',#2935);
#673=VERTEX_POINT('',#3487);
#674=VERTEX_POINT('',#3490);
#675=VERTEX_POINT('',#3493);
#676=LINE('',#1341,#726);
#677=LINE('',#1344,#727);
#678=LINE('',#1346,#728);
#679=LINE('',#1348,#729);
#680=LINE('',#1350,#730);
#681=LINE('',#1353,#731);
#682=LINE('',#1355,#732);
#683=LINE('',#1357,#733);
#684=LINE('',#2938,#734);
#685=LINE('',#2939,#735);
#686=LINE('',#2941,#736);
#687=LINE('',#2942,#737);
#688=LINE('',#2944,#738);
#689=LINE('',#2945,#739);
#690=LINE('',#2947,#740);
#691=LINE('',#2948,#741);
#692=LINE('',#2950,#742);
#693=LINE('',#2951,#743);
#694=LINE('',#2953,#744);
#695=LINE('',#2954,#745);
#696=LINE('',#2956,#746);
#697=LINE('',#2957,#747);
#698=LINE('',#2992,#748);
#699=LINE('',#3027,#749);
#700=LINE('',#3029,#750);
#701=LINE('',#3030,#751);
#702=LINE('',#3067,#752);
#703=LINE('',#3102,#753);
#704=LINE('',#3104,#754);
#705=LINE('',#3105,#755);
#706=LINE('',#3142,#756);
#707=LINE('',#3177,#757);
#708=LINE('',#3179,#758);
#709=LINE('',#3180,#759);
#710=LINE('',#3217,#760);
#711=LINE('',#3252,#761);
#712=LINE('',#3254,#762);
#713=LINE('',#3255,#763);
#714=LINE('',#3292,#764);
#715=LINE('',#3327,#765);
#716=LINE('',#3329,#766);
#717=LINE('',#3330,#767);
#718=LINE('',#3367,#768);
#719=LINE('',#3402,#769);
#720=LINE('',#3404,#770);
#721=LINE('',#3405,#771);
#722=LINE('',#3442,#772);
#723=LINE('',#3477,#773);
#724=LINE('',#3479,#774);
#725=LINE('',#3480,#775);
#726=VECTOR('',#1081,1.);
#727=VECTOR('',#1082,1.);
#728=VECTOR('',#1083,1.);
#729=VECTOR('',#1084,1.);
#730=VECTOR('',#1087,1.);
#731=VECTOR('',#1088,1.);
#732=VECTOR('',#1089,1.);
#733=VECTOR('',#1090,1.);
#734=VECTOR('',#1223,1.);
#735=VECTOR('',#1224,1.);
#736=VECTOR('',#1227,1.);
#737=VECTOR('',#1228,1.);
#738=VECTOR('',#1231,1.);
#739=VECTOR('',#1232,1.);
#740=VECTOR('',#1235,1.);
#741=VECTOR('',#1236,1.);
#742=VECTOR('',#1239,1.);
#743=VECTOR('',#1240,1.);
#744=VECTOR('',#1243,1.);
#745=VECTOR('',#1244,1.);
#746=VECTOR('',#1247,1.);
#747=VECTOR('',#1248,1.);
#748=VECTOR('',#1249,1.);
#749=VECTOR('',#1250,1.);
#750=VECTOR('',#1253,1.);
#751=VECTOR('',#1254,1.);
#752=VECTOR('',#1259,1.);
#753=VECTOR('',#1260,1.);
#754=VECTOR('',#1263,1.);
#755=VECTOR('',#1264,1.);
#756=VECTOR('',#1269,1.);
#757=VECTOR('',#1270,1.);
#758=VECTOR('',#1273,1.);
#759=VECTOR('',#1274,1.);
#760=VECTOR('',#1279,1.);
#761=VECTOR('',#1280,1.);
#762=VECTOR('',#1283,1.);
#763=VECTOR('',#1284,1.);
#764=VECTOR('',#1289,1.);
#765=VECTOR('',#1290,1.);
#766=VECTOR('',#1293,1.);
#767=VECTOR('',#1294,1.);
#768=VECTOR('',#1299,1.);
#769=VECTOR('',#1300,1.);
#770=VECTOR('',#1303,1.);
#771=VECTOR('',#1304,1.);
#772=VECTOR('',#1309,1.);
#773=VECTOR('',#1310,1.);
#774=VECTOR('',#1313,1.);
#775=VECTOR('',#1314,1.);
#776=EDGE_LOOP('',(#150,#151,#152,#153));
#777=EDGE_LOOP('',(#154,#155,#156,#157));
#778=EDGE_LOOP('',(#158));
#779=EDGE_LOOP('',(#159,#160,#161,#162,#163,#164,#165,#166));
#780=EDGE_LOOP('',(#167));
#781=EDGE_LOOP('',(#168,#169,#170,#171,#172,#173,#174,#175,#176,#177,#178,
#179,#180,#181,#182,#183,#184,#185,#186,#187,#188,#189,#190,#191,#192,#193,
#194,#195,#196,#197,#198,#199,#200,#201,#202,#203,#204,#205,#206,#207,#208,
#209));
#782=EDGE_LOOP('',(#210));
#783=EDGE_LOOP('',(#211,#212,#213,#214,#215,#216,#217,#218,#219,#220,#221,
#222,#223,#224,#225,#226,#227,#228,#229,#230,#231,#232,#233,#234,#235,#236,
#237,#238,#239,#240,#241,#242,#243,#244,#245,#246,#247,#248,#249,#250,#251,
#252));
#784=EDGE_LOOP('',(#253,#254,#255,#256));
#785=EDGE_LOOP('',(#257,#258,#259,#260));
#786=EDGE_LOOP('',(#261,#262,#263,#264));
#787=EDGE_LOOP('',(#265,#266,#267,#268));
#788=EDGE_LOOP('',(#269,#270,#271,#272));
#789=EDGE_LOOP('',(#273,#274,#275,#276));
#790=EDGE_LOOP('',(#277,#278,#279,#280));
#791=EDGE_LOOP('',(#281,#282,#283,#284));
#792=EDGE_LOOP('',(#285,#286,#287,#288));
#793=EDGE_LOOP('',(#289,#290,#291,#292));
#794=EDGE_LOOP('',(#293,#294,#295,#296));
#795=EDGE_LOOP('',(#297,#298,#299,#300));
#796=EDGE_LOOP('',(#301,#302,#303,#304));
#797=EDGE_LOOP('',(#305,#306,#307,#308));
#798=EDGE_LOOP('',(#309,#310,#311,#312));
#799=EDGE_LOOP('',(#313,#314,#315,#316));
#800=EDGE_LOOP('',(#317,#318,#319,#320));
#801=EDGE_LOOP('',(#321,#322,#323,#324));
#802=EDGE_LOOP('',(#325,#326,#327,#328));
#803=EDGE_LOOP('',(#329,#330,#331,#332));
#804=EDGE_LOOP('',(#333,#334,#335,#336));
#805=EDGE_LOOP('',(#337,#338,#339,#340));
#806=EDGE_LOOP('',(#341,#342,#343,#344));
#807=EDGE_LOOP('',(#345,#346,#347,#348));
#808=EDGE_LOOP('',(#349,#350,#351,#352));
#809=EDGE_LOOP('',(#353,#354,#355,#356));
#810=EDGE_LOOP('',(#357,#358,#359,#360));
#811=EDGE_LOOP('',(#361,#362,#363,#364));
#812=EDGE_LOOP('',(#365,#366,#367,#368));
#813=EDGE_LOOP('',(#369,#370,#371,#372));
#814=EDGE_LOOP('',(#373,#374,#375,#376));
#815=EDGE_LOOP('',(#377,#378,#379,#380));
#816=EDGE_LOOP('',(#381,#382,#383,#384));
#817=EDGE_LOOP('',(#385,#386,#387,#388));
#818=EDGE_LOOP('',(#389,#390,#391,#392));
#819=EDGE_LOOP('',(#393,#394,#395,#396));
#820=EDGE_LOOP('',(#397,#398,#399,#400));
#821=EDGE_LOOP('',(#401,#402,#403,#404));
#822=EDGE_LOOP('',(#405,#406,#407,#408));
#823=EDGE_LOOP('',(#409,#410,#411,#412));
#824=EDGE_LOOP('',(#413,#414,#415,#416));
#825=EDGE_LOOP('',(#417,#418,#419,#420));
#826=EDGE_LOOP('',(#421,#422));
#827=EDGE_LOOP('',(#423,#424));
#828=EDGE_LOOP('',(#425));
#829=EDGE_LOOP('',(#426));
#830=EDGE_LOOP('',(#427));
#831=EDGE_LOOP('',(#428));
#832=EDGE_LOOP('',(#429));
#833=EDGE_LOOP('',(#430));
#834=EDGE_LOOP('',(#431));
#835=EDGE_LOOP('',(#432,#433,#434,#435));
#836=FACE_BOUND('',#776,.T.);
#837=FACE_BOUND('',#777,.T.);
#838=FACE_BOUND('',#778,.T.);
#839=FACE_BOUND('',#779,.T.);
#840=FACE_BOUND('',#780,.T.);
#841=FACE_BOUND('',#781,.T.);
#842=FACE_BOUND('',#782,.T.);
#843=FACE_BOUND('',#783,.T.);
#844=FACE_BOUND('',#784,.T.);
#845=FACE_BOUND('',#785,.T.);
#846=FACE_BOUND('',#786,.T.);
#847=FACE_BOUND('',#787,.T.);
#848=FACE_BOUND('',#788,.T.);
#849=FACE_BOUND('',#789,.T.);
#850=FACE_BOUND('',#790,.T.);
#851=FACE_BOUND('',#791,.T.);
#852=FACE_BOUND('',#792,.T.);
#853=FACE_BOUND('',#793,.T.);
#854=FACE_BOUND('',#794,.T.);
#855=FACE_BOUND('',#795,.T.);
#856=FACE_BOUND('',#796,.T.);
#857=FACE_BOUND('',#797,.T.);
#858=FACE_BOUND('',#798,.T.);
#859=FACE_BOUND('',#799,.T.);
#860=FACE_BOUND('',#800,.T.);
#861=FACE_BOUND('',#801,.T.);
#862=FACE_BOUND('',#802,.T.);
#863=FACE_BOUND('',#803,.T.);
#864=FACE_BOUND('',#804,.T.);
#865=FACE_BOUND('',#805,.T.);
#866=FACE_BOUND('',#806,.T.);
#867=FACE_BOUND('',#807,.T.);
#868=FACE_BOUND('',#808,.T.);
#869=FACE_BOUND('',#809,.T.);
#870=FACE_BOUND('',#810,.T.);
#871=FACE_BOUND('',#811,.T.);
#872=FACE_BOUND('',#812,.T.);
#873=FACE_BOUND('',#813,.T.);
#874=FACE_BOUND('',#814,.T.);
#875=FACE_BOUND('',#815,.T.);
#876=FACE_BOUND('',#816,.T.);
#877=FACE_BOUND('',#817,.T.);
#878=FACE_BOUND('',#818,.T.);
#879=FACE_BOUND('',#819,.T.);
#880=FACE_BOUND('',#820,.T.);
#881=FACE_BOUND('',#821,.T.);
#882=FACE_BOUND('',#822,.T.);
#883=FACE_BOUND('',#823,.T.);
#884=FACE_BOUND('',#824,.T.);
#885=FACE_BOUND('',#825,.T.);
#886=FACE_BOUND('',#826,.T.);
#887=FACE_BOUND('',#827,.T.);
#888=FACE_BOUND('',#828,.T.);
#889=FACE_BOUND('',#829,.T.);
#890=FACE_BOUND('',#830,.T.);
#891=FACE_BOUND('',#831,.T.);
#892=FACE_BOUND('',#832,.T.);
#893=FACE_BOUND('',#833,.T.);
#894=FACE_BOUND('',#834,.T.);
#895=FACE_BOUND('',#835,.T.);
#896=PLANE('',#972);
#897=PLANE('',#973);
#898=PLANE('',#980);
#899=PLANE('',#1010);
#900=PLANE('',#1067);
#901=PLANE('',#1068);
#902=PLANE('',#1071);
#903=PLANE('',#1075);
#904=PLANE('',#1076);
#905=ADVANCED_FACE('',(#836),#896,.T.);
#906=ADVANCED_FACE('',(#837),#897,.F.);
#907=ADVANCED_FACE('',(#838,#839),#119,.F.);
#908=ADVANCED_FACE('',(#840,#841),#898,.F.);
#909=ADVANCED_FACE('',(#842,#843),#899,.T.);
#910=ADVANCED_FACE('',(#844),#120,.T.);
#911=ADVANCED_FACE('',(#845),#121,.T.);
#912=ADVANCED_FACE('',(#846),#122,.T.);
#913=ADVANCED_FACE('',(#847),#123,.T.);
#914=ADVANCED_FACE('',(#848),#124,.T.);
#915=ADVANCED_FACE('',(#849),#125,.T.);
#916=ADVANCED_FACE('',(#850),#126,.T.);
#917=ADVANCED_FACE('',(#851),#12,.T.);
#918=ADVANCED_FACE('',(#852),#13,.F.);
#919=ADVANCED_FACE('',(#853),#127,.T.);
#920=ADVANCED_FACE('',(#854),#128,.F.);
#921=ADVANCED_FACE('',(#855),#129,.F.);
#922=ADVANCED_FACE('',(#856),#14,.T.);
#923=ADVANCED_FACE('',(#857),#15,.F.);
#924=ADVANCED_FACE('',(#858),#130,.T.);
#925=ADVANCED_FACE('',(#859),#131,.F.);
#926=ADVANCED_FACE('',(#860),#132,.F.);
#927=ADVANCED_FACE('',(#861),#16,.T.);
#928=ADVANCED_FACE('',(#862),#17,.F.);
#929=ADVANCED_FACE('',(#863),#133,.T.);
#930=ADVANCED_FACE('',(#864),#134,.F.);
#931=ADVANCED_FACE('',(#865),#135,.F.);
#932=ADVANCED_FACE('',(#866),#18,.T.);
#933=ADVANCED_FACE('',(#867),#19,.F.);
#934=ADVANCED_FACE('',(#868),#136,.T.);
#935=ADVANCED_FACE('',(#869),#137,.F.);
#936=ADVANCED_FACE('',(#870),#138,.F.);
#937=ADVANCED_FACE('',(#871),#20,.T.);
#938=ADVANCED_FACE('',(#872),#21,.F.);
#939=ADVANCED_FACE('',(#873),#139,.T.);
#940=ADVANCED_FACE('',(#874),#140,.F.);
#941=ADVANCED_FACE('',(#875),#141,.F.);
#942=ADVANCED_FACE('',(#876),#22,.T.);
#943=ADVANCED_FACE('',(#877),#23,.F.);
#944=ADVANCED_FACE('',(#878),#142,.T.);
#945=ADVANCED_FACE('',(#879),#143,.F.);
#946=ADVANCED_FACE('',(#880),#144,.F.);
#947=ADVANCED_FACE('',(#881),#24,.T.);
#948=ADVANCED_FACE('',(#882),#25,.F.);
#949=ADVANCED_FACE('',(#883),#145,.T.);
#950=ADVANCED_FACE('',(#884),#146,.F.);
#951=ADVANCED_FACE('',(#885),#147,.F.);
#952=ADVANCED_FACE('',(#886),#900,.T.);
#953=ADVANCED_FACE('',(#887),#901,.T.);
#954=ADVANCED_FACE('',(#888,#889),#148,.T.);
#955=ADVANCED_FACE('',(#890,#891),#902,.T.);
#956=ADVANCED_FACE('',(#892,#893),#149,.T.);
#957=ADVANCED_FACE('',(#894),#903,.T.);
#958=ADVANCED_FACE('',(#895),#904,.F.);
#959=CLOSED_SHELL('',(#905,#906,#907,#908,#909,#910,#911,#912,#913,#914,
#915,#916,#917,#918,#919,#920,#921,#922,#923,#924,#925,#926,#927,#928,#929,
#930,#931,#932,#933,#934,#935,#936,#937,#938,#939,#940,#941,#942,#943,#944,
#945,#946,#947,#948,#949,#950,#951,#952,#953,#954,#955,#956,#957,#958));
#960=STYLED_ITEM('',(#961),#968);
#961=PRESENTATION_STYLE_ASSIGNMENT((#962));
#962=SURFACE_STYLE_USAGE(.BOTH.,#963);
#963=SURFACE_SIDE_STYLE('',(#964));
#964=SURFACE_STYLE_FILL_AREA(#965);
#965=FILL_AREA_STYLE('',(#966));
#966=FILL_AREA_STYLE_COLOUR('',#967);
#967=COLOUR_RGB('',0.615686274509804,0.811764705882353,0.929411764705882);
#968=MANIFOLD_SOLID_BREP('Spur gear (7 teeth)',#959);
#969=SHAPE_DEFINITION_REPRESENTATION(#3502,#970);
#970=SHAPE_REPRESENTATION('Spur gear (7 teeth)',(#971),#3497);
#971=AXIS2_PLACEMENT_3D('',#1339,#1077,#1078);
#972=AXIS2_PLACEMENT_3D('',#1340,#1079,#1080);
#973=AXIS2_PLACEMENT_3D('',#1349,#1085,#1086);
#974=AXIS2_PLACEMENT_3D('',#1358,#1091,#1092);
#975=AXIS2_PLACEMENT_3D('',#1359,#1093,#1094);
#976=AXIS2_PLACEMENT_3D('',#1361,#1095,#1096);
#977=AXIS2_PLACEMENT_3D('',#1362,#1097,#1098);
#978=AXIS2_PLACEMENT_3D('',#1363,#1099,#1100);
#979=AXIS2_PLACEMENT_3D('',#1364,#1101,#1102);
#980=AXIS2_PLACEMENT_3D('',#1365,#1103,#1104);
#981=AXIS2_PLACEMENT_3D('',#1366,#1105,#1106);
#982=AXIS2_PLACEMENT_3D('',#1368,#1107,#1108);
#983=AXIS2_PLACEMENT_3D('',#1423,#1109,#1110);
#984=AXIS2_PLACEMENT_3D('',#1477,#1111,#1112);
#985=AXIS2_PLACEMENT_3D('',#1479,#1113,#1114);
#986=AXIS2_PLACEMENT_3D('',#1481,#1115,#1116);
#987=AXIS2_PLACEMENT_3D('',#1535,#1117,#1118);
#988=AXIS2_PLACEMENT_3D('',#1589,#1119,#1120);
#989=AXIS2_PLACEMENT_3D('',#1591,#1121,#1122);
#990=AXIS2_PLACEMENT_3D('',#1593,#1123,#1124);
#991=AXIS2_PLACEMENT_3D('',#1647,#1125,#1126);
#992=AXIS2_PLACEMENT_3D('',#1701,#1127,#1128);
#993=AXIS2_PLACEMENT_3D('',#1703,#1129,#1130);
#994=AXIS2_PLACEMENT_3D('',#1705,#1131,#1132);
#995=AXIS2_PLACEMENT_3D('',#1759,#1133,#1134);
#996=AXIS2_PLACEMENT_3D('',#1813,#1135,#1136);
#997=AXIS2_PLACEMENT_3D('',#1815,#1137,#1138);
#998=AXIS2_PLACEMENT_3D('',#1817,#1139,#1140);
#999=AXIS2_PLACEMENT_3D('',#1871,#1141,#1142);
#1000=AXIS2_PLACEMENT_3D('',#1925,#1143,#1144);
#1001=AXIS2_PLACEMENT_3D('',#1927,#1145,#1146);
#1002=AXIS2_PLACEMENT_3D('',#1929,#1147,#1148);
#1003=AXIS2_PLACEMENT_3D('',#1983,#1149,#1150);
#1004=AXIS2_PLACEMENT_3D('',#2037,#1151,#1152);
#1005=AXIS2_PLACEMENT_3D('',#2039,#1153,#1154);
#1006=AXIS2_PLACEMENT_3D('',#2041,#1155,#1156);
#1007=AXIS2_PLACEMENT_3D('',#2095,#1157,#1158);
#1008=AXIS2_PLACEMENT_3D('',#2149,#1159,#1160);
#1009=AXIS2_PLACEMENT_3D('',#2151,#1161,#1162);
#1010=AXIS2_PLACEMENT_3D('',#2152,#1163,#1164);
#1011=AXIS2_PLACEMENT_3D('',#2153,#1165,#1166);
#1012=AXIS2_PLACEMENT_3D('',#2208,#1167,#1168);
#1013=AXIS2_PLACEMENT_3D('',#2262,#1169,#1170);
#1014=AXIS2_PLACEMENT_3D('',#2264,#1171,#1172);
#1015=AXIS2_PLACEMENT_3D('',#2266,#1173,#1174);
#1016=AXIS2_PLACEMENT_3D('',#2320,#1175,#1176);
#1017=AXIS2_PLACEMENT_3D('',#2374,#1177,#1178);
#1018=AXIS2_PLACEMENT_3D('',#2376,#1179,#1180);
#1019=AXIS2_PLACEMENT_3D('',#2378,#1181,#1182);
#1020=AXIS2_PLACEMENT_3D('',#2432,#1183,#1184);
#1021=AXIS2_PLACEMENT_3D('',#2486,#1185,#1186);
#1022=AXIS2_PLACEMENT_3D('',#2488,#1187,#1188);
#1023=AXIS2_PLACEMENT_3D('',#2490,#1189,#1190);
#1024=AXIS2_PLACEMENT_3D('',#2544,#1191,#1192);
#1025=AXIS2_PLACEMENT_3D('',#2598,#1193,#1194);
#1026=AXIS2_PLACEMENT_3D('',#2600,#1195,#1196);
#1027=AXIS2_PLACEMENT_3D('',#2602,#1197,#1198);
#1028=AXIS2_PLACEMENT_3D('',#2656,#1199,#1200);
#1029=AXIS2_PLACEMENT_3D('',#2710,#1201,#1202);
#1030=AXIS2_PLACEMENT_3D('',#2712,#1203,#1204);
#1031=AXIS2_PLACEMENT_3D('',#2714,#1205,#1206);
#1032=AXIS2_PLACEMENT_3D('',#2768,#1207,#1208);
#1033=AXIS2_PLACEMENT_3D('',#2822,#1209,#1210);
#1034=AXIS2_PLACEMENT_3D('',#2824,#1211,#1212);
#1035=AXIS2_PLACEMENT_3D('',#2826,#1213,#1214);
#1036=AXIS2_PLACEMENT_3D('',#2880,#1215,#1216);
#1037=AXIS2_PLACEMENT_3D('',#2934,#1217,#1218);
#1038=AXIS2_PLACEMENT_3D('',#2936,#1219,#1220);
#1039=AXIS2_PLACEMENT_3D('',#2937,#1221,#1222);
#1040=AXIS2_PLACEMENT_3D('',#2940,#1225,#1226);
#1041=AXIS2_PLACEMENT_3D('',#2943,#1229,#1230);
#1042=AXIS2_PLACEMENT_3D('',#2946,#1233,#1234);
#1043=AXIS2_PLACEMENT_3D('',#2949,#1237,#1238);
#1044=AXIS2_PLACEMENT_3D('',#2952,#1241,#1242);
#1045=AXIS2_PLACEMENT_3D('',#2955,#1245,#1246);
#1046=AXIS2_PLACEMENT_3D('',#3028,#1251,#1252);
#1047=AXIS2_PLACEMENT_3D('',#3031,#1255,#1256);
#1048=AXIS2_PLACEMENT_3D('',#3032,#1257,#1258);
#1049=AXIS2_PLACEMENT_3D('',#3103,#1261,#1262);
#1050=AXIS2_PLACEMENT_3D('',#3106,#1265,#1266);
#1051=AXIS2_PLACEMENT_3D('',#3107,#1267,#1268);
#1052=AXIS2_PLACEMENT_3D('',#3178,#1271,#1272);
#1053=AXIS2_PLACEMENT_3D('',#3181,#1275,#1276);
#1054=AXIS2_PLACEMENT_3D('',#3182,#1277,#1278);
#1055=AXIS2_PLACEMENT_3D('',#3253,#1281,#1282);
#1056=AXIS2_PLACEMENT_3D('',#3256,#1285,#1286);
#1057=AXIS2_PLACEMENT_3D('',#3257,#1287,#1288);
#1058=AXIS2_PLACEMENT_3D('',#3328,#1291,#1292);
#1059=AXIS2_PLACEMENT_3D('',#3331,#1295,#1296);
#1060=AXIS2_PLACEMENT_3D('',#3332,#1297,#1298);
#1061=AXIS2_PLACEMENT_3D('',#3403,#1301,#1302);
#1062=AXIS2_PLACEMENT_3D('',#3406,#1305,#1306);
#1063=AXIS2_PLACEMENT_3D('',#3407,#1307,#1308);
#1064=AXIS2_PLACEMENT_3D('',#3478,#1311,#1312);
#1065=AXIS2_PLACEMENT_3D('',#3481,#1315,#1316);
#1066=AXIS2_PLACEMENT_3D('',#3482,#1317,#1318);
#1067=AXIS2_PLACEMENT_3D('',#3483,#1319,#1320);
#1068=AXIS2_PLACEMENT_3D('',#3484,#1321,#1322);
#1069=AXIS2_PLACEMENT_3D('',#3485,#1323,#1324);
#1070=AXIS2_PLACEMENT_3D('',#3486,#1325,#1326);
#1071=AXIS2_PLACEMENT_3D('',#3488,#1327,#1328);
#1072=AXIS2_PLACEMENT_3D('',#3489,#1329,#1330);
#1073=AXIS2_PLACEMENT_3D('',#3491,#1331,#1332);
#1074=AXIS2_PLACEMENT_3D('',#3492,#1333,#1334);
#1075=AXIS2_PLACEMENT_3D('',#3494,#1335,#1336);
#1076=AXIS2_PLACEMENT_3D('',#3495,#1337,#1338);
#1077=DIRECTION('',(0.,0.,1.));
#1078=DIRECTION('',(1.,0.,0.));
#1079=DIRECTION('',(0.,0.,-1.));
#1080=DIRECTION('',(-1.,0.,0.));
#1081=DIRECTION('',(0.,-1.,0.));
#1082=DIRECTION('',(1.,0.,0.));
#1083=DIRECTION('',(0.,-1.,0.));
#1084=DIRECTION('',(1.,0.,0.));
#1085=DIRECTION('',(0.,0.,-1.));
#1086=DIRECTION('',(-1.,0.,0.));
#1087=DIRECTION('',(1.,0.,0.));
#1088=DIRECTION('',(0.,-1.,0.));
#1089=DIRECTION('',(1.,0.,0.));
#1090=DIRECTION('',(0.,-1.,0.));
#1091=DIRECTION('',(0.,-1.,0.));
#1092=DIRECTION('',(0.,0.,-1.));
#1093=DIRECTION('',(0.,-1.,0.));
#1094=DIRECTION('',(0.,0.,-1.));
#1095=DIRECTION('',(0.,-1.,0.));
#1096=DIRECTION('',(0.,0.,-1.));
#1097=DIRECTION('',(0.,-1.,0.));
#1098=DIRECTION('',(0.,0.,-1.));
#1099=DIRECTION('',(0.,-1.,0.));
#1100=DIRECTION('',(0.,0.,-1.));
#1101=DIRECTION('',(0.,-1.,0.));
#1102=DIRECTION('',(0.,0.,-1.));
#1103=DIRECTION('',(0.,-1.,0.));
#1104=DIRECTION('',(1.,0.,0.));
#1105=DIRECTION('',(0.,-1.,0.));
#1106=DIRECTION('',(0.,0.,-1.));
#1107=DIRECTION('',(0.,-1.,0.));
#1108=DIRECTION('',(-0.433883739117558,0.,0.900968867902419));
#1109=DIRECTION('',(0.,-1.,0.));
#1110=DIRECTION('',(0.,0.,-1.));
#1111=DIRECTION('',(0.,-1.,0.));
#1112=DIRECTION('',(0.433883739117559,0.,0.900968867902419));
#1113=DIRECTION('',(0.,-1.,0.));
#1114=DIRECTION('',(0.433883739117559,0.,0.900968867902419));
#1115=DIRECTION('',(0.,-1.,0.));
#1116=DIRECTION('',(0.433883739117559,0.,0.900968867902419));
#1117=DIRECTION('',(0.,-1.,0.));
#1118=DIRECTION('',(0.,0.,-1.));
#1119=DIRECTION('',(0.,-1.,0.));
#1120=DIRECTION('',(0.974927912181824,0.,0.222520933956315));
#1121=DIRECTION('',(0.,-1.,0.));
#1122=DIRECTION('',(0.974927912181824,0.,0.222520933956315));
#1123=DIRECTION('',(0.,-1.,0.));
#1124=DIRECTION('',(0.974927912181824,0.,0.222520933956315));
#1125=DIRECTION('',(0.,-1.,0.));
#1126=DIRECTION('',(0.,0.,-1.));
#1127=DIRECTION('',(0.,-1.,0.));
#1128=DIRECTION('',(0.78183148246803,0.,-0.623489801858734));
#1129=DIRECTION('',(0.,-1.,0.));
#1130=DIRECTION('',(0.78183148246803,0.,-0.623489801858734));
#1131=DIRECTION('',(0.,-1.,0.));
#1132=DIRECTION('',(0.78183148246803,0.,-0.623489801858734));
#1133=DIRECTION('',(0.,-1.,0.));
#1134=DIRECTION('',(0.,0.,-1.));
#1135=DIRECTION('',(0.,-1.,0.));
#1136=DIRECTION('',(0.,0.,-1.));
#1137=DIRECTION('',(0.,-1.,0.));
#1138=DIRECTION('',(0.,0.,-1.));
#1139=DIRECTION('',(0.,-1.,0.));
#1140=DIRECTION('',(0.,0.,-1.));
#1141=DIRECTION('',(0.,-1.,0.));
#1142=DIRECTION('',(0.,0.,-1.));
#1143=DIRECTION('',(0.,-1.,0.));
#1144=DIRECTION('',(-0.78183148246803,0.,-0.623489801858733));
#1145=DIRECTION('',(0.,-1.,0.));
#1146=DIRECTION('',(-0.78183148246803,0.,-0.623489801858733));
#1147=DIRECTION('',(0.,-1.,0.));
#1148=DIRECTION('',(-0.78183148246803,0.,-0.623489801858733));
#1149=DIRECTION('',(0.,-1.,0.));
#1150=DIRECTION('',(0.,0.,-1.));
#1151=DIRECTION('',(0.,-1.,0.));
#1152=DIRECTION('',(-0.974927912181824,0.,0.222520933956314));
#1153=DIRECTION('',(0.,-1.,0.));
#1154=DIRECTION('',(-0.974927912181824,0.,0.222520933956314));
#1155=DIRECTION('',(0.,-1.,0.));
#1156=DIRECTION('',(-0.974927912181824,0.,0.222520933956314));
#1157=DIRECTION('',(0.,-1.,0.));
#1158=DIRECTION('',(0.,0.,-1.));
#1159=DIRECTION('',(0.,-1.,0.));
#1160=DIRECTION('',(-0.433883739117558,0.,0.900968867902419));
#1161=DIRECTION('',(0.,-1.,0.));
#1162=DIRECTION('',(-0.433883739117558,0.,0.900968867902419));
#1163=DIRECTION('',(0.,-1.,0.));
#1164=DIRECTION('',(1.,0.,0.));
#1165=DIRECTION('',(0.,-1.,0.));
#1166=DIRECTION('',(-0.433883739117558,0.,0.900968867902419));
#1167=DIRECTION('',(0.,-1.,0.));
#1168=DIRECTION('',(0.,0.,-1.));
#1169=DIRECTION('',(0.,-1.,0.));
#1170=DIRECTION('',(-0.974927912181824,0.,0.222520933956314));
#1171=DIRECTION('',(0.,-1.,0.));
#1172=DIRECTION('',(-0.974927912181824,0.,0.222520933956314));
#1173=DIRECTION('',(0.,-1.,0.));
#1174=DIRECTION('',(-0.974927912181824,0.,0.222520933956314));
#1175=DIRECTION('',(0.,-1.,0.));
#1176=DIRECTION('',(0.,0.,-1.));
#1177=DIRECTION('',(0.,-1.,0.));
#1178=DIRECTION('',(-0.78183148246803,0.,-0.623489801858733));
#1179=DIRECTION('',(0.,-1.,0.));
#1180=DIRECTION('',(-0.78183148246803,0.,-0.623489801858733));
#1181=DIRECTION('',(0.,-1.,0.));
#1182=DIRECTION('',(-0.78183148246803,0.,-0.623489801858733));
#1183=DIRECTION('',(0.,-1.,0.));
#1184=DIRECTION('',(0.,0.,-1.));
#1185=DIRECTION('',(0.,-1.,0.));
#1186=DIRECTION('',(0.,0.,-1.));
#1187=DIRECTION('',(0.,-1.,0.));
#1188=DIRECTION('',(0.,0.,-1.));
#1189=DIRECTION('',(0.,-1.,0.));
#1190=DIRECTION('',(0.,0.,-1.));
#1191=DIRECTION('',(0.,-1.,0.));
#1192=DIRECTION('',(0.,0.,-1.));
#1193=DIRECTION('',(0.,-1.,0.));
#1194=DIRECTION('',(0.78183148246803,0.,-0.623489801858734));
#1195=DIRECTION('',(0.,-1.,0.));
#1196=DIRECTION('',(0.78183148246803,0.,-0.623489801858734));
#1197=DIRECTION('',(0.,-1.,0.));
#1198=DIRECTION('',(0.78183148246803,0.,-0.623489801858734));
#1199=DIRECTION('',(0.,-1.,0.));
#1200=DIRECTION('',(0.,0.,-1.));
#1201=DIRECTION('',(0.,-1.,0.));
#1202=DIRECTION('',(0.974927912181824,0.,0.222520933956315));
#1203=DIRECTION('',(0.,-1.,0.));
#1204=DIRECTION('',(0.974927912181824,0.,0.222520933956315));
#1205=DIRECTION('',(0.,-1.,0.));
#1206=DIRECTION('',(0.974927912181824,0.,0.222520933956315));
#1207=DIRECTION('',(0.,-1.,0.));
#1208=DIRECTION('',(0.,0.,-1.));
#1209=DIRECTION('',(0.,-1.,0.));
#1210=DIRECTION('',(0.433883739117559,0.,0.900968867902419));
#1211=DIRECTION('',(0.,-1.,0.));
#1212=DIRECTION('',(0.433883739117559,0.,0.900968867902419));
#1213=DIRECTION('',(0.,-1.,0.));
#1214=DIRECTION('',(0.433883739117559,0.,0.900968867902419));
#1215=DIRECTION('',(0.,-1.,0.));
#1216=DIRECTION('',(0.,0.,-1.));
#1217=DIRECTION('',(0.,-1.,0.));
#1218=DIRECTION('',(-0.433883739117558,0.,0.900968867902419));
#1219=DIRECTION('',(0.,-1.,0.));
#1220=DIRECTION('',(-0.433883739117558,0.,0.900968867902419));
#1221=DIRECTION('',(0.,1.,0.));
#1222=DIRECTION('',(0.,0.,1.));
#1223=DIRECTION('',(0.,1.,0.));
#1224=DIRECTION('',(0.,1.,0.));
#1225=DIRECTION('',(0.,1.,0.));
#1226=DIRECTION('',(0.,0.,1.));
#1227=DIRECTION('',(0.,1.,0.));
#1228=DIRECTION('',(0.,1.,0.));
#1229=DIRECTION('',(0.,1.,0.));
#1230=DIRECTION('',(0.,0.,1.));
#1231=DIRECTION('',(0.,1.,0.));
#1232=DIRECTION('',(0.,1.,0.));
#1233=DIRECTION('',(0.,1.,0.));
#1234=DIRECTION('',(0.,0.,1.));
#1235=DIRECTION('',(0.,1.,0.));
#1236=DIRECTION('',(0.,1.,0.));
#1237=DIRECTION('',(0.,1.,0.));
#1238=DIRECTION('',(0.,0.,1.));
#1239=DIRECTION('',(0.,1.,0.));
#1240=DIRECTION('',(0.,1.,0.));
#1241=DIRECTION('',(0.,1.,0.));
#1242=DIRECTION('',(0.,0.,1.));
#1243=DIRECTION('',(0.,1.,0.));
#1244=DIRECTION('',(0.,1.,0.));
#1245=DIRECTION('',(0.,1.,0.));
#1246=DIRECTION('',(0.,0.,1.));
#1247=DIRECTION('',(0.,1.,0.));
#1248=DIRECTION('',(0.,1.,0.));
#1249=DIRECTION('',(0.,1.,0.));
#1250=DIRECTION('',(0.,1.,0.));
#1251=DIRECTION('',(0.,1.,0.));
#1252=DIRECTION('',(0.,0.,1.));
#1253=DIRECTION('',(0.,1.,0.));
#1254=DIRECTION('',(0.,1.,0.));
#1255=DIRECTION('',(0.,1.,0.));
#1256=DIRECTION('',(0.,0.,1.));
#1257=DIRECTION('',(0.,1.,0.));
#1258=DIRECTION('',(0.,0.,1.));
#1259=DIRECTION('',(0.,1.,0.));
#1260=DIRECTION('',(0.,1.,0.));
#1261=DIRECTION('',(0.,1.,0.));
#1262=DIRECTION('',(0.78183148246803,0.,0.623489801858733));
#1263=DIRECTION('',(0.,1.,0.));
#1264=DIRECTION('',(0.,1.,0.));
#1265=DIRECTION('',(0.,1.,0.));
#1266=DIRECTION('',(0.78183148246803,0.,0.623489801858733));
#1267=DIRECTION('',(0.,1.,0.));
#1268=DIRECTION('',(0.78183148246803,0.,0.623489801858733));
#1269=DIRECTION('',(0.,1.,0.));
#1270=DIRECTION('',(0.,1.,0.));
#1271=DIRECTION('',(0.,1.,0.));
#1272=DIRECTION('',(0.974927912181824,0.,-0.222520933956314));
#1273=DIRECTION('',(0.,1.,0.));
#1274=DIRECTION('',(0.,1.,0.));
#1275=DIRECTION('',(0.,1.,0.));
#1276=DIRECTION('',(0.974927912181824,0.,-0.222520933956314));
#1277=DIRECTION('',(0.,1.,0.));
#1278=DIRECTION('',(0.974927912181824,0.,-0.222520933956314));
#1279=DIRECTION('',(0.,1.,0.));
#1280=DIRECTION('',(0.,1.,0.));
#1281=DIRECTION('',(0.,1.,0.));
#1282=DIRECTION('',(-0.78183148246803,0.,0.623489801858734));
#1283=DIRECTION('',(0.,1.,0.));
#1284=DIRECTION('',(0.,1.,0.));
#1285=DIRECTION('',(0.,1.,0.));
#1286=DIRECTION('',(-0.78183148246803,0.,0.623489801858734));
#1287=DIRECTION('',(0.,1.,0.));
#1288=DIRECTION('',(-0.78183148246803,0.,0.623489801858734));
#1289=DIRECTION('',(0.,1.,0.));
#1290=DIRECTION('',(0.,1.,0.));
#1291=DIRECTION('',(0.,1.,0.));
#1292=DIRECTION('',(-0.974927912181824,0.,-0.222520933956315));
#1293=DIRECTION('',(0.,1.,0.));
#1294=DIRECTION('',(0.,1.,0.));
#1295=DIRECTION('',(0.,1.,0.));
#1296=DIRECTION('',(-0.974927912181824,0.,-0.222520933956315));
#1297=DIRECTION('',(0.,1.,0.));
#1298=DIRECTION('',(-0.974927912181824,0.,-0.222520933956315));
#1299=DIRECTION('',(0.,1.,0.));
#1300=DIRECTION('',(0.,1.,0.));
#1301=DIRECTION('',(0.,1.,0.));
#1302=DIRECTION('',(-0.433883739117559,0.,-0.900968867902419));
#1303=DIRECTION('',(0.,1.,0.));
#1304=DIRECTION('',(0.,1.,0.));
#1305=DIRECTION('',(0.,1.,0.));
#1306=DIRECTION('',(-0.433883739117559,0.,-0.900968867902419));
#1307=DIRECTION('',(0.,1.,0.));
#1308=DIRECTION('',(-0.433883739117559,0.,-0.900968867902419));
#1309=DIRECTION('',(0.,1.,0.));
#1310=DIRECTION('',(0.,1.,0.));
#1311=DIRECTION('',(0.,1.,0.));
#1312=DIRECTION('',(0.433883739117558,0.,-0.900968867902419));
#1313=DIRECTION('',(0.,1.,0.));
#1314=DIRECTION('',(0.,1.,0.));
#1315=DIRECTION('',(0.,1.,0.));
#1316=DIRECTION('',(0.433883739117558,0.,-0.900968867902419));
#1317=DIRECTION('',(0.,1.,0.));
#1318=DIRECTION('',(0.433883739117558,0.,-0.900968867902419));
#1319=DIRECTION('',(0.,-1.,0.));
#1320=DIRECTION('',(1.,0.,0.));
#1321=DIRECTION('',(0.,-1.,0.));
#1322=DIRECTION('',(1.,0.,0.));
#1323=DIRECTION('',(0.,-1.,0.));
#1324=DIRECTION('',(0.,0.,-1.));
#1325=DIRECTION('',(0.,1.,0.));
#1326=DIRECTION('',(0.,0.,1.));
#1327=DIRECTION('',(0.,1.,0.));
#1328=DIRECTION('',(-1.,0.,0.));
#1329=DIRECTION('',(0.,1.,0.));
#1330=DIRECTION('',(0.,0.,1.));
#1331=DIRECTION('',(0.,-1.,0.));
#1332=DIRECTION('',(0.,0.,-1.));
#1333=DIRECTION('',(0.,1.,0.));
#1334=DIRECTION('',(0.,0.,1.));
#1335=DIRECTION('',(0.,1.,0.));
#1336=DIRECTION('',(-1.,0.,0.));
#1337=DIRECTION('',(0.,1.,0.));
#1338=DIRECTION('',(-1.,0.,0.));
#1339=CARTESIAN_POINT('',(0.,0.,0.));
#1340=CARTESIAN_POINT('',(0.,0.018,0.0015));
#1341=CARTESIAN_POINT('',(-0.00230488611432322,0.018,0.0015));
#1342=CARTESIAN_POINT('',(-0.00230488611432322,0.003,0.0015));
#1343=CARTESIAN_POINT('',(-0.00230488611432322,-0.0045,0.0015));
#1344=CARTESIAN_POINT('',(0.,0.003,0.0015));
#1345=CARTESIAN_POINT('',(0.00230488611432322,0.003,0.0015));
#1346=CARTESIAN_POINT('',(0.00230488611432322,0.018,0.0015));
#1347=CARTESIAN_POINT('',(0.00230488611432322,-0.0045,0.0015));
#1348=CARTESIAN_POINT('',(0.,-0.0045,0.0015));
#1349=CARTESIAN_POINT('',(0.,0.018,-0.0015));
#1350=CARTESIAN_POINT('',(0.,0.003,-0.0015));
#1351=CARTESIAN_POINT('',(-0.00230488611432322,0.003,-0.0015));
#1352=CARTESIAN_POINT('',(0.00230488611432322,0.003,-0.0015));
#1353=CARTESIAN_POINT('',(-0.00230488611432322,0.018,-0.0015));
#1354=CARTESIAN_POINT('',(-0.00230488611432322,-0.0045,-0.0015));
#1355=CARTESIAN_POINT('',(0.,-0.0045,-0.0015));
#1356=CARTESIAN_POINT('',(0.00230488611432322,-0.0045,-0.0015));
#1357=CARTESIAN_POINT('',(0.00230488611432322,0.018,-0.0015));
#1358=CARTESIAN_POINT('',(-8.67361737988404E-19,-0.0045,-1.0842021724855E-19));
#1359=CARTESIAN_POINT('',(-8.67361737988404E-19,-0.007,-1.0842021724855E-19));
#1360=CARTESIAN_POINT('',(-8.67361737988404E-19,-0.007,-0.00275));
#1361=CARTESIAN_POINT('',(0.,0.003,3.85229369379862E-19));
#1362=CARTESIAN_POINT('',(-8.67361737988404E-19,-0.0045,-1.0842021724855E-19));
#1363=CARTESIAN_POINT('',(-4.33680868994202E-19,0.003,0.));
#1364=CARTESIAN_POINT('',(0.,-0.0045,2.16840434497101E-19));
#1365=CARTESIAN_POINT('',(0.,0.,0.));
#1366=CARTESIAN_POINT('',(0.,0.,3.06161699786838E-19));
#1367=CARTESIAN_POINT('',(0.,0.,-0.005));
#1368=CARTESIAN_POINT('',(-0.00610130037665183,0.,-0.00250380675728125));
#1369=CARTESIAN_POINT('',(-0.00633381786913241,0.,-0.00156201779066917));
#1370=CARTESIAN_POINT('',(-0.00520386105536039,0.,-0.0021355222116624));
#1371=CARTESIAN_POINT('',(-0.00546143544311936,0.,-0.00134660606735586));
#1372=CARTESIAN_POINT('',(-0.00666528972529728,0.,-0.00164388546249897));
#1373=CARTESIAN_POINT('',(-0.00792196938625718,0.,-0.00195420953994708));
#1374=CARTESIAN_POINT('',(-0.00793706125781909,0.,-0.00195685048985551));
#1375=CARTESIAN_POINT('',(-0.00794629122076496,0.,-0.00195869540248162));
#1376=CARTESIAN_POINT('',(-0.00795712986587721,0.,-0.00196054792016186));
#1377=CARTESIAN_POINT('',(-0.00797180169491527,0.,-0.0019628031910775));
#1378=CARTESIAN_POINT('',(-0.00798957395497076,0.,-0.00196515363565503));
#1379=CARTESIAN_POINT('',(-0.00801069393315573,0.,-0.00196752516015379));
#1380=CARTESIAN_POINT('',(-0.00803509419956691,0.,-0.00196976945140315));
#1381=CARTESIAN_POINT('',(-0.00806279899463291,0.,-0.00197176070292984));
#1382=CARTESIAN_POINT('',(-0.00809379998483707,0.,-0.00197336618381616));
#1383=CARTESIAN_POINT('',(-0.0081280934249582,0.,-0.00197445517984131));
#1384=CARTESIAN_POINT('',(-0.00816566916890191,0.,-0.00197489648599582));
#1385=CARTESIAN_POINT('',(-0.00820651387119604,0.,-0.00197455927197578));
#1386=CARTESIAN_POINT('',(-0.00825061006172931,0.,-0.00197331296580145));
#1387=CARTESIAN_POINT('',(-0.00829793641801847,0.,-0.00197102742135561));
#1388=CARTESIAN_POINT('',(-0.00834846769825407,0.,-0.0019675730044442));
#1389=CARTESIAN_POINT('',(-0.00840217477500185,0.,-0.00196282070190634));
#1390=CARTESIAN_POINT('',(-0.00845902464396897,0.,-0.00195664222385997));
#1391=CARTESIAN_POINT('',(-0.00851898044332311,0.,-0.00194891010746272));
#1392=CARTESIAN_POINT('',(-0.00858200147345874,0.,-0.00193949781972782));
#1393=CARTESIAN_POINT('',(-0.00864804322000313,0.,-0.00192827986000034));
#1394=CARTESIAN_POINT('',(-0.00871705737923936,0.,-0.00191513186184041));
#1395=CARTESIAN_POINT('',(-0.00878899188614587,0.,-0.00189993069430287));
#1396=CARTESIAN_POINT('',(-0.00886379094496899,0.,-0.00188255456253647));
#1397=CARTESIAN_POINT('',(-0.00894139506232572,0.,-0.001862883107645));
#1398=CARTESIAN_POINT('',(-0.00902174108281159,0.,-0.00184079750574853));
#1399=CARTESIAN_POINT('',(-0.00910476222709397,0.,-0.00181618056618471));
#1400=CARTESIAN_POINT('',(-0.0091903881324691,0.,-0.00178891682879018));
#1401=CARTESIAN_POINT('',(-0.00927854489586009,0.,-0.00175889266020312));
#1402=CARTESIAN_POINT('',(-0.00936915511923212,0.,-0.00172599634912789));
#1403=CARTESIAN_POINT('',(-0.00946213795740001,0.,-0.00169011820050438));
#1404=CARTESIAN_POINT('',(-0.00955740916820164,0.,-0.00165115062852273));
#1405=CARTESIAN_POINT('',(-0.0096548811650111,0.,-0.00160898824843258));
#1406=CARTESIAN_POINT('',(-0.00975446307155759,0.,-0.00156352796706831));
#1407=CARTESIAN_POINT('',(-0.00985606077904044,0.,-0.00151466907211893));
#1408=CARTESIAN_POINT('',(-0.00995957700543123,0.,-0.0014623133197671));
#1409=CARTESIAN_POINT('',(-0.0100649113572272,0.,-0.00140636502186507));
#1410=CARTESIAN_POINT('',(-0.0101719603924915,0.,-0.00134673112793755));
#1411=CARTESIAN_POINT('',(-0.0102806176894517,0.,-0.00128332131969552));
#1412=CARTESIAN_POINT('',(-0.0103907739042281,0.,-0.00121604805048714));
#1413=CARTESIAN_POINT('',(-0.0105023168800224,0.,-0.00114482678655337));
#1414=CARTESIAN_POINT('',(-0.0106151315705407,0.,-0.00106957547295016));
#1415=CARTESIAN_POINT('',(-0.0107291006792395,0.,-0.000990216938334276));
#1416=CARTESIAN_POINT('',(-0.0108441025884646,0.,-0.000906670125661444));
#1417=CARTESIAN_POINT('',(-0.0109600195902188,0.,-0.000818883750581454));
#1418=CARTESIAN_POINT('',(-0.0110767070186355,0.,-0.000726708885395259));
#1419=CARTESIAN_POINT('',(-0.0111681911357406,0.,-0.000651649022774938));
#1420=CARTESIAN_POINT('',(-0.01122067939695,0.,-0.000607059898543627));
#1421=CARTESIAN_POINT('',(-0.011234228976919,0.,-0.000595482404433034));
#1422=CARTESIAN_POINT('',(-0.011234228976919,0.,-0.000595482404433034));
#1423=CARTESIAN_POINT('',(0.,0.,6.88863824520386E-19));
#1424=CARTESIAN_POINT('',(-0.011234228976919,0.,0.000595482404433036));
#1425=CARTESIAN_POINT('',(-0.00546143544311936,0.,0.00134660606735586));
#1426=CARTESIAN_POINT('',(-0.00666528972529728,0.,0.00164388546249898));
#1427=CARTESIAN_POINT('',(-0.00792196938625718,0.,0.00195420953994708));
#1428=CARTESIAN_POINT('',(-0.00793706125781909,0.,0.00195685048985551));
#1429=CARTESIAN_POINT('',(-0.00794629122076496,0.,0.00195869540248162));
#1430=CARTESIAN_POINT('',(-0.00795712986587721,0.,0.00196054792016186));
#1431=CARTESIAN_POINT('',(-0.00797180169491527,0.,0.0019628031910775));
#1432=CARTESIAN_POINT('',(-0.00798957395497076,0.,0.00196515363565503));
#1433=CARTESIAN_POINT('',(-0.00801069393315573,0.,0.00196752516015379));
#1434=CARTESIAN_POINT('',(-0.00803509419956691,0.,0.00196976945140315));
#1435=CARTESIAN_POINT('',(-0.00806279899463291,0.,0.00197176070292984));
#1436=CARTESIAN_POINT('',(-0.00809379998483707,0.,0.00197336618381616));
#1437=CARTESIAN_POINT('',(-0.0081280934249582,0.,0.00197445517984131));
#1438=CARTESIAN_POINT('',(-0.00816566916890191,0.,0.00197489648599582));
#1439=CARTESIAN_POINT('',(-0.00820651387119604,0.,0.00197455927197578));
#1440=CARTESIAN_POINT('',(-0.00825061006172931,0.,0.00197331296580145));
#1441=CARTESIAN_POINT('',(-0.00829793641801847,0.,0.00197102742135561));
#1442=CARTESIAN_POINT('',(-0.00834846769825407,0.,0.0019675730044442));
#1443=CARTESIAN_POINT('',(-0.00840217477500184,0.,0.00196282070190634));
#1444=CARTESIAN_POINT('',(-0.00845902464396897,0.,0.00195664222385997));
#1445=CARTESIAN_POINT('',(-0.0085189804433231,0.,0.00194891010746272));
#1446=CARTESIAN_POINT('',(-0.00858200147345874,0.,0.00193949781972782));
#1447=CARTESIAN_POINT('',(-0.00864804322000313,0.,0.00192827986000034));
#1448=CARTESIAN_POINT('',(-0.00871705737923936,0.,0.00191513186184041));
#1449=CARTESIAN_POINT('',(-0.00878899188614587,0.,0.00189993069430288));
#1450=CARTESIAN_POINT('',(-0.00886379094496899,0.,0.00188255456253648));
#1451=CARTESIAN_POINT('',(-0.00894139506232572,0.,0.001862883107645));
#1452=CARTESIAN_POINT('',(-0.00902174108281159,0.,0.00184079750574853));
#1453=CARTESIAN_POINT('',(-0.00910476222709396,0.,0.00181618056618471));
#1454=CARTESIAN_POINT('',(-0.00919038813246909,0.,0.00178891682879018));
#1455=CARTESIAN_POINT('',(-0.00927854489586009,0.,0.00175889266020312));
#1456=CARTESIAN_POINT('',(-0.00936915511923212,0.,0.00172599634912789));
#1457=CARTESIAN_POINT('',(-0.0094621379574,0.,0.00169011820050438));
#1458=CARTESIAN_POINT('',(-0.00955740916820164,0.,0.00165115062852274));
#1459=CARTESIAN_POINT('',(-0.0096548811650111,0.,0.00160898824843258));
#1460=CARTESIAN_POINT('',(-0.00975446307155759,0.,0.00156352796706831));
#1461=CARTESIAN_POINT('',(-0.00985606077904044,0.,0.00151466907211894));
#1462=CARTESIAN_POINT('',(-0.00995957700543123,0.,0.0014623133197671));
#1463=CARTESIAN_POINT('',(-0.0100649113572272,0.,0.00140636502186507));
#1464=CARTESIAN_POINT('',(-0.0101719603924915,0.,0.00134673112793755));
#1465=CARTESIAN_POINT('',(-0.0102806176894517,0.,0.00128332131969552));
#1466=CARTESIAN_POINT('',(-0.0103907739042281,0.,0.00121604805048714));
#1467=CARTESIAN_POINT('',(-0.0105023168800224,0.,0.00114482678655338));
#1468=CARTESIAN_POINT('',(-0.0106151315705407,0.,0.00106957547295016));
#1469=CARTESIAN_POINT('',(-0.0107291006792395,0.,0.000990216938334279));
#1470=CARTESIAN_POINT('',(-0.0108441025884646,0.,0.000906670125661446));
#1471=CARTESIAN_POINT('',(-0.0109600195902188,0.,0.000818883750581457));
#1472=CARTESIAN_POINT('',(-0.0110767070186355,0.,0.000726708885395262));
#1473=CARTESIAN_POINT('',(-0.0111681911357406,0.,0.000651649022774941));
#1474=CARTESIAN_POINT('',(-0.01122067939695,0.,0.00060705989854363));
#1475=CARTESIAN_POINT('',(-0.011234228976919,0.,0.000595482404433036));
#1476=CARTESIAN_POINT('',(-0.00633381786913242,0.,0.00156201779066918));
#1477=CARTESIAN_POINT('',(-0.00610130037665183,0.,0.00250380675728126));
#1478=CARTESIAN_POINT('',(-0.00520386105536039,0.,0.0021355222116624));
#1479=CARTESIAN_POINT('',(-2.0035863386035E-17,0.,1.03707874475467E-17));
#1480=CARTESIAN_POINT('',(-0.00491417279489445,0.,0.00273706608285575));
#1481=CARTESIAN_POINT('',(-0.00576165351177794,0.,0.00320909073947059));
#1482=CARTESIAN_POINT('',(-0.00517030553315499,0.,0.00397807605150216));
#1483=CARTESIAN_POINT('',(-0.00445796832023604,0.,0.00343032701877997));
#1484=CARTESIAN_POINT('',(-0.00544098157830987,0.,0.00418618752571617));
#1485=CARTESIAN_POINT('',(-0.00646712966463843,0.,0.00497521535047175));
#1486=CARTESIAN_POINT('',(-0.00647860407043028,0.,0.00498536804545309));
#1487=CARTESIAN_POINT('',(-0.00648580126897206,0.,0.00499143403685848));
#1488=CARTESIAN_POINT('',(-0.00649400741030975,0.,0.00499875300495315));
#1489=CARTESIAN_POINT('',(-0.00650491838789294,0.,0.00500881776438415));
#1490=CARTESIAN_POINT('',(-0.00651783686236203,0.,0.00502124719858622));
#1491=CARTESIAN_POINT('',(-0.00653285908589041,0.,0.00503628084110044));
#1492=CARTESIAN_POINT('',(-0.00654982706071499,0.,0.00505395844485493));
#1493=CARTESIAN_POINT('',(-0.00656865754103431,0.,0.00507437740083303));
#1494=CARTESIAN_POINT('',(-0.00658924155777556,0.,0.00509761395000262));
#1495=CARTESIAN_POINT('',(-0.00661147457933847,0.,0.00512374666321551));
#1496=CARTESIAN_POINT('',(-0.00663524769952963,0.,0.00515284941292102));
#1497=CARTESIAN_POINT('',(-0.00666045031033278,0.,0.00518499333656915));
#1498=CARTESIAN_POINT('',(-0.00668696943402721,0.,0.00522024618577466));
#1499=CARTESIAN_POINT('',(-0.0067146900239303,0.,0.0052586724347257));
#1500=CARTESIAN_POINT('',(-0.00674349498993715,0.,0.00530033317417894));
#1501=CARTESIAN_POINT('',(-0.00677326530483873,0.,0.00534528606977937));
#1502=CARTESIAN_POINT('',(-0.00680388008972634,0.,0.00539358530516498));
#1503=CARTESIAN_POINT('',(-0.00683521670716045,0.,0.00544528153237704));
#1504=CARTESIAN_POINT('',(-0.00686715085387946,0.,0.00550042182320952));
#1505=CARTESIAN_POINT('',(-0.00689955665526283,0.,0.00555904962330285));
#1506=CARTESIAN_POINT('',(-0.0069323067608376,0.,0.00562120470849737));
#1507=CARTESIAN_POINT('',(-0.00696527244094444,0.,0.00568692314360869));
#1508=CARTESIAN_POINT('',(-0.0069983236844508,0.,0.00575623724360768));
#1509=CARTESIAN_POINT('',(-0.00703132929746487,0.,0.00582917553723888));
#1510=CARTESIAN_POINT('',(-0.00706415700298582,0.,0.00590576273309611));
#1511=CARTESIAN_POINT('',(-0.00709667354143152,0.,0.00598601968817761));
#1512=CARTESIAN_POINT('',(-0.00712874477198305,0.,0.00606996337894076));
#1513=CARTESIAN_POINT('',(-0.00716023577468591,0.,0.00615760687487564));
#1514=CARTESIAN_POINT('',(-0.00719101095324684,0.,0.00624895931461553));
#1515=CARTESIAN_POINT('',(-0.00722093413846586,0.,0.00634402588460075));
#1516=CARTESIAN_POINT('',(-0.00724986869224083,0.,0.00644280780031207));
#1517=CARTESIAN_POINT('',(-0.00727767761208807,0.,0.00654530229008503));
#1518=CARTESIAN_POINT('',(-0.00730422363609702,0.,0.00665150258152751));
#1519=CARTESIAN_POINT('',(-0.00732936934833478,0.,0.00676139789051521));
#1520=CARTESIAN_POINT('',(-0.00735297728433937,0.,0.00687497341291382));
#1521=CARTESIAN_POINT('',(-0.00737491003777923,0.,0.00699221031850652));
#1522=CARTESIAN_POINT('',(-0.00739503036387067,0.,0.00711308574915295));
#1523=CARTESIAN_POINT('',(-0.00741320129604201,0.,0.00723757281349303));
#1524=CARTESIAN_POINT('',(-0.0074292862127708,0.,0.00736564060748385));
#1525=CARTESIAN_POINT('',(-0.00744314909428294,0.,0.0074972541493462));
#1526=CARTESIAN_POINT('',(-0.00745465405724888,0.,0.00763237465268637));
#1527=CARTESIAN_POINT('',(-0.00746366763348427,0.,0.00777095852691936));
#1528=CARTESIAN_POINT('',(-0.00747005062267293,0.,0.00791296122577479));
#1529=CARTESIAN_POINT('',(-0.00747368953935941,0.,0.00805832269670402));
#1530=CARTESIAN_POINT('',(-0.00747437774948759,0.,0.00820702269027979));
#1531=CARTESIAN_POINT('',(-0.00747273299986833,0.,0.00832534691205099));
#1532=CARTESIAN_POINT('',(-0.00747059771434997,0.,0.00839418475135653));
#1533=CARTESIAN_POINT('',(-0.00746999408989638,0.,0.00841199668905956));
#1534=CARTESIAN_POINT('',(-0.00746999408989638,0.,0.00841199668905956));
#1535=CARTESIAN_POINT('',(0.,0.,6.88863824520386E-19));
#1536=CARTESIAN_POINT('',(-0.00653886030781336,0.,0.00915455110176019));
#1537=CARTESIAN_POINT('',(-0.00235233028435347,0.,0.00510951731901493));
#1538=CARTESIAN_POINT('',(-0.00287049876200344,0.,0.00623607916830004));
#1539=CARTESIAN_POINT('',(-0.00341140458129844,0.,0.00741207478817585));
#1540=CARTESIAN_POINT('',(-0.00341874943152623,0.,0.00742552069382744));
#1541=CARTESIAN_POINT('',(-0.00342306180852102,0.,0.00743388725364824));
#1542=CARTESIAN_POINT('',(-0.00342837123657023,0.,0.00744351627350569));
#1543=CARTESIAN_POINT('',(-0.00343575573054673,0.,0.00745639330976936));
#1544=CARTESIAN_POINT('',(-0.00344499890187881,0.,0.00747175370041927));
#1545=CARTESIAN_POINT('',(-0.00345631286037804,0.,0.00748974458561316));
#1546=CARTESIAN_POINT('',(-0.00346977152009347,0.,0.0075102207747804));
#1547=CARTESIAN_POINT('',(-0.00348548835414662,0.,0.00753312278079815));
#1548=CARTESIAN_POINT('',(-0.00350356193988501,0.,0.00755836133188715));
#1549=CARTESIAN_POINT('',(-0.00352409213869445,0.,0.00758585200093192));
#1550=CARTESIAN_POINT('',(-0.00354717520479561,0.,0.00761550505041111));
#1551=CARTESIAN_POINT('',(-0.00357290510467315,0.,0.00764722847505415));
#1552=CARTESIAN_POINT('',(-0.00360137303117535,0.,0.00768092720588029));
#1553=CARTESIAN_POINT('',(-0.00363266744228311,0.,0.00771650342752398));
#1554=CARTESIAN_POINT('',(-0.00366687395207978,0.,0.00775385657954595));
#1555=CARTESIAN_POINT('',(-0.00370407526645797,0.,0.00779288345081099));
#1556=CARTESIAN_POINT('',(-0.00374435110864638,0.,0.00783347825009074));
#1557=CARTESIAN_POINT('',(-0.00378777815013145,0.,0.00787553268586187));
#1558=CARTESIAN_POINT('',(-0.00383442994259684,0.,0.00791893604586461));
#1559=CARTESIAN_POINT('',(-0.0038843768521482,0.,0.00796357527898244));
#1560=CARTESIAN_POINT('',(-0.00393768599550872,0.,0.00800933507864181));
#1561=CARTESIAN_POINT('',(-0.00399442117831778,0.,0.00805609796788114));
#1562=CARTESIAN_POINT('',(-0.0040546428355411,0.,0.00810374438597592));
#1563=CARTESIAN_POINT('',(-0.00411840797403538,0.,0.00815215277658201));
#1564=CARTESIAN_POINT('',(-0.00418577011730016,0.,0.00820119967733851));
#1565=CARTESIAN_POINT('',(-0.00425677925245188,0.,0.00825075981087798));
#1566=CARTESIAN_POINT('',(-0.00433148177945298,0.,0.00830070617718905));
#1567=CARTESIAN_POINT('',(-0.00440992046262843,0.,0.00835091014727729));
#1568=CARTESIAN_POINT('',(-0.00449213438450071,0.,0.00840124155806882));
#1569=CARTESIAN_POINT('',(-0.0045781589019728,0.,0.00845156880850137));
#1570=CARTESIAN_POINT('',(-0.00466802560488893,0.,0.00850175895674519));
#1571=CARTESIAN_POINT('',(-0.0047617622769967,0.,0.00855167781850154));
#1572=CARTESIAN_POINT('',(-0.00485939285935053,0.,0.00860119006630353));
#1573=CARTESIAN_POINT('',(-0.00496093741612834,0.,0.00865015932982918));
#1574=CARTESIAN_POINT('',(-0.00506641210308686,0.,0.00869844829690777));
#1575=CARTESIAN_POINT('',(-0.00517582913790733,0.,0.00874591881615393));
#1576=CARTESIAN_POINT('',(-0.00528919677538816,0.,0.00879243199738249));
#1577=CARTESIAN_POINT('',(-0.00540651927632126,0.,0.00883784832416913));
#1578=CARTESIAN_POINT('',(-0.00552779691264136,0.,0.0088820277235817));
#1579=CARTESIAN_POINT('',(-0.00565302584688267,0.,0.00892482980196767));
#1580=CARTESIAN_POINT('',(-0.00578219850199274,0.,0.00896611345209168));
#1581=CARTESIAN_POINT('',(-0.00591530207975859,0.,0.00900573885227776));
#1582=CARTESIAN_POINT('',(-0.00605232412576221,0.,0.00904356037977456));
#1583=CARTESIAN_POINT('',(-0.00619323134598726,0.,0.00907945403149475));
#1584=CARTESIAN_POINT('',(-0.00633804997910505,0.,0.00911321384820793));
#1585=CARTESIAN_POINT('',(-0.00645377355681839,0.,0.00913793995223376));
#1586=CARTESIAN_POINT('',(-0.00652136063349945,0.,0.00915117606307522));
#1587=CARTESIAN_POINT('',(-0.00653886030781336,0.,0.00915455110176019));
#1588=CARTESIAN_POINT('',(-0.00272783616331436,0.,0.00592588037711043));
#1589=CARTESIAN_POINT('',(-0.00184654361406058,0.,0.0063312866974503));
#1590=CARTESIAN_POINT('',(-0.00157493580171961,0.,0.00540001872408437));
#1591=CARTESIAN_POINT('',(-4.38394836815136E-18,0.,2.21307489844206E-17));
#1592=CARTESIAN_POINT('',(-0.000924012189016244,0.,0.00554858779101038));
#1593=CARTESIAN_POINT('',(-0.00108336403622238,0.,0.0065054774558797));
#1594=CARTESIAN_POINT('',(-0.000113447675699421,0.,0.00652259748892927));
#1595=CARTESIAN_POINT('',(-9.756012623359E-5,0.,0.00562415389385544));
#1596=CARTESIAN_POINT('',(-0.000119503327057601,0.,0.00686397592440352));
#1597=CARTESIAN_POINT('',(-0.000142409400143131,0.,0.00815820160608739));
#1598=CARTESIAN_POINT('',(-0.000141625878568427,0.,0.00817350275956033));
#1599=CARTESIAN_POINT('',(-0.000141370675408061,0.,0.00818291183974529));
#1600=CARTESIAN_POINT('',(-0.000140764921169139,0.,0.00819389096135983));
#1601=CARTESIAN_POINT('',(-0.000139698858633938,0.,0.00820869678200227));
#1602=CARTESIAN_POINT('',(-0.000138035672752541,0.,0.00822654647751552));
#1603=CARTESIAN_POINT('',(-0.000135648100909945,0.,0.00824766464759909));
#1604=CARTESIAN_POINT('',(-0.000132406553021415,0.,0.00827195255017289));
#1605=CARTESIAN_POINT('',(-0.000128182982841807,0.,0.00829940582333348));
#1606=CARTESIAN_POINT('',(-0.000122849841676558,0.,0.00832998680709506));
#1607=CARTESIAN_POINT('',(-0.000116280525973392,0.,0.00836366276348647));
#1608=CARTESIAN_POINT('',(-0.000108349378024791,0.,0.00840039460493586));
#1609=CARTESIAN_POINT('',(-9.89318173626158E-5,0.,0.00844014020808848));
#1610=CARTESIAN_POINT('',(-8.79044331847578E-5,0.,0.00848285348584635));
#1611=CARTESIAN_POINT('',(-7.51450871077657E-5,0.,0.00852848469008983));
#1612=CARTESIAN_POINT('',(-6.0533011968482E-5,0.,0.00857698036555239));
#1613=CARTESIAN_POINT('',(-4.39489106992186E-5,0.,0.00862828340695632));
#1614=CARTESIAN_POINT('',(-2.52750540591403E-5,0.,0.00868233309031094));
#1615=CARTESIAN_POINT('',(-4.3953774948452E-6,0.,0.00873906511483628));
#1616=CARTESIAN_POINT('',(1.88044230200692E-5,0.,0.00879841164511253));
#1617=CARTESIAN_POINT('',(4.44367961972806E-5,0.,0.00886030135631226));
#1618=CARTESIAN_POINT('',(7.26122417621725E-5,0.,0.00892465948165721));
#1619=CARTESIAN_POINT('',(0.000103439217952783,0.,0.00899140786229173));
#1620=CARTESIAN_POINT('',(0.000137024050245968,0.,0.0090604649994741));
#1621=CARTESIAN_POINT('',(0.00017347084136597,0.,0.00913174610907069));
#1622=CARTESIAN_POINT('',(0.000212881382630362,0.,0.0092051631783141));
#1623=CARTESIAN_POINT('',(0.000255355066687461,0.,0.00928062502479338));
#1624=CARTESIAN_POINT('',(0.000300988801698709,0.,0.00935803735764127));
#1625=CARTESIAN_POINT('',(0.00034987692701862,0.,0.0094373028408835));
#1626=CARTESIAN_POINT('',(0.000402111130424411,0.,0.00951832115891374));
#1627=CARTESIAN_POINT('',(0.000457780366945912,0.,0.00960098908405717));
#1628=CARTESIAN_POINT('',(0.000516970779347498,0.,0.00968520054618367));
#1629=CARTESIAN_POINT('',(0.000579765620306036,0.,0.00977084670433383));
#1630=CARTESIAN_POINT('',(0.000646245176353575,0.,0.0098578160203072));
#1631=CARTESIAN_POINT('',(0.000716486693554988,0.,0.0099459943342097));
#1632=CARTESIAN_POINT('',(0.000790564305262181,0.,0.0100352649417705));
#1633=CARTESIAN_POINT('',(0.000868548960865246,0.,0.0101255086739455));
#1634=CARTESIAN_POINT('',(0.000950508359873423,0.,0.0102166039766247));
#1635=CARTESIAN_POINT('',(0.00103650687503543,0.,0.0103084269985414));
#1636=CARTESIAN_POINT('',(0.00112660552672353,0.,0.0104008516563326));
#1637=CARTESIAN_POINT('',(0.00122086177202345,0.,0.0104937497946742));
#1638=CARTESIAN_POINT('',(0.00131933000838169,0.,0.0105869909927802));
#1639=CARTESIAN_POINT('',(0.00142205937135838,0.,0.010680443722737));
#1640=CARTESIAN_POINT('',(0.00152910182325448,0.,0.0107739713792098));
#1641=CARTESIAN_POINT('',(0.00164048117012099,0.,0.0108674477935449));
#1642=CARTESIAN_POINT('',(0.00175631041454486,0.,0.0109606987874206));
#1643=CARTESIAN_POINT('',(0.00184984550087833,0.,0.0110331868159747));
#1644=CARTESIAN_POINT('',(0.00190499641957724,0.,0.0110744370733214));
#1645=CARTESIAN_POINT('',(0.0019192987069282,0.,0.0110850707022292));
#1646=CARTESIAN_POINT('',(0.0019192987069282,0.,0.0110850707022292));
#1647=CARTESIAN_POINT('',(0.,0.,6.88863824520386E-19));
#1648=CARTESIAN_POINT('',(0.00308040354151802,0.,0.0108200561006512));
#1649=CARTESIAN_POINT('',(0.00252812755732367,0.,0.00502485781429691));
#1650=CARTESIAN_POINT('',(0.00308583631658276,0.,0.00613237806753856));
#1651=CARTESIAN_POINT('',(0.00366801745334969,0.,0.00728849654213667));
#1652=CARTESIAN_POINT('',(0.0036739504464852,0.,0.00730262236232929));
#1653=CARTESIAN_POINT('',(0.00367780296327503,0.,0.00731121037915299));
#1654=CARTESIAN_POINT('',(0.0036820208599025,0.,0.00732136505283878));
#1655=CARTESIAN_POINT('',(0.00368748437556809,0.,0.00733516718350027));
#1656=CARTESIAN_POINT('',(0.00369373058949881,0.,0.00735197083276831));
#1657=CARTESIAN_POINT('',(0.00370074229219794,0.,0.00737203357515915));
#1658=CARTESIAN_POINT('',(0.0037083598844506,0.,0.0073953226741632));
#1659=CARTESIAN_POINT('',(0.00371646610801731,0.,0.00742188975702486));
#1660=CARTESIAN_POINT('',(0.00372492970543965,0.,0.0074517562345739));
#1661=CARTESIAN_POINT('',(0.00373362240638514,0.,0.00748494754214014));
#1662=CARTESIAN_POINT('',(0.00374241403770946,0.,0.00752148298387419));
#1663=CARTESIAN_POINT('',(0.0037511740796506,0.,0.00756137866138418));
#1664=CARTESIAN_POINT('',(0.0037597713464755,0.,0.00760464659756986));
#1665=CARTESIAN_POINT('',(0.00376807421040294,0.,0.00765129496478271));
#1666=CARTESIAN_POINT('',(0.00377595067060772,0.,0.00770132800040008));
#1667=CARTESIAN_POINT('',(0.00378326846709441,0.,0.00775474601540234));
#1668=CARTESIAN_POINT('',(0.00378989518233005,0.,0.00781154538016759));
#1669=CARTESIAN_POINT('',(0.00379569834670251,0.,0.00787171852021728));
#1670=CARTESIAN_POINT('',(0.00380054554315694,0.,0.0079352539126084));
#1671=CARTESIAN_POINT('',(0.00380430451222206,0.,0.0080021360855594));
#1672=CARTESIAN_POINT('',(0.00380684325699608,0.,0.00807234562056477));
#1673=CARTESIAN_POINT('',(0.00380803014812651,0.,0.00814585915719464));
#1674=CARTESIAN_POINT('',(0.00380773402869008,0.,0.00822264940051543));
#1675=CARTESIAN_POINT('',(0.00380582431891622,0.,0.00830268513114148));
#1676=CARTESIAN_POINT('',(0.00380217112068821,0.,0.00838593121790687));
#1677=CARTESIAN_POINT('',(0.00379664532175878,0.,0.00847234863315192));
#1678=CARTESIAN_POINT('',(0.0037891186996174,0.,0.00856189447061614));
#1679=CARTESIAN_POINT('',(0.00377946402494615,0.,0.00865452196592889));
#1680=CARTESIAN_POINT('',(0.00376755516460182,0.,0.00875018051968749));
#1681=CARTESIAN_POINT('',(0.00375326718406237,0.,0.00884881572311157));
#1682=CARTESIAN_POINT('',(0.00373647644927424,0.,0.00895036938626081));
#1683=CARTESIAN_POINT('',(0.00371706072784496,0.,0.00905477956880193));
#1684=CARTESIAN_POINT('',(0.00369489928949718,0.,0.00916198061330948));
#1685=CARTESIAN_POINT('',(0.00366987300580957,0.,0.0092719031810844));
#1686=CARTESIAN_POINT('',(0.0036418644488546,0.,0.00938447429046783));
#1687=CARTESIAN_POINT('',(0.00361075798993017,0.,0.00949961735764769));
#1688=CARTESIAN_POINT('',(0.00357643989353428,0.,0.00961725223987125));
#1689=CARTESIAN_POINT('',(0.00353879842477378,0.,0.00973729528129198));
#1690=CARTESIAN_POINT('',(0.00349772390067194,0.,0.00985965936047232));
#1691=CARTESIAN_POINT('',(0.00345310894967206,0.,0.00998425394315011));
#1692=CARTESIAN_POINT('',(0.00340484797391006,0.,0.010110985126425));
#1693=CARTESIAN_POINT('',(0.00335283963595301,0.,0.010239755726862));
#1694=CARTESIAN_POINT('',(0.00329697784855198,0.,0.0103704652129048));
#1695=CARTESIAN_POINT('',(0.00323718642066898,0.,0.0105030102395828));
#1696=CARTESIAN_POINT('',(0.00317328796734962,0.,0.0106372829076356));
#1697=CARTESIAN_POINT('',(0.00312046714337692,0.,0.0107431757176555));
#1698=CARTESIAN_POINT('',(0.00308867569849013,0.,0.0108042700021387));
#1699=CARTESIAN_POINT('',(0.00308040354151802,0.,0.0108200561006512));
#1700=CARTESIAN_POINT('',(0.0029322618111965,0.,0.00582743417365711));
#1701=CARTESIAN_POINT('',(0.00379869815254353,0.,0.00539117861972698));
#1702=CARTESIAN_POINT('',(0.00323994823345162,0.,0.00459819099696324));
#1703=CARTESIAN_POINT('',(1.45691691871998E-17,0.,1.72258051510168E-17));
#1704=CARTESIAN_POINT('',(0.00376194844160486,0.,0.00418190972196995));
#1705=CARTESIAN_POINT('',(0.0044107206552076,0.,0.00490310696045518));
#1706=CARTESIAN_POINT('',(0.00502883859546866,0.,0.00415546998045141));
#1707=CARTESIAN_POINT('',(0.00433631283268665,0.,0.00358287817502593));
#1708=CARTESIAN_POINT('',(0.00529196336689267,0.,0.00437305045242277));
#1709=CARTESIAN_POINT('',(0.00628954804728231,0.,0.00519789565533432));
#1710=CARTESIAN_POINT('',(0.00630199948849688,0.,0.00520682318664707));
#1711=CARTESIAN_POINT('',(0.00630951492017444,0.,0.00521249012632206));
#1712=CARTESIAN_POINT('',(0.00631847642469294,0.,0.00521886189894747));
#1713=CARTESIAN_POINT('',(0.00633071676051381,0.,0.00522725969587388));
#1714=CARTESIAN_POINT('',(0.00634570919385419,0.,0.0052370884679094));
#1715=CARTESIAN_POINT('',(0.0063637086707727,0.,0.00524838875275723));
#1716=CARTESIAN_POINT('',(0.00638471878969875,0.,0.00526099766812936));
#1717=CARTESIAN_POINT('',(0.00640881597588691,0.,0.00527481238383779));
#1718=CARTESIAN_POINT('',(0.00643605031088497,0.,0.00528970969768051));
#1719=CARTESIAN_POINT('',(0.00646647513514011,0.,0.00530557021522339));
#1720=CARTESIAN_POINT('',(0.00650013823505725,0.,0.00532227132261224));
#1721=CARTESIAN_POINT('',(0.0065370843519229,0.,0.00533968935543289));
#1722=CARTESIAN_POINT('',(0.00657735439876948,0.,0.00535769909239936));
#1723=CARTESIAN_POINT('',(0.00662098563298735,0.,0.005376174024433));
#1724=CARTESIAN_POINT('',(0.00666801155866087,0.,0.00539498640315008));
#1725=CARTESIAN_POINT('',(0.0067184619095912,0.,0.00541400735378902));
#1726=CARTESIAN_POINT('',(0.00677236261283173,0.,0.00543310697113401));
#1727=CARTESIAN_POINT('',(0.00682973576107374,0.,0.00545215442138265));
#1728=CARTESIAN_POINT('',(0.00689059958584516,0.,0.00547101804335605));
#1729=CARTESIAN_POINT('',(0.00695496843377538,0.,0.00548956545080875));
#1730=CARTESIAN_POINT('',(0.00702285274529523,0.,0.00550766363525288));
#1731=CARTESIAN_POINT('',(0.00709425903595604,0.,0.00552517906937397));
#1732=CARTESIAN_POINT('',(0.00716918988032628,0.,0.00554197781093252));
#1733=CARTESIAN_POINT('',(0.00724764389848794,0.,0.00555792560709861));
#1734=CARTESIAN_POINT('',(0.00732961574513705,0.,0.00557288799915263));
#1735=CARTESIAN_POINT('',(0.00741509610129669,0.,0.00558673042748965));
#1736=CARTESIAN_POINT('',(0.0075040716686487,0.,0.005599318336864));
#1737=CARTESIAN_POINT('',(0.00759652516648948,0.,0.00561051728181099));
#1738=CARTESIAN_POINT('',(0.00769243533131385,0.,0.00562019303218231));
#1739=CARTESIAN_POINT('',(0.00779177691902972,0.,0.00562821167873259));
#1740=CARTESIAN_POINT('',(0.00789452070980508,0.,0.00563443973869225));
#1741=CARTESIAN_POINT('',(0.0080006335155463,0.,0.0056387442612693));
#1742=CARTESIAN_POINT('',(0.00811007819001072,0.,0.00564099293299486));
#1743=CARTESIAN_POINT('',(0.00822281364153281,0.,0.00564105418293378));
#1744=CARTESIAN_POINT('',(0.00833879484842838,0.,0.00563879728737494));
#1745=CARTESIAN_POINT('',(0.00845797287680819,0.,0.00563409247516783));
#1746=CARTESIAN_POINT('',(0.00858029490179577,0.,0.00562681102895676));
#1747=CARTESIAN_POINT('',(0.00870570422832412,0.,0.00561682540009853));
#1748=CARTESIAN_POINT('',(0.00883414032603042,0.,0.00560400926925398));
#1749=CARTESIAN_POINT('',(0.00896553882295454,0.,0.00558823781112693));
#1750=CARTESIAN_POINT('',(0.00909983166827324,0.,0.00556938718005114));
#1751=CARTESIAN_POINT('',(0.00923694666484347,0.,0.005547336953986));
#1752=CARTESIAN_POINT('',(0.00937680940827847,0.,0.00552196133513555));
#1753=CARTESIAN_POINT('',(0.00951933609878284,0.,0.00549316304631087));
#1754=CARTESIAN_POINT('',(0.0096644610142216,0.,0.00546074514012449));
#1755=CARTESIAN_POINT('',(0.00977945260949213,0.,0.00543281201147395));
#1756=CARTESIAN_POINT('',(0.00984608939471758,0.,0.00541541240172781));
#1757=CARTESIAN_POINT('',(0.00986332043087714,0.,0.00541086038238628));
#1758=CARTESIAN_POINT('',(0.00986332043087714,0.,0.00541086038238628));
#1759=CARTESIAN_POINT('',(0.,0.,6.88863824520386E-19));
#1760=CARTESIAN_POINT('',(0.0103800606953054,0.,0.0043378381668306));
#1761=CARTESIAN_POINT('',(0.00550485378393215,0.,0.00115637788699364));
#1762=CARTESIAN_POINT('',(0.00671847370919277,0.,0.00141087120420488));
#1763=CARTESIAN_POINT('',(0.00798534753170519,0.,0.00167653174163386));
#1764=CARTESIAN_POINT('',(0.00800009070336195,0.,0.00168070044564824));
#1765=CARTESIAN_POINT('',(0.00800920709021663,0.,0.00168304296764299));
#1766=CARTESIAN_POINT('',(0.0080197761493309,0.,0.00168607661875413));
#1767=CARTESIAN_POINT('',(0.00803397353590698,0.,0.00169041055791317));
#1768=CARTESIAN_POINT('',(0.00805100560861112,0.,0.00169600397516854));
#1769=CARTESIAN_POINT('',(0.0080710630173635,0.,0.00170303092053066));
#1770=CARTESIAN_POINT('',(0.00809402065924743,0.,0.00171159576281043));
#1771=CARTESIAN_POINT('',(0.00811984578875144,0.,0.00172182236725144));
#1772=CARTESIAN_POINT('',(0.00814847330784958,0.,0.00173382670450097));
#1773=CARTESIAN_POINT('',(0.00817984312743926,0.,0.00174772491901201));
#1774=CARTESIAN_POINT('',(0.00821388917848523,0.,0.001763630820188));
#1775=CARTESIAN_POINT('',(0.00825054267199109,0.,0.0017816564916764));
#1776=CARTESIAN_POINT('',(0.00828973121487166,0.,0.00180191199476876));
#1777=CARTESIAN_POINT('',(0.00833137912794937,0.,0.00182450533558622));
#1778=CARTESIAN_POINT('',(0.0083754074229709,0.,0.00184954235849118));
#1779=CARTESIAN_POINT('',(0.00842173388031215,0.,0.00187712666240503));
#1780=CARTESIAN_POINT('',(0.00847027310123905,0.,0.00190735951249165));
#1781=CARTESIAN_POINT('',(0.00852093657033359,0.,0.00194033975505411));
#1782=CARTESIAN_POINT('',(0.00857363271791287,0.,0.00197616373347729));
#1783=CARTESIAN_POINT('',(0.00862826698521944,0.,0.00201492520588166));
#1784=CARTESIAN_POINT('',(0.0086847418915322,0.,0.00205671526436048));
#1785=CARTESIAN_POINT('',(0.00874295710337274,0.,0.00210162225589573));
#1786=CARTESIAN_POINT('',(0.00880280950569857,0.,0.00214973170498648));
#1787=CARTESIAN_POINT('',(0.00886419327505584,0.,0.0022011262380397));
#1788=CARTESIAN_POINT('',(0.00892699995464195,0.,0.00225588550956893));
#1789=CARTESIAN_POINT('',(0.00899111853123442,0.,0.00231408613024602));
#1790=CARTESIAN_POINT('',(0.00905643551394032,0.,0.00237580159685065));
#1791=CARTESIAN_POINT('',(0.00912283501472019,0.,0.00244110222416083));
#1792=CARTESIAN_POINT('',(0.00919019883063958,0.,0.00251005507882738));
#1793=CARTESIAN_POINT('',(0.00925840652780067,0.,0.00258272391527319));
#1794=CARTESIAN_POINT('',(0.00932733552690458,0.,0.00265916911365927));
#1795=CARTESIAN_POINT('',(0.00939686119039857,0.,0.00273944761995211));
#1796=CARTESIAN_POINT('',(0.00946685691114367,0.,0.00282361288814824));
#1797=CARTESIAN_POINT('',(0.00953719420260618,0.,0.00291171482462617));
#1798=CARTESIAN_POINT('',(0.0096077427903123,0.,0.00300379973491656));
#1799=CARTESIAN_POINT('',(0.00967837070531012,0.,0.00309991027195317));
#1800=CARTESIAN_POINT('',(0.00974894437654687,0.,0.00320008538954308));
#1801=CARTESIAN_POINT('',(0.00981932873368166,0.,0.00330436028697631));
#1802=CARTESIAN_POINT('',(0.00988938727621437,0.,0.00341276639852929));
#1803=CARTESIAN_POINT('',(0.00995898227653797,0.,0.00352533122347622));
#1804=CARTESIAN_POINT('',(0.0100279744792173,0.,0.00364207877405093));
#1805=CARTESIAN_POINT('',(0.0100962247203275,0.,0.00376302768616833));
#1806=CARTESIAN_POINT('',(0.0101635882568148,0.,0.00388819822177927));
#1807=CARTESIAN_POINT('',(0.0102299367859926,0.,0.00401758551490075));
#1808=CARTESIAN_POINT('',(0.0102950753511121,0.,0.0041512609765861));
#1809=CARTESIAN_POINT('',(0.0103449324386799,0.,0.00425858104683544));
#1810=CARTESIAN_POINT('',(0.0103728762320144,0.,0.00432152826264819));
#1811=CARTESIAN_POINT('',(0.0103800606953054,0.,0.0043378381668306));
#1812=CARTESIAN_POINT('',(0.00638430683463603,0.,0.00134081117944614));
#1813=CARTESIAN_POINT('',(0.0065834427309616,0.,0.000391403081346939));
#1814=CARTESIAN_POINT('',(0.00561508516593422,0.,0.000333831663126068));
#1815=CARTESIAN_POINT('',(2.25514051876985E-17,0.,-6.50521303491303E-19));
#1816=CARTESIAN_POINT('',(0.00561508516593422,0.,-0.000333831663126068));
#1817=CARTESIAN_POINT('',(0.0065834427309616,0.,-0.000391403081346939));
#1818=CARTESIAN_POINT('',(0.00638430683463603,0.,-0.00134081117944613));
#1819=CARTESIAN_POINT('',(0.00550485378393215,0.,-0.00115637788699364));
#1820=CARTESIAN_POINT('',(0.00671847370919277,0.,-0.00141087120420488));
#1821=CARTESIAN_POINT('',(0.00798534753170519,0.,-0.00167653174163386));
#1822=CARTESIAN_POINT('',(0.00800009070336195,0.,-0.00168070044564824));
#1823=CARTESIAN_POINT('',(0.00800920709021663,0.,-0.00168304296764299));
#1824=CARTESIAN_POINT('',(0.0080197761493309,0.,-0.00168607661875413));
#1825=CARTESIAN_POINT('',(0.00803397353590698,0.,-0.00169041055791317));
#1826=CARTESIAN_POINT('',(0.00805100560861112,0.,-0.00169600397516854));
#1827=CARTESIAN_POINT('',(0.0080710630173635,0.,-0.00170303092053066));
#1828=CARTESIAN_POINT('',(0.00809402065924743,0.,-0.00171159576281043));
#1829=CARTESIAN_POINT('',(0.00811984578875144,0.,-0.00172182236725144));
#1830=CARTESIAN_POINT('',(0.00814847330784958,0.,-0.00173382670450097));
#1831=CARTESIAN_POINT('',(0.00817984312743926,0.,-0.00174772491901201));
#1832=CARTESIAN_POINT('',(0.00821388917848523,0.,-0.001763630820188));
#1833=CARTESIAN_POINT('',(0.00825054267199109,0.,-0.0017816564916764));
#1834=CARTESIAN_POINT('',(0.00828973121487166,0.,-0.00180191199476876));
#1835=CARTESIAN_POINT('',(0.00833137912794937,0.,-0.00182450533558622));
#1836=CARTESIAN_POINT('',(0.0083754074229709,0.,-0.00184954235849118));
#1837=CARTESIAN_POINT('',(0.00842173388031215,0.,-0.00187712666240503));
#1838=CARTESIAN_POINT('',(0.00847027310123905,0.,-0.00190735951249165));
#1839=CARTESIAN_POINT('',(0.00852093657033359,0.,-0.00194033975505411));
#1840=CARTESIAN_POINT('',(0.00857363271791287,0.,-0.00197616373347729));
#1841=CARTESIAN_POINT('',(0.00862826698521944,0.,-0.00201492520588166));
#1842=CARTESIAN_POINT('',(0.0086847418915322,0.,-0.00205671526436048));
#1843=CARTESIAN_POINT('',(0.00874295710337274,0.,-0.00210162225589573));
#1844=CARTESIAN_POINT('',(0.00880280950569857,0.,-0.00214973170498648));
#1845=CARTESIAN_POINT('',(0.00886419327505584,0.,-0.0022011262380397));
#1846=CARTESIAN_POINT('',(0.00892699995464195,0.,-0.00225588550956893));
#1847=CARTESIAN_POINT('',(0.00899111853123442,0.,-0.00231408613024602));
#1848=CARTESIAN_POINT('',(0.00905643551394032,0.,-0.00237580159685065));
#1849=CARTESIAN_POINT('',(0.00912283501472019,0.,-0.00244110222416083));
#1850=CARTESIAN_POINT('',(0.00919019883063958,0.,-0.00251005507882738));
#1851=CARTESIAN_POINT('',(0.00925840652780067,0.,-0.00258272391527319));
#1852=CARTESIAN_POINT('',(0.00932733552690458,0.,-0.00265916911365927));
#1853=CARTESIAN_POINT('',(0.00939686119039857,0.,-0.00273944761995211));
#1854=CARTESIAN_POINT('',(0.00946685691114367,0.,-0.00282361288814824));
#1855=CARTESIAN_POINT('',(0.00953719420260618,0.,-0.00291171482462617));
#1856=CARTESIAN_POINT('',(0.0096077427903123,0.,-0.00300379973491656));
#1857=CARTESIAN_POINT('',(0.00967837070531012,0.,-0.00309991027195317));
#1858=CARTESIAN_POINT('',(0.00974894437654687,0.,-0.00320008538954308));
#1859=CARTESIAN_POINT('',(0.00981932873368166,0.,-0.00330436028697631));
#1860=CARTESIAN_POINT('',(0.00988938727621437,0.,-0.00341276639852929));
#1861=CARTESIAN_POINT('',(0.00995898227653797,0.,-0.00352533122347622));
#1862=CARTESIAN_POINT('',(0.0100279744792173,0.,-0.00364207877405093));
#1863=CARTESIAN_POINT('',(0.0100962247203275,0.,-0.00376302768616833));
#1864=CARTESIAN_POINT('',(0.0101635882568148,0.,-0.00388819822177927));
#1865=CARTESIAN_POINT('',(0.0102299367859926,0.,-0.00401758551490075));
#1866=CARTESIAN_POINT('',(0.0102950753511121,0.,-0.0041512609765861));
#1867=CARTESIAN_POINT('',(0.0103449324386799,0.,-0.00425858104683544));
#1868=CARTESIAN_POINT('',(0.0103728762320144,0.,-0.00432152826264819));
#1869=CARTESIAN_POINT('',(0.0103800606953054,0.,-0.0043378381668306));
#1870=CARTESIAN_POINT('',(0.0103800606953054,0.,-0.0043378381668306));
#1871=CARTESIAN_POINT('',(0.,0.,6.88863824520386E-19));
#1872=CARTESIAN_POINT('',(0.00986332043087714,0.,-0.00541086038238628));
#1873=CARTESIAN_POINT('',(0.00433631283268665,0.,-0.00358287817502593));
#1874=CARTESIAN_POINT('',(0.00529196336689267,0.,-0.00437305045242277));
#1875=CARTESIAN_POINT('',(0.00628954804728231,0.,-0.00519789565533432));
#1876=CARTESIAN_POINT('',(0.00630199948849688,0.,-0.00520682318664707));
#1877=CARTESIAN_POINT('',(0.00630951492017444,0.,-0.00521249012632207));
#1878=CARTESIAN_POINT('',(0.00631847642469294,0.,-0.00521886189894747));
#1879=CARTESIAN_POINT('',(0.00633071676051381,0.,-0.00522725969587388));
#1880=CARTESIAN_POINT('',(0.00634570919385419,0.,-0.00523708846790941));
#1881=CARTESIAN_POINT('',(0.0063637086707727,0.,-0.00524838875275723));
#1882=CARTESIAN_POINT('',(0.00638471878969875,0.,-0.00526099766812936));
#1883=CARTESIAN_POINT('',(0.00640881597588691,0.,-0.0052748123838378));
#1884=CARTESIAN_POINT('',(0.00643605031088497,0.,-0.00528970969768051));
#1885=CARTESIAN_POINT('',(0.00646647513514011,0.,-0.00530557021522339));
#1886=CARTESIAN_POINT('',(0.00650013823505724,0.,-0.00532227132261224));
#1887=CARTESIAN_POINT('',(0.0065370843519229,0.,-0.00533968935543289));
#1888=CARTESIAN_POINT('',(0.00657735439876948,0.,-0.00535769909239936));
#1889=CARTESIAN_POINT('',(0.00662098563298735,0.,-0.005376174024433));
#1890=CARTESIAN_POINT('',(0.00666801155866087,0.,-0.00539498640315008));
#1891=CARTESIAN_POINT('',(0.0067184619095912,0.,-0.00541400735378902));
#1892=CARTESIAN_POINT('',(0.00677236261283173,0.,-0.00543310697113402));
#1893=CARTESIAN_POINT('',(0.00682973576107374,0.,-0.00545215442138265));
#1894=CARTESIAN_POINT('',(0.00689059958584516,0.,-0.00547101804335605));
#1895=CARTESIAN_POINT('',(0.00695496843377538,0.,-0.00548956545080875));
#1896=CARTESIAN_POINT('',(0.00702285274529523,0.,-0.00550766363525288));
#1897=CARTESIAN_POINT('',(0.00709425903595604,0.,-0.00552517906937397));
#1898=CARTESIAN_POINT('',(0.00716918988032627,0.,-0.00554197781093252));
#1899=CARTESIAN_POINT('',(0.00724764389848794,0.,-0.00555792560709862));
#1900=CARTESIAN_POINT('',(0.00732961574513705,0.,-0.00557288799915263));
#1901=CARTESIAN_POINT('',(0.00741509610129669,0.,-0.00558673042748965));
#1902=CARTESIAN_POINT('',(0.0075040716686487,0.,-0.005599318336864));
#1903=CARTESIAN_POINT('',(0.00759652516648948,0.,-0.00561051728181099));
#1904=CARTESIAN_POINT('',(0.00769243533131385,0.,-0.00562019303218231));
#1905=CARTESIAN_POINT('',(0.00779177691902971,0.,-0.00562821167873259));
#1906=CARTESIAN_POINT('',(0.00789452070980508,0.,-0.00563443973869225));
#1907=CARTESIAN_POINT('',(0.0080006335155463,0.,-0.0056387442612693));
#1908=CARTESIAN_POINT('',(0.00811007819001072,0.,-0.00564099293299486));
#1909=CARTESIAN_POINT('',(0.00822281364153281,0.,-0.00564105418293378));
#1910=CARTESIAN_POINT('',(0.00833879484842838,0.,-0.00563879728737495));
#1911=CARTESIAN_POINT('',(0.00845797287680819,0.,-0.00563409247516783));
#1912=CARTESIAN_POINT('',(0.00858029490179577,0.,-0.00562681102895676));
#1913=CARTESIAN_POINT('',(0.00870570422832412,0.,-0.00561682540009853));
#1914=CARTESIAN_POINT('',(0.00883414032603041,0.,-0.00560400926925398));
#1915=CARTESIAN_POINT('',(0.00896553882295454,0.,-0.00558823781112693));
#1916=CARTESIAN_POINT('',(0.00909983166827324,0.,-0.00556938718005114));
#1917=CARTESIAN_POINT('',(0.00923694666484346,0.,-0.005547336953986));
#1918=CARTESIAN_POINT('',(0.00937680940827846,0.,-0.00552196133513555));
#1919=CARTESIAN_POINT('',(0.00951933609878284,0.,-0.00549316304631087));
#1920=CARTESIAN_POINT('',(0.0096644610142216,0.,-0.00546074514012449));
#1921=CARTESIAN_POINT('',(0.00977945260949213,0.,-0.00543281201147395));
#1922=CARTESIAN_POINT('',(0.00984608939471758,0.,-0.00541541240172781));
#1923=CARTESIAN_POINT('',(0.00986332043087714,0.,-0.00541086038238628));
#1924=CARTESIAN_POINT('',(0.00502883859546866,0.,-0.00415546998045142));
#1925=CARTESIAN_POINT('',(0.0044107206552076,0.,-0.00490310696045518));
#1926=CARTESIAN_POINT('',(0.00376194844160486,0.,-0.00418190972196995));
#1927=CARTESIAN_POINT('',(1.35519731170285E-17,0.,-1.80369919482542E-17));
#1928=CARTESIAN_POINT('',(0.00323994823345161,0.,-0.00459819099696324));
#1929=CARTESIAN_POINT('',(0.00379869815254353,0.,-0.00539117861972698));
#1930=CARTESIAN_POINT('',(0.0029322618111965,0.,-0.00582743417365711));
#1931=CARTESIAN_POINT('',(0.00252812755732367,0.,-0.00502485781429691));
#1932=CARTESIAN_POINT('',(0.00308583631658276,0.,-0.00613237806753856));
#1933=CARTESIAN_POINT('',(0.00366801745334969,0.,-0.00728849654213667));
#1934=CARTESIAN_POINT('',(0.0036739504464852,0.,-0.00730262236232929));
#1935=CARTESIAN_POINT('',(0.00367780296327502,0.,-0.00731121037915299));
#1936=CARTESIAN_POINT('',(0.00368202085990249,0.,-0.00732136505283878));
#1937=CARTESIAN_POINT('',(0.00368748437556809,0.,-0.00733516718350027));
#1938=CARTESIAN_POINT('',(0.00369373058949881,0.,-0.00735197083276831));
#1939=CARTESIAN_POINT('',(0.00370074229219794,0.,-0.00737203357515915));
#1940=CARTESIAN_POINT('',(0.0037083598844506,0.,-0.0073953226741632));
#1941=CARTESIAN_POINT('',(0.0037164661080173,0.,-0.00742188975702486));
#1942=CARTESIAN_POINT('',(0.00372492970543965,0.,-0.0074517562345739));
#1943=CARTESIAN_POINT('',(0.00373362240638514,0.,-0.00748494754214014));
#1944=CARTESIAN_POINT('',(0.00374241403770946,0.,-0.00752148298387419));
#1945=CARTESIAN_POINT('',(0.0037511740796506,0.,-0.00756137866138418));
#1946=CARTESIAN_POINT('',(0.0037597713464755,0.,-0.00760464659756986));
#1947=CARTESIAN_POINT('',(0.00376807421040294,0.,-0.00765129496478271));
#1948=CARTESIAN_POINT('',(0.00377595067060772,0.,-0.00770132800040008));
#1949=CARTESIAN_POINT('',(0.00378326846709441,0.,-0.00775474601540234));
#1950=CARTESIAN_POINT('',(0.00378989518233005,0.,-0.00781154538016759));
#1951=CARTESIAN_POINT('',(0.00379569834670251,0.,-0.00787171852021728));
#1952=CARTESIAN_POINT('',(0.00380054554315694,0.,-0.0079352539126084));
#1953=CARTESIAN_POINT('',(0.00380430451222206,0.,-0.0080021360855594));
#1954=CARTESIAN_POINT('',(0.00380684325699608,0.,-0.00807234562056477));
#1955=CARTESIAN_POINT('',(0.00380803014812651,0.,-0.00814585915719464));
#1956=CARTESIAN_POINT('',(0.00380773402869008,0.,-0.00822264940051543));
#1957=CARTESIAN_POINT('',(0.00380582431891622,0.,-0.00830268513114148));
#1958=CARTESIAN_POINT('',(0.00380217112068821,0.,-0.00838593121790687));
#1959=CARTESIAN_POINT('',(0.00379664532175878,0.,-0.00847234863315192));
#1960=CARTESIAN_POINT('',(0.0037891186996174,0.,-0.00856189447061615));
#1961=CARTESIAN_POINT('',(0.00377946402494614,0.,-0.00865452196592889));
#1962=CARTESIAN_POINT('',(0.00376755516460182,0.,-0.00875018051968749));
#1963=CARTESIAN_POINT('',(0.00375326718406237,0.,-0.00884881572311157));
#1964=CARTESIAN_POINT('',(0.00373647644927424,0.,-0.00895036938626081));
#1965=CARTESIAN_POINT('',(0.00371706072784496,0.,-0.00905477956880193));
#1966=CARTESIAN_POINT('',(0.00369489928949718,0.,-0.00916198061330948));
#1967=CARTESIAN_POINT('',(0.00366987300580957,0.,-0.0092719031810844));
#1968=CARTESIAN_POINT('',(0.0036418644488546,0.,-0.00938447429046783));
#1969=CARTESIAN_POINT('',(0.00361075798993016,0.,-0.00949961735764769));
#1970=CARTESIAN_POINT('',(0.00357643989353428,0.,-0.00961725223987125));
#1971=CARTESIAN_POINT('',(0.00353879842477378,0.,-0.00973729528129198));
#1972=CARTESIAN_POINT('',(0.00349772390067194,0.,-0.00985965936047232));
#1973=CARTESIAN_POINT('',(0.00345310894967206,0.,-0.00998425394315011));
#1974=CARTESIAN_POINT('',(0.00340484797391006,0.,-0.010110985126425));
#1975=CARTESIAN_POINT('',(0.00335283963595301,0.,-0.010239755726862));
#1976=CARTESIAN_POINT('',(0.00329697784855197,0.,-0.0103704652129048));
#1977=CARTESIAN_POINT('',(0.00323718642066898,0.,-0.0105030102395828));
#1978=CARTESIAN_POINT('',(0.00317328796734962,0.,-0.0106372829076356));
#1979=CARTESIAN_POINT('',(0.00312046714337692,0.,-0.0107431757176555));
#1980=CARTESIAN_POINT('',(0.00308867569849013,0.,-0.0108042700021387));
#1981=CARTESIAN_POINT('',(0.00308040354151801,0.,-0.0108200561006512));
#1982=CARTESIAN_POINT('',(0.00308040354151801,0.,-0.0108200561006512));
#1983=CARTESIAN_POINT('',(0.,0.,6.88863824520386E-19));
#1984=CARTESIAN_POINT('',(0.00191929870692821,0.,-0.0110850707022292));
#1985=CARTESIAN_POINT('',(-9.75601262335863E-5,0.,-0.00562415389385544));
#1986=CARTESIAN_POINT('',(-0.000119503327057597,0.,-0.00686397592440352));
#1987=CARTESIAN_POINT('',(-0.000142409400143126,0.,-0.00815820160608739));
#1988=CARTESIAN_POINT('',(-0.000141625878568422,0.,-0.00817350275956033));
#1989=CARTESIAN_POINT('',(-0.000141370675408055,0.,-0.00818291183974529));
#1990=CARTESIAN_POINT('',(-0.000140764921169133,0.,-0.00819389096135983));
#1991=CARTESIAN_POINT('',(-0.000139698858633933,0.,-0.00820869678200227));
#1992=CARTESIAN_POINT('',(-0.000138035672752536,0.,-0.00822654647751552));
#1993=CARTESIAN_POINT('',(-0.00013564810090994,0.,-0.00824766464759909));
#1994=CARTESIAN_POINT('',(-0.000132406553021409,0.,-0.00827195255017289));
#1995=CARTESIAN_POINT('',(-0.000128182982841801,0.,-0.00829940582333348));
#1996=CARTESIAN_POINT('',(-0.000122849841676553,0.,-0.00832998680709506));
#1997=CARTESIAN_POINT('',(-0.000116280525973387,0.,-0.00836366276348648));
#1998=CARTESIAN_POINT('',(-0.000108349378024785,0.,-0.00840039460493585));
#1999=CARTESIAN_POINT('',(-9.89318173626101E-5,0.,-0.00844014020808848));
#2000=CARTESIAN_POINT('',(-8.79044331847522E-5,0.,-0.00848285348584635));
#2001=CARTESIAN_POINT('',(-7.514508710776E-5,0.,-0.00852848469008983));
#2002=CARTESIAN_POINT('',(-6.05330119684765E-5,0.,-0.00857698036555239));
#2003=CARTESIAN_POINT('',(-4.39489106992129E-5,0.,-0.00862828340695632));
#2004=CARTESIAN_POINT('',(-2.5275054059135E-5,0.,-0.00868233309031094));
#2005=CARTESIAN_POINT('',(-4.39537749483956E-6,0.,-0.00873906511483628));
#2006=CARTESIAN_POINT('',(1.88044230200748E-5,0.,-0.00879841164511253));
#2007=CARTESIAN_POINT('',(4.4436796197286E-5,0.,-0.00886030135631226));
#2008=CARTESIAN_POINT('',(7.26122417621781E-5,0.,-0.00892465948165721));
#2009=CARTESIAN_POINT('',(0.000103439217952789,0.,-0.00899140786229173));
#2010=CARTESIAN_POINT('',(0.000137024050245973,0.,-0.0090604649994741));
#2011=CARTESIAN_POINT('',(0.000173470841365976,0.,-0.00913174610907069));
#2012=CARTESIAN_POINT('',(0.000212881382630368,0.,-0.0092051631783141));
#2013=CARTESIAN_POINT('',(0.000255355066687467,0.,-0.00928062502479338));
#2014=CARTESIAN_POINT('',(0.000300988801698714,0.,-0.00935803735764126));
#2015=CARTESIAN_POINT('',(0.000349876927018626,0.,-0.0094373028408835));
#2016=CARTESIAN_POINT('',(0.000402111130424418,0.,-0.00951832115891374));
#2017=CARTESIAN_POINT('',(0.000457780366945919,0.,-0.00960098908405717));
#2018=CARTESIAN_POINT('',(0.000516970779347504,0.,-0.00968520054618367));
#2019=CARTESIAN_POINT('',(0.000579765620306042,0.,-0.00977084670433383));
#2020=CARTESIAN_POINT('',(0.000646245176353581,0.,-0.0098578160203072));
#2021=CARTESIAN_POINT('',(0.000716486693554994,0.,-0.0099459943342097));
#2022=CARTESIAN_POINT('',(0.000790564305262188,0.,-0.0100352649417705));
#2023=CARTESIAN_POINT('',(0.000868548960865252,0.,-0.0101255086739455));
#2024=CARTESIAN_POINT('',(0.00095050835987343,0.,-0.0102166039766246));
#2025=CARTESIAN_POINT('',(0.00103650687503543,0.,-0.0103084269985414));
#2026=CARTESIAN_POINT('',(0.00112660552672354,0.,-0.0104008516563326));
#2027=CARTESIAN_POINT('',(0.00122086177202345,0.,-0.0104937497946742));
#2028=CARTESIAN_POINT('',(0.00131933000838169,0.,-0.0105869909927802));
#2029=CARTESIAN_POINT('',(0.00142205937135839,0.,-0.010680443722737));
#2030=CARTESIAN_POINT('',(0.00152910182325449,0.,-0.0107739713792098));
#2031=CARTESIAN_POINT('',(0.00164048117012099,0.,-0.0108674477935449));
#2032=CARTESIAN_POINT('',(0.00175631041454487,0.,-0.0109606987874206));
#2033=CARTESIAN_POINT('',(0.00184984550087834,0.,-0.0110331868159747));
#2034=CARTESIAN_POINT('',(0.00190499641957724,0.,-0.0110744370733214));
#2035=CARTESIAN_POINT('',(0.00191929870692821,0.,-0.0110850707022292));
#2036=CARTESIAN_POINT('',(-0.000113447675699417,0.,-0.00652259748892928));
#2037=CARTESIAN_POINT('',(-0.00108336403622238,0.,-0.0065054774558797));
#2038=CARTESIAN_POINT('',(-0.000924012189016241,0.,-0.00554858779101038));
#2039=CARTESIAN_POINT('',(-5.6523711206365E-18,0.,-2.18412397683979E-17));
#2040=CARTESIAN_POINT('',(-0.00157493580171961,0.,-0.00540001872408437));
#2041=CARTESIAN_POINT('',(-0.00184654361406058,0.,-0.0063312866974503));
#2042=CARTESIAN_POINT('',(-0.00272783616331436,0.,-0.00592588037711043));
#2043=CARTESIAN_POINT('',(-0.00235233028435347,0.,-0.00510951731901493));
#2044=CARTESIAN_POINT('',(-0.00287049876200344,0.,-0.00623607916830004));
#2045=CARTESIAN_POINT('',(-0.00341140458129844,0.,-0.00741207478817585));
#2046=CARTESIAN_POINT('',(-0.00341874943152622,0.,-0.00742552069382745));
#2047=CARTESIAN_POINT('',(-0.00342306180852102,0.,-0.00743388725364824));
#2048=CARTESIAN_POINT('',(-0.00342837123657023,0.,-0.00744351627350569));
#2049=CARTESIAN_POINT('',(-0.00343575573054673,0.,-0.00745639330976936));
#2050=CARTESIAN_POINT('',(-0.0034449989018788,0.,-0.00747175370041927));
#2051=CARTESIAN_POINT('',(-0.00345631286037803,0.,-0.00748974458561316));
#2052=CARTESIAN_POINT('',(-0.00346977152009347,0.,-0.0075102207747804));
#2053=CARTESIAN_POINT('',(-0.00348548835414662,0.,-0.00753312278079816));
#2054=CARTESIAN_POINT('',(-0.00350356193988501,0.,-0.00755836133188715));
#2055=CARTESIAN_POINT('',(-0.00352409213869445,0.,-0.00758585200093192));
#2056=CARTESIAN_POINT('',(-0.0035471752047956,0.,-0.00761550505041111));
#2057=CARTESIAN_POINT('',(-0.00357290510467315,0.,-0.00764722847505416));
#2058=CARTESIAN_POINT('',(-0.00360137303117535,0.,-0.00768092720588029));
#2059=CARTESIAN_POINT('',(-0.00363266744228311,0.,-0.00771650342752398));
#2060=CARTESIAN_POINT('',(-0.00366687395207978,0.,-0.00775385657954595));
#2061=CARTESIAN_POINT('',(-0.00370407526645796,0.,-0.00779288345081099));
#2062=CARTESIAN_POINT('',(-0.00374435110864637,0.,-0.00783347825009075));
#2063=CARTESIAN_POINT('',(-0.00378777815013144,0.,-0.00787553268586187));
#2064=CARTESIAN_POINT('',(-0.00383442994259684,0.,-0.00791893604586461));
#2065=CARTESIAN_POINT('',(-0.0038843768521482,0.,-0.00796357527898244));
#2066=CARTESIAN_POINT('',(-0.00393768599550872,0.,-0.00800933507864181));
#2067=CARTESIAN_POINT('',(-0.00399442117831777,0.,-0.00805609796788114));
#2068=CARTESIAN_POINT('',(-0.0040546428355411,0.,-0.00810374438597593));
#2069=CARTESIAN_POINT('',(-0.00411840797403538,0.,-0.00815215277658201));
#2070=CARTESIAN_POINT('',(-0.00418577011730016,0.,-0.00820119967733852));
#2071=CARTESIAN_POINT('',(-0.00425677925245187,0.,-0.00825075981087799));
#2072=CARTESIAN_POINT('',(-0.00433148177945297,0.,-0.00830070617718905));
#2073=CARTESIAN_POINT('',(-0.00440992046262843,0.,-0.00835091014727729));
#2074=CARTESIAN_POINT('',(-0.0044921343845007,0.,-0.00840124155806883));
#2075=CARTESIAN_POINT('',(-0.00457815890197279,0.,-0.00845156880850138));
#2076=CARTESIAN_POINT('',(-0.00466802560488893,0.,-0.00850175895674519));
#2077=CARTESIAN_POINT('',(-0.0047617622769967,0.,-0.00855167781850155));
#2078=CARTESIAN_POINT('',(-0.00485939285935053,0.,-0.00860119006630354));
#2079=CARTESIAN_POINT('',(-0.00496093741612833,0.,-0.00865015932982918));
#2080=CARTESIAN_POINT('',(-0.00506641210308685,0.,-0.00869844829690778));
#2081=CARTESIAN_POINT('',(-0.00517582913790732,0.,-0.00874591881615393));
#2082=CARTESIAN_POINT('',(-0.00528919677538816,0.,-0.00879243199738249));
#2083=CARTESIAN_POINT('',(-0.00540651927632125,0.,-0.00883784832416913));
#2084=CARTESIAN_POINT('',(-0.00552779691264135,0.,-0.0088820277235817));
#2085=CARTESIAN_POINT('',(-0.00565302584688266,0.,-0.00892482980196767));
#2086=CARTESIAN_POINT('',(-0.00578219850199273,0.,-0.00896611345209169));
#2087=CARTESIAN_POINT('',(-0.00591530207975859,0.,-0.00900573885227776));
#2088=CARTESIAN_POINT('',(-0.0060523241257622,0.,-0.00904356037977457));
#2089=CARTESIAN_POINT('',(-0.00619323134598725,0.,-0.00907945403149476));
#2090=CARTESIAN_POINT('',(-0.00633804997910505,0.,-0.00911321384820794));
#2091=CARTESIAN_POINT('',(-0.00645377355681838,0.,-0.00913793995223376));
#2092=CARTESIAN_POINT('',(-0.00652136063349945,0.,-0.00915117606307523));
#2093=CARTESIAN_POINT('',(-0.00653886030781336,0.,-0.0091545511017602));
#2094=CARTESIAN_POINT('',(-0.00653886030781336,0.,-0.0091545511017602));
#2095=CARTESIAN_POINT('',(0.,0.,6.88863824520386E-19));
#2096=CARTESIAN_POINT('',(-0.00746999408989638,0.,-0.00841199668905956));
#2097=CARTESIAN_POINT('',(-0.00445796832023604,0.,-0.00343032701877997));
#2098=CARTESIAN_POINT('',(-0.00544098157830987,0.,-0.00418618752571616));
#2099=CARTESIAN_POINT('',(-0.00646712966463843,0.,-0.00497521535047174));
#2100=CARTESIAN_POINT('',(-0.00647860407043028,0.,-0.00498536804545309));
#2101=CARTESIAN_POINT('',(-0.00648580126897206,0.,-0.00499143403685848));
#2102=CARTESIAN_POINT('',(-0.00649400741030975,0.,-0.00499875300495314));
#2103=CARTESIAN_POINT('',(-0.00650491838789294,0.,-0.00500881776438415));
#2104=CARTESIAN_POINT('',(-0.00651783686236203,0.,-0.00502124719858622));
#2105=CARTESIAN_POINT('',(-0.00653285908589041,0.,-0.00503628084110044));
#2106=CARTESIAN_POINT('',(-0.00654982706071499,0.,-0.00505395844485493));
#2107=CARTESIAN_POINT('',(-0.00656865754103431,0.,-0.00507437740083303));
#2108=CARTESIAN_POINT('',(-0.00658924155777556,0.,-0.00509761395000262));
#2109=CARTESIAN_POINT('',(-0.00661147457933847,0.,-0.00512374666321551));
#2110=CARTESIAN_POINT('',(-0.00663524769952963,0.,-0.00515284941292102));
#2111=CARTESIAN_POINT('',(-0.00666045031033278,0.,-0.00518499333656915));
#2112=CARTESIAN_POINT('',(-0.00668696943402722,0.,-0.00522024618577466));
#2113=CARTESIAN_POINT('',(-0.00671469002393031,0.,-0.00525867243472569));
#2114=CARTESIAN_POINT('',(-0.00674349498993715,0.,-0.00530033317417893));
#2115=CARTESIAN_POINT('',(-0.00677326530483873,0.,-0.00534528606977937));
#2116=CARTESIAN_POINT('',(-0.00680388008972634,0.,-0.00539358530516498));
#2117=CARTESIAN_POINT('',(-0.00683521670716045,0.,-0.00544528153237704));
#2118=CARTESIAN_POINT('',(-0.00686715085387946,0.,-0.00550042182320952));
#2119=CARTESIAN_POINT('',(-0.00689955665526283,0.,-0.00555904962330285));
#2120=CARTESIAN_POINT('',(-0.0069323067608376,0.,-0.00562120470849737));
#2121=CARTESIAN_POINT('',(-0.00696527244094444,0.,-0.00568692314360869));
#2122=CARTESIAN_POINT('',(-0.0069983236844508,0.,-0.00575623724360768));
#2123=CARTESIAN_POINT('',(-0.00703132929746487,0.,-0.00582917553723888));
#2124=CARTESIAN_POINT('',(-0.00706415700298582,0.,-0.00590576273309611));
#2125=CARTESIAN_POINT('',(-0.00709667354143152,0.,-0.00598601968817761));
#2126=CARTESIAN_POINT('',(-0.00712874477198305,0.,-0.00606996337894076));
#2127=CARTESIAN_POINT('',(-0.00716023577468591,0.,-0.00615760687487564));
#2128=CARTESIAN_POINT('',(-0.00719101095324684,0.,-0.00624895931461553));
#2129=CARTESIAN_POINT('',(-0.00722093413846587,0.,-0.00634402588460075));
#2130=CARTESIAN_POINT('',(-0.00724986869224083,0.,-0.00644280780031206));
#2131=CARTESIAN_POINT('',(-0.00727767761208807,0.,-0.00654530229008503));
#2132=CARTESIAN_POINT('',(-0.00730422363609702,0.,-0.00665150258152751));
#2133=CARTESIAN_POINT('',(-0.00732936934833478,0.,-0.00676139789051521));
#2134=CARTESIAN_POINT('',(-0.00735297728433937,0.,-0.00687497341291382));
#2135=CARTESIAN_POINT('',(-0.00737491003777923,0.,-0.00699221031850651));
#2136=CARTESIAN_POINT('',(-0.00739503036387067,0.,-0.00711308574915295));
#2137=CARTESIAN_POINT('',(-0.00741320129604201,0.,-0.00723757281349303));
#2138=CARTESIAN_POINT('',(-0.0074292862127708,0.,-0.00736564060748385));
#2139=CARTESIAN_POINT('',(-0.00744314909428294,0.,-0.0074972541493462));
#2140=CARTESIAN_POINT('',(-0.00745465405724888,0.,-0.00763237465268637));
#2141=CARTESIAN_POINT('',(-0.00746366763348428,0.,-0.00777095852691936));
#2142=CARTESIAN_POINT('',(-0.00747005062267293,0.,-0.00791296122577479));
#2143=CARTESIAN_POINT('',(-0.00747368953935942,0.,-0.00805832269670402));
#2144=CARTESIAN_POINT('',(-0.00747437774948759,0.,-0.00820702269027979));
#2145=CARTESIAN_POINT('',(-0.00747273299986834,0.,-0.00832534691205099));
#2146=CARTESIAN_POINT('',(-0.00747059771434997,0.,-0.00839418475135653));
#2147=CARTESIAN_POINT('',(-0.00746999408989638,0.,-0.00841199668905956));
#2148=CARTESIAN_POINT('',(-0.00517030553315499,0.,-0.00397807605150216));
#2149=CARTESIAN_POINT('',(-0.00576165351177794,0.,-0.00320909073947059));
#2150=CARTESIAN_POINT('',(-0.00491417279489445,0.,-0.00273706608285575));
#2151=CARTESIAN_POINT('',(-2.06003646171039E-17,0.,-9.19858856284075E-18));
#2152=CARTESIAN_POINT('',(0.,-0.007,0.));
#2153=CARTESIAN_POINT('',(-0.00576165351177794,-0.007,-0.00320909073947059));
#2154=CARTESIAN_POINT('',(-0.00517030553315499,-0.007,-0.00397807605150216));
#2155=CARTESIAN_POINT('',(-0.00491417279489445,-0.007,-0.00273706608285575));
#2156=CARTESIAN_POINT('',(-0.00445796832023604,-0.007,-0.00343032701877997));
#2157=CARTESIAN_POINT('',(-0.00544098157830987,-0.007,-0.00418618752571616));
#2158=CARTESIAN_POINT('',(-0.00646712966463843,-0.007,-0.00497521535047174));
#2159=CARTESIAN_POINT('',(-0.00647860407043028,-0.007,-0.00498536804545309));
#2160=CARTESIAN_POINT('',(-0.00648580126897206,-0.007,-0.00499143403685848));
#2161=CARTESIAN_POINT('',(-0.00649400741030975,-0.007,-0.00499875300495314));
#2162=CARTESIAN_POINT('',(-0.00650491838789294,-0.007,-0.00500881776438415));
#2163=CARTESIAN_POINT('',(-0.00651783686236203,-0.007,-0.00502124719858622));
#2164=CARTESIAN_POINT('',(-0.00653285908589041,-0.007,-0.00503628084110044));
#2165=CARTESIAN_POINT('',(-0.00654982706071499,-0.007,-0.00505395844485493));
#2166=CARTESIAN_POINT('',(-0.00656865754103431,-0.007,-0.00507437740083303));
#2167=CARTESIAN_POINT('',(-0.00658924155777556,-0.007,-0.00509761395000262));
#2168=CARTESIAN_POINT('',(-0.00661147457933847,-0.007,-0.00512374666321551));
#2169=CARTESIAN_POINT('',(-0.00663524769952963,-0.007,-0.00515284941292102));
#2170=CARTESIAN_POINT('',(-0.00666045031033278,-0.007,-0.00518499333656915));
#2171=CARTESIAN_POINT('',(-0.00668696943402722,-0.007,-0.00522024618577466));
#2172=CARTESIAN_POINT('',(-0.00671469002393031,-0.007,-0.00525867243472569));
#2173=CARTESIAN_POINT('',(-0.00674349498993715,-0.007,-0.00530033317417893));
#2174=CARTESIAN_POINT('',(-0.00677326530483873,-0.007,-0.00534528606977937));
#2175=CARTESIAN_POINT('',(-0.00680388008972634,-0.007,-0.00539358530516498));
#2176=CARTESIAN_POINT('',(-0.00683521670716045,-0.007,-0.00544528153237704));
#2177=CARTESIAN_POINT('',(-0.00686715085387946,-0.007,-0.00550042182320952));
#2178=CARTESIAN_POINT('',(-0.00689955665526283,-0.007,-0.00555904962330285));
#2179=CARTESIAN_POINT('',(-0.0069323067608376,-0.007,-0.00562120470849737));
#2180=CARTESIAN_POINT('',(-0.00696527244094444,-0.007,-0.00568692314360869));
#2181=CARTESIAN_POINT('',(-0.0069983236844508,-0.007,-0.00575623724360768));
#2182=CARTESIAN_POINT('',(-0.00703132929746487,-0.007,-0.00582917553723888));
#2183=CARTESIAN_POINT('',(-0.00706415700298582,-0.007,-0.00590576273309611));
#2184=CARTESIAN_POINT('',(-0.00709667354143152,-0.007,-0.00598601968817761));
#2185=CARTESIAN_POINT('',(-0.00712874477198305,-0.007,-0.00606996337894076));
#2186=CARTESIAN_POINT('',(-0.00716023577468591,-0.007,-0.00615760687487564));
#2187=CARTESIAN_POINT('',(-0.00719101095324684,-0.007,-0.00624895931461553));
#2188=CARTESIAN_POINT('',(-0.00722093413846587,-0.007,-0.00634402588460075));
#2189=CARTESIAN_POINT('',(-0.00724986869224083,-0.007,-0.00644280780031206));
#2190=CARTESIAN_POINT('',(-0.00727767761208807,-0.007,-0.00654530229008503));
#2191=CARTESIAN_POINT('',(-0.00730422363609702,-0.007,-0.00665150258152751));
#2192=CARTESIAN_POINT('',(-0.00732936934833478,-0.007,-0.00676139789051521));
#2193=CARTESIAN_POINT('',(-0.00735297728433937,-0.007,-0.00687497341291382));
#2194=CARTESIAN_POINT('',(-0.00737491003777923,-0.007,-0.00699221031850651));
#2195=CARTESIAN_POINT('',(-0.00739503036387067,-0.007,-0.00711308574915295));
#2196=CARTESIAN_POINT('',(-0.00741320129604201,-0.007,-0.00723757281349303));
#2197=CARTESIAN_POINT('',(-0.0074292862127708,-0.007,-0.00736564060748385));
#2198=CARTESIAN_POINT('',(-0.00744314909428294,-0.007,-0.0074972541493462));
#2199=CARTESIAN_POINT('',(-0.00745465405724888,-0.007,-0.00763237465268637));
#2200=CARTESIAN_POINT('',(-0.00746366763348428,-0.007,-0.00777095852691936));
#2201=CARTESIAN_POINT('',(-0.00747005062267293,-0.007,-0.00791296122577479));
#2202=CARTESIAN_POINT('',(-0.00747368953935942,-0.007,-0.00805832269670402));
#2203=CARTESIAN_POINT('',(-0.00747437774948759,-0.007,-0.00820702269027979));
#2204=CARTESIAN_POINT('',(-0.00747273299986834,-0.007,-0.00832534691205099));
#2205=CARTESIAN_POINT('',(-0.00747059771434997,-0.007,-0.00839418475135653));
#2206=CARTESIAN_POINT('',(-0.00746999408989638,-0.007,-0.00841199668905956));
#2207=CARTESIAN_POINT('',(-0.00746999408989638,-0.007,-0.00841199668905956));
#2208=CARTESIAN_POINT('',(0.,-0.007,6.88863824520386E-19));
#2209=CARTESIAN_POINT('',(-0.00653886030781336,-0.007,-0.0091545511017602));
#2210=CARTESIAN_POINT('',(-0.00235233028435347,-0.007,-0.00510951731901493));
#2211=CARTESIAN_POINT('',(-0.00287049876200344,-0.007,-0.00623607916830004));
#2212=CARTESIAN_POINT('',(-0.00341140458129844,-0.007,-0.00741207478817585));
#2213=CARTESIAN_POINT('',(-0.00341874943152622,-0.007,-0.00742552069382745));
#2214=CARTESIAN_POINT('',(-0.00342306180852102,-0.007,-0.00743388725364824));
#2215=CARTESIAN_POINT('',(-0.00342837123657023,-0.007,-0.00744351627350569));
#2216=CARTESIAN_POINT('',(-0.00343575573054673,-0.007,-0.00745639330976936));
#2217=CARTESIAN_POINT('',(-0.0034449989018788,-0.007,-0.00747175370041927));
#2218=CARTESIAN_POINT('',(-0.00345631286037803,-0.007,-0.00748974458561316));
#2219=CARTESIAN_POINT('',(-0.00346977152009347,-0.007,-0.0075102207747804));
#2220=CARTESIAN_POINT('',(-0.00348548835414662,-0.007,-0.00753312278079816));
#2221=CARTESIAN_POINT('',(-0.00350356193988501,-0.007,-0.00755836133188715));
#2222=CARTESIAN_POINT('',(-0.00352409213869445,-0.007,-0.00758585200093192));
#2223=CARTESIAN_POINT('',(-0.0035471752047956,-0.007,-0.00761550505041111));
#2224=CARTESIAN_POINT('',(-0.00357290510467315,-0.007,-0.00764722847505416));
#2225=CARTESIAN_POINT('',(-0.00360137303117535,-0.007,-0.00768092720588029));
#2226=CARTESIAN_POINT('',(-0.00363266744228311,-0.007,-0.00771650342752398));
#2227=CARTESIAN_POINT('',(-0.00366687395207978,-0.007,-0.00775385657954595));
#2228=CARTESIAN_POINT('',(-0.00370407526645796,-0.007,-0.00779288345081099));
#2229=CARTESIAN_POINT('',(-0.00374435110864637,-0.007,-0.00783347825009075));
#2230=CARTESIAN_POINT('',(-0.00378777815013144,-0.007,-0.00787553268586187));
#2231=CARTESIAN_POINT('',(-0.00383442994259684,-0.007,-0.00791893604586461));
#2232=CARTESIAN_POINT('',(-0.0038843768521482,-0.007,-0.00796357527898244));
#2233=CARTESIAN_POINT('',(-0.00393768599550872,-0.007,-0.00800933507864181));
#2234=CARTESIAN_POINT('',(-0.00399442117831777,-0.007,-0.00805609796788114));
#2235=CARTESIAN_POINT('',(-0.0040546428355411,-0.007,-0.00810374438597593));
#2236=CARTESIAN_POINT('',(-0.00411840797403538,-0.007,-0.00815215277658201));
#2237=CARTESIAN_POINT('',(-0.00418577011730016,-0.007,-0.00820119967733852));
#2238=CARTESIAN_POINT('',(-0.00425677925245187,-0.007,-0.00825075981087799));
#2239=CARTESIAN_POINT('',(-0.00433148177945297,-0.007,-0.00830070617718905));
#2240=CARTESIAN_POINT('',(-0.00440992046262843,-0.007,-0.00835091014727729));
#2241=CARTESIAN_POINT('',(-0.0044921343845007,-0.007,-0.00840124155806883));
#2242=CARTESIAN_POINT('',(-0.00457815890197279,-0.007,-0.00845156880850138));
#2243=CARTESIAN_POINT('',(-0.00466802560488893,-0.007,-0.00850175895674519));
#2244=CARTESIAN_POINT('',(-0.0047617622769967,-0.007,-0.00855167781850155));
#2245=CARTESIAN_POINT('',(-0.00485939285935053,-0.007,-0.00860119006630354));
#2246=CARTESIAN_POINT('',(-0.00496093741612833,-0.007,-0.00865015932982918));
#2247=CARTESIAN_POINT('',(-0.00506641210308685,-0.007,-0.00869844829690778));
#2248=CARTESIAN_POINT('',(-0.00517582913790732,-0.007,-0.00874591881615393));
#2249=CARTESIAN_POINT('',(-0.00528919677538816,-0.007,-0.00879243199738249));
#2250=CARTESIAN_POINT('',(-0.00540651927632125,-0.007,-0.00883784832416913));
#2251=CARTESIAN_POINT('',(-0.00552779691264135,-0.007,-0.0088820277235817));
#2252=CARTESIAN_POINT('',(-0.00565302584688266,-0.007,-0.00892482980196767));
#2253=CARTESIAN_POINT('',(-0.00578219850199273,-0.007,-0.00896611345209169));
#2254=CARTESIAN_POINT('',(-0.00591530207975859,-0.007,-0.00900573885227776));
#2255=CARTESIAN_POINT('',(-0.0060523241257622,-0.007,-0.00904356037977457));
#2256=CARTESIAN_POINT('',(-0.00619323134598725,-0.007,-0.00907945403149476));
#2257=CARTESIAN_POINT('',(-0.00633804997910505,-0.007,-0.00911321384820794));
#2258=CARTESIAN_POINT('',(-0.00645377355681838,-0.007,-0.00913793995223376));
#2259=CARTESIAN_POINT('',(-0.00652136063349945,-0.007,-0.00915117606307523));
#2260=CARTESIAN_POINT('',(-0.00653886030781336,-0.007,-0.0091545511017602));
#2261=CARTESIAN_POINT('',(-0.00272783616331436,-0.007,-0.00592588037711043));
#2262=CARTESIAN_POINT('',(-0.00184654361406058,-0.007,-0.0063312866974503));
#2263=CARTESIAN_POINT('',(-0.00157493580171961,-0.007,-0.00540001872408437));
#2264=CARTESIAN_POINT('',(-5.6523711206365E-18,-0.007,-2.18412397683979E-17));
#2265=CARTESIAN_POINT('',(-0.000924012189016241,-0.007,-0.00554858779101038));
#2266=CARTESIAN_POINT('',(-0.00108336403622238,-0.007,-0.0065054774558797));
#2267=CARTESIAN_POINT('',(-0.000113447675699417,-0.007,-0.00652259748892928));
#2268=CARTESIAN_POINT('',(-9.75601262335863E-5,-0.007,-0.00562415389385544));
#2269=CARTESIAN_POINT('',(-0.000119503327057597,-0.007,-0.00686397592440352));
#2270=CARTESIAN_POINT('',(-0.000142409400143126,-0.007,-0.00815820160608739));
#2271=CARTESIAN_POINT('',(-0.000141625878568422,-0.007,-0.00817350275956033));
#2272=CARTESIAN_POINT('',(-0.000141370675408055,-0.007,-0.00818291183974529));
#2273=CARTESIAN_POINT('',(-0.000140764921169133,-0.007,-0.00819389096135983));
#2274=CARTESIAN_POINT('',(-0.000139698858633933,-0.007,-0.00820869678200227));
#2275=CARTESIAN_POINT('',(-0.000138035672752536,-0.007,-0.00822654647751552));
#2276=CARTESIAN_POINT('',(-0.00013564810090994,-0.007,-0.00824766464759909));
#2277=CARTESIAN_POINT('',(-0.000132406553021409,-0.007,-0.00827195255017289));
#2278=CARTESIAN_POINT('',(-0.000128182982841801,-0.007,-0.00829940582333348));
#2279=CARTESIAN_POINT('',(-0.000122849841676553,-0.007,-0.00832998680709506));
#2280=CARTESIAN_POINT('',(-0.000116280525973387,-0.007,-0.00836366276348648));
#2281=CARTESIAN_POINT('',(-0.000108349378024785,-0.007,-0.00840039460493585));
#2282=CARTESIAN_POINT('',(-9.89318173626101E-5,-0.007,-0.00844014020808848));
#2283=CARTESIAN_POINT('',(-8.79044331847522E-5,-0.007,-0.00848285348584635));
#2284=CARTESIAN_POINT('',(-7.514508710776E-5,-0.007,-0.00852848469008983));
#2285=CARTESIAN_POINT('',(-6.05330119684765E-5,-0.007,-0.00857698036555239));
#2286=CARTESIAN_POINT('',(-4.39489106992129E-5,-0.007,-0.00862828340695632));
#2287=CARTESIAN_POINT('',(-2.5275054059135E-5,-0.007,-0.00868233309031094));
#2288=CARTESIAN_POINT('',(-4.39537749483956E-6,-0.007,-0.00873906511483628));
#2289=CARTESIAN_POINT('',(1.88044230200748E-5,-0.007,-0.00879841164511253));
#2290=CARTESIAN_POINT('',(4.4436796197286E-5,-0.007,-0.00886030135631226));
#2291=CARTESIAN_POINT('',(7.26122417621781E-5,-0.007,-0.00892465948165721));
#2292=CARTESIAN_POINT('',(0.000103439217952789,-0.007,-0.00899140786229173));
#2293=CARTESIAN_POINT('',(0.000137024050245973,-0.007,-0.0090604649994741));
#2294=CARTESIAN_POINT('',(0.000173470841365976,-0.007,-0.00913174610907069));
#2295=CARTESIAN_POINT('',(0.000212881382630368,-0.007,-0.0092051631783141));
#2296=CARTESIAN_POINT('',(0.000255355066687467,-0.007,-0.00928062502479338));
#2297=CARTESIAN_POINT('',(0.000300988801698714,-0.007,-0.00935803735764126));
#2298=CARTESIAN_POINT('',(0.000349876927018626,-0.007,-0.0094373028408835));
#2299=CARTESIAN_POINT('',(0.000402111130424418,-0.007,-0.00951832115891374));
#2300=CARTESIAN_POINT('',(0.000457780366945919,-0.007,-0.00960098908405717));
#2301=CARTESIAN_POINT('',(0.000516970779347504,-0.007,-0.00968520054618367));
#2302=CARTESIAN_POINT('',(0.000579765620306042,-0.007,-0.00977084670433383));
#2303=CARTESIAN_POINT('',(0.000646245176353581,-0.007,-0.0098578160203072));
#2304=CARTESIAN_POINT('',(0.000716486693554994,-0.007,-0.0099459943342097));
#2305=CARTESIAN_POINT('',(0.000790564305262188,-0.007,-0.0100352649417705));
#2306=CARTESIAN_POINT('',(0.000868548960865252,-0.007,-0.0101255086739455));
#2307=CARTESIAN_POINT('',(0.00095050835987343,-0.007,-0.0102166039766246));
#2308=CARTESIAN_POINT('',(0.00103650687503543,-0.007,-0.0103084269985414));
#2309=CARTESIAN_POINT('',(0.00112660552672354,-0.007,-0.0104008516563326));
#2310=CARTESIAN_POINT('',(0.00122086177202345,-0.007,-0.0104937497946742));
#2311=CARTESIAN_POINT('',(0.00131933000838169,-0.007,-0.0105869909927802));
#2312=CARTESIAN_POINT('',(0.00142205937135839,-0.007,-0.010680443722737));
#2313=CARTESIAN_POINT('',(0.00152910182325449,-0.007,-0.0107739713792098));
#2314=CARTESIAN_POINT('',(0.00164048117012099,-0.007,-0.0108674477935449));
#2315=CARTESIAN_POINT('',(0.00175631041454487,-0.007,-0.0109606987874206));
#2316=CARTESIAN_POINT('',(0.00184984550087834,-0.007,-0.0110331868159747));
#2317=CARTESIAN_POINT('',(0.00190499641957724,-0.007,-0.0110744370733214));
#2318=CARTESIAN_POINT('',(0.00191929870692821,-0.007,-0.0110850707022292));
#2319=CARTESIAN_POINT('',(0.00191929870692821,-0.007,-0.0110850707022292));
#2320=CARTESIAN_POINT('',(0.,-0.007,6.88863824520386E-19));
#2321=CARTESIAN_POINT('',(0.00308040354151801,-0.007,-0.0108200561006512));
#2322=CARTESIAN_POINT('',(0.00252812755732367,-0.007,-0.00502485781429691));
#2323=CARTESIAN_POINT('',(0.00308583631658276,-0.007,-0.00613237806753856));
#2324=CARTESIAN_POINT('',(0.00366801745334969,-0.007,-0.00728849654213667));
#2325=CARTESIAN_POINT('',(0.0036739504464852,-0.007,-0.00730262236232929));
#2326=CARTESIAN_POINT('',(0.00367780296327502,-0.007,-0.00731121037915299));
#2327=CARTESIAN_POINT('',(0.00368202085990249,-0.007,-0.00732136505283878));
#2328=CARTESIAN_POINT('',(0.00368748437556809,-0.007,-0.00733516718350027));
#2329=CARTESIAN_POINT('',(0.00369373058949881,-0.007,-0.00735197083276831));
#2330=CARTESIAN_POINT('',(0.00370074229219794,-0.007,-0.00737203357515915));
#2331=CARTESIAN_POINT('',(0.0037083598844506,-0.007,-0.0073953226741632));
#2332=CARTESIAN_POINT('',(0.0037164661080173,-0.007,-0.00742188975702486));
#2333=CARTESIAN_POINT('',(0.00372492970543965,-0.007,-0.0074517562345739));
#2334=CARTESIAN_POINT('',(0.00373362240638514,-0.007,-0.00748494754214014));
#2335=CARTESIAN_POINT('',(0.00374241403770946,-0.007,-0.00752148298387419));
#2336=CARTESIAN_POINT('',(0.0037511740796506,-0.007,-0.00756137866138418));
#2337=CARTESIAN_POINT('',(0.0037597713464755,-0.007,-0.00760464659756986));
#2338=CARTESIAN_POINT('',(0.00376807421040294,-0.007,-0.00765129496478271));
#2339=CARTESIAN_POINT('',(0.00377595067060772,-0.007,-0.00770132800040008));
#2340=CARTESIAN_POINT('',(0.00378326846709441,-0.007,-0.00775474601540234));
#2341=CARTESIAN_POINT('',(0.00378989518233005,-0.007,-0.00781154538016759));
#2342=CARTESIAN_POINT('',(0.00379569834670251,-0.007,-0.00787171852021728));
#2343=CARTESIAN_POINT('',(0.00380054554315694,-0.007,-0.0079352539126084));
#2344=CARTESIAN_POINT('',(0.00380430451222206,-0.007,-0.0080021360855594));
#2345=CARTESIAN_POINT('',(0.00380684325699608,-0.007,-0.00807234562056477));
#2346=CARTESIAN_POINT('',(0.00380803014812651,-0.007,-0.00814585915719464));
#2347=CARTESIAN_POINT('',(0.00380773402869008,-0.007,-0.00822264940051543));
#2348=CARTESIAN_POINT('',(0.00380582431891622,-0.007,-0.00830268513114148));
#2349=CARTESIAN_POINT('',(0.00380217112068821,-0.007,-0.00838593121790687));
#2350=CARTESIAN_POINT('',(0.00379664532175878,-0.007,-0.00847234863315192));
#2351=CARTESIAN_POINT('',(0.0037891186996174,-0.007,-0.00856189447061615));
#2352=CARTESIAN_POINT('',(0.00377946402494614,-0.007,-0.00865452196592889));
#2353=CARTESIAN_POINT('',(0.00376755516460182,-0.007,-0.00875018051968749));
#2354=CARTESIAN_POINT('',(0.00375326718406237,-0.007,-0.00884881572311157));
#2355=CARTESIAN_POINT('',(0.00373647644927424,-0.007,-0.00895036938626081));
#2356=CARTESIAN_POINT('',(0.00371706072784496,-0.007,-0.00905477956880193));
#2357=CARTESIAN_POINT('',(0.00369489928949718,-0.007,-0.00916198061330948));
#2358=CARTESIAN_POINT('',(0.00366987300580957,-0.007,-0.0092719031810844));
#2359=CARTESIAN_POINT('',(0.0036418644488546,-0.007,-0.00938447429046783));
#2360=CARTESIAN_POINT('',(0.00361075798993016,-0.007,-0.00949961735764769));
#2361=CARTESIAN_POINT('',(0.00357643989353428,-0.007,-0.00961725223987125));
#2362=CARTESIAN_POINT('',(0.00353879842477378,-0.007,-0.00973729528129198));
#2363=CARTESIAN_POINT('',(0.00349772390067194,-0.007,-0.00985965936047232));
#2364=CARTESIAN_POINT('',(0.00345310894967206,-0.007,-0.00998425394315011));
#2365=CARTESIAN_POINT('',(0.00340484797391006,-0.007,-0.010110985126425));
#2366=CARTESIAN_POINT('',(0.00335283963595301,-0.007,-0.010239755726862));
#2367=CARTESIAN_POINT('',(0.00329697784855197,-0.007,-0.0103704652129048));
#2368=CARTESIAN_POINT('',(0.00323718642066898,-0.007,-0.0105030102395828));
#2369=CARTESIAN_POINT('',(0.00317328796734962,-0.007,-0.0106372829076356));
#2370=CARTESIAN_POINT('',(0.00312046714337692,-0.007,-0.0107431757176555));
#2371=CARTESIAN_POINT('',(0.00308867569849013,-0.007,-0.0108042700021387));
#2372=CARTESIAN_POINT('',(0.00308040354151801,-0.007,-0.0108200561006512));
#2373=CARTESIAN_POINT('',(0.0029322618111965,-0.007,-0.00582743417365711));
#2374=CARTESIAN_POINT('',(0.00379869815254353,-0.007,-0.00539117861972698));
#2375=CARTESIAN_POINT('',(0.00323994823345161,-0.007,-0.00459819099696324));
#2376=CARTESIAN_POINT('',(1.35519731170285E-17,-0.007,-1.80369919482542E-17));
#2377=CARTESIAN_POINT('',(0.00376194844160486,-0.007,-0.00418190972196995));
#2378=CARTESIAN_POINT('',(0.0044107206552076,-0.007,-0.00490310696045518));
#2379=CARTESIAN_POINT('',(0.00502883859546866,-0.007,-0.00415546998045142));
#2380=CARTESIAN_POINT('',(0.00433631283268665,-0.007,-0.00358287817502593));
#2381=CARTESIAN_POINT('',(0.00529196336689267,-0.007,-0.00437305045242277));
#2382=CARTESIAN_POINT('',(0.00628954804728231,-0.007,-0.00519789565533432));
#2383=CARTESIAN_POINT('',(0.00630199948849688,-0.007,-0.00520682318664707));
#2384=CARTESIAN_POINT('',(0.00630951492017444,-0.007,-0.00521249012632207));
#2385=CARTESIAN_POINT('',(0.00631847642469294,-0.007,-0.00521886189894747));
#2386=CARTESIAN_POINT('',(0.00633071676051381,-0.007,-0.00522725969587388));
#2387=CARTESIAN_POINT('',(0.00634570919385419,-0.007,-0.00523708846790941));
#2388=CARTESIAN_POINT('',(0.0063637086707727,-0.007,-0.00524838875275723));
#2389=CARTESIAN_POINT('',(0.00638471878969875,-0.007,-0.00526099766812936));
#2390=CARTESIAN_POINT('',(0.00640881597588691,-0.007,-0.0052748123838378));
#2391=CARTESIAN_POINT('',(0.00643605031088497,-0.007,-0.00528970969768051));
#2392=CARTESIAN_POINT('',(0.00646647513514011,-0.007,-0.00530557021522339));
#2393=CARTESIAN_POINT('',(0.00650013823505724,-0.007,-0.00532227132261224));
#2394=CARTESIAN_POINT('',(0.0065370843519229,-0.007,-0.00533968935543289));
#2395=CARTESIAN_POINT('',(0.00657735439876948,-0.007,-0.00535769909239936));
#2396=CARTESIAN_POINT('',(0.00662098563298735,-0.007,-0.005376174024433));
#2397=CARTESIAN_POINT('',(0.00666801155866087,-0.007,-0.00539498640315008));
#2398=CARTESIAN_POINT('',(0.0067184619095912,-0.007,-0.00541400735378902));
#2399=CARTESIAN_POINT('',(0.00677236261283173,-0.007,-0.00543310697113402));
#2400=CARTESIAN_POINT('',(0.00682973576107374,-0.007,-0.00545215442138265));
#2401=CARTESIAN_POINT('',(0.00689059958584516,-0.007,-0.00547101804335605));
#2402=CARTESIAN_POINT('',(0.00695496843377538,-0.007,-0.00548956545080875));
#2403=CARTESIAN_POINT('',(0.00702285274529523,-0.007,-0.00550766363525288));
#2404=CARTESIAN_POINT('',(0.00709425903595604,-0.007,-0.00552517906937397));
#2405=CARTESIAN_POINT('',(0.00716918988032627,-0.007,-0.00554197781093252));
#2406=CARTESIAN_POINT('',(0.00724764389848794,-0.007,-0.00555792560709862));
#2407=CARTESIAN_POINT('',(0.00732961574513705,-0.007,-0.00557288799915263));
#2408=CARTESIAN_POINT('',(0.00741509610129669,-0.007,-0.00558673042748965));
#2409=CARTESIAN_POINT('',(0.0075040716686487,-0.007,-0.005599318336864));
#2410=CARTESIAN_POINT('',(0.00759652516648948,-0.007,-0.00561051728181099));
#2411=CARTESIAN_POINT('',(0.00769243533131385,-0.007,-0.00562019303218231));
#2412=CARTESIAN_POINT('',(0.00779177691902971,-0.007,-0.00562821167873259));
#2413=CARTESIAN_POINT('',(0.00789452070980508,-0.007,-0.00563443973869225));
#2414=CARTESIAN_POINT('',(0.0080006335155463,-0.007,-0.0056387442612693));
#2415=CARTESIAN_POINT('',(0.00811007819001072,-0.007,-0.00564099293299486));
#2416=CARTESIAN_POINT('',(0.00822281364153281,-0.007,-0.00564105418293378));
#2417=CARTESIAN_POINT('',(0.00833879484842838,-0.007,-0.00563879728737495));
#2418=CARTESIAN_POINT('',(0.00845797287680819,-0.007,-0.00563409247516783));
#2419=CARTESIAN_POINT('',(0.00858029490179577,-0.007,-0.00562681102895676));
#2420=CARTESIAN_POINT('',(0.00870570422832412,-0.007,-0.00561682540009853));
#2421=CARTESIAN_POINT('',(0.00883414032603041,-0.007,-0.00560400926925398));
#2422=CARTESIAN_POINT('',(0.00896553882295454,-0.007,-0.00558823781112693));
#2423=CARTESIAN_POINT('',(0.00909983166827324,-0.007,-0.00556938718005114));
#2424=CARTESIAN_POINT('',(0.00923694666484346,-0.007,-0.005547336953986));
#2425=CARTESIAN_POINT('',(0.00937680940827846,-0.007,-0.00552196133513555));
#2426=CARTESIAN_POINT('',(0.00951933609878284,-0.007,-0.00549316304631087));
#2427=CARTESIAN_POINT('',(0.0096644610142216,-0.007,-0.00546074514012449));
#2428=CARTESIAN_POINT('',(0.00977945260949213,-0.007,-0.00543281201147395));
#2429=CARTESIAN_POINT('',(0.00984608939471758,-0.007,-0.00541541240172781));
#2430=CARTESIAN_POINT('',(0.00986332043087714,-0.007,-0.00541086038238628));
#2431=CARTESIAN_POINT('',(0.00986332043087714,-0.007,-0.00541086038238628));
#2432=CARTESIAN_POINT('',(0.,-0.007,6.88863824520386E-19));
#2433=CARTESIAN_POINT('',(0.0103800606953054,-0.007,-0.0043378381668306));
#2434=CARTESIAN_POINT('',(0.00550485378393215,-0.007,-0.00115637788699364));
#2435=CARTESIAN_POINT('',(0.00671847370919277,-0.007,-0.00141087120420488));
#2436=CARTESIAN_POINT('',(0.00798534753170519,-0.007,-0.00167653174163386));
#2437=CARTESIAN_POINT('',(0.00800009070336195,-0.007,-0.00168070044564824));
#2438=CARTESIAN_POINT('',(0.00800920709021663,-0.007,-0.00168304296764299));
#2439=CARTESIAN_POINT('',(0.0080197761493309,-0.007,-0.00168607661875413));
#2440=CARTESIAN_POINT('',(0.00803397353590698,-0.007,-0.00169041055791317));
#2441=CARTESIAN_POINT('',(0.00805100560861112,-0.007,-0.00169600397516854));
#2442=CARTESIAN_POINT('',(0.0080710630173635,-0.007,-0.00170303092053066));
#2443=CARTESIAN_POINT('',(0.00809402065924743,-0.007,-0.00171159576281043));
#2444=CARTESIAN_POINT('',(0.00811984578875144,-0.007,-0.00172182236725144));
#2445=CARTESIAN_POINT('',(0.00814847330784958,-0.007,-0.00173382670450097));
#2446=CARTESIAN_POINT('',(0.00817984312743926,-0.007,-0.00174772491901201));
#2447=CARTESIAN_POINT('',(0.00821388917848523,-0.007,-0.001763630820188));
#2448=CARTESIAN_POINT('',(0.00825054267199109,-0.007,-0.0017816564916764));
#2449=CARTESIAN_POINT('',(0.00828973121487166,-0.007,-0.00180191199476876));
#2450=CARTESIAN_POINT('',(0.00833137912794937,-0.007,-0.00182450533558622));
#2451=CARTESIAN_POINT('',(0.0083754074229709,-0.007,-0.00184954235849118));
#2452=CARTESIAN_POINT('',(0.00842173388031215,-0.007,-0.00187712666240503));
#2453=CARTESIAN_POINT('',(0.00847027310123905,-0.007,-0.00190735951249165));
#2454=CARTESIAN_POINT('',(0.00852093657033359,-0.007,-0.00194033975505411));
#2455=CARTESIAN_POINT('',(0.00857363271791287,-0.007,-0.00197616373347729));
#2456=CARTESIAN_POINT('',(0.00862826698521944,-0.007,-0.00201492520588166));
#2457=CARTESIAN_POINT('',(0.0086847418915322,-0.007,-0.00205671526436048));
#2458=CARTESIAN_POINT('',(0.00874295710337274,-0.007,-0.00210162225589573));
#2459=CARTESIAN_POINT('',(0.00880280950569857,-0.007,-0.00214973170498648));
#2460=CARTESIAN_POINT('',(0.00886419327505584,-0.007,-0.0022011262380397));
#2461=CARTESIAN_POINT('',(0.00892699995464195,-0.007,-0.00225588550956893));
#2462=CARTESIAN_POINT('',(0.00899111853123442,-0.007,-0.00231408613024602));
#2463=CARTESIAN_POINT('',(0.00905643551394032,-0.007,-0.00237580159685065));
#2464=CARTESIAN_POINT('',(0.00912283501472019,-0.007,-0.00244110222416083));
#2465=CARTESIAN_POINT('',(0.00919019883063958,-0.007,-0.00251005507882738));
#2466=CARTESIAN_POINT('',(0.00925840652780067,-0.007,-0.00258272391527319));
#2467=CARTESIAN_POINT('',(0.00932733552690458,-0.007,-0.00265916911365927));
#2468=CARTESIAN_POINT('',(0.00939686119039857,-0.007,-0.00273944761995211));
#2469=CARTESIAN_POINT('',(0.00946685691114367,-0.007,-0.00282361288814824));
#2470=CARTESIAN_POINT('',(0.00953719420260618,-0.007,-0.00291171482462617));
#2471=CARTESIAN_POINT('',(0.0096077427903123,-0.007,-0.00300379973491656));
#2472=CARTESIAN_POINT('',(0.00967837070531012,-0.007,-0.00309991027195317));
#2473=CARTESIAN_POINT('',(0.00974894437654687,-0.007,-0.00320008538954308));
#2474=CARTESIAN_POINT('',(0.00981932873368166,-0.007,-0.00330436028697631));
#2475=CARTESIAN_POINT('',(0.00988938727621437,-0.007,-0.00341276639852929));
#2476=CARTESIAN_POINT('',(0.00995898227653797,-0.007,-0.00352533122347622));
#2477=CARTESIAN_POINT('',(0.0100279744792173,-0.007,-0.00364207877405093));
#2478=CARTESIAN_POINT('',(0.0100962247203275,-0.007,-0.00376302768616833));
#2479=CARTESIAN_POINT('',(0.0101635882568148,-0.007,-0.00388819822177927));
#2480=CARTESIAN_POINT('',(0.0102299367859926,-0.007,-0.00401758551490075));
#2481=CARTESIAN_POINT('',(0.0102950753511121,-0.007,-0.0041512609765861));
#2482=CARTESIAN_POINT('',(0.0103449324386799,-0.007,-0.00425858104683544));
#2483=CARTESIAN_POINT('',(0.0103728762320144,-0.007,-0.00432152826264819));
#2484=CARTESIAN_POINT('',(0.0103800606953054,-0.007,-0.0043378381668306));
#2485=CARTESIAN_POINT('',(0.00638430683463603,-0.007,-0.00134081117944613));
#2486=CARTESIAN_POINT('',(0.0065834427309616,-0.007,-0.000391403081346939));
#2487=CARTESIAN_POINT('',(0.00561508516593422,-0.007,-0.000333831663126068));
#2488=CARTESIAN_POINT('',(2.25514051876985E-17,-0.007,-6.50521303491303E-19));
#2489=CARTESIAN_POINT('',(0.00561508516593422,-0.007,0.000333831663126068));
#2490=CARTESIAN_POINT('',(0.0065834427309616,-0.007,0.000391403081346939));
#2491=CARTESIAN_POINT('',(0.00638430683463603,-0.007,0.00134081117944614));
#2492=CARTESIAN_POINT('',(0.00550485378393215,-0.007,0.00115637788699364));
#2493=CARTESIAN_POINT('',(0.00671847370919277,-0.007,0.00141087120420488));
#2494=CARTESIAN_POINT('',(0.00798534753170519,-0.007,0.00167653174163386));
#2495=CARTESIAN_POINT('',(0.00800009070336195,-0.007,0.00168070044564824));
#2496=CARTESIAN_POINT('',(0.00800920709021663,-0.007,0.00168304296764299));
#2497=CARTESIAN_POINT('',(0.0080197761493309,-0.007,0.00168607661875413));
#2498=CARTESIAN_POINT('',(0.00803397353590698,-0.007,0.00169041055791317));
#2499=CARTESIAN_POINT('',(0.00805100560861112,-0.007,0.00169600397516854));
#2500=CARTESIAN_POINT('',(0.0080710630173635,-0.007,0.00170303092053066));
#2501=CARTESIAN_POINT('',(0.00809402065924743,-0.007,0.00171159576281043));
#2502=CARTESIAN_POINT('',(0.00811984578875144,-0.007,0.00172182236725144));
#2503=CARTESIAN_POINT('',(0.00814847330784958,-0.007,0.00173382670450097));
#2504=CARTESIAN_POINT('',(0.00817984312743926,-0.007,0.00174772491901201));
#2505=CARTESIAN_POINT('',(0.00821388917848523,-0.007,0.001763630820188));
#2506=CARTESIAN_POINT('',(0.00825054267199109,-0.007,0.0017816564916764));
#2507=CARTESIAN_POINT('',(0.00828973121487166,-0.007,0.00180191199476876));
#2508=CARTESIAN_POINT('',(0.00833137912794937,-0.007,0.00182450533558622));
#2509=CARTESIAN_POINT('',(0.0083754074229709,-0.007,0.00184954235849118));
#2510=CARTESIAN_POINT('',(0.00842173388031215,-0.007,0.00187712666240503));
#2511=CARTESIAN_POINT('',(0.00847027310123905,-0.007,0.00190735951249165));
#2512=CARTESIAN_POINT('',(0.00852093657033359,-0.007,0.00194033975505411));
#2513=CARTESIAN_POINT('',(0.00857363271791287,-0.007,0.00197616373347729));
#2514=CARTESIAN_POINT('',(0.00862826698521944,-0.007,0.00201492520588166));
#2515=CARTESIAN_POINT('',(0.0086847418915322,-0.007,0.00205671526436048));
#2516=CARTESIAN_POINT('',(0.00874295710337274,-0.007,0.00210162225589573));
#2517=CARTESIAN_POINT('',(0.00880280950569857,-0.007,0.00214973170498648));
#2518=CARTESIAN_POINT('',(0.00886419327505584,-0.007,0.0022011262380397));
#2519=CARTESIAN_POINT('',(0.00892699995464195,-0.007,0.00225588550956893));
#2520=CARTESIAN_POINT('',(0.00899111853123442,-0.007,0.00231408613024602));
#2521=CARTESIAN_POINT('',(0.00905643551394032,-0.007,0.00237580159685065));
#2522=CARTESIAN_POINT('',(0.00912283501472019,-0.007,0.00244110222416083));
#2523=CARTESIAN_POINT('',(0.00919019883063958,-0.007,0.00251005507882738));
#2524=CARTESIAN_POINT('',(0.00925840652780067,-0.007,0.00258272391527319));
#2525=CARTESIAN_POINT('',(0.00932733552690458,-0.007,0.00265916911365927));
#2526=CARTESIAN_POINT('',(0.00939686119039857,-0.007,0.00273944761995211));
#2527=CARTESIAN_POINT('',(0.00946685691114367,-0.007,0.00282361288814824));
#2528=CARTESIAN_POINT('',(0.00953719420260618,-0.007,0.00291171482462617));
#2529=CARTESIAN_POINT('',(0.0096077427903123,-0.007,0.00300379973491656));
#2530=CARTESIAN_POINT('',(0.00967837070531012,-0.007,0.00309991027195317));
#2531=CARTESIAN_POINT('',(0.00974894437654687,-0.007,0.00320008538954308));
#2532=CARTESIAN_POINT('',(0.00981932873368166,-0.007,0.00330436028697631));
#2533=CARTESIAN_POINT('',(0.00988938727621437,-0.007,0.00341276639852929));
#2534=CARTESIAN_POINT('',(0.00995898227653797,-0.007,0.00352533122347622));
#2535=CARTESIAN_POINT('',(0.0100279744792173,-0.007,0.00364207877405093));
#2536=CARTESIAN_POINT('',(0.0100962247203275,-0.007,0.00376302768616833));
#2537=CARTESIAN_POINT('',(0.0101635882568148,-0.007,0.00388819822177927));
#2538=CARTESIAN_POINT('',(0.0102299367859926,-0.007,0.00401758551490075));
#2539=CARTESIAN_POINT('',(0.0102950753511121,-0.007,0.0041512609765861));
#2540=CARTESIAN_POINT('',(0.0103449324386799,-0.007,0.00425858104683544));
#2541=CARTESIAN_POINT('',(0.0103728762320144,-0.007,0.00432152826264819));
#2542=CARTESIAN_POINT('',(0.0103800606953054,-0.007,0.0043378381668306));
#2543=CARTESIAN_POINT('',(0.0103800606953054,-0.007,0.0043378381668306));
#2544=CARTESIAN_POINT('',(0.,-0.007,6.88863824520386E-19));
#2545=CARTESIAN_POINT('',(0.00986332043087714,-0.007,0.00541086038238628));
#2546=CARTESIAN_POINT('',(0.00433631283268665,-0.007,0.00358287817502593));
#2547=CARTESIAN_POINT('',(0.00529196336689267,-0.007,0.00437305045242277));
#2548=CARTESIAN_POINT('',(0.00628954804728231,-0.007,0.00519789565533432));
#2549=CARTESIAN_POINT('',(0.00630199948849688,-0.007,0.00520682318664707));
#2550=CARTESIAN_POINT('',(0.00630951492017444,-0.007,0.00521249012632206));
#2551=CARTESIAN_POINT('',(0.00631847642469294,-0.007,0.00521886189894747));
#2552=CARTESIAN_POINT('',(0.00633071676051381,-0.007,0.00522725969587388));
#2553=CARTESIAN_POINT('',(0.00634570919385419,-0.007,0.0052370884679094));
#2554=CARTESIAN_POINT('',(0.0063637086707727,-0.007,0.00524838875275723));
#2555=CARTESIAN_POINT('',(0.00638471878969875,-0.007,0.00526099766812936));
#2556=CARTESIAN_POINT('',(0.00640881597588691,-0.007,0.00527481238383779));
#2557=CARTESIAN_POINT('',(0.00643605031088497,-0.007,0.00528970969768051));
#2558=CARTESIAN_POINT('',(0.00646647513514011,-0.007,0.00530557021522339));
#2559=CARTESIAN_POINT('',(0.00650013823505725,-0.007,0.00532227132261224));
#2560=CARTESIAN_POINT('',(0.0065370843519229,-0.007,0.00533968935543289));
#2561=CARTESIAN_POINT('',(0.00657735439876948,-0.007,0.00535769909239936));
#2562=CARTESIAN_POINT('',(0.00662098563298735,-0.007,0.005376174024433));
#2563=CARTESIAN_POINT('',(0.00666801155866087,-0.007,0.00539498640315008));
#2564=CARTESIAN_POINT('',(0.0067184619095912,-0.007,0.00541400735378902));
#2565=CARTESIAN_POINT('',(0.00677236261283173,-0.007,0.00543310697113401));
#2566=CARTESIAN_POINT('',(0.00682973576107374,-0.007,0.00545215442138265));
#2567=CARTESIAN_POINT('',(0.00689059958584516,-0.007,0.00547101804335605));
#2568=CARTESIAN_POINT('',(0.00695496843377538,-0.007,0.00548956545080875));
#2569=CARTESIAN_POINT('',(0.00702285274529523,-0.007,0.00550766363525288));
#2570=CARTESIAN_POINT('',(0.00709425903595604,-0.007,0.00552517906937397));
#2571=CARTESIAN_POINT('',(0.00716918988032628,-0.007,0.00554197781093252));
#2572=CARTESIAN_POINT('',(0.00724764389848794,-0.007,0.00555792560709861));
#2573=CARTESIAN_POINT('',(0.00732961574513705,-0.007,0.00557288799915263));
#2574=CARTESIAN_POINT('',(0.00741509610129669,-0.007,0.00558673042748965));
#2575=CARTESIAN_POINT('',(0.0075040716686487,-0.007,0.005599318336864));
#2576=CARTESIAN_POINT('',(0.00759652516648948,-0.007,0.00561051728181099));
#2577=CARTESIAN_POINT('',(0.00769243533131385,-0.007,0.00562019303218231));
#2578=CARTESIAN_POINT('',(0.00779177691902972,-0.007,0.00562821167873259));
#2579=CARTESIAN_POINT('',(0.00789452070980508,-0.007,0.00563443973869225));
#2580=CARTESIAN_POINT('',(0.0080006335155463,-0.007,0.0056387442612693));
#2581=CARTESIAN_POINT('',(0.00811007819001072,-0.007,0.00564099293299486));
#2582=CARTESIAN_POINT('',(0.00822281364153281,-0.007,0.00564105418293378));
#2583=CARTESIAN_POINT('',(0.00833879484842838,-0.007,0.00563879728737494));
#2584=CARTESIAN_POINT('',(0.00845797287680819,-0.007,0.00563409247516783));
#2585=CARTESIAN_POINT('',(0.00858029490179577,-0.007,0.00562681102895676));
#2586=CARTESIAN_POINT('',(0.00870570422832412,-0.007,0.00561682540009853));
#2587=CARTESIAN_POINT('',(0.00883414032603042,-0.007,0.00560400926925398));
#2588=CARTESIAN_POINT('',(0.00896553882295454,-0.007,0.00558823781112693));
#2589=CARTESIAN_POINT('',(0.00909983166827324,-0.007,0.00556938718005114));
#2590=CARTESIAN_POINT('',(0.00923694666484347,-0.007,0.005547336953986));
#2591=CARTESIAN_POINT('',(0.00937680940827847,-0.007,0.00552196133513555));
#2592=CARTESIAN_POINT('',(0.00951933609878284,-0.007,0.00549316304631087));
#2593=CARTESIAN_POINT('',(0.0096644610142216,-0.007,0.00546074514012449));
#2594=CARTESIAN_POINT('',(0.00977945260949213,-0.007,0.00543281201147395));
#2595=CARTESIAN_POINT('',(0.00984608939471758,-0.007,0.00541541240172781));
#2596=CARTESIAN_POINT('',(0.00986332043087714,-0.007,0.00541086038238628));
#2597=CARTESIAN_POINT('',(0.00502883859546866,-0.007,0.00415546998045141));
#2598=CARTESIAN_POINT('',(0.0044107206552076,-0.007,0.00490310696045518));
#2599=CARTESIAN_POINT('',(0.00376194844160486,-0.007,0.00418190972196995));
#2600=CARTESIAN_POINT('',(1.45691691871998E-17,-0.007,1.72258051510168E-17));
#2601=CARTESIAN_POINT('',(0.00323994823345162,-0.007,0.00459819099696324));
#2602=CARTESIAN_POINT('',(0.00379869815254353,-0.007,0.00539117861972698));
#2603=CARTESIAN_POINT('',(0.0029322618111965,-0.007,0.00582743417365711));
#2604=CARTESIAN_POINT('',(0.00252812755732367,-0.007,0.00502485781429691));
#2605=CARTESIAN_POINT('',(0.00308583631658276,-0.007,0.00613237806753856));
#2606=CARTESIAN_POINT('',(0.00366801745334969,-0.007,0.00728849654213667));
#2607=CARTESIAN_POINT('',(0.0036739504464852,-0.007,0.00730262236232929));
#2608=CARTESIAN_POINT('',(0.00367780296327503,-0.007,0.00731121037915299));
#2609=CARTESIAN_POINT('',(0.0036820208599025,-0.007,0.00732136505283878));
#2610=CARTESIAN_POINT('',(0.00368748437556809,-0.007,0.00733516718350027));
#2611=CARTESIAN_POINT('',(0.00369373058949881,-0.007,0.00735197083276831));
#2612=CARTESIAN_POINT('',(0.00370074229219794,-0.007,0.00737203357515915));
#2613=CARTESIAN_POINT('',(0.0037083598844506,-0.007,0.0073953226741632));
#2614=CARTESIAN_POINT('',(0.00371646610801731,-0.007,0.00742188975702486));
#2615=CARTESIAN_POINT('',(0.00372492970543965,-0.007,0.0074517562345739));
#2616=CARTESIAN_POINT('',(0.00373362240638514,-0.007,0.00748494754214014));
#2617=CARTESIAN_POINT('',(0.00374241403770946,-0.007,0.00752148298387419));
#2618=CARTESIAN_POINT('',(0.0037511740796506,-0.007,0.00756137866138418));
#2619=CARTESIAN_POINT('',(0.0037597713464755,-0.007,0.00760464659756986));
#2620=CARTESIAN_POINT('',(0.00376807421040294,-0.007,0.00765129496478271));
#2621=CARTESIAN_POINT('',(0.00377595067060772,-0.007,0.00770132800040008));
#2622=CARTESIAN_POINT('',(0.00378326846709441,-0.007,0.00775474601540234));
#2623=CARTESIAN_POINT('',(0.00378989518233005,-0.007,0.00781154538016759));
#2624=CARTESIAN_POINT('',(0.00379569834670251,-0.007,0.00787171852021728));
#2625=CARTESIAN_POINT('',(0.00380054554315694,-0.007,0.0079352539126084));
#2626=CARTESIAN_POINT('',(0.00380430451222206,-0.007,0.0080021360855594));
#2627=CARTESIAN_POINT('',(0.00380684325699608,-0.007,0.00807234562056477));
#2628=CARTESIAN_POINT('',(0.00380803014812651,-0.007,0.00814585915719464));
#2629=CARTESIAN_POINT('',(0.00380773402869008,-0.007,0.00822264940051543));
#2630=CARTESIAN_POINT('',(0.00380582431891622,-0.007,0.00830268513114148));
#2631=CARTESIAN_POINT('',(0.00380217112068821,-0.007,0.00838593121790687));
#2632=CARTESIAN_POINT('',(0.00379664532175878,-0.007,0.00847234863315192));
#2633=CARTESIAN_POINT('',(0.0037891186996174,-0.007,0.00856189447061614));
#2634=CARTESIAN_POINT('',(0.00377946402494615,-0.007,0.00865452196592889));
#2635=CARTESIAN_POINT('',(0.00376755516460182,-0.007,0.00875018051968749));
#2636=CARTESIAN_POINT('',(0.00375326718406237,-0.007,0.00884881572311157));
#2637=CARTESIAN_POINT('',(0.00373647644927424,-0.007,0.00895036938626081));
#2638=CARTESIAN_POINT('',(0.00371706072784496,-0.007,0.00905477956880193));
#2639=CARTESIAN_POINT('',(0.00369489928949718,-0.007,0.00916198061330948));
#2640=CARTESIAN_POINT('',(0.00366987300580957,-0.007,0.0092719031810844));
#2641=CARTESIAN_POINT('',(0.0036418644488546,-0.007,0.00938447429046783));
#2642=CARTESIAN_POINT('',(0.00361075798993017,-0.007,0.00949961735764769));
#2643=CARTESIAN_POINT('',(0.00357643989353428,-0.007,0.00961725223987125));
#2644=CARTESIAN_POINT('',(0.00353879842477378,-0.007,0.00973729528129198));
#2645=CARTESIAN_POINT('',(0.00349772390067194,-0.007,0.00985965936047232));
#2646=CARTESIAN_POINT('',(0.00345310894967206,-0.007,0.00998425394315011));
#2647=CARTESIAN_POINT('',(0.00340484797391006,-0.007,0.010110985126425));
#2648=CARTESIAN_POINT('',(0.00335283963595301,-0.007,0.010239755726862));
#2649=CARTESIAN_POINT('',(0.00329697784855198,-0.007,0.0103704652129048));
#2650=CARTESIAN_POINT('',(0.00323718642066898,-0.007,0.0105030102395828));
#2651=CARTESIAN_POINT('',(0.00317328796734962,-0.007,0.0106372829076356));
#2652=CARTESIAN_POINT('',(0.00312046714337692,-0.007,0.0107431757176555));
#2653=CARTESIAN_POINT('',(0.00308867569849013,-0.007,0.0108042700021387));
#2654=CARTESIAN_POINT('',(0.00308040354151802,-0.007,0.0108200561006512));
#2655=CARTESIAN_POINT('',(0.00308040354151802,-0.007,0.0108200561006512));
#2656=CARTESIAN_POINT('',(0.,-0.007,6.88863824520386E-19));
#2657=CARTESIAN_POINT('',(0.0019192987069282,-0.007,0.0110850707022292));
#2658=CARTESIAN_POINT('',(-9.756012623359E-5,-0.007,0.00562415389385544));
#2659=CARTESIAN_POINT('',(-0.000119503327057601,-0.007,0.00686397592440352));
#2660=CARTESIAN_POINT('',(-0.000142409400143131,-0.007,0.00815820160608739));
#2661=CARTESIAN_POINT('',(-0.000141625878568427,-0.007,0.00817350275956033));
#2662=CARTESIAN_POINT('',(-0.000141370675408061,-0.007,0.00818291183974529));
#2663=CARTESIAN_POINT('',(-0.000140764921169139,-0.007,0.00819389096135983));
#2664=CARTESIAN_POINT('',(-0.000139698858633938,-0.007,0.00820869678200227));
#2665=CARTESIAN_POINT('',(-0.000138035672752541,-0.007,0.00822654647751552));
#2666=CARTESIAN_POINT('',(-0.000135648100909945,-0.007,0.00824766464759909));
#2667=CARTESIAN_POINT('',(-0.000132406553021415,-0.007,0.00827195255017289));
#2668=CARTESIAN_POINT('',(-0.000128182982841807,-0.007,0.00829940582333348));
#2669=CARTESIAN_POINT('',(-0.000122849841676558,-0.007,0.00832998680709506));
#2670=CARTESIAN_POINT('',(-0.000116280525973392,-0.007,0.00836366276348647));
#2671=CARTESIAN_POINT('',(-0.000108349378024791,-0.007,0.00840039460493586));
#2672=CARTESIAN_POINT('',(-9.89318173626158E-5,-0.007,0.00844014020808848));
#2673=CARTESIAN_POINT('',(-8.79044331847578E-5,-0.007,0.00848285348584635));
#2674=CARTESIAN_POINT('',(-7.51450871077657E-5,-0.007,0.00852848469008983));
#2675=CARTESIAN_POINT('',(-6.0533011968482E-5,-0.007,0.00857698036555239));
#2676=CARTESIAN_POINT('',(-4.39489106992186E-5,-0.007,0.00862828340695632));
#2677=CARTESIAN_POINT('',(-2.52750540591403E-5,-0.007,0.00868233309031094));
#2678=CARTESIAN_POINT('',(-4.3953774948452E-6,-0.007,0.00873906511483628));
#2679=CARTESIAN_POINT('',(1.88044230200692E-5,-0.007,0.00879841164511253));
#2680=CARTESIAN_POINT('',(4.44367961972806E-5,-0.007,0.00886030135631226));
#2681=CARTESIAN_POINT('',(7.26122417621725E-5,-0.007,0.00892465948165721));
#2682=CARTESIAN_POINT('',(0.000103439217952783,-0.007,0.00899140786229173));
#2683=CARTESIAN_POINT('',(0.000137024050245968,-0.007,0.0090604649994741));
#2684=CARTESIAN_POINT('',(0.00017347084136597,-0.007,0.00913174610907069));
#2685=CARTESIAN_POINT('',(0.000212881382630362,-0.007,0.0092051631783141));
#2686=CARTESIAN_POINT('',(0.000255355066687461,-0.007,0.00928062502479338));
#2687=CARTESIAN_POINT('',(0.000300988801698709,-0.007,0.00935803735764127));
#2688=CARTESIAN_POINT('',(0.00034987692701862,-0.007,0.0094373028408835));
#2689=CARTESIAN_POINT('',(0.000402111130424411,-0.007,0.00951832115891374));
#2690=CARTESIAN_POINT('',(0.000457780366945912,-0.007,0.00960098908405717));
#2691=CARTESIAN_POINT('',(0.000516970779347498,-0.007,0.00968520054618367));
#2692=CARTESIAN_POINT('',(0.000579765620306036,-0.007,0.00977084670433383));
#2693=CARTESIAN_POINT('',(0.000646245176353575,-0.007,0.0098578160203072));
#2694=CARTESIAN_POINT('',(0.000716486693554988,-0.007,0.0099459943342097));
#2695=CARTESIAN_POINT('',(0.000790564305262181,-0.007,0.0100352649417705));
#2696=CARTESIAN_POINT('',(0.000868548960865246,-0.007,0.0101255086739455));
#2697=CARTESIAN_POINT('',(0.000950508359873423,-0.007,0.0102166039766247));
#2698=CARTESIAN_POINT('',(0.00103650687503543,-0.007,0.0103084269985414));
#2699=CARTESIAN_POINT('',(0.00112660552672353,-0.007,0.0104008516563326));
#2700=CARTESIAN_POINT('',(0.00122086177202345,-0.007,0.0104937497946742));
#2701=CARTESIAN_POINT('',(0.00131933000838169,-0.007,0.0105869909927802));
#2702=CARTESIAN_POINT('',(0.00142205937135838,-0.007,0.010680443722737));
#2703=CARTESIAN_POINT('',(0.00152910182325448,-0.007,0.0107739713792098));
#2704=CARTESIAN_POINT('',(0.00164048117012099,-0.007,0.0108674477935449));
#2705=CARTESIAN_POINT('',(0.00175631041454486,-0.007,0.0109606987874206));
#2706=CARTESIAN_POINT('',(0.00184984550087833,-0.007,0.0110331868159747));
#2707=CARTESIAN_POINT('',(0.00190499641957724,-0.007,0.0110744370733214));
#2708=CARTESIAN_POINT('',(0.0019192987069282,-0.007,0.0110850707022292));
#2709=CARTESIAN_POINT('',(-0.000113447675699421,-0.007,0.00652259748892927));
#2710=CARTESIAN_POINT('',(-0.00108336403622238,-0.007,0.0065054774558797));
#2711=CARTESIAN_POINT('',(-0.000924012189016244,-0.007,0.00554858779101038));
#2712=CARTESIAN_POINT('',(-4.38394836815136E-18,-0.007,2.21307489844206E-17));
#2713=CARTESIAN_POINT('',(-0.00157493580171961,-0.007,0.00540001872408437));
#2714=CARTESIAN_POINT('',(-0.00184654361406058,-0.007,0.0063312866974503));
#2715=CARTESIAN_POINT('',(-0.00272783616331436,-0.007,0.00592588037711043));
#2716=CARTESIAN_POINT('',(-0.00235233028435347,-0.007,0.00510951731901493));
#2717=CARTESIAN_POINT('',(-0.00287049876200344,-0.007,0.00623607916830004));
#2718=CARTESIAN_POINT('',(-0.00341140458129844,-0.007,0.00741207478817585));
#2719=CARTESIAN_POINT('',(-0.00341874943152623,-0.007,0.00742552069382744));
#2720=CARTESIAN_POINT('',(-0.00342306180852102,-0.007,0.00743388725364824));
#2721=CARTESIAN_POINT('',(-0.00342837123657023,-0.007,0.00744351627350569));
#2722=CARTESIAN_POINT('',(-0.00343575573054673,-0.007,0.00745639330976936));
#2723=CARTESIAN_POINT('',(-0.00344499890187881,-0.007,0.00747175370041927));
#2724=CARTESIAN_POINT('',(-0.00345631286037804,-0.007,0.00748974458561316));
#2725=CARTESIAN_POINT('',(-0.00346977152009347,-0.007,0.0075102207747804));
#2726=CARTESIAN_POINT('',(-0.00348548835414662,-0.007,0.00753312278079815));
#2727=CARTESIAN_POINT('',(-0.00350356193988501,-0.007,0.00755836133188715));
#2728=CARTESIAN_POINT('',(-0.00352409213869445,-0.007,0.00758585200093192));
#2729=CARTESIAN_POINT('',(-0.00354717520479561,-0.007,0.00761550505041111));
#2730=CARTESIAN_POINT('',(-0.00357290510467315,-0.007,0.00764722847505415));
#2731=CARTESIAN_POINT('',(-0.00360137303117535,-0.007,0.00768092720588029));
#2732=CARTESIAN_POINT('',(-0.00363266744228311,-0.007,0.00771650342752398));
#2733=CARTESIAN_POINT('',(-0.00366687395207978,-0.007,0.00775385657954595));
#2734=CARTESIAN_POINT('',(-0.00370407526645797,-0.007,0.00779288345081099));
#2735=CARTESIAN_POINT('',(-0.00374435110864638,-0.007,0.00783347825009074));
#2736=CARTESIAN_POINT('',(-0.00378777815013145,-0.007,0.00787553268586187));
#2737=CARTESIAN_POINT('',(-0.00383442994259684,-0.007,0.00791893604586461));
#2738=CARTESIAN_POINT('',(-0.0038843768521482,-0.007,0.00796357527898244));
#2739=CARTESIAN_POINT('',(-0.00393768599550872,-0.007,0.00800933507864181));
#2740=CARTESIAN_POINT('',(-0.00399442117831778,-0.007,0.00805609796788114));
#2741=CARTESIAN_POINT('',(-0.0040546428355411,-0.007,0.00810374438597592));
#2742=CARTESIAN_POINT('',(-0.00411840797403538,-0.007,0.00815215277658201));
#2743=CARTESIAN_POINT('',(-0.00418577011730016,-0.007,0.00820119967733851));
#2744=CARTESIAN_POINT('',(-0.00425677925245188,-0.007,0.00825075981087798));
#2745=CARTESIAN_POINT('',(-0.00433148177945298,-0.007,0.00830070617718905));
#2746=CARTESIAN_POINT('',(-0.00440992046262843,-0.007,0.00835091014727729));
#2747=CARTESIAN_POINT('',(-0.00449213438450071,-0.007,0.00840124155806882));
#2748=CARTESIAN_POINT('',(-0.0045781589019728,-0.007,0.00845156880850137));
#2749=CARTESIAN_POINT('',(-0.00466802560488893,-0.007,0.00850175895674519));
#2750=CARTESIAN_POINT('',(-0.0047617622769967,-0.007,0.00855167781850154));
#2751=CARTESIAN_POINT('',(-0.00485939285935053,-0.007,0.00860119006630353));
#2752=CARTESIAN_POINT('',(-0.00496093741612834,-0.007,0.00865015932982918));
#2753=CARTESIAN_POINT('',(-0.00506641210308686,-0.007,0.00869844829690777));
#2754=CARTESIAN_POINT('',(-0.00517582913790733,-0.007,0.00874591881615393));
#2755=CARTESIAN_POINT('',(-0.00528919677538816,-0.007,0.00879243199738249));
#2756=CARTESIAN_POINT('',(-0.00540651927632126,-0.007,0.00883784832416913));
#2757=CARTESIAN_POINT('',(-0.00552779691264136,-0.007,0.0088820277235817));
#2758=CARTESIAN_POINT('',(-0.00565302584688267,-0.007,0.00892482980196767));
#2759=CARTESIAN_POINT('',(-0.00578219850199274,-0.007,0.00896611345209168));
#2760=CARTESIAN_POINT('',(-0.00591530207975859,-0.007,0.00900573885227776));
#2761=CARTESIAN_POINT('',(-0.00605232412576221,-0.007,0.00904356037977456));
#2762=CARTESIAN_POINT('',(-0.00619323134598726,-0.007,0.00907945403149475));
#2763=CARTESIAN_POINT('',(-0.00633804997910505,-0.007,0.00911321384820793));
#2764=CARTESIAN_POINT('',(-0.00645377355681839,-0.007,0.00913793995223376));
#2765=CARTESIAN_POINT('',(-0.00652136063349945,-0.007,0.00915117606307522));
#2766=CARTESIAN_POINT('',(-0.00653886030781336,-0.007,0.00915455110176019));
#2767=CARTESIAN_POINT('',(-0.00653886030781336,-0.007,0.00915455110176019));
#2768=CARTESIAN_POINT('',(0.,-0.007,6.88863824520386E-19));
#2769=CARTESIAN_POINT('',(-0.00746999408989638,-0.007,0.00841199668905956));
#2770=CARTESIAN_POINT('',(-0.00445796832023604,-0.007,0.00343032701877997));
#2771=CARTESIAN_POINT('',(-0.00544098157830987,-0.007,0.00418618752571617));
#2772=CARTESIAN_POINT('',(-0.00646712966463843,-0.007,0.00497521535047175));
#2773=CARTESIAN_POINT('',(-0.00647860407043028,-0.007,0.00498536804545309));
#2774=CARTESIAN_POINT('',(-0.00648580126897206,-0.007,0.00499143403685848));
#2775=CARTESIAN_POINT('',(-0.00649400741030975,-0.007,0.00499875300495315));
#2776=CARTESIAN_POINT('',(-0.00650491838789294,-0.007,0.00500881776438415));
#2777=CARTESIAN_POINT('',(-0.00651783686236203,-0.007,0.00502124719858622));
#2778=CARTESIAN_POINT('',(-0.00653285908589041,-0.007,0.00503628084110044));
#2779=CARTESIAN_POINT('',(-0.00654982706071499,-0.007,0.00505395844485493));
#2780=CARTESIAN_POINT('',(-0.00656865754103431,-0.007,0.00507437740083303));
#2781=CARTESIAN_POINT('',(-0.00658924155777556,-0.007,0.00509761395000262));
#2782=CARTESIAN_POINT('',(-0.00661147457933847,-0.007,0.00512374666321551));
#2783=CARTESIAN_POINT('',(-0.00663524769952963,-0.007,0.00515284941292102));
#2784=CARTESIAN_POINT('',(-0.00666045031033278,-0.007,0.00518499333656915));
#2785=CARTESIAN_POINT('',(-0.00668696943402721,-0.007,0.00522024618577466));
#2786=CARTESIAN_POINT('',(-0.0067146900239303,-0.007,0.0052586724347257));
#2787=CARTESIAN_POINT('',(-0.00674349498993715,-0.007,0.00530033317417894));
#2788=CARTESIAN_POINT('',(-0.00677326530483873,-0.007,0.00534528606977937));
#2789=CARTESIAN_POINT('',(-0.00680388008972634,-0.007,0.00539358530516498));
#2790=CARTESIAN_POINT('',(-0.00683521670716045,-0.007,0.00544528153237704));
#2791=CARTESIAN_POINT('',(-0.00686715085387946,-0.007,0.00550042182320952));
#2792=CARTESIAN_POINT('',(-0.00689955665526283,-0.007,0.00555904962330285));
#2793=CARTESIAN_POINT('',(-0.0069323067608376,-0.007,0.00562120470849737));
#2794=CARTESIAN_POINT('',(-0.00696527244094444,-0.007,0.00568692314360869));
#2795=CARTESIAN_POINT('',(-0.0069983236844508,-0.007,0.00575623724360768));
#2796=CARTESIAN_POINT('',(-0.00703132929746487,-0.007,0.00582917553723888));
#2797=CARTESIAN_POINT('',(-0.00706415700298582,-0.007,0.00590576273309611));
#2798=CARTESIAN_POINT('',(-0.00709667354143152,-0.007,0.00598601968817761));
#2799=CARTESIAN_POINT('',(-0.00712874477198305,-0.007,0.00606996337894076));
#2800=CARTESIAN_POINT('',(-0.00716023577468591,-0.007,0.00615760687487564));
#2801=CARTESIAN_POINT('',(-0.00719101095324684,-0.007,0.00624895931461553));
#2802=CARTESIAN_POINT('',(-0.00722093413846586,-0.007,0.00634402588460075));
#2803=CARTESIAN_POINT('',(-0.00724986869224083,-0.007,0.00644280780031207));
#2804=CARTESIAN_POINT('',(-0.00727767761208807,-0.007,0.00654530229008503));
#2805=CARTESIAN_POINT('',(-0.00730422363609702,-0.007,0.00665150258152751));
#2806=CARTESIAN_POINT('',(-0.00732936934833478,-0.007,0.00676139789051521));
#2807=CARTESIAN_POINT('',(-0.00735297728433937,-0.007,0.00687497341291382));
#2808=CARTESIAN_POINT('',(-0.00737491003777923,-0.007,0.00699221031850652));
#2809=CARTESIAN_POINT('',(-0.00739503036387067,-0.007,0.00711308574915295));
#2810=CARTESIAN_POINT('',(-0.00741320129604201,-0.007,0.00723757281349303));
#2811=CARTESIAN_POINT('',(-0.0074292862127708,-0.007,0.00736564060748385));
#2812=CARTESIAN_POINT('',(-0.00744314909428294,-0.007,0.0074972541493462));
#2813=CARTESIAN_POINT('',(-0.00745465405724888,-0.007,0.00763237465268637));
#2814=CARTESIAN_POINT('',(-0.00746366763348427,-0.007,0.00777095852691936));
#2815=CARTESIAN_POINT('',(-0.00747005062267293,-0.007,0.00791296122577479));
#2816=CARTESIAN_POINT('',(-0.00747368953935941,-0.007,0.00805832269670402));
#2817=CARTESIAN_POINT('',(-0.00747437774948759,-0.007,0.00820702269027979));
#2818=CARTESIAN_POINT('',(-0.00747273299986833,-0.007,0.00832534691205099));
#2819=CARTESIAN_POINT('',(-0.00747059771434997,-0.007,0.00839418475135653));
#2820=CARTESIAN_POINT('',(-0.00746999408989638,-0.007,0.00841199668905956));
#2821=CARTESIAN_POINT('',(-0.00517030553315499,-0.007,0.00397807605150216));
#2822=CARTESIAN_POINT('',(-0.00576165351177794,-0.007,0.00320909073947059));
#2823=CARTESIAN_POINT('',(-0.00491417279489445,-0.007,0.00273706608285575));
#2824=CARTESIAN_POINT('',(-2.0035863386035E-17,-0.007,1.03707874475467E-17));
#2825=CARTESIAN_POINT('',(-0.00520386105536039,-0.007,0.0021355222116624));
#2826=CARTESIAN_POINT('',(-0.00610130037665183,-0.007,0.00250380675728126));
#2827=CARTESIAN_POINT('',(-0.00633381786913242,-0.007,0.00156201779066918));
#2828=CARTESIAN_POINT('',(-0.00546143544311936,-0.007,0.00134660606735586));
#2829=CARTESIAN_POINT('',(-0.00666528972529728,-0.007,0.00164388546249898));
#2830=CARTESIAN_POINT('',(-0.00792196938625718,-0.007,0.00195420953994708));
#2831=CARTESIAN_POINT('',(-0.00793706125781909,-0.007,0.00195685048985551));
#2832=CARTESIAN_POINT('',(-0.00794629122076496,-0.007,0.00195869540248162));
#2833=CARTESIAN_POINT('',(-0.00795712986587721,-0.007,0.00196054792016186));
#2834=CARTESIAN_POINT('',(-0.00797180169491527,-0.007,0.0019628031910775));
#2835=CARTESIAN_POINT('',(-0.00798957395497076,-0.007,0.00196515363565503));
#2836=CARTESIAN_POINT('',(-0.00801069393315573,-0.007,0.00196752516015379));
#2837=CARTESIAN_POINT('',(-0.00803509419956691,-0.007,0.00196976945140315));
#2838=CARTESIAN_POINT('',(-0.00806279899463291,-0.007,0.00197176070292984));
#2839=CARTESIAN_POINT('',(-0.00809379998483707,-0.007,0.00197336618381616));
#2840=CARTESIAN_POINT('',(-0.0081280934249582,-0.007,0.00197445517984131));
#2841=CARTESIAN_POINT('',(-0.00816566916890191,-0.007,0.00197489648599582));
#2842=CARTESIAN_POINT('',(-0.00820651387119604,-0.007,0.00197455927197578));
#2843=CARTESIAN_POINT('',(-0.00825061006172931,-0.007,0.00197331296580145));
#2844=CARTESIAN_POINT('',(-0.00829793641801847,-0.007,0.00197102742135561));
#2845=CARTESIAN_POINT('',(-0.00834846769825407,-0.007,0.0019675730044442));
#2846=CARTESIAN_POINT('',(-0.00840217477500184,-0.007,0.00196282070190634));
#2847=CARTESIAN_POINT('',(-0.00845902464396897,-0.007,0.00195664222385997));
#2848=CARTESIAN_POINT('',(-0.0085189804433231,-0.007,0.00194891010746272));
#2849=CARTESIAN_POINT('',(-0.00858200147345874,-0.007,0.00193949781972782));
#2850=CARTESIAN_POINT('',(-0.00864804322000313,-0.007,0.00192827986000034));
#2851=CARTESIAN_POINT('',(-0.00871705737923936,-0.007,0.00191513186184041));
#2852=CARTESIAN_POINT('',(-0.00878899188614587,-0.007,0.00189993069430288));
#2853=CARTESIAN_POINT('',(-0.00886379094496899,-0.007,0.00188255456253648));
#2854=CARTESIAN_POINT('',(-0.00894139506232572,-0.007,0.001862883107645));
#2855=CARTESIAN_POINT('',(-0.00902174108281159,-0.007,0.00184079750574853));
#2856=CARTESIAN_POINT('',(-0.00910476222709396,-0.007,0.00181618056618471));
#2857=CARTESIAN_POINT('',(-0.00919038813246909,-0.007,0.00178891682879018));
#2858=CARTESIAN_POINT('',(-0.00927854489586009,-0.007,0.00175889266020312));
#2859=CARTESIAN_POINT('',(-0.00936915511923212,-0.007,0.00172599634912789));
#2860=CARTESIAN_POINT('',(-0.0094621379574,-0.007,0.00169011820050438));
#2861=CARTESIAN_POINT('',(-0.00955740916820164,-0.007,0.00165115062852274));
#2862=CARTESIAN_POINT('',(-0.0096548811650111,-0.007,0.00160898824843258));
#2863=CARTESIAN_POINT('',(-0.00975446307155759,-0.007,0.00156352796706831));
#2864=CARTESIAN_POINT('',(-0.00985606077904044,-0.007,0.00151466907211894));
#2865=CARTESIAN_POINT('',(-0.00995957700543123,-0.007,0.0014623133197671));
#2866=CARTESIAN_POINT('',(-0.0100649113572272,-0.007,0.00140636502186507));
#2867=CARTESIAN_POINT('',(-0.0101719603924915,-0.007,0.00134673112793755));
#2868=CARTESIAN_POINT('',(-0.0102806176894517,-0.007,0.00128332131969552));
#2869=CARTESIAN_POINT('',(-0.0103907739042281,-0.007,0.00121604805048714));
#2870=CARTESIAN_POINT('',(-0.0105023168800224,-0.007,0.00114482678655338));
#2871=CARTESIAN_POINT('',(-0.0106151315705407,-0.007,0.00106957547295016));
#2872=CARTESIAN_POINT('',(-0.0107291006792395,-0.007,0.000990216938334279));
#2873=CARTESIAN_POINT('',(-0.0108441025884646,-0.007,0.000906670125661446));
#2874=CARTESIAN_POINT('',(-0.0109600195902188,-0.007,0.000818883750581457));
#2875=CARTESIAN_POINT('',(-0.0110767070186355,-0.007,0.000726708885395262));
#2876=CARTESIAN_POINT('',(-0.0111681911357406,-0.007,0.000651649022774941));
#2877=CARTESIAN_POINT('',(-0.01122067939695,-0.007,0.00060705989854363));
#2878=CARTESIAN_POINT('',(-0.011234228976919,-0.007,0.000595482404433036));
#2879=CARTESIAN_POINT('',(-0.011234228976919,-0.007,0.000595482404433036));
#2880=CARTESIAN_POINT('',(0.,-0.007,6.88863824520386E-19));
#2881=CARTESIAN_POINT('',(-0.011234228976919,-0.007,-0.000595482404433034));
#2882=CARTESIAN_POINT('',(-0.00546143544311936,-0.007,-0.00134660606735586));
#2883=CARTESIAN_POINT('',(-0.00666528972529728,-0.007,-0.00164388546249897));
#2884=CARTESIAN_POINT('',(-0.00792196938625718,-0.007,-0.00195420953994708));
#2885=CARTESIAN_POINT('',(-0.00793706125781909,-0.007,-0.00195685048985551));
#2886=CARTESIAN_POINT('',(-0.00794629122076496,-0.007,-0.00195869540248162));
#2887=CARTESIAN_POINT('',(-0.00795712986587721,-0.007,-0.00196054792016186));
#2888=CARTESIAN_POINT('',(-0.00797180169491527,-0.007,-0.0019628031910775));
#2889=CARTESIAN_POINT('',(-0.00798957395497076,-0.007,-0.00196515363565503));
#2890=CARTESIAN_POINT('',(-0.00801069393315573,-0.007,-0.00196752516015379));
#2891=CARTESIAN_POINT('',(-0.00803509419956691,-0.007,-0.00196976945140315));
#2892=CARTESIAN_POINT('',(-0.00806279899463291,-0.007,-0.00197176070292984));
#2893=CARTESIAN_POINT('',(-0.00809379998483707,-0.007,-0.00197336618381616));
#2894=CARTESIAN_POINT('',(-0.0081280934249582,-0.007,-0.00197445517984131));
#2895=CARTESIAN_POINT('',(-0.00816566916890191,-0.007,-0.00197489648599582));
#2896=CARTESIAN_POINT('',(-0.00820651387119604,-0.007,-0.00197455927197578));
#2897=CARTESIAN_POINT('',(-0.00825061006172931,-0.007,-0.00197331296580145));
#2898=CARTESIAN_POINT('',(-0.00829793641801847,-0.007,-0.00197102742135561));
#2899=CARTESIAN_POINT('',(-0.00834846769825407,-0.007,-0.0019675730044442));
#2900=CARTESIAN_POINT('',(-0.00840217477500185,-0.007,-0.00196282070190634));
#2901=CARTESIAN_POINT('',(-0.00845902464396897,-0.007,-0.00195664222385997));
#2902=CARTESIAN_POINT('',(-0.00851898044332311,-0.007,-0.00194891010746272));
#2903=CARTESIAN_POINT('',(-0.00858200147345874,-0.007,-0.00193949781972782));
#2904=CARTESIAN_POINT('',(-0.00864804322000313,-0.007,-0.00192827986000034));
#2905=CARTESIAN_POINT('',(-0.00871705737923936,-0.007,-0.00191513186184041));
#2906=CARTESIAN_POINT('',(-0.00878899188614587,-0.007,-0.00189993069430287));
#2907=CARTESIAN_POINT('',(-0.00886379094496899,-0.007,-0.00188255456253647));
#2908=CARTESIAN_POINT('',(-0.00894139506232572,-0.007,-0.001862883107645));
#2909=CARTESIAN_POINT('',(-0.00902174108281159,-0.007,-0.00184079750574853));
#2910=CARTESIAN_POINT('',(-0.00910476222709397,-0.007,-0.00181618056618471));
#2911=CARTESIAN_POINT('',(-0.0091903881324691,-0.007,-0.00178891682879018));
#2912=CARTESIAN_POINT('',(-0.00927854489586009,-0.007,-0.00175889266020312));
#2913=CARTESIAN_POINT('',(-0.00936915511923212,-0.007,-0.00172599634912789));
#2914=CARTESIAN_POINT('',(-0.00946213795740001,-0.007,-0.00169011820050438));
#2915=CARTESIAN_POINT('',(-0.00955740916820164,-0.007,-0.00165115062852273));
#2916=CARTESIAN_POINT('',(-0.0096548811650111,-0.007,-0.00160898824843258));
#2917=CARTESIAN_POINT('',(-0.00975446307155759,-0.007,-0.00156352796706831));
#2918=CARTESIAN_POINT('',(-0.00985606077904044,-0.007,-0.00151466907211893));
#2919=CARTESIAN_POINT('',(-0.00995957700543123,-0.007,-0.0014623133197671));
#2920=CARTESIAN_POINT('',(-0.0100649113572272,-0.007,-0.00140636502186507));
#2921=CARTESIAN_POINT('',(-0.0101719603924915,-0.007,-0.00134673112793755));
#2922=CARTESIAN_POINT('',(-0.0102806176894517,-0.007,-0.00128332131969552));
#2923=CARTESIAN_POINT('',(-0.0103907739042281,-0.007,-0.00121604805048714));
#2924=CARTESIAN_POINT('',(-0.0105023168800224,-0.007,-0.00114482678655337));
#2925=CARTESIAN_POINT('',(-0.0106151315705407,-0.007,-0.00106957547295016));
#2926=CARTESIAN_POINT('',(-0.0107291006792395,-0.007,-0.000990216938334276));
#2927=CARTESIAN_POINT('',(-0.0108441025884646,-0.007,-0.000906670125661444));
#2928=CARTESIAN_POINT('',(-0.0109600195902188,-0.007,-0.000818883750581454));
#2929=CARTESIAN_POINT('',(-0.0110767070186355,-0.007,-0.000726708885395259));
#2930=CARTESIAN_POINT('',(-0.0111681911357406,-0.007,-0.000651649022774938));
#2931=CARTESIAN_POINT('',(-0.01122067939695,-0.007,-0.000607059898543627));
#2932=CARTESIAN_POINT('',(-0.011234228976919,-0.007,-0.000595482404433034));
#2933=CARTESIAN_POINT('',(-0.00633381786913241,-0.007,-0.00156201779066917));
#2934=CARTESIAN_POINT('',(-0.00610130037665183,-0.007,-0.00250380675728125));
#2935=CARTESIAN_POINT('',(-0.00520386105536039,-0.007,-0.0021355222116624));
#2936=CARTESIAN_POINT('',(-2.06003646171039E-17,-0.007,-9.19858856284075E-18));
#2937=CARTESIAN_POINT('',(0.,-0.007,6.88863824520386E-19));
#2938=CARTESIAN_POINT('',(-0.011234228976919,-0.007,-0.000595482404433034));
#2939=CARTESIAN_POINT('',(-0.011234228976919,-0.007,0.000595482404433036));
#2940=CARTESIAN_POINT('',(0.,-0.007,6.88863824520386E-19));
#2941=CARTESIAN_POINT('',(-0.00746999408989638,-0.007,0.00841199668905956));
#2942=CARTESIAN_POINT('',(-0.00653886030781336,-0.007,0.00915455110176019));
#2943=CARTESIAN_POINT('',(0.,-0.007,6.88863824520386E-19));
#2944=CARTESIAN_POINT('',(0.0019192987069282,-0.007,0.0110850707022292));
#2945=CARTESIAN_POINT('',(0.00308040354151802,-0.007,0.0108200561006512));
#2946=CARTESIAN_POINT('',(0.,-0.007,6.88863824520386E-19));
#2947=CARTESIAN_POINT('',(0.00986332043087714,-0.007,0.00541086038238628));
#2948=CARTESIAN_POINT('',(0.0103800606953054,-0.007,0.0043378381668306));
#2949=CARTESIAN_POINT('',(0.,-0.007,6.88863824520386E-19));
#2950=CARTESIAN_POINT('',(-0.00746999408989638,-0.007,-0.00841199668905956));
#2951=CARTESIAN_POINT('',(-0.00653886030781336,-0.007,-0.0091545511017602));
#2952=CARTESIAN_POINT('',(0.,-0.007,6.88863824520386E-19));
#2953=CARTESIAN_POINT('',(0.00191929870692821,-0.007,-0.0110850707022292));
#2954=CARTESIAN_POINT('',(0.00308040354151801,-0.007,-0.0108200561006512));
#2955=CARTESIAN_POINT('',(0.,-0.007,6.88863824520386E-19));
#2956=CARTESIAN_POINT('',(0.00986332043087714,-0.007,-0.00541086038238628));
#2957=CARTESIAN_POINT('',(0.0103800606953054,-0.007,-0.0043378381668306));
#2958=CARTESIAN_POINT('',(0.00638430683544632,-0.007,-0.00134081117961609));
#2959=CARTESIAN_POINT('',(0.00638430683544632,1.73472347597681E-18,-0.00134081117961609));
#2960=CARTESIAN_POINT('',(0.00668857514086004,-0.007,-0.00140463067077324));
#2961=CARTESIAN_POINT('',(0.00668857514086004,1.73472347597681E-18,-0.00140463067077324));
#2962=CARTESIAN_POINT('',(0.00725800423587571,-0.007,-0.00152411057449187));
#2963=CARTESIAN_POINT('',(0.00725800423587571,1.73472347597681E-18,-0.00152411057449187));
#2964=CARTESIAN_POINT('',(0.00775662729794582,-0.007,-0.00162888547757575));
#2965=CARTESIAN_POINT('',(0.00775662729794582,6.07153216591882E-18,-0.00162888547757575));
#2966=CARTESIAN_POINT('',(0.00797567418424304,-0.007,-0.00167524037251493));
#2967=CARTESIAN_POINT('',(0.00797567418424304,8.67361737988404E-19,-0.00167524037251493));
#2968=CARTESIAN_POINT('',(0.00800997355837346,-0.007,-0.00168263283748539));
#2969=CARTESIAN_POINT('',(0.00800997355837346,0.,-0.00168263283748539));
#2970=CARTESIAN_POINT('',(0.00804296951745572,-0.007,-0.00169295028912478));
#2971=CARTESIAN_POINT('',(0.00804296951745572,2.60208521396521E-18,-0.00169295028912478));
#2972=CARTESIAN_POINT('',(0.00810734553531376,-0.007,-0.00171615458928879));
#2973=CARTESIAN_POINT('',(0.00810734553531376,2.60208521396521E-18,-0.00171615458928879));
#2974=CARTESIAN_POINT('',(0.00820006048999093,-0.007,-0.00175577215258099));
#2975=CARTESIAN_POINT('',(0.00820006048999093,8.67361737988404E-19,-0.00175577215258099));
#2976=CARTESIAN_POINT('',(0.00833200037533958,-0.007,-0.0018222273843283));
#2977=CARTESIAN_POINT('',(0.00833200037533958,-8.67361737988404E-19,-0.0018222273843283));
#2978=CARTESIAN_POINT('',(0.00850315357976541,-0.007,-0.00192597494703001));
#2979=CARTESIAN_POINT('',(0.00850315357976541,4.33680868994202E-18,-0.00192597494703001));
#2980=CARTESIAN_POINT('',(0.00874240729468961,-0.007,-0.00209449182370819));
#2981=CARTESIAN_POINT('',(0.00874240729468961,2.60208521396521E-18,-0.00209449182370819));
#2982=CARTESIAN_POINT('',(0.0090519143631404,-0.007,-0.00235848075386913));
#2983=CARTESIAN_POINT('',(0.0090519143631404,-8.67361737988404E-19,-0.00235848075386913));
#2984=CARTESIAN_POINT('',(0.00942000861309466,-0.007,-0.00275242794675459));
#2985=CARTESIAN_POINT('',(0.00942000861309466,2.60208521396521E-18,-0.00275242794675459));
#2986=CARTESIAN_POINT('',(0.00988854895340797,-0.007,-0.00337145519324259));
#2987=CARTESIAN_POINT('',(0.00988854895340797,2.60208521396521E-18,-0.00337145519324259));
#2988=CARTESIAN_POINT('',(0.0102004514614485,-0.007,-0.00393009589355942));
#2989=CARTESIAN_POINT('',(0.0102004514614485,2.60208521396521E-18,-0.00393009589355942));
#2990=CARTESIAN_POINT('',(0.0103800606953054,-0.007,-0.0043378381668306));
#2991=CARTESIAN_POINT('',(0.0103800606953054,2.60208521396521E-18,-0.0043378381668306));
#2992=CARTESIAN_POINT('',(0.00638430683463882,-0.007,-0.00134081117944672));
#2993=CARTESIAN_POINT('',(0.00638430683544632,-0.007,0.00134081117961609));
#2994=CARTESIAN_POINT('',(0.00638430683544632,0.,0.00134081117961609));
#2995=CARTESIAN_POINT('',(0.00668857514086004,-0.007,0.00140463067077324));
#2996=CARTESIAN_POINT('',(0.00668857514086004,0.,0.00140463067077324));
#2997=CARTESIAN_POINT('',(0.00725800423587572,-0.007,0.00152411057449188));
#2998=CARTESIAN_POINT('',(0.00725800423587572,-3.46944695195361E-18,0.00152411057449188));
#2999=CARTESIAN_POINT('',(0.00775662729794582,-0.007,0.00162888547757575));
#3000=CARTESIAN_POINT('',(0.00775662729794582,3.46944695195361E-18,0.00162888547757575));
#3001=CARTESIAN_POINT('',(0.00797567418424303,-0.007,0.00167524037251493));
#3002=CARTESIAN_POINT('',(0.00797567418424303,2.60208521396521E-18,0.00167524037251493));
#3003=CARTESIAN_POINT('',(0.00800997355837347,-0.007,0.00168263283748539));
#3004=CARTESIAN_POINT('',(0.00800997355837347,0.,0.00168263283748539));
#3005=CARTESIAN_POINT('',(0.00804296951745572,-0.007,0.00169295028912478));
#3006=CARTESIAN_POINT('',(0.00804296951745572,8.67361737988404E-19,0.00169295028912478));
#3007=CARTESIAN_POINT('',(0.00810734553531376,-0.007,0.00171615458928879));
#3008=CARTESIAN_POINT('',(0.00810734553531376,8.67361737988404E-19,0.00171615458928879));
#3009=CARTESIAN_POINT('',(0.00820006048999093,-0.007,0.00175577215258099));
#3010=CARTESIAN_POINT('',(0.00820006048999093,-8.67361737988404E-19,0.00175577215258099));
#3011=CARTESIAN_POINT('',(0.00833200037533958,-0.007,0.0018222273843283));
#3012=CARTESIAN_POINT('',(0.00833200037533958,-2.60208521396521E-18,0.0018222273843283));
#3013=CARTESIAN_POINT('',(0.00850315357976541,-0.007,0.00192597494703001));
#3014=CARTESIAN_POINT('',(0.00850315357976541,2.60208521396521E-18,0.00192597494703001));
#3015=CARTESIAN_POINT('',(0.00874240729468961,-0.007,0.00209449182370819));
#3016=CARTESIAN_POINT('',(0.00874240729468961,8.67361737988404E-19,0.00209449182370819));
#3017=CARTESIAN_POINT('',(0.0090519143631404,-0.007,0.00235848075386913));
#3018=CARTESIAN_POINT('',(0.0090519143631404,-2.60208521396521E-18,0.00235848075386913));
#3019=CARTESIAN_POINT('',(0.00942000861309466,-0.007,0.00275242794675459));
#3020=CARTESIAN_POINT('',(0.00942000861309466,8.67361737988404E-19,0.00275242794675459));
#3021=CARTESIAN_POINT('',(0.00988854895340797,-0.007,0.00337145519324259));
#3022=CARTESIAN_POINT('',(0.00988854895340797,8.67361737988404E-19,0.00337145519324259));
#3023=CARTESIAN_POINT('',(0.0102004514614485,-0.007,0.00393009589355942));
#3024=CARTESIAN_POINT('',(0.0102004514614485,8.67361737988404E-19,0.00393009589355942));
#3025=CARTESIAN_POINT('',(0.0103800606953054,-0.007,0.0043378381668306));
#3026=CARTESIAN_POINT('',(0.0103800606953054,8.67361737988404E-19,0.0043378381668306));
#3027=CARTESIAN_POINT('',(0.00638430683463882,0.,0.00134081117944672));
#3028=CARTESIAN_POINT('',(2.25514051876985E-17,-0.007,-6.50521303491303E-19));
#3029=CARTESIAN_POINT('',(0.00561508516593422,-0.007,0.000333831663126068));
#3030=CARTESIAN_POINT('',(0.00561508516593422,-0.007,-0.000333831663126068));
#3031=CARTESIAN_POINT('',(0.0065834427309616,-0.0035,-0.000391403081346939));
#3032=CARTESIAN_POINT('',(0.0065834427309616,-0.0035,0.000391403081346939));
#3033=CARTESIAN_POINT('',(0.00293226181156883,-0.007,-0.00582743417439659));
#3034=CARTESIAN_POINT('',(0.00293226181156883,-1.90819582357449E-17,-0.00582743417439659));
#3035=CARTESIAN_POINT('',(0.00307207390964137,-0.007,-0.00610511151658253));
#3036=CARTESIAN_POINT('',(0.00307207390964137,-1.90819582357449E-17,-0.00610511151658253));
#3037=CARTESIAN_POINT('',(0.00333369399301581,-0.007,-0.00662480361159469));
#3038=CARTESIAN_POINT('',(0.00333369399301581,-1.64798730217797E-17,-0.00662480361159469));
#3039=CARTESIAN_POINT('',(0.00356266406938459,-0.007,-0.00707996890296925));
#3040=CARTESIAN_POINT('',(0.00356266406938459,-1.73472347597681E-17,-0.00707996890296925));
#3041=CARTESIAN_POINT('',(0.00366299585288987,-0.007,-0.00728012845907381));
#3042=CARTESIAN_POINT('',(0.00366299585288987,-1.38777878078145E-17,-0.00728012845907381));
#3043=CARTESIAN_POINT('',(0.00367860150102338,-0.007,-0.00731155391611762));
#3044=CARTESIAN_POINT('',(0.00367860150102338,-2.08166817117217E-17,-0.00731155391611762));
#3045=CARTESIAN_POINT('',(0.00369110763650319,-0.007,-0.00734378402160067));
#3046=CARTESIAN_POINT('',(0.00369110763650319,-1.47451495458029E-17,-0.00734378402160067));
#3047=CARTESIAN_POINT('',(0.0037131035747251,-0.007,-0.00740858286358954));
#3048=CARTESIAN_POINT('',(0.0037131035747251,-1.73472347597681E-17,-0.00740858286358954));
#3049=CARTESIAN_POINT('',(0.00373993614520559,-0.007,-0.00750577148073894));
#3050=CARTESIAN_POINT('',(0.00373993614520559,-1.99493199737333E-17,-0.00750577148073894));
#3051=CARTESIAN_POINT('',(0.00377024252582414,-0.007,-0.00765036039617233));
#3052=CARTESIAN_POINT('',(0.00377024252582414,-1.47451495458029E-17,-0.00765036039617233));
#3053=CARTESIAN_POINT('',(0.00379584169258956,-0.007,-0.00784885890702996));
#3054=CARTESIAN_POINT('',(0.00379584169258956,-1.90819582357449E-17,-0.00784885890702996));
#3055=CARTESIAN_POINT('',(0.00381326214438743,-0.007,-0.00814098354770506));
#3056=CARTESIAN_POINT('',(0.00381326214438743,-1.82145964977565E-17,-0.00814098354770506));
#3057=CARTESIAN_POINT('',(0.00379984178854681,-0.007,-0.00854756032362521));
#3058=CARTESIAN_POINT('',(0.00379984178854681,-1.64798730217797E-17,-0.00854756032362521));
#3059=CARTESIAN_POINT('',(0.00372134448168838,-0.007,-0.00908097005398988));
#3060=CARTESIAN_POINT('',(0.00372134448168838,-1.56125112837913E-17,-0.00908097005398988));
#3061=CARTESIAN_POINT('',(0.00352949961582331,-0.007,-0.00983324681811097));
#3062=CARTESIAN_POINT('',(0.00352949961582331,-1.73472347597681E-17,-0.00983324681811097));
#3063=CARTESIAN_POINT('',(0.00328720476186515,-0.007,-0.0104254087979091));
#3064=CARTESIAN_POINT('',(0.00328720476186515,-1.73472347597681E-17,-0.0104254087979091));
#3065=CARTESIAN_POINT('',(0.00308040354151801,-0.007,-0.0108200561006512));
#3066=CARTESIAN_POINT('',(0.00308040354151801,-1.73472347597681E-17,-0.0108200561006512));
#3067=CARTESIAN_POINT('',(0.00293226181119777,-0.007,-0.00582743417365965));
#3068=CARTESIAN_POINT('',(0.00502883859610674,-0.007,-0.00415546998097896));
#3069=CARTESIAN_POINT('',(0.00502883859610674,0.,-0.00415546998097896));
#3070=CARTESIAN_POINT('',(0.00526844286894279,-0.007,-0.00435356571937231));
#3071=CARTESIAN_POINT('',(0.00526844286894279,0.,-0.00435356571937231));
#3072=CARTESIAN_POINT('',(0.00571688925281619,-0.007,-0.00472426881139321));
#3073=CARTESIAN_POINT('',(0.00571688925281619,-4.33680868994202E-18,-0.00472426881139321));
#3074=CARTESIAN_POINT('',(0.00610969196479198,-0.007,-0.0050487819356407));
#3075=CARTESIAN_POINT('',(0.00610969196479198,1.73472347597681E-18,-0.0050487819356407));
#3076=CARTESIAN_POINT('',(0.00628250718075715,-0.007,-0.00519113788322365));
#3077=CARTESIAN_POINT('',(0.00628250718075715,8.67361737988404E-19,-0.00519113788322365));
#3078=CARTESIAN_POINT('',(0.00630967215258455,-0.007,-0.00521334508722808));
#3079=CARTESIAN_POINT('',(0.00630967215258455,-8.67361737988404E-19,-0.00521334508722808));
#3080=CARTESIAN_POINT('',(0.00633831130508541,-0.007,-0.00523270954095449));
#3081=CARTESIAN_POINT('',(0.00633831130508541,8.67361737988404E-19,-0.00523270954095449));
#3082=CARTESIAN_POINT('',(0.00639659094810103,-0.007,-0.0052685730939203));
#3083=CARTESIAN_POINT('',(0.00639659094810103,-1.73472347597681E-18,-0.0052685730939203));
#3084=CARTESIAN_POINT('',(0.00648537203506255,-0.007,-0.00531635941769532));
#3085=CARTESIAN_POINT('',(0.00648537203506255,8.67361737988404E-19,-0.00531635941769532));
#3086=CARTESIAN_POINT('',(0.00661959200039061,-0.007,-0.00537808001457952));
#3087=CARTESIAN_POINT('',(0.00661959200039061,-1.73472347597681E-18,-0.00537808001457952));
#3088=CARTESIAN_POINT('',(0.00680741738865507,-0.007,-0.0054472074308127));
#3089=CARTESIAN_POINT('',(0.00680741738865507,1.73472347597681E-18,-0.0054472074308127));
#3090=CARTESIAN_POINT('',(0.00708834143948132,-0.00700000000000001,-0.00552919496338795));
#3091=CARTESIAN_POINT('',(0.00708834143948132,-5.20417042793042E-18,-0.00552919496338795));
#3092=CARTESIAN_POINT('',(0.00748771079688645,-0.007,-0.0056065829277902));
#3093=CARTESIAN_POINT('',(0.00748771079688645,-8.67361737988404E-19,-0.0056065829277902));
#3094=CARTESIAN_POINT('',(0.00802521412568354,-0.007,-0.00564874854368496));
#3095=CARTESIAN_POINT('',(0.00802521412568354,0.,-0.00564874854368496));
#3096=CARTESIAN_POINT('',(0.00880131923943805,-0.007,-0.00562911095729022));
#3097=CARTESIAN_POINT('',(0.00880131923943805,0.,-0.00562911095729022));
#3098=CARTESIAN_POINT('',(0.00943255015927153,-0.007,-0.00552465937798624));
#3099=CARTESIAN_POINT('',(0.00943255015927153,0.,-0.00552465937798624));
#3100=CARTESIAN_POINT('',(0.00986332043087714,-0.007,-0.00541086038238628));
#3101=CARTESIAN_POINT('',(0.00986332043087714,0.,-0.00541086038238628));
#3102=CARTESIAN_POINT('',(0.00502883859547085,0.,-0.00415546998045323));
#3103=CARTESIAN_POINT('',(1.35519731170285E-17,-0.007,-1.80369919482542E-17));
#3104=CARTESIAN_POINT('',(0.00376194844160486,-0.007,-0.00418190972196995));
#3105=CARTESIAN_POINT('',(0.00323994823345161,-0.007,-0.00459819099696324));
#3106=CARTESIAN_POINT('',(0.00379869815254353,-0.0035,-0.00539117861972698));
#3107=CARTESIAN_POINT('',(0.0044107206552076,-0.0035,-0.00490310696045518));
#3108=CARTESIAN_POINT('',(-0.00272783616366036,-0.007,-0.00592588037786259));
#3109=CARTESIAN_POINT('',(-0.00272783616366036,6.07153216591882E-18,-0.00592588037786259));
#3110=CARTESIAN_POINT('',(-0.00285776163442467,-0.007,-0.00620831886882578));
#3111=CARTESIAN_POINT('',(-0.00285776163442467,6.07153216591882E-18,-0.00620831886882578));
#3112=CARTESIAN_POINT('',(-0.00310095582154955,-0.007,-0.00673688440780051));
#3113=CARTESIAN_POINT('',(-0.00310095582154955,7.80625564189563E-18,-0.00673688440780051));
#3114=CARTESIAN_POINT('',(-0.00331405786852616,-0.007,-0.00719969133938084));
#3115=CARTESIAN_POINT('',(-0.00331405786852616,3.46944695195361E-18,-0.00719969133938084));
#3116=CARTESIAN_POINT('',(-0.0034079930671877,-0.007,-0.00740293132839319));
#3117=CARTESIAN_POINT('',(-0.0034079930671877,6.93889390390723E-18,-0.00740293132839319));
#3118=CARTESIAN_POINT('',(-0.00342283251639285,-0.007,-0.00743472576739385));
#3119=CARTESIAN_POINT('',(-0.00342283251639285,6.07153216591882E-18,-0.00743472576739385));
#3120=CARTESIAN_POINT('',(-0.00344023357961044,-0.007,-0.00746459859991749));
#3121=CARTESIAN_POINT('',(-0.00344023357961044,8.67361737988404E-18,-0.00746459859991749));
#3122=CARTESIAN_POINT('',(-0.00347718111114115,-0.007,-0.00752219713405813));
#3123=CARTESIAN_POINT('',(-0.00347718111114115,5.20417042793042E-18,-0.00752219713405813));
#3124=CARTESIAN_POINT('',(-0.00353643639771382,-0.007,-0.0076037717940647));
#3125=CARTESIAN_POINT('',(-0.00353643639771382,2.60208521396521E-18,-0.0076037717940647));
#3126=CARTESIAN_POINT('',(-0.00363058484456866,-0.007,-0.00771761599078649));
#3127=CARTESIAN_POINT('',(-0.00363058484456866,6.93889390390723E-18,-0.00771761599078649));
#3128=CARTESIAN_POINT('',(-0.00376981641016584,-0.007,-0.00786139202249251));
#3129=CARTESIAN_POINT('',(-0.00376981641016584,4.33680868994202E-18,-0.00786139202249251));
#3130=CARTESIAN_POINT('',(-0.00398734717701055,-0.007,-0.00805714861447948));
#3131=CARTESIAN_POINT('',(-0.00398734717701055,5.20417042793042E-18,-0.00805714861447948));
#3132=CARTESIAN_POINT('',(-0.00431358915546922,-0.007,-0.00830015263123618));
#3133=CARTESIAN_POINT('',(-0.00431358915546922,6.93889390390723E-18,-0.00830015263123618));
#3134=CARTESIAN_POINT('',(-0.0047795679460227,-0.007,-0.0085713564925399));
#3135=CARTESIAN_POINT('',(-0.0047795679460227,7.80625564189563E-18,-0.0085713564925399));
#3136=CARTESIAN_POINT('',(-0.00548733492114763,-0.007,-0.00889040302726155));
#3137=CARTESIAN_POINT('',(-0.00548733492114763,6.07153216591882E-18,-0.00889040302726155));
#3138=CARTESIAN_POINT('',(-0.00610137417015987,-0.007,-0.00907017623784945));
#3139=CARTESIAN_POINT('',(-0.00610137417015987,6.07153216591882E-18,-0.00907017623784945));
#3140=CARTESIAN_POINT('',(-0.00653886030781336,-0.007,-0.0091545511017602));
#3141=CARTESIAN_POINT('',(-0.00653886030781336,6.07153216591882E-18,-0.0091545511017602));
#3142=CARTESIAN_POINT('',(-0.00272783616331555,-0.007,-0.00592588037711302));
#3143=CARTESIAN_POINT('',(-0.000113447675714029,-0.007,-0.00652259748975707));
#3144=CARTESIAN_POINT('',(-0.000113447675714029,-1.73472347597681E-18,-0.00652259748975707));
#3145=CARTESIAN_POINT('',(-0.000118934339937649,-0.007,-0.00683343832627408));
#3146=CARTESIAN_POINT('',(-0.000118934339937649,-1.73472347597681E-18,-0.00683343832627408));
#3147=CARTESIAN_POINT('',(-0.000129159940902342,-0.007,-0.00741517742477777));
#3148=CARTESIAN_POINT('',(-0.000129159940902342,-8.67361737988404E-19,-0.00741517742477777));
#3149=CARTESIAN_POINT('',(-0.000137966032853724,-0.00700000000000001,-0.0079246135749369));
#3150=CARTESIAN_POINT('',(-0.000137966032853724,-6.93889390390723E-18,-0.0079246135749369));
#3151=CARTESIAN_POINT('',(-0.000141515869630344,-0.007,-0.00814848343297988));
#3152=CARTESIAN_POINT('',(-0.000141515869630344,1.73472347597681E-18,-0.00814848343297988));
#3153=CARTESIAN_POINT('',(-0.00014194107795643,-0.007,-0.00818356782839948));
#3154=CARTESIAN_POINT('',(-0.00014194107795643,-8.67361737988404E-19,-0.00818356782839948));
#3155=CARTESIAN_POINT('',(-0.000139224598002374,-0.007,-0.00821803235887281));
#3156=CARTESIAN_POINT('',(-0.000139224598002374,0.,-0.00821803235887281));
#3157=CARTESIAN_POINT('',(-0.000130927089707991,-0.007,-0.00828595777810204));
#3158=CARTESIAN_POINT('',(-0.000130927089707991,-2.60208521396521E-18,-0.00828595777810204));
#3159=CARTESIAN_POINT('',(-0.000112933839748277,-0.007,-0.00838516391247833));
#3160=CARTESIAN_POINT('',(-0.000112933839748277,-8.67361737988404E-19,-0.00838516391247833));
#3161=CARTESIAN_POINT('',(-7.75041659211847E-5,-0.007,-0.0085285834696695));
#3162=CARTESIAN_POINT('',(-7.75041659211847E-5,-8.67361737988404E-19,-0.0085285834696695));
#3163=CARTESIAN_POINT('',(-1.44429421209031E-5,-0.007,-0.00871853151047166));
#3164=CARTESIAN_POINT('',(-1.44429421209031E-5,0.,-0.00871853151047166));
#3165=CARTESIAN_POINT('',(9.66099045289034E-5,-0.007,-0.00898928516803031));
#3166=CARTESIAN_POINT('',(9.66099045289034E-5,-8.67361737988404E-19,-0.00898928516803031));
#3167=CARTESIAN_POINT('',(0.000285108279112075,-0.007,-0.00934977531137406));
#3168=CARTESIAN_POINT('',(0.000285108279112075,-8.67361737988404E-19,-0.00934977531137406));
#3169=CARTESIAN_POINT('',(0.000587269717098007,-0.007,-0.0097963021672585));
#3170=CARTESIAN_POINT('',(0.000587269717098007,0.,-0.0097963021672585));
#3171=CARTESIAN_POINT('',(0.0010865166239775,-0.007,-0.0103908417440458));
#3172=CARTESIAN_POINT('',(0.0010865166239775,-2.60208521396521E-18,-0.0103908417440458));
#3173=CARTESIAN_POINT('',(0.00156174619820466,-0.007,-0.0108192334553955));
#3174=CARTESIAN_POINT('',(0.00156174619820466,-8.67361737988404E-19,-0.0108192334553955));
#3175=CARTESIAN_POINT('',(0.00191929870692821,-0.007,-0.0110850707022292));
#3176=CARTESIAN_POINT('',(0.00191929870692821,-8.67361737988404E-19,-0.0110850707022292));
#3177=CARTESIAN_POINT('',(-0.000113447675699467,0.,-0.00652259748893212));
#3178=CARTESIAN_POINT('',(-5.6523711206365E-18,-0.007,-2.18412397683979E-17));
#3179=CARTESIAN_POINT('',(-0.000924012189016241,-0.007,-0.00554858779101038));
#3180=CARTESIAN_POINT('',(-0.00157493580171961,-0.007,-0.00540001872408437));
#3181=CARTESIAN_POINT('',(-0.00184654361406058,-0.0035,-0.0063312866974503));
#3182=CARTESIAN_POINT('',(-0.00108336403622238,-0.0035,-0.0065054774558797));
#3183=CARTESIAN_POINT('',(0.00502883859610674,-0.007,0.00415546998097896));
#3184=CARTESIAN_POINT('',(0.00502883859610674,-6.07153216591882E-18,0.00415546998097896));
#3185=CARTESIAN_POINT('',(0.00526844286894279,-0.007,0.00435356571937231));
#3186=CARTESIAN_POINT('',(0.00526844286894279,-6.07153216591882E-18,0.00435356571937231));
#3187=CARTESIAN_POINT('',(0.00571688925281618,-0.007,0.00472426881139321));
#3188=CARTESIAN_POINT('',(0.00571688925281618,-8.67361737988404E-18,0.00472426881139321));
#3189=CARTESIAN_POINT('',(0.00610969196479198,-0.007,0.0050487819356407));
#3190=CARTESIAN_POINT('',(0.00610969196479198,-3.46944695195361E-18,0.0050487819356407));
#3191=CARTESIAN_POINT('',(0.00628250718075715,-0.007,0.00519113788322365));
#3192=CARTESIAN_POINT('',(0.00628250718075715,-6.93889390390723E-18,0.00519113788322365));
#3193=CARTESIAN_POINT('',(0.00630967215258455,-0.007,0.00521334508722808));
#3194=CARTESIAN_POINT('',(0.00630967215258455,-4.33680868994202E-18,0.00521334508722808));
#3195=CARTESIAN_POINT('',(0.00633831130508541,-0.007,0.00523270954095448));
#3196=CARTESIAN_POINT('',(0.00633831130508541,-4.33680868994202E-18,0.00523270954095448));
#3197=CARTESIAN_POINT('',(0.00639659094810103,-0.007,0.0052685730939203));
#3198=CARTESIAN_POINT('',(0.00639659094810103,-6.07153216591882E-18,0.0052685730939203));
#3199=CARTESIAN_POINT('',(0.00648537203506255,-0.007,0.00531635941769532));
#3200=CARTESIAN_POINT('',(0.00648537203506255,-2.60208521396521E-18,0.00531635941769532));
#3201=CARTESIAN_POINT('',(0.00661959200039061,-0.007,0.00537808001457952));
#3202=CARTESIAN_POINT('',(0.00661959200039061,-6.93889390390723E-18,0.00537808001457952));
#3203=CARTESIAN_POINT('',(0.00680741738865507,-0.007,0.0054472074308127));
#3204=CARTESIAN_POINT('',(0.00680741738865507,-3.46944695195361E-18,0.0054472074308127));
#3205=CARTESIAN_POINT('',(0.00708834143948131,-0.007,0.00552919496338794));
#3206=CARTESIAN_POINT('',(0.00708834143948131,-5.20417042793042E-18,0.00552919496338794));
#3207=CARTESIAN_POINT('',(0.00748771079688645,-0.007,0.0056065829277902));
#3208=CARTESIAN_POINT('',(0.00748771079688645,-8.67361737988404E-18,0.0056065829277902));
#3209=CARTESIAN_POINT('',(0.00802521412568354,-0.007,0.00564874854368496));
#3210=CARTESIAN_POINT('',(0.00802521412568354,-5.20417042793042E-18,0.00564874854368496));
#3211=CARTESIAN_POINT('',(0.00880131923943805,-0.007,0.00562911095729022));
#3212=CARTESIAN_POINT('',(0.00880131923943805,-5.20417042793042E-18,0.00562911095729022));
#3213=CARTESIAN_POINT('',(0.00943255015927152,-0.007,0.00552465937798624));
#3214=CARTESIAN_POINT('',(0.00943255015927152,-5.20417042793042E-18,0.00552465937798624));
#3215=CARTESIAN_POINT('',(0.00986332043087714,-0.007,0.00541086038238628));
#3216=CARTESIAN_POINT('',(0.00986332043087714,-5.20417042793042E-18,0.00541086038238628));
#3217=CARTESIAN_POINT('',(0.00502883859547085,-0.007,0.00415546998045323));
#3218=CARTESIAN_POINT('',(0.00293226181156883,-0.007,0.00582743417439659));
#3219=CARTESIAN_POINT('',(0.00293226181156883,-8.67361737988404E-19,0.00582743417439659));
#3220=CARTESIAN_POINT('',(0.00307207390964137,-0.007,0.00610511151658253));
#3221=CARTESIAN_POINT('',(0.00307207390964137,0.,0.00610511151658253));
#3222=CARTESIAN_POINT('',(0.00333369399301582,-0.007,0.00662480361159469));
#3223=CARTESIAN_POINT('',(0.00333369399301582,5.20417042793042E-18,0.00662480361159469));
#3224=CARTESIAN_POINT('',(0.00356266406938459,-0.007,0.00707996890296925));
#3225=CARTESIAN_POINT('',(0.00356266406938459,4.33680868994202E-18,0.00707996890296925));
#3226=CARTESIAN_POINT('',(0.00366299585288987,-0.007,0.00728012845907381));
#3227=CARTESIAN_POINT('',(0.00366299585288987,3.46944695195361E-18,0.00728012845907381));
#3228=CARTESIAN_POINT('',(0.00367860150102338,-0.007,0.00731155391611762));
#3229=CARTESIAN_POINT('',(0.00367860150102338,0.,0.00731155391611762));
#3230=CARTESIAN_POINT('',(0.00369110763650319,-0.007,0.00734378402160067));
#3231=CARTESIAN_POINT('',(0.00369110763650319,0.,0.00734378402160067));
#3232=CARTESIAN_POINT('',(0.0037131035747251,-0.007,0.00740858286358954));
#3233=CARTESIAN_POINT('',(0.0037131035747251,2.60208521396521E-18,0.00740858286358954));
#3234=CARTESIAN_POINT('',(0.00373993614520559,-0.007,0.00750577148073894));
#3235=CARTESIAN_POINT('',(0.00373993614520559,5.20417042793042E-18,0.00750577148073894));
#3236=CARTESIAN_POINT('',(0.00377024252582414,-0.007,0.00765036039617233));
#3237=CARTESIAN_POINT('',(0.00377024252582414,8.67361737988404E-19,0.00765036039617233));
#3238=CARTESIAN_POINT('',(0.00379584169258956,-0.007,0.00784885890702996));
#3239=CARTESIAN_POINT('',(0.00379584169258956,4.33680868994202E-18,0.00784885890702996));
#3240=CARTESIAN_POINT('',(0.00381326214438743,-0.007,0.00814098354770506));
#3241=CARTESIAN_POINT('',(0.00381326214438743,2.60208521396521E-18,0.00814098354770506));
#3242=CARTESIAN_POINT('',(0.00379984178854681,-0.007,0.0085475603236252));
#3243=CARTESIAN_POINT('',(0.00379984178854681,-8.67361737988404E-19,0.0085475603236252));
#3244=CARTESIAN_POINT('',(0.00372134448168838,-0.007,0.00908097005398988));
#3245=CARTESIAN_POINT('',(0.00372134448168838,2.60208521396521E-18,0.00908097005398988));
#3246=CARTESIAN_POINT('',(0.00352949961582334,-0.007,0.00983324681811097));
#3247=CARTESIAN_POINT('',(0.00352949961582334,2.60208521396521E-18,0.00983324681811097));
#3248=CARTESIAN_POINT('',(0.00328720476186503,-0.007,0.0104254087979091));
#3249=CARTESIAN_POINT('',(0.00328720476186503,2.60208521396521E-18,0.0104254087979091));
#3250=CARTESIAN_POINT('',(0.00308040354151802,-0.007,0.0108200561006512));
#3251=CARTESIAN_POINT('',(0.00308040354151802,2.60208521396521E-18,0.0108200561006512));
#3252=CARTESIAN_POINT('',(0.00293226181119778,0.,0.00582743417365965));
#3253=CARTESIAN_POINT('',(1.45691691871998E-17,-0.007,1.72258051510168E-17));
#3254=CARTESIAN_POINT('',(0.00323994823345162,-0.007,0.00459819099696324));
#3255=CARTESIAN_POINT('',(0.00376194844160486,-0.007,0.00418190972196995));
#3256=CARTESIAN_POINT('',(0.0044107206552076,-0.0035,0.00490310696045518));
#3257=CARTESIAN_POINT('',(0.00379869815254353,-0.0035,0.00539117861972698));
#3258=CARTESIAN_POINT('',(-0.000113447675714033,-0.007,0.00652259748975706));
#3259=CARTESIAN_POINT('',(-0.000113447675714033,-1.73472347597681E-18,0.00652259748975706));
#3260=CARTESIAN_POINT('',(-0.000118934339937654,-0.007,0.00683343832627407));
#3261=CARTESIAN_POINT('',(-0.000118934339937654,-1.73472347597681E-18,0.00683343832627407));
#3262=CARTESIAN_POINT('',(-0.000129159940902346,-0.007,0.00741517742477776));
#3263=CARTESIAN_POINT('',(-0.000129159940902346,-3.46944695195361E-18,0.00741517742477776));
#3264=CARTESIAN_POINT('',(-0.000137966032853729,-0.007,0.00792461357493689));
#3265=CARTESIAN_POINT('',(-0.000137966032853729,1.73472347597681E-18,0.00792461357493689));
#3266=CARTESIAN_POINT('',(-0.000141515869630349,-0.007,0.00814848343297988));
#3267=CARTESIAN_POINT('',(-0.000141515869630349,-1.73472347597681E-18,0.00814848343297988));
#3268=CARTESIAN_POINT('',(-0.000141941077956436,-0.007,0.00818356782839948));
#3269=CARTESIAN_POINT('',(-0.000141941077956436,1.73472347597681E-18,0.00818356782839948));
#3270=CARTESIAN_POINT('',(-0.000139224598002379,-0.007,0.00821803235887281));
#3271=CARTESIAN_POINT('',(-0.000139224598002379,-4.33680868994202E-18,0.00821803235887281));
#3272=CARTESIAN_POINT('',(-0.000130927089707997,-0.007,0.00828595777810203));
#3273=CARTESIAN_POINT('',(-0.000130927089707997,1.73472347597681E-18,0.00828595777810203));
#3274=CARTESIAN_POINT('',(-0.000112933839748283,-0.007,0.00838516391247832));
#3275=CARTESIAN_POINT('',(-0.000112933839748283,-3.46944695195361E-18,0.00838516391247832));
#3276=CARTESIAN_POINT('',(-7.75041659211908E-5,-0.007,0.0085285834696695));
#3277=CARTESIAN_POINT('',(-7.75041659211908E-5,-2.60208521396521E-18,0.0085285834696695));
#3278=CARTESIAN_POINT('',(-1.44429421209091E-5,-0.007,0.00871853151047167));
#3279=CARTESIAN_POINT('',(-1.44429421209091E-5,-8.67361737988404E-19,0.00871853151047167));
#3280=CARTESIAN_POINT('',(9.66099045288975E-5,-0.007,0.0089892851680303));
#3281=CARTESIAN_POINT('',(9.66099045288975E-5,-1.73472347597681E-18,0.0089892851680303));
#3282=CARTESIAN_POINT('',(0.000285108279112067,-0.007,0.00934977531137408));
#3283=CARTESIAN_POINT('',(0.000285108279112067,-2.60208521396521E-18,0.00934977531137408));
#3284=CARTESIAN_POINT('',(0.000587269717098006,-0.007,0.00979630216725847));
#3285=CARTESIAN_POINT('',(0.000587269717098006,-1.73472347597681E-18,0.00979630216725847));
#3286=CARTESIAN_POINT('',(0.00108651662397747,-0.007,0.0103908417440459));
#3287=CARTESIAN_POINT('',(0.00108651662397747,8.67361737988404E-19,0.0103908417440459));
#3288=CARTESIAN_POINT('',(0.00156174619820478,-0.007,0.010819233455395));
#3289=CARTESIAN_POINT('',(0.00156174619820478,-8.67361737988404E-19,0.010819233455395));
#3290=CARTESIAN_POINT('',(0.0019192987069282,-0.007,0.0110850707022292));
#3291=CARTESIAN_POINT('',(0.0019192987069282,-8.67361737988404E-19,0.0110850707022292));
#3292=CARTESIAN_POINT('',(-0.000113447675699472,-0.007,0.00652259748893212));
#3293=CARTESIAN_POINT('',(-0.00272783616366036,-0.007,0.00592588037786259));
#3294=CARTESIAN_POINT('',(-0.00272783616366036,0.,0.00592588037786259));
#3295=CARTESIAN_POINT('',(-0.00285776163442467,-0.007,0.00620831886882578));
#3296=CARTESIAN_POINT('',(-0.00285776163442467,0.,0.00620831886882578));
#3297=CARTESIAN_POINT('',(-0.00310095582154955,-0.007,0.00673688440780052));
#3298=CARTESIAN_POINT('',(-0.00310095582154955,-1.73472347597681E-18,0.00673688440780052));
#3299=CARTESIAN_POINT('',(-0.00331405786852616,-0.007,0.00719969133938083));
#3300=CARTESIAN_POINT('',(-0.00331405786852616,3.46944695195361E-18,0.00719969133938083));
#3301=CARTESIAN_POINT('',(-0.0034079930671877,-0.007,0.00740293132839319));
#3302=CARTESIAN_POINT('',(-0.0034079930671877,1.73472347597681E-18,0.00740293132839319));
#3303=CARTESIAN_POINT('',(-0.00342283251639286,-0.007,0.00743472576739384));
#3304=CARTESIAN_POINT('',(-0.00342283251639286,-1.73472347597681E-18,0.00743472576739384));
#3305=CARTESIAN_POINT('',(-0.00344023357961045,-0.007,0.0074645985999175));
#3306=CARTESIAN_POINT('',(-0.00344023357961045,-1.73472347597681E-18,0.0074645985999175));
#3307=CARTESIAN_POINT('',(-0.00347718111114115,-0.007,0.00752219713405812));
#3308=CARTESIAN_POINT('',(-0.00347718111114115,8.67361737988404E-19,0.00752219713405812));
#3309=CARTESIAN_POINT('',(-0.00353643639771382,-0.007,0.00760377179406471));
#3310=CARTESIAN_POINT('',(-0.00353643639771382,3.46944695195361E-18,0.00760377179406471));
#3311=CARTESIAN_POINT('',(-0.00363058484456866,-0.007,0.00771761599078649));
#3312=CARTESIAN_POINT('',(-0.00363058484456866,-3.46944695195361E-18,0.00771761599078649));
#3313=CARTESIAN_POINT('',(-0.00376981641016585,-0.007,0.00786139202249251));
#3314=CARTESIAN_POINT('',(-0.00376981641016585,5.20417042793042E-18,0.00786139202249251));
#3315=CARTESIAN_POINT('',(-0.00398734717701055,-0.007,0.00805714861447948));
#3316=CARTESIAN_POINT('',(-0.00398734717701055,-1.73472347597681E-18,0.00805714861447948));
#3317=CARTESIAN_POINT('',(-0.00431358915546923,-0.007,0.00830015263123618));
#3318=CARTESIAN_POINT('',(-0.00431358915546923,0.,0.00830015263123618));
#3319=CARTESIAN_POINT('',(-0.0047795679460227,-0.007,0.00857135649253988));
#3320=CARTESIAN_POINT('',(-0.0047795679460227,8.67361737988404E-19,0.00857135649253988));
#3321=CARTESIAN_POINT('',(-0.00548733492114764,-0.007,0.00889040302726155));
#3322=CARTESIAN_POINT('',(-0.00548733492114764,8.67361737988404E-19,0.00889040302726155));
#3323=CARTESIAN_POINT('',(-0.00610137417015987,-0.007,0.00907017623784948));
#3324=CARTESIAN_POINT('',(-0.00610137417015987,8.67361737988404E-19,0.00907017623784948));
#3325=CARTESIAN_POINT('',(-0.00653886030781336,-0.007,0.00915455110176019));
#3326=CARTESIAN_POINT('',(-0.00653886030781336,8.67361737988404E-19,0.00915455110176019));
#3327=CARTESIAN_POINT('',(-0.00272783616331555,0.,0.00592588037711302));
#3328=CARTESIAN_POINT('',(-4.38394836815136E-18,-0.007,2.21307489844206E-17));
#3329=CARTESIAN_POINT('',(-0.00157493580171961,-0.007,0.00540001872408437));
#3330=CARTESIAN_POINT('',(-0.000924012189016244,-0.007,0.00554858779101038));
#3331=CARTESIAN_POINT('',(-0.00108336403622238,-0.0035,0.0065054774558797));
#3332=CARTESIAN_POINT('',(-0.00184654361406058,-0.0035,0.0063312866974503));
#3333=CARTESIAN_POINT('',(-0.00517030553381129,-0.007,0.00397807605200685));
#3334=CARTESIAN_POINT('',(-0.00517030553381129,5.20417042793042E-18,0.00397807605200685));
#3335=CARTESIAN_POINT('',(-0.00541675156502664,-0.007,0.00416759249675269));
#3336=CARTESIAN_POINT('',(-0.00541675156502664,4.33680868994202E-18,0.00416759249675269));
#3337=CARTESIAN_POINT('',(-0.00587794906473876,-0.007,0.00452230619525089));
#3338=CARTESIAN_POINT('',(-0.00587794906473876,2.60208521396521E-18,0.00452230619525089));
#3339=CARTESIAN_POINT('',(-0.0062817327937664,-0.007,0.00483304955964818));
#3340=CARTESIAN_POINT('',(-0.0062817327937664,8.67361737988404E-19,0.00483304955964818));
#3341=CARTESIAN_POINT('',(-0.00645897458378853,-0.007,0.00496985475893195));
#3342=CARTESIAN_POINT('',(-0.00645897458378853,6.93889390390723E-18,0.00496985475893195));
#3343=CARTESIAN_POINT('',(-0.00648666978172591,-0.007,0.00499139708042451));
#3344=CARTESIAN_POINT('',(-0.00648666978172591,4.33680868994202E-18,0.00499139708042451));
#3345=CARTESIAN_POINT('',(-0.00651192153913014,-0.007,0.00501500919325005));
#3346=CARTESIAN_POINT('',(-0.00651192153913014,5.20417042793042E-18,0.00501500919325005));
#3347=CARTESIAN_POINT('',(-0.00655985435854099,-0.007,0.00506384725263705));
#3348=CARTESIAN_POINT('',(-0.00655985435854099,5.20417042793042E-18,0.00506384725263705));
#3349=CARTESIAN_POINT('',(-0.00662619822979816,-0.007,0.0051397689549929));
#3350=CARTESIAN_POINT('',(-0.00662619822979816,3.46944695195361E-18,0.0051397689549929));
#3351=CARTESIAN_POINT('',(-0.00671623811449746,-0.007,0.0052568896207003));
#3352=CARTESIAN_POINT('',(-0.00671623811449746,1.73472347597681E-18,0.0052568896207003));
#3353=CARTESIAN_POINT('',(-0.00682542744289752,-0.007,0.00542462353711351));
#3354=CARTESIAN_POINT('',(-0.00682542744289752,6.93889390390723E-18,0.00542462353711351));
#3355=CARTESIAN_POINT('',(-0.00696787085901669,-0.007,0.0056802602931458));
#3356=CARTESIAN_POINT('',(-0.00696787085901669,5.20417042793042E-18,0.0056802602931458));
#3357=CARTESIAN_POINT('',(-0.00713218658798272,-0.007,0.0060523961848344));
#3358=CARTESIAN_POINT('',(-0.00713218658798272,1.73472347597681E-18,0.0060523961848344));
#3359=CARTESIAN_POINT('',(-0.0072929007665814,-0.007,0.00656704045073959));
#3360=CARTESIAN_POINT('',(-0.0072929007665814,5.20417042793042E-18,0.00656704045073959));
#3361=CARTESIAN_POINT('',(-0.0074464551702382,-0.007,0.0073280567629911));
#3362=CARTESIAN_POINT('',(-0.0074464551702382,5.20417042793042E-18,0.0073280567629911));
#3363=CARTESIAN_POINT('',(-0.00748508450392678,-0.007,0.00796670406874896));
#3364=CARTESIAN_POINT('',(-0.00748508450392678,5.20417042793042E-18,0.00796670406874896));
#3365=CARTESIAN_POINT('',(-0.00746999408989638,-0.007,0.00841199668905956));
#3366=CARTESIAN_POINT('',(-0.00746999408989638,5.20417042793042E-18,0.00841199668905956));
#3367=CARTESIAN_POINT('',(-0.00517030553315725,-0.007,0.00397807605150389));
#3368=CARTESIAN_POINT('',(-0.00633381786993621,-0.007,0.00156201779086762));
#3369=CARTESIAN_POINT('',(-0.00633381786993621,0.,0.00156201779086762));
#3370=CARTESIAN_POINT('',(-0.00663564438005524,-0.007,0.00163653548621752));
#3371=CARTESIAN_POINT('',(-0.00663564438005524,0.,0.00163653548621752));
#3372=CARTESIAN_POINT('',(-0.00720052265451706,-0.007,0.00177595383753478));
#3373=CARTESIAN_POINT('',(-0.00720052265451706,0.,0.00177595383753478));
#3374=CARTESIAN_POINT('',(-0.00769522663697611,-0.007,0.00189789935029994));
#3375=CARTESIAN_POINT('',(-0.00769522663697611,-1.73472347597681E-18,0.00189789935029994));
#3376=CARTESIAN_POINT('',(-0.00791269369728347,-0.007,0.00195117591515355));
#3377=CARTESIAN_POINT('',(-0.00791269369728347,0.,0.00195117591515355));
#3378=CARTESIAN_POINT('',(-0.0079468038359062,-0.007,0.00195939747505521));
#3379=CARTESIAN_POINT('',(-0.0079468038359062,0.,0.00195939747505521));
#3380=CARTESIAN_POINT('',(-0.00798100874230136,-0.007,0.0019644181824344));
#3381=CARTESIAN_POINT('',(-0.00798100874230136,-8.67361737988404E-19,0.0019644181824344));
#3382=CARTESIAN_POINT('',(-0.00804907749874975,-0.007,0.00197144353772291));
#3383=CARTESIAN_POINT('',(-0.00804907749874975,-8.67361737988404E-19,0.00197144353772291));
#3384=CARTESIAN_POINT('',(-0.00814980020299881,-0.007,0.00197597685778193));
#3385=CARTESIAN_POINT('',(-0.00814980020299881,0.,0.00197597685778193));
#3386=CARTESIAN_POINT('',(-0.00829750777656701,-0.007,0.00197334933366218));
#3387=CARTESIAN_POINT('',(-0.00829750777656701,0.,0.00197334933366218));
#3388=CARTESIAN_POINT('',(-0.00849672586582577,-0.007,0.00195413660184542));
#3389=CARTESIAN_POINT('',(-0.00849672586582577,0.,0.00195413660184542));
#3390=CARTESIAN_POINT('',(-0.00878540274706002,-0.007,0.00190611643867131));
#3391=CARTESIAN_POINT('',(-0.00878540274706002,-2.60208521396521E-18,0.00190611643867131));
#3392=CARTESIAN_POINT('',(-0.00917879948423378,-0.007,0.00180256071526817));
#3393=CARTESIAN_POINT('',(-0.00917879948423378,3.46944695195361E-18,0.00180256071526817));
#3394=CARTESIAN_POINT('',(-0.00968136822496048,-0.007,0.00160733666839866));
#3395=CARTESIAN_POINT('',(-0.00968136822496048,8.67361737988404E-19,0.00160733666839866));
#3396=CARTESIAN_POINT('',(-0.010372094341261,-0.007,0.00125290442571215));
#3397=CARTESIAN_POINT('',(-0.010372094341261,-1.73472347597681E-18,0.00125290442571215));
#3398=CARTESIAN_POINT('',(-0.0108954939067029,-0.007,0.000884915972812274));
#3399=CARTESIAN_POINT('',(-0.0108954939067029,0.,0.000884915972812274));
#3400=CARTESIAN_POINT('',(-0.011234228976919,-0.007,0.000595482404433036));
#3401=CARTESIAN_POINT('',(-0.011234228976919,0.,0.000595482404433036));
#3402=CARTESIAN_POINT('',(-0.00633381786913518,0.,0.00156201779066986));
#3403=CARTESIAN_POINT('',(-2.0035863386035E-17,-0.007,1.03707874475467E-17));
#3404=CARTESIAN_POINT('',(-0.00520386105536039,-0.007,0.0021355222116624));
#3405=CARTESIAN_POINT('',(-0.00491417279489445,-0.007,0.00273706608285575));
#3406=CARTESIAN_POINT('',(-0.00576165351177794,-0.0035,0.00320909073947059));
#3407=CARTESIAN_POINT('',(-0.00610130037665183,-0.0035,0.00250380675728126));
#3408=CARTESIAN_POINT('',(-0.0063338178699362,-0.007,-0.00156201779086762));
#3409=CARTESIAN_POINT('',(-0.0063338178699362,-6.07153216591882E-18,-0.00156201779086762));
#3410=CARTESIAN_POINT('',(-0.00663564438005523,-0.007,-0.00163653548621752));
#3411=CARTESIAN_POINT('',(-0.00663564438005523,-6.07153216591882E-18,-0.00163653548621752));
#3412=CARTESIAN_POINT('',(-0.00720052265451705,-0.007,-0.00177595383753478));
#3413=CARTESIAN_POINT('',(-0.00720052265451705,-7.80625564189563E-18,-0.00177595383753478));
#3414=CARTESIAN_POINT('',(-0.0076952266369761,-0.007,-0.00189789935029994));
#3415=CARTESIAN_POINT('',(-0.0076952266369761,-6.93889390390723E-18,-0.00189789935029994));
#3416=CARTESIAN_POINT('',(-0.00791269369728347,-0.007,-0.00195117591515355));
#3417=CARTESIAN_POINT('',(-0.00791269369728347,-4.33680868994202E-18,-0.00195117591515355));
#3418=CARTESIAN_POINT('',(-0.0079468038359062,-0.007,-0.0019593974750552));
#3419=CARTESIAN_POINT('',(-0.0079468038359062,-5.20417042793042E-18,-0.0019593974750552));
#3420=CARTESIAN_POINT('',(-0.00798100874230136,-0.007,-0.0019644181824344));
#3421=CARTESIAN_POINT('',(-0.00798100874230136,-2.60208521396521E-18,-0.0019644181824344));
#3422=CARTESIAN_POINT('',(-0.00804907749874975,-0.007,-0.00197144353772291));
#3423=CARTESIAN_POINT('',(-0.00804907749874975,-6.07153216591882E-18,-0.00197144353772291));
#3424=CARTESIAN_POINT('',(-0.00814980020299881,-0.007,-0.00197597685778193));
#3425=CARTESIAN_POINT('',(-0.00814980020299881,-8.67361737988404E-18,-0.00197597685778193));
#3426=CARTESIAN_POINT('',(-0.008297507776567,-0.007,-0.00197334933366218));
#3427=CARTESIAN_POINT('',(-0.008297507776567,-4.33680868994202E-18,-0.00197334933366218));
#3428=CARTESIAN_POINT('',(-0.00849672586582577,-0.007,-0.00195413660184541));
#3429=CARTESIAN_POINT('',(-0.00849672586582577,-6.93889390390723E-18,-0.00195413660184541));
#3430=CARTESIAN_POINT('',(-0.00878540274706001,-0.007,-0.00190611643867131));
#3431=CARTESIAN_POINT('',(-0.00878540274706001,-6.07153216591882E-18,-0.00190611643867131));
#3432=CARTESIAN_POINT('',(-0.00917879948423379,-0.007,-0.00180256071526817));
#3433=CARTESIAN_POINT('',(-0.00917879948423379,-4.33680868994202E-18,-0.00180256071526817));
#3434=CARTESIAN_POINT('',(-0.00968136822496048,-0.007,-0.00160733666839866));
#3435=CARTESIAN_POINT('',(-0.00968136822496048,-3.46944695195361E-18,-0.00160733666839866));
#3436=CARTESIAN_POINT('',(-0.010372094341261,-0.007,-0.00125290442571216));
#3437=CARTESIAN_POINT('',(-0.010372094341261,-5.20417042793042E-18,-0.00125290442571216));
#3438=CARTESIAN_POINT('',(-0.0108954939067029,-0.007,-0.000884915972812248));
#3439=CARTESIAN_POINT('',(-0.0108954939067029,-5.20417042793042E-18,-0.000884915972812248));
#3440=CARTESIAN_POINT('',(-0.011234228976919,-0.007,-0.000595482404433034));
#3441=CARTESIAN_POINT('',(-0.011234228976919,-5.20417042793042E-18,-0.000595482404433034));
#3442=CARTESIAN_POINT('',(-0.00633381786913518,-0.007,-0.00156201779066986));
#3443=CARTESIAN_POINT('',(-0.00517030553381129,-0.007,-0.00397807605200685));
#3444=CARTESIAN_POINT('',(-0.00517030553381129,8.67361737988404E-19,-0.00397807605200685));
#3445=CARTESIAN_POINT('',(-0.00541675156502664,-0.007,-0.00416759249675269));
#3446=CARTESIAN_POINT('',(-0.00541675156502664,8.67361737988404E-19,-0.00416759249675269));
#3447=CARTESIAN_POINT('',(-0.00587794906473876,-0.007,-0.00452230619525088));
#3448=CARTESIAN_POINT('',(-0.00587794906473876,8.67361737988404E-19,-0.00452230619525088));
#3449=CARTESIAN_POINT('',(-0.00628173279376639,-0.007,-0.00483304955964817));
#3450=CARTESIAN_POINT('',(-0.00628173279376639,8.67361737988404E-19,-0.00483304955964817));
#3451=CARTESIAN_POINT('',(-0.00645897458378853,-0.007,-0.00496985475893195));
#3452=CARTESIAN_POINT('',(-0.00645897458378853,8.67361737988404E-19,-0.00496985475893195));
#3453=CARTESIAN_POINT('',(-0.00648666978172591,-0.007,-0.0049913970804245));
#3454=CARTESIAN_POINT('',(-0.00648666978172591,-8.67361737988404E-19,-0.0049913970804245));
#3455=CARTESIAN_POINT('',(-0.00651192153913014,-0.007,-0.00501500919325005));
#3456=CARTESIAN_POINT('',(-0.00651192153913014,1.73472347597681E-18,-0.00501500919325005));
#3457=CARTESIAN_POINT('',(-0.00655985435854099,-0.007,-0.00506384725263705));
#3458=CARTESIAN_POINT('',(-0.00655985435854099,1.73472347597681E-18,-0.00506384725263705));
#3459=CARTESIAN_POINT('',(-0.00662619822979816,-0.007,-0.00513976895499291));
#3460=CARTESIAN_POINT('',(-0.00662619822979816,8.67361737988404E-19,-0.00513976895499291));
#3461=CARTESIAN_POINT('',(-0.00671623811449747,-0.007,-0.00525688962070029));
#3462=CARTESIAN_POINT('',(-0.00671623811449747,-1.73472347597681E-18,-0.00525688962070029));
#3463=CARTESIAN_POINT('',(-0.00682542744289752,-0.007,-0.00542462353711352));
#3464=CARTESIAN_POINT('',(-0.00682542744289752,3.46944695195361E-18,-0.00542462353711352));
#3465=CARTESIAN_POINT('',(-0.00696787085901669,-0.007,-0.00568026029314579));
#3466=CARTESIAN_POINT('',(-0.00696787085901669,1.73472347597681E-18,-0.00568026029314579));
#3467=CARTESIAN_POINT('',(-0.00713218658798271,-0.007,-0.0060523961848344));
#3468=CARTESIAN_POINT('',(-0.00713218658798271,-1.73472347597681E-18,-0.0060523961848344));
#3469=CARTESIAN_POINT('',(-0.0072929007665814,-0.007,-0.00656704045073959));
#3470=CARTESIAN_POINT('',(-0.0072929007665814,1.73472347597681E-18,-0.00656704045073959));
#3471=CARTESIAN_POINT('',(-0.0074464551702382,-0.007,-0.0073280567629911));
#3472=CARTESIAN_POINT('',(-0.0074464551702382,1.73472347597681E-18,-0.0073280567629911));
#3473=CARTESIAN_POINT('',(-0.00748508450392678,-0.007,-0.00796670406874896));
#3474=CARTESIAN_POINT('',(-0.00748508450392678,1.73472347597681E-18,-0.00796670406874896));
#3475=CARTESIAN_POINT('',(-0.00746999408989638,-0.007,-0.00841199668905956));
#3476=CARTESIAN_POINT('',(-0.00746999408989638,1.73472347597681E-18,-0.00841199668905956));
#3477=CARTESIAN_POINT('',(-0.00517030553315725,0.,-0.00397807605150389));
#3478=CARTESIAN_POINT('',(-2.06003646171039E-17,-0.007,-9.19858856284075E-18));
#3479=CARTESIAN_POINT('',(-0.00491417279489445,-0.007,-0.00273706608285575));
#3480=CARTESIAN_POINT('',(-0.00520386105536039,-0.007,-0.0021355222116624));
#3481=CARTESIAN_POINT('',(-0.00610130037665183,-0.0035,-0.00250380675728125));
#3482=CARTESIAN_POINT('',(-0.00576165351177794,-0.0035,-0.00320909073947059));
#3483=CARTESIAN_POINT('',(-0.000434969652343943,-0.0045,3.46944695195361E-18));
#3484=CARTESIAN_POINT('',(-0.000434969652343943,-0.0045,3.46944695195361E-18));
#3485=CARTESIAN_POINT('',(0.,0.0047,3.06161699786838E-19));
#3486=CARTESIAN_POINT('',(0.,0.0047,3.06161699786838E-19));
#3487=CARTESIAN_POINT('',(0.,0.0047,0.005));
#3488=CARTESIAN_POINT('',(-0.000434969652343943,0.0047,3.46944695195361E-18));
#3489=CARTESIAN_POINT('',(0.,0.0047,5.50478736216735E-19));
#3490=CARTESIAN_POINT('',(0.,0.0047,0.00399));
#3491=CARTESIAN_POINT('',(0.,0.0117,5.50478736216735E-19));
#3492=CARTESIAN_POINT('',(0.,0.0117,5.50478736216735E-19));
#3493=CARTESIAN_POINT('',(0.,0.0117,0.00399));
#3494=CARTESIAN_POINT('',(0.,0.0117,0.));
#3495=CARTESIAN_POINT('',(-0.000434969652343943,0.003,3.46944695195361E-18));
#3496=MECHANICAL_DESIGN_GEOMETRIC_PRESENTATION_REPRESENTATION('',(#960),
#3497);
#3497=(
GEOMETRIC_REPRESENTATION_CONTEXT(3)
GLOBAL_UNCERTAINTY_ASSIGNED_CONTEXT((#3498))
GLOBAL_UNIT_ASSIGNED_CONTEXT((#3501,#3500,#3499))
REPRESENTATION_CONTEXT('Spur gear (7 teeth)','TOP_LEVEL_ASSEMBLY_PART')
);
#3498=UNCERTAINTY_MEASURE_WITH_UNIT(LENGTH_MEASURE(2.E-5),#3501,
'DISTANCE_ACCURACY_VALUE','Maximum Tolerance applied to model');
#3499=(
NAMED_UNIT(*)
SI_UNIT($,.STERADIAN.)
SOLID_ANGLE_UNIT()
);
#3500=(
NAMED_UNIT(*)
PLANE_ANGLE_UNIT()
SI_UNIT($,.RADIAN.)
);
#3501=(
LENGTH_UNIT()
NAMED_UNIT(*)
SI_UNIT($,.METRE.)
);
#3502=PRODUCT_DEFINITION_SHAPE('','',#3503);
#3503=PRODUCT_DEFINITION('','',#3505,#3504);
#3504=PRODUCT_DEFINITION_CONTEXT('',#3511,'design');
#3505=PRODUCT_DEFINITION_FORMATION_WITH_SPECIFIED_SOURCE('','',#3507,
 .NOT_KNOWN.);
#3506=PRODUCT_RELATED_PRODUCT_CATEGORY('','',(#3507));
#3507=PRODUCT('Spur gear (7 teeth)','Spur gear (7 teeth)',
'Spur gear (7 teeth)',(#3509));
#3508=PRODUCT_CATEGORY('','');
#3509=PRODUCT_CONTEXT('',#3511,'mechanical');
#3510=APPLICATION_PROTOCOL_DEFINITION('international standard',
'ap242_managed_model_based_3d_engineering',2020,#3511);
#3511=APPLICATION_CONTEXT('managed model based 3d engineering');
ENDSEC;
END-ISO-10303-21;
