ISO-10303-21;
HEADER;
/* Generated by software containing ST-Developer
 * from STEP Tools, Inc. (www.steptools.com) 
 */
/* OPTION: using custom renumber hook */

FILE_DESCRIPTION(
/* description */ ('STEP AP242 Edition 2',
'CAx-IF Rec.Pracs.---Representation and Presentation of Product Manufa
cturing Information (PMI)---4.0---2014-10-13',
'CAx-IF Rec.Pracs.---3D Tessellated Geometry---0.4---2014-09-14','2;1',
'CAx-IF Rec.Pracs.---User Defined Attributes---1.5---2016-08-15'),
/* implementation_level */ '2;1');

FILE_NAME(
/* name */ 'Driven Gear',
/* time_stamp */ '2026-06-29T21:36:50Z',
/* author */ (''),
/* organization */ (''),
/* preprocessor_version */ 'ST-DEVELOPER v20',
/* originating_system */ 'ONSHAPE BY PTC INC, 1.217',
/* authorisation */ '  ');

FILE_SCHEMA (('AP242_MANAGED_MODEL_BASED_3D_ENGINEERING_MIM_LF { 1 0 10303 442 3 1 4 }'));
ENDSEC;

DATA;
#10=SHAPE_REPRESENTATION_RELATIONSHIP('','',#2831,#11);
#11=ADVANCED_BREP_SHAPE_REPRESENTATION('',(#2829),#8655);
#12=B_SPLINE_SURFACE_WITH_KNOTS('',3,1,((#7897,#7898),(#7899,#7900),(#7901,
#7902),(#7903,#7904),(#7905,#7906),(#7907,#7908)),
 .SURF_OF_LINEAR_EXTRUSION.,.F.,.F.,.F.,(4,1,1,4),(2,2),(0.138234669899778,
0.350850858093875,0.563467046287972,0.988699422676165),(0.,1.),
 .UNSPECIFIED.);
#13=B_SPLINE_SURFACE_WITH_KNOTS('',3,1,((#7910,#7911),(#7912,#7913),(#7914,
#7915),(#7916,#7917),(#7918,#7919),(#7920,#7921)),
 .SURF_OF_LINEAR_EXTRUSION.,.F.,.F.,.F.,(4,1,1,4),(2,2),(0.138234669899778,
0.350850858093875,0.563467046287972,0.988699422676165),(0.,1.),
 .UNSPECIFIED.);
#14=B_SPLINE_SURFACE_WITH_KNOTS('',3,1,((#7928,#7929),(#7930,#7931),(#7932,
#7933),(#7934,#7935),(#7936,#7937),(#7938,#7939)),
 .SURF_OF_LINEAR_EXTRUSION.,.F.,.F.,.F.,(4,1,1,4),(2,2),(0.138234669899776,
0.350850858093874,0.563467046287971,0.988699422676165),(0.,1.),
 .UNSPECIFIED.);
#15=B_SPLINE_SURFACE_WITH_KNOTS('',3,1,((#7941,#7942),(#7943,#7944),(#7945,
#7946),(#7947,#7948),(#7949,#7950),(#7951,#7952)),
 .SURF_OF_LINEAR_EXTRUSION.,.F.,.F.,.F.,(4,1,1,4),(2,2),(0.138234669899777,
0.350850858093874,0.563467046287971,0.988699422676165),(0.,1.),
 .UNSPECIFIED.);
#16=B_SPLINE_SURFACE_WITH_KNOTS('',3,1,((#7959,#7960),(#7961,#7962),(#7963,
#7964),(#7965,#7966),(#7967,#7968),(#7969,#7970)),
 .SURF_OF_LINEAR_EXTRUSION.,.F.,.F.,.F.,(4,1,1,4),(2,2),(0.138234669899778,
0.350850858093875,0.563467046287972,0.988699422676165),(0.,1.),
 .UNSPECIFIED.);
#17=B_SPLINE_SURFACE_WITH_KNOTS('',3,1,((#7972,#7973),(#7974,#7975),(#7976,
#7977),(#7978,#7979),(#7980,#7981),(#7982,#7983)),
 .SURF_OF_LINEAR_EXTRUSION.,.F.,.F.,.F.,(4,1,1,4),(2,2),(0.138234669899778,
0.350850858093875,0.563467046287972,0.988699422676165),(0.,1.),
 .UNSPECIFIED.);
#18=B_SPLINE_SURFACE_WITH_KNOTS('',3,1,((#7990,#7991),(#7992,#7993),(#7994,
#7995),(#7996,#7997),(#7998,#7999),(#8000,#8001)),
 .SURF_OF_LINEAR_EXTRUSION.,.F.,.F.,.F.,(4,1,1,4),(2,2),(0.138234669899778,
0.350850858093874,0.563467046287971,0.988699422676165),(0.,1.),
 .UNSPECIFIED.);
#19=B_SPLINE_SURFACE_WITH_KNOTS('',3,1,((#8003,#8004),(#8005,#8006),(#8007,
#8008),(#8009,#8010),(#8011,#8012),(#8013,#8014)),
 .SURF_OF_LINEAR_EXTRUSION.,.F.,.F.,.F.,(4,1,1,4),(2,2),(0.138234669899775,
0.350850858093872,0.56346704628797,0.988699422676165),(0.,1.),
 .UNSPECIFIED.);
#20=B_SPLINE_SURFACE_WITH_KNOTS('',3,1,((#8021,#8022),(#8023,#8024),(#8025,
#8026),(#8027,#8028),(#8029,#8030),(#8031,#8032)),
 .SURF_OF_LINEAR_EXTRUSION.,.F.,.F.,.F.,(4,1,1,4),(2,2),(0.138234669899776,
0.350850858093873,0.563467046287971,0.988699422676165),(0.,1.),
 .UNSPECIFIED.);
#21=B_SPLINE_SURFACE_WITH_KNOTS('',3,1,((#8034,#8035),(#8036,#8037),(#8038,
#8039),(#8040,#8041),(#8042,#8043),(#8044,#8045)),
 .SURF_OF_LINEAR_EXTRUSION.,.F.,.F.,.F.,(4,1,1,4),(2,2),(0.138234669899779,
0.350850858093876,0.563467046287972,0.988699422676165),(0.,1.),
 .UNSPECIFIED.);
#22=B_SPLINE_SURFACE_WITH_KNOTS('',3,1,((#8052,#8053),(#8054,#8055),(#8056,
#8057),(#8058,#8059),(#8060,#8061),(#8062,#8063)),
 .SURF_OF_LINEAR_EXTRUSION.,.F.,.F.,.F.,(4,1,1,4),(2,2),(0.138234669899776,
0.350850858093873,0.563467046287971,0.988699422676165),(0.,1.),
 .UNSPECIFIED.);
#23=B_SPLINE_SURFACE_WITH_KNOTS('',3,1,((#8065,#8066),(#8067,#8068),(#8069,
#8070),(#8071,#8072),(#8073,#8074),(#8075,#8076)),
 .SURF_OF_LINEAR_EXTRUSION.,.F.,.F.,.F.,(4,1,1,4),(2,2),(0.138234669899779,
0.350850858093876,0.563467046287972,0.988699422676165),(0.,1.),
 .UNSPECIFIED.);
#24=B_SPLINE_SURFACE_WITH_KNOTS('',3,1,((#8083,#8084),(#8085,#8086),(#8087,
#8088),(#8089,#8090),(#8091,#8092),(#8093,#8094)),
 .SURF_OF_LINEAR_EXTRUSION.,.F.,.F.,.F.,(4,1,1,4),(2,2),(0.138234669899781,
0.350850858093877,0.563467046287973,0.988699422676165),(0.,1.),
 .UNSPECIFIED.);
#25=B_SPLINE_SURFACE_WITH_KNOTS('',3,1,((#8096,#8097),(#8098,#8099),(#8100,
#8101),(#8102,#8103),(#8104,#8105),(#8106,#8107)),
 .SURF_OF_LINEAR_EXTRUSION.,.F.,.F.,.F.,(4,1,1,4),(2,2),(0.138234669899774,
0.350850858093872,0.56346704628797,0.988699422676165),(0.,1.),
 .UNSPECIFIED.);
#26=B_SPLINE_SURFACE_WITH_KNOTS('',3,1,((#8114,#8115),(#8116,#8117),(#8118,
#8119),(#8120,#8121),(#8122,#8123),(#8124,#8125)),
 .SURF_OF_LINEAR_EXTRUSION.,.F.,.F.,.F.,(4,1,1,4),(2,2),(0.138234669899776,
0.350850858093873,0.56346704628797,0.988699422676165),(0.,1.),
 .UNSPECIFIED.);
#27=B_SPLINE_SURFACE_WITH_KNOTS('',3,1,((#8127,#8128),(#8129,#8130),(#8131,
#8132),(#8133,#8134),(#8135,#8136),(#8137,#8138)),
 .SURF_OF_LINEAR_EXTRUSION.,.F.,.F.,.F.,(4,1,1,4),(2,2),(0.138234669899778,
0.350850858093875,0.563467046287971,0.988699422676165),(0.,1.),
 .UNSPECIFIED.);
#28=B_SPLINE_SURFACE_WITH_KNOTS('',3,1,((#8145,#8146),(#8147,#8148),(#8149,
#8150),(#8151,#8152),(#8153,#8154),(#8155,#8156)),
 .SURF_OF_LINEAR_EXTRUSION.,.F.,.F.,.F.,(4,1,1,4),(2,2),(0.138234669899785,
0.35085085809388,0.563467046287975,0.988699422676165),(0.,1.),
 .UNSPECIFIED.);
#29=B_SPLINE_SURFACE_WITH_KNOTS('',3,1,((#8158,#8159),(#8160,#8161),(#8162,
#8163),(#8164,#8165),(#8166,#8167),(#8168,#8169)),
 .SURF_OF_LINEAR_EXTRUSION.,.F.,.F.,.F.,(4,1,1,4),(2,2),(0.138234669899774,
0.350850858093872,0.56346704628797,0.988699422676165),(0.,1.),
 .UNSPECIFIED.);
#30=B_SPLINE_SURFACE_WITH_KNOTS('',3,1,((#8176,#8177),(#8178,#8179),(#8180,
#8181),(#8182,#8183),(#8184,#8185),(#8186,#8187)),
 .SURF_OF_LINEAR_EXTRUSION.,.F.,.F.,.F.,(4,1,1,4),(2,2),(0.138234669899779,
0.350850858093876,0.563467046287972,0.988699422676165),(0.,1.),
 .UNSPECIFIED.);
#31=B_SPLINE_SURFACE_WITH_KNOTS('',3,1,((#8189,#8190),(#8191,#8192),(#8193,
#8194),(#8195,#8196),(#8197,#8198),(#8199,#8200)),
 .SURF_OF_LINEAR_EXTRUSION.,.F.,.F.,.F.,(4,1,1,4),(2,2),(0.138234669899776,
0.350850858093873,0.563467046287971,0.988699422676165),(0.,1.),
 .UNSPECIFIED.);
#32=B_SPLINE_SURFACE_WITH_KNOTS('',3,1,((#8207,#8208),(#8209,#8210),(#8211,
#8212),(#8213,#8214),(#8215,#8216),(#8217,#8218)),
 .SURF_OF_LINEAR_EXTRUSION.,.F.,.F.,.F.,(4,1,1,4),(2,2),(0.138234669899775,
0.350850858093873,0.56346704628797,0.988699422676165),(0.,1.),
 .UNSPECIFIED.);
#33=B_SPLINE_SURFACE_WITH_KNOTS('',3,1,((#8220,#8221),(#8222,#8223),(#8224,
#8225),(#8226,#8227),(#8228,#8229),(#8230,#8231)),
 .SURF_OF_LINEAR_EXTRUSION.,.F.,.F.,.F.,(4,1,1,4),(2,2),(0.13823466989977,
0.350850858093869,0.563467046287968,0.988699422676165),(0.,1.),
 .UNSPECIFIED.);
#34=B_SPLINE_SURFACE_WITH_KNOTS('',3,1,((#8238,#8239),(#8240,#8241),(#8242,
#8243),(#8244,#8245),(#8246,#8247),(#8248,#8249)),
 .SURF_OF_LINEAR_EXTRUSION.,.F.,.F.,.F.,(4,1,1,4),(2,2),(0.138234669899778,
0.350850858093875,0.563467046287971,0.988699422676165),(0.,1.),
 .UNSPECIFIED.);
#35=B_SPLINE_SURFACE_WITH_KNOTS('',3,1,((#8251,#8252),(#8253,#8254),(#8255,
#8256),(#8257,#8258),(#8259,#8260),(#8261,#8262)),
 .SURF_OF_LINEAR_EXTRUSION.,.F.,.F.,.F.,(4,1,1,4),(2,2),(0.138234669899776,
0.350850858093873,0.56346704628797,0.988699422676165),(0.,1.),
 .UNSPECIFIED.);
#36=B_SPLINE_SURFACE_WITH_KNOTS('',3,1,((#8269,#8270),(#8271,#8272),(#8273,
#8274),(#8275,#8276),(#8277,#8278),(#8279,#8280)),
 .SURF_OF_LINEAR_EXTRUSION.,.F.,.F.,.F.,(4,1,1,4),(2,2),(0.138234669899776,
0.350850858093873,0.56346704628797,0.988699422676165),(0.,1.),
 .UNSPECIFIED.);
#37=B_SPLINE_SURFACE_WITH_KNOTS('',3,1,((#8282,#8283),(#8284,#8285),(#8286,
#8287),(#8288,#8289),(#8290,#8291),(#8292,#8293)),
 .SURF_OF_LINEAR_EXTRUSION.,.F.,.F.,.F.,(4,1,1,4),(2,2),(0.138234669899778,
0.350850858093875,0.563467046287971,0.988699422676165),(0.,1.),
 .UNSPECIFIED.);
#38=B_SPLINE_SURFACE_WITH_KNOTS('',3,1,((#8300,#8301),(#8302,#8303),(#8304,
#8305),(#8306,#8307),(#8308,#8309),(#8310,#8311)),
 .SURF_OF_LINEAR_EXTRUSION.,.F.,.F.,.F.,(4,1,1,4),(2,2),(0.138234669899778,
0.350850858093875,0.563467046287972,0.988699422676165),(0.,1.),
 .UNSPECIFIED.);
#39=B_SPLINE_SURFACE_WITH_KNOTS('',3,1,((#8313,#8314),(#8315,#8316),(#8317,
#8318),(#8319,#8320),(#8321,#8322),(#8323,#8324)),
 .SURF_OF_LINEAR_EXTRUSION.,.F.,.F.,.F.,(4,1,1,4),(2,2),(0.138234669899778,
0.350850858093875,0.563467046287972,0.988699422676165),(0.,1.),
 .UNSPECIFIED.);
#40=B_SPLINE_SURFACE_WITH_KNOTS('',3,1,((#8331,#8332),(#8333,#8334),(#8335,
#8336),(#8337,#8338),(#8339,#8340),(#8341,#8342)),
 .SURF_OF_LINEAR_EXTRUSION.,.F.,.F.,.F.,(4,1,1,4),(2,2),(0.138234669899778,
0.350850858093874,0.563467046287971,0.988699422676165),(0.,1.),
 .UNSPECIFIED.);
#41=B_SPLINE_SURFACE_WITH_KNOTS('',3,1,((#8344,#8345),(#8346,#8347),(#8348,
#8349),(#8350,#8351),(#8352,#8353),(#8354,#8355)),
 .SURF_OF_LINEAR_EXTRUSION.,.F.,.F.,.F.,(4,1,1,4),(2,2),(0.138234669899775,
0.350850858093873,0.56346704628797,0.988699422676165),(0.,1.),
 .UNSPECIFIED.);
#42=B_SPLINE_SURFACE_WITH_KNOTS('',3,1,((#8362,#8363),(#8364,#8365),(#8366,
#8367),(#8368,#8369),(#8370,#8371),(#8372,#8373)),
 .SURF_OF_LINEAR_EXTRUSION.,.F.,.F.,.F.,(4,1,1,4),(2,2),(0.138234669899776,
0.350850858093873,0.56346704628797,0.988699422676165),(0.,1.),
 .UNSPECIFIED.);
#43=B_SPLINE_SURFACE_WITH_KNOTS('',3,1,((#8375,#8376),(#8377,#8378),(#8379,
#8380),(#8381,#8382),(#8383,#8384),(#8385,#8386)),
 .SURF_OF_LINEAR_EXTRUSION.,.F.,.F.,.F.,(4,1,1,4),(2,2),(0.13823466989977,
0.350850858093869,0.563467046287968,0.988699422676165),(0.,1.),
 .UNSPECIFIED.);
#44=B_SPLINE_SURFACE_WITH_KNOTS('',3,1,((#8393,#8394),(#8395,#8396),(#8397,
#8398),(#8399,#8400),(#8401,#8402),(#8403,#8404)),
 .SURF_OF_LINEAR_EXTRUSION.,.F.,.F.,.F.,(4,1,1,4),(2,2),(0.138234669899773,
0.350850858093871,0.563467046287969,0.988699422676165),(0.,1.),
 .UNSPECIFIED.);
#45=B_SPLINE_SURFACE_WITH_KNOTS('',3,1,((#8406,#8407),(#8408,#8409),(#8410,
#8411),(#8412,#8413),(#8414,#8415),(#8416,#8417)),
 .SURF_OF_LINEAR_EXTRUSION.,.F.,.F.,.F.,(4,1,1,4),(2,2),(0.138234669899775,
0.350850858093873,0.56346704628797,0.988699422676165),(0.,1.),
 .UNSPECIFIED.);
#46=B_SPLINE_SURFACE_WITH_KNOTS('',3,1,((#8424,#8425),(#8426,#8427),(#8428,
#8429),(#8430,#8431),(#8432,#8433),(#8434,#8435)),
 .SURF_OF_LINEAR_EXTRUSION.,.F.,.F.,.F.,(4,1,1,4),(2,2),(0.138234669899785,
0.35085085809388,0.563467046287975,0.988699422676165),(0.,1.),
 .UNSPECIFIED.);
#47=B_SPLINE_SURFACE_WITH_KNOTS('',3,1,((#8437,#8438),(#8439,#8440),(#8441,
#8442),(#8443,#8444),(#8445,#8446),(#8447,#8448)),
 .SURF_OF_LINEAR_EXTRUSION.,.F.,.F.,.F.,(4,1,1,4),(2,2),(0.138234669899774,
0.350850858093872,0.56346704628797,0.988699422676165),(0.,1.),
 .UNSPECIFIED.);
#48=B_SPLINE_SURFACE_WITH_KNOTS('',3,1,((#8455,#8456),(#8457,#8458),(#8459,
#8460),(#8461,#8462),(#8463,#8464),(#8465,#8466)),
 .SURF_OF_LINEAR_EXTRUSION.,.F.,.F.,.F.,(4,1,1,4),(2,2),(0.138234669899776,
0.350850858093873,0.56346704628797,0.988699422676165),(0.,1.),
 .UNSPECIFIED.);
#49=B_SPLINE_SURFACE_WITH_KNOTS('',3,1,((#8468,#8469),(#8470,#8471),(#8472,
#8473),(#8474,#8475),(#8476,#8477),(#8478,#8479)),
 .SURF_OF_LINEAR_EXTRUSION.,.F.,.F.,.F.,(4,1,1,4),(2,2),(0.138234669899778,
0.350850858093874,0.563467046287971,0.988699422676165),(0.,1.),
 .UNSPECIFIED.);
#50=B_SPLINE_SURFACE_WITH_KNOTS('',3,1,((#8486,#8487),(#8488,#8489),(#8490,
#8491),(#8492,#8493),(#8494,#8495),(#8496,#8497)),
 .SURF_OF_LINEAR_EXTRUSION.,.F.,.F.,.F.,(4,1,1,4),(2,2),(0.138234669899778,
0.350850858093875,0.563467046287972,0.988699422676165),(0.,1.),
 .UNSPECIFIED.);
#51=B_SPLINE_SURFACE_WITH_KNOTS('',3,1,((#8499,#8500),(#8501,#8502),(#8503,
#8504),(#8505,#8506),(#8507,#8508),(#8509,#8510)),
 .SURF_OF_LINEAR_EXTRUSION.,.F.,.F.,.F.,(4,1,1,4),(2,2),(0.138234669899778,
0.350850858093875,0.563467046287972,0.988699422676165),(0.,1.),
 .UNSPECIFIED.);
#52=B_SPLINE_SURFACE_WITH_KNOTS('',3,1,((#8517,#8518),(#8519,#8520),(#8521,
#8522),(#8523,#8524),(#8525,#8526),(#8527,#8528)),
 .SURF_OF_LINEAR_EXTRUSION.,.F.,.F.,.F.,(4,1,1,4),(2,2),(0.138234669899781,
0.350850858093877,0.563467046287973,0.988699422676165),(0.,1.),
 .UNSPECIFIED.);
#53=B_SPLINE_SURFACE_WITH_KNOTS('',3,1,((#8530,#8531),(#8532,#8533),(#8534,
#8535),(#8536,#8537),(#8538,#8539),(#8540,#8541)),
 .SURF_OF_LINEAR_EXTRUSION.,.F.,.F.,.F.,(4,1,1,4),(2,2),(0.138234669899774,
0.350850858093872,0.56346704628797,0.988699422676165),(0.,1.),
 .UNSPECIFIED.);
#54=B_SPLINE_SURFACE_WITH_KNOTS('',3,1,((#8548,#8549),(#8550,#8551),(#8552,
#8553),(#8554,#8555),(#8556,#8557),(#8558,#8559)),
 .SURF_OF_LINEAR_EXTRUSION.,.F.,.F.,.F.,(4,1,1,4),(2,2),(0.138234669899776,
0.350850858093873,0.563467046287971,0.988699422676165),(0.,1.),
 .UNSPECIFIED.);
#55=B_SPLINE_SURFACE_WITH_KNOTS('',3,1,((#8561,#8562),(#8563,#8564),(#8565,
#8566),(#8567,#8568),(#8569,#8570),(#8571,#8572)),
 .SURF_OF_LINEAR_EXTRUSION.,.F.,.F.,.F.,(4,1,1,4),(2,2),(0.138234669899779,
0.350850858093876,0.563467046287972,0.988699422676165),(0.,1.),
 .UNSPECIFIED.);
#56=B_SPLINE_SURFACE_WITH_KNOTS('',3,1,((#8579,#8580),(#8581,#8582),(#8583,
#8584),(#8585,#8586),(#8587,#8588),(#8589,#8590)),
 .SURF_OF_LINEAR_EXTRUSION.,.F.,.F.,.F.,(4,1,1,4),(2,2),(0.138234669899776,
0.350850858093873,0.563467046287971,0.988699422676165),(0.,1.),
 .UNSPECIFIED.);
#57=B_SPLINE_SURFACE_WITH_KNOTS('',3,1,((#8592,#8593),(#8594,#8595),(#8596,
#8597),(#8598,#8599),(#8600,#8601),(#8602,#8603)),
 .SURF_OF_LINEAR_EXTRUSION.,.F.,.F.,.F.,(4,1,1,4),(2,2),(0.138234669899779,
0.350850858093876,0.563467046287972,0.988699422676165),(0.,1.),
 .UNSPECIFIED.);
#58=B_SPLINE_SURFACE_WITH_KNOTS('',3,1,((#8610,#8611),(#8612,#8613),(#8614,
#8615),(#8616,#8617),(#8618,#8619),(#8620,#8621)),
 .SURF_OF_LINEAR_EXTRUSION.,.F.,.F.,.F.,(4,1,1,4),(2,2),(0.138234669899778,
0.350850858093875,0.563467046287971,0.988699422676165),(0.,1.),
 .UNSPECIFIED.);
#59=B_SPLINE_SURFACE_WITH_KNOTS('',3,1,((#8623,#8624),(#8625,#8626),(#8627,
#8628),(#8629,#8630),(#8631,#8632),(#8633,#8634)),
 .SURF_OF_LINEAR_EXTRUSION.,.F.,.F.,.F.,(4,1,1,4),(2,2),(0.138234669899776,
0.350850858093873,0.56346704628797,0.988699422676165),(0.,1.),
 .UNSPECIFIED.);
#60=B_SPLINE_CURVE_WITH_KNOTS('',3,(#4096,#4097,#4098,#4099,#4100,#4101,
#4102,#4103,#4104,#4105,#4106,#4107,#4108,#4109,#4110,#4111,#4112,#4113,
#4114,#4115,#4116,#4117,#4118,#4119,#4120,#4121,#4122,#4123,#4124,#4125,
#4126,#4127,#4128,#4129,#4130,#4131),.UNSPECIFIED.,.F.,.F.,(4,1,1,1,1,1,
1,1,1,1,1,1,1,1,1,1,1,1,1,1,1,1,1,1,1,1,1,1,1,1,1,1,1,4),(0.,0.0413381822826774,
0.0506765384102737,0.0627323019499041,0.0769968729629174,0.093171375797582,
0.111052961285902,0.130492294047274,0.151373486959583,0.173603214287295,
0.197104221434958,0.221811181932658,0.247667911371166,0.274625415290938,
0.302640475133744,0.33167459537999,0.361693201260414,0.392665015214047,
0.424561563933128,0.457356782804625,0.491026694320629,0.525549143570118,
0.560903578410605,0.597070865060469,0.634033132095252,0.671773637458858,
0.710276654299894,0.749527372339588,0.789511812155732,0.830216750286108,
0.871629653456396,0.913738620551208,0.95653233119422,0.988699422676165),
 .UNSPECIFIED.);
#61=B_SPLINE_CURVE_WITH_KNOTS('',3,(#4132,#4133,#4134,#4135,#4136,#4137,
#4138,#4139,#4140,#4141,#4142,#4143,#4144,#4145,#4146,#4147,#4148,#4149,
#4150,#4151,#4152,#4153,#4154,#4155,#4156,#4157,#4158,#4159,#4160,#4161,
#4162,#4163,#4164,#4165,#4166,#4167),.UNSPECIFIED.,.F.,.F.,(4,1,1,1,1,1,
1,1,1,1,1,1,1,1,1,1,1,1,1,1,1,1,1,1,1,1,1,1,1,1,1,1,1,4),(0.,0.0413381822826774,
0.0506765384102737,0.0627323019499041,0.0769968729629174,0.093171375797582,
0.111052961285902,0.130492294047274,0.151373486959583,0.173603214287295,
0.197104221434958,0.221811181932658,0.247667911371166,0.274625415290938,
0.302640475133744,0.33167459537999,0.361693201260414,0.392665015214047,
0.424561563933128,0.457356782804625,0.491026694320629,0.525549143570118,
0.560903578410605,0.597070865060469,0.634033132095252,0.671773637458858,
0.710276654299894,0.749527372339588,0.789511812155732,0.830216750286108,
0.871629653456396,0.913738620551208,0.95653233119422,0.988699422676165),
 .UNSPECIFIED.);
#62=B_SPLINE_CURVE_WITH_KNOTS('',3,(#4175,#4176,#4177,#4178,#4179,#4180,
#4181,#4182,#4183,#4184,#4185,#4186,#4187,#4188,#4189,#4190,#4191,#4192,
#4193,#4194,#4195,#4196,#4197,#4198,#4199,#4200,#4201,#4202,#4203,#4204,
#4205,#4206,#4207,#4208,#4209,#4210),.UNSPECIFIED.,.F.,.F.,(4,1,1,1,1,1,
1,1,1,1,1,1,1,1,1,1,1,1,1,1,1,1,1,1,1,1,1,1,1,1,1,1,1,4),(0.,0.0413381822826774,
0.0506765384102737,0.0627323019499041,0.0769968729629174,0.093171375797582,
0.111052961285902,0.130492294047274,0.151373486959583,0.173603214287295,
0.197104221434958,0.221811181932658,0.247667911371166,0.274625415290938,
0.302640475133744,0.33167459537999,0.361693201260414,0.392665015214047,
0.424561563933128,0.457356782804625,0.491026694320629,0.525549143570118,
0.560903578410605,0.597070865060469,0.634033132095252,0.671773637458858,
0.710276654299894,0.749527372339588,0.789511812155732,0.830216750286108,
0.871629653456396,0.913738620551208,0.95653233119422,0.988699422676165),
 .UNSPECIFIED.);
#63=B_SPLINE_CURVE_WITH_KNOTS('',3,(#4211,#4212,#4213,#4214,#4215,#4216,
#4217,#4218,#4219,#4220,#4221,#4222,#4223,#4224,#4225,#4226,#4227,#4228,
#4229,#4230,#4231,#4232,#4233,#4234,#4235,#4236,#4237,#4238,#4239,#4240,
#4241,#4242,#4243,#4244,#4245,#4246),.UNSPECIFIED.,.F.,.F.,(4,1,1,1,1,1,
1,1,1,1,1,1,1,1,1,1,1,1,1,1,1,1,1,1,1,1,1,1,1,1,1,1,1,4),(0.,0.0413381822826774,
0.0506765384102737,0.0627323019499041,0.0769968729629174,0.093171375797582,
0.111052961285902,0.130492294047274,0.151373486959583,0.173603214287295,
0.197104221434958,0.221811181932658,0.247667911371166,0.274625415290938,
0.302640475133744,0.33167459537999,0.361693201260414,0.392665015214047,
0.424561563933128,0.457356782804625,0.491026694320629,0.525549143570118,
0.560903578410605,0.597070865060469,0.634033132095252,0.671773637458858,
0.710276654299894,0.749527372339588,0.789511812155732,0.830216750286108,
0.871629653456396,0.913738620551208,0.95653233119422,0.988699422676165),
 .UNSPECIFIED.);
#64=B_SPLINE_CURVE_WITH_KNOTS('',3,(#4254,#4255,#4256,#4257,#4258,#4259,
#4260,#4261,#4262,#4263,#4264,#4265,#4266,#4267,#4268,#4269,#4270,#4271,
#4272,#4273,#4274,#4275,#4276,#4277,#4278,#4279,#4280,#4281,#4282,#4283,
#4284,#4285,#4286,#4287,#4288,#4289),.UNSPECIFIED.,.F.,.F.,(4,1,1,1,1,1,
1,1,1,1,1,1,1,1,1,1,1,1,1,1,1,1,1,1,1,1,1,1,1,1,1,1,1,4),(0.,0.0413381822826774,
0.0506765384102737,0.0627323019499041,0.0769968729629174,0.093171375797582,
0.111052961285902,0.130492294047274,0.151373486959583,0.173603214287295,
0.197104221434958,0.221811181932658,0.247667911371166,0.274625415290938,
0.302640475133744,0.33167459537999,0.361693201260414,0.392665015214047,
0.424561563933128,0.457356782804625,0.491026694320629,0.525549143570118,
0.560903578410605,0.597070865060469,0.634033132095252,0.671773637458858,
0.710276654299894,0.749527372339588,0.789511812155732,0.830216750286108,
0.871629653456396,0.913738620551208,0.95653233119422,0.988699422676165),
 .UNSPECIFIED.);
#65=B_SPLINE_CURVE_WITH_KNOTS('',3,(#4290,#4291,#4292,#4293,#4294,#4295,
#4296,#4297,#4298,#4299,#4300,#4301,#4302,#4303,#4304,#4305,#4306,#4307,
#4308,#4309,#4310,#4311,#4312,#4313,#4314,#4315,#4316,#4317,#4318,#4319,
#4320,#4321,#4322,#4323,#4324,#4325),.UNSPECIFIED.,.F.,.F.,(4,1,1,1,1,1,
1,1,1,1,1,1,1,1,1,1,1,1,1,1,1,1,1,1,1,1,1,1,1,1,1,1,1,4),(0.,0.0413381822826774,
0.0506765384102737,0.0627323019499041,0.0769968729629174,0.093171375797582,
0.111052961285902,0.130492294047274,0.151373486959583,0.173603214287295,
0.197104221434958,0.221811181932658,0.247667911371166,0.274625415290938,
0.302640475133744,0.33167459537999,0.361693201260414,0.392665015214047,
0.424561563933128,0.457356782804625,0.491026694320629,0.525549143570118,
0.560903578410605,0.597070865060469,0.634033132095252,0.671773637458858,
0.710276654299894,0.749527372339588,0.789511812155732,0.830216750286108,
0.871629653456396,0.913738620551208,0.95653233119422,0.988699422676165),
 .UNSPECIFIED.);
#66=B_SPLINE_CURVE_WITH_KNOTS('',3,(#4333,#4334,#4335,#4336,#4337,#4338,
#4339,#4340,#4341,#4342,#4343,#4344,#4345,#4346,#4347,#4348,#4349,#4350,
#4351,#4352,#4353,#4354,#4355,#4356,#4357,#4358,#4359,#4360,#4361,#4362,
#4363,#4364,#4365,#4366,#4367,#4368),.UNSPECIFIED.,.F.,.F.,(4,1,1,1,1,1,
1,1,1,1,1,1,1,1,1,1,1,1,1,1,1,1,1,1,1,1,1,1,1,1,1,1,1,4),(0.,0.0413381822826774,
0.0506765384102737,0.0627323019499041,0.0769968729629174,0.093171375797582,
0.111052961285902,0.130492294047274,0.151373486959583,0.173603214287295,
0.197104221434958,0.221811181932658,0.247667911371166,0.274625415290938,
0.302640475133744,0.33167459537999,0.361693201260414,0.392665015214047,
0.424561563933128,0.457356782804625,0.491026694320629,0.525549143570118,
0.560903578410605,0.597070865060469,0.634033132095252,0.671773637458858,
0.710276654299894,0.749527372339588,0.789511812155732,0.830216750286108,
0.871629653456396,0.913738620551208,0.95653233119422,0.988699422676165),
 .UNSPECIFIED.);
#67=B_SPLINE_CURVE_WITH_KNOTS('',3,(#4369,#4370,#4371,#4372,#4373,#4374,
#4375,#4376,#4377,#4378,#4379,#4380,#4381,#4382,#4383,#4384,#4385,#4386,
#4387,#4388,#4389,#4390,#4391,#4392,#4393,#4394,#4395,#4396,#4397,#4398,
#4399,#4400,#4401,#4402,#4403,#4404),.UNSPECIFIED.,.F.,.F.,(4,1,1,1,1,1,
1,1,1,1,1,1,1,1,1,1,1,1,1,1,1,1,1,1,1,1,1,1,1,1,1,1,1,4),(0.,0.0413381822826774,
0.0506765384102737,0.0627323019499041,0.0769968729629174,0.093171375797582,
0.111052961285902,0.130492294047274,0.151373486959583,0.173603214287295,
0.197104221434958,0.221811181932658,0.247667911371166,0.274625415290938,
0.302640475133744,0.33167459537999,0.361693201260414,0.392665015214047,
0.424561563933128,0.457356782804625,0.491026694320629,0.525549143570118,
0.560903578410605,0.597070865060469,0.634033132095252,0.671773637458858,
0.710276654299894,0.749527372339588,0.789511812155732,0.830216750286108,
0.871629653456396,0.913738620551208,0.95653233119422,0.988699422676165),
 .UNSPECIFIED.);
#68=B_SPLINE_CURVE_WITH_KNOTS('',3,(#4412,#4413,#4414,#4415,#4416,#4417,
#4418,#4419,#4420,#4421,#4422,#4423,#4424,#4425,#4426,#4427,#4428,#4429,
#4430,#4431,#4432,#4433,#4434,#4435,#4436,#4437,#4438,#4439,#4440,#4441,
#4442,#4443,#4444,#4445,#4446,#4447),.UNSPECIFIED.,.F.,.F.,(4,1,1,1,1,1,
1,1,1,1,1,1,1,1,1,1,1,1,1,1,1,1,1,1,1,1,1,1,1,1,1,1,1,4),(0.,0.0413381822826774,
0.0506765384102737,0.0627323019499041,0.0769968729629174,0.093171375797582,
0.111052961285902,0.130492294047274,0.151373486959583,0.173603214287295,
0.197104221434958,0.221811181932658,0.247667911371166,0.274625415290938,
0.302640475133744,0.33167459537999,0.361693201260414,0.392665015214047,
0.424561563933128,0.457356782804625,0.491026694320629,0.525549143570118,
0.560903578410605,0.597070865060469,0.634033132095252,0.671773637458858,
0.710276654299894,0.749527372339588,0.789511812155732,0.830216750286108,
0.871629653456396,0.913738620551208,0.95653233119422,0.988699422676165),
 .UNSPECIFIED.);
#69=B_SPLINE_CURVE_WITH_KNOTS('',3,(#4448,#4449,#4450,#4451,#4452,#4453,
#4454,#4455,#4456,#4457,#4458,#4459,#4460,#4461,#4462,#4463,#4464,#4465,
#4466,#4467,#4468,#4469,#4470,#4471,#4472,#4473,#4474,#4475,#4476,#4477,
#4478,#4479,#4480,#4481,#4482,#4483),.UNSPECIFIED.,.F.,.F.,(4,1,1,1,1,1,
1,1,1,1,1,1,1,1,1,1,1,1,1,1,1,1,1,1,1,1,1,1,1,1,1,1,1,4),(0.,0.0413381822826774,
0.0506765384102737,0.0627323019499041,0.0769968729629174,0.093171375797582,
0.111052961285902,0.130492294047274,0.151373486959583,0.173603214287295,
0.197104221434958,0.221811181932658,0.247667911371166,0.274625415290938,
0.302640475133744,0.33167459537999,0.361693201260414,0.392665015214047,
0.424561563933128,0.457356782804625,0.491026694320629,0.525549143570118,
0.560903578410605,0.597070865060469,0.634033132095252,0.671773637458858,
0.710276654299894,0.749527372339588,0.789511812155732,0.830216750286108,
0.871629653456396,0.913738620551208,0.95653233119422,0.988699422676165),
 .UNSPECIFIED.);
#70=B_SPLINE_CURVE_WITH_KNOTS('',3,(#4491,#4492,#4493,#4494,#4495,#4496,
#4497,#4498,#4499,#4500,#4501,#4502,#4503,#4504,#4505,#4506,#4507,#4508,
#4509,#4510,#4511,#4512,#4513,#4514,#4515,#4516,#4517,#4518,#4519,#4520,
#4521,#4522,#4523,#4524,#4525,#4526),.UNSPECIFIED.,.F.,.F.,(4,1,1,1,1,1,
1,1,1,1,1,1,1,1,1,1,1,1,1,1,1,1,1,1,1,1,1,1,1,1,1,1,1,4),(0.,0.0413381822826774,
0.0506765384102737,0.0627323019499041,0.0769968729629174,0.093171375797582,
0.111052961285902,0.130492294047274,0.151373486959583,0.173603214287295,
0.197104221434958,0.221811181932658,0.247667911371166,0.274625415290938,
0.302640475133744,0.33167459537999,0.361693201260414,0.392665015214047,
0.424561563933128,0.457356782804625,0.491026694320629,0.525549143570118,
0.560903578410605,0.597070865060469,0.634033132095252,0.671773637458858,
0.710276654299894,0.749527372339588,0.789511812155732,0.830216750286108,
0.871629653456396,0.913738620551208,0.95653233119422,0.988699422676165),
 .UNSPECIFIED.);
#71=B_SPLINE_CURVE_WITH_KNOTS('',3,(#4527,#4528,#4529,#4530,#4531,#4532,
#4533,#4534,#4535,#4536,#4537,#4538,#4539,#4540,#4541,#4542,#4543,#4544,
#4545,#4546,#4547,#4548,#4549,#4550,#4551,#4552,#4553,#4554,#4555,#4556,
#4557,#4558,#4559,#4560,#4561,#4562),.UNSPECIFIED.,.F.,.F.,(4,1,1,1,1,1,
1,1,1,1,1,1,1,1,1,1,1,1,1,1,1,1,1,1,1,1,1,1,1,1,1,1,1,4),(0.,0.0413381822826774,
0.0506765384102737,0.0627323019499041,0.0769968729629174,0.093171375797582,
0.111052961285902,0.130492294047274,0.151373486959583,0.173603214287295,
0.197104221434958,0.221811181932658,0.247667911371166,0.274625415290938,
0.302640475133744,0.33167459537999,0.361693201260414,0.392665015214047,
0.424561563933128,0.457356782804625,0.491026694320629,0.525549143570118,
0.560903578410605,0.597070865060469,0.634033132095252,0.671773637458858,
0.710276654299894,0.749527372339588,0.789511812155732,0.830216750286108,
0.871629653456396,0.913738620551208,0.95653233119422,0.988699422676165),
 .UNSPECIFIED.);
#72=B_SPLINE_CURVE_WITH_KNOTS('',3,(#4570,#4571,#4572,#4573,#4574,#4575,
#4576,#4577,#4578,#4579,#4580,#4581,#4582,#4583,#4584,#4585,#4586,#4587,
#4588,#4589,#4590,#4591,#4592,#4593,#4594,#4595,#4596,#4597,#4598,#4599,
#4600,#4601,#4602,#4603,#4604,#4605),.UNSPECIFIED.,.F.,.F.,(4,1,1,1,1,1,
1,1,1,1,1,1,1,1,1,1,1,1,1,1,1,1,1,1,1,1,1,1,1,1,1,1,1,4),(0.,0.0413381822826774,
0.0506765384102737,0.0627323019499041,0.0769968729629174,0.093171375797582,
0.111052961285902,0.130492294047274,0.151373486959583,0.173603214287295,
0.197104221434958,0.221811181932658,0.247667911371166,0.274625415290938,
0.302640475133744,0.33167459537999,0.361693201260414,0.392665015214047,
0.424561563933128,0.457356782804625,0.491026694320629,0.525549143570118,
0.560903578410605,0.597070865060469,0.634033132095252,0.671773637458858,
0.710276654299894,0.749527372339588,0.789511812155732,0.830216750286108,
0.871629653456396,0.913738620551208,0.95653233119422,0.988699422676165),
 .UNSPECIFIED.);
#73=B_SPLINE_CURVE_WITH_KNOTS('',3,(#4606,#4607,#4608,#4609,#4610,#4611,
#4612,#4613,#4614,#4615,#4616,#4617,#4618,#4619,#4620,#4621,#4622,#4623,
#4624,#4625,#4626,#4627,#4628,#4629,#4630,#4631,#4632,#4633,#4634,#4635,
#4636,#4637,#4638,#4639,#4640,#4641),.UNSPECIFIED.,.F.,.F.,(4,1,1,1,1,1,
1,1,1,1,1,1,1,1,1,1,1,1,1,1,1,1,1,1,1,1,1,1,1,1,1,1,1,4),(0.,0.0413381822826774,
0.0506765384102737,0.0627323019499041,0.0769968729629174,0.093171375797582,
0.111052961285902,0.130492294047274,0.151373486959583,0.173603214287295,
0.197104221434958,0.221811181932658,0.247667911371166,0.274625415290938,
0.302640475133744,0.33167459537999,0.361693201260414,0.392665015214047,
0.424561563933128,0.457356782804625,0.491026694320629,0.525549143570118,
0.560903578410605,0.597070865060469,0.634033132095252,0.671773637458858,
0.710276654299894,0.749527372339588,0.789511812155732,0.830216750286108,
0.871629653456396,0.913738620551208,0.95653233119422,0.988699422676165),
 .UNSPECIFIED.);
#74=B_SPLINE_CURVE_WITH_KNOTS('',3,(#4649,#4650,#4651,#4652,#4653,#4654,
#4655,#4656,#4657,#4658,#4659,#4660,#4661,#4662,#4663,#4664,#4665,#4666,
#4667,#4668,#4669,#4670,#4671,#4672,#4673,#4674,#4675,#4676,#4677,#4678,
#4679,#4680,#4681,#4682,#4683,#4684),.UNSPECIFIED.,.F.,.F.,(4,1,1,1,1,1,
1,1,1,1,1,1,1,1,1,1,1,1,1,1,1,1,1,1,1,1,1,1,1,1,1,1,1,4),(0.,0.0413381822826774,
0.0506765384102737,0.0627323019499041,0.0769968729629174,0.093171375797582,
0.111052961285902,0.130492294047274,0.151373486959583,0.173603214287295,
0.197104221434958,0.221811181932658,0.247667911371166,0.274625415290938,
0.302640475133744,0.33167459537999,0.361693201260414,0.392665015214047,
0.424561563933128,0.457356782804625,0.491026694320629,0.525549143570118,
0.560903578410605,0.597070865060469,0.634033132095252,0.671773637458858,
0.710276654299894,0.749527372339588,0.789511812155732,0.830216750286108,
0.871629653456396,0.913738620551208,0.95653233119422,0.988699422676165),
 .UNSPECIFIED.);
#75=B_SPLINE_CURVE_WITH_KNOTS('',3,(#4685,#4686,#4687,#4688,#4689,#4690,
#4691,#4692,#4693,#4694,#4695,#4696,#4697,#4698,#4699,#4700,#4701,#4702,
#4703,#4704,#4705,#4706,#4707,#4708,#4709,#4710,#4711,#4712,#4713,#4714,
#4715,#4716,#4717,#4718,#4719,#4720),.UNSPECIFIED.,.F.,.F.,(4,1,1,1,1,1,
1,1,1,1,1,1,1,1,1,1,1,1,1,1,1,1,1,1,1,1,1,1,1,1,1,1,1,4),(0.,0.0413381822826774,
0.0506765384102737,0.0627323019499041,0.0769968729629174,0.093171375797582,
0.111052961285902,0.130492294047274,0.151373486959583,0.173603214287295,
0.197104221434958,0.221811181932658,0.247667911371166,0.274625415290938,
0.302640475133744,0.33167459537999,0.361693201260414,0.392665015214047,
0.424561563933128,0.457356782804625,0.491026694320629,0.525549143570118,
0.560903578410605,0.597070865060469,0.634033132095252,0.671773637458858,
0.710276654299894,0.749527372339588,0.789511812155732,0.830216750286108,
0.871629653456396,0.913738620551208,0.95653233119422,0.988699422676165),
 .UNSPECIFIED.);
#76=B_SPLINE_CURVE_WITH_KNOTS('',3,(#4728,#4729,#4730,#4731,#4732,#4733,
#4734,#4735,#4736,#4737,#4738,#4739,#4740,#4741,#4742,#4743,#4744,#4745,
#4746,#4747,#4748,#4749,#4750,#4751,#4752,#4753,#4754,#4755,#4756,#4757,
#4758,#4759,#4760,#4761,#4762,#4763),.UNSPECIFIED.,.F.,.F.,(4,1,1,1,1,1,
1,1,1,1,1,1,1,1,1,1,1,1,1,1,1,1,1,1,1,1,1,1,1,1,1,1,1,4),(0.,0.0413381822826774,
0.0506765384102737,0.0627323019499041,0.0769968729629174,0.093171375797582,
0.111052961285902,0.130492294047274,0.151373486959583,0.173603214287295,
0.197104221434958,0.221811181932658,0.247667911371166,0.274625415290938,
0.302640475133744,0.33167459537999,0.361693201260414,0.392665015214047,
0.424561563933128,0.457356782804625,0.491026694320629,0.525549143570118,
0.560903578410605,0.597070865060469,0.634033132095252,0.671773637458858,
0.710276654299894,0.749527372339588,0.789511812155732,0.830216750286108,
0.871629653456396,0.913738620551208,0.95653233119422,0.988699422676165),
 .UNSPECIFIED.);
#77=B_SPLINE_CURVE_WITH_KNOTS('',3,(#4764,#4765,#4766,#4767,#4768,#4769,
#4770,#4771,#4772,#4773,#4774,#4775,#4776,#4777,#4778,#4779,#4780,#4781,
#4782,#4783,#4784,#4785,#4786,#4787,#4788,#4789,#4790,#4791,#4792,#4793,
#4794,#4795,#4796,#4797,#4798,#4799),.UNSPECIFIED.,.F.,.F.,(4,1,1,1,1,1,
1,1,1,1,1,1,1,1,1,1,1,1,1,1,1,1,1,1,1,1,1,1,1,1,1,1,1,4),(0.,0.0413381822826774,
0.0506765384102737,0.0627323019499041,0.0769968729629174,0.093171375797582,
0.111052961285902,0.130492294047274,0.151373486959583,0.173603214287295,
0.197104221434958,0.221811181932658,0.247667911371166,0.274625415290938,
0.302640475133744,0.33167459537999,0.361693201260414,0.392665015214047,
0.424561563933128,0.457356782804625,0.491026694320629,0.525549143570118,
0.560903578410605,0.597070865060469,0.634033132095252,0.671773637458858,
0.710276654299894,0.749527372339588,0.789511812155732,0.830216750286108,
0.871629653456396,0.913738620551208,0.95653233119422,0.988699422676165),
 .UNSPECIFIED.);
#78=B_SPLINE_CURVE_WITH_KNOTS('',3,(#4807,#4808,#4809,#4810,#4811,#4812,
#4813,#4814,#4815,#4816,#4817,#4818,#4819,#4820,#4821,#4822,#4823,#4824,
#4825,#4826,#4827,#4828,#4829,#4830,#4831,#4832,#4833,#4834,#4835,#4836,
#4837,#4838,#4839,#4840,#4841,#4842),.UNSPECIFIED.,.F.,.F.,(4,1,1,1,1,1,
1,1,1,1,1,1,1,1,1,1,1,1,1,1,1,1,1,1,1,1,1,1,1,1,1,1,1,4),(0.,0.0413381822826774,
0.0506765384102737,0.0627323019499041,0.0769968729629174,0.093171375797582,
0.111052961285902,0.130492294047274,0.151373486959583,0.173603214287295,
0.197104221434958,0.221811181932658,0.247667911371166,0.274625415290938,
0.302640475133744,0.33167459537999,0.361693201260414,0.392665015214047,
0.424561563933128,0.457356782804625,0.491026694320629,0.525549143570118,
0.560903578410605,0.597070865060469,0.634033132095252,0.671773637458858,
0.710276654299894,0.749527372339588,0.789511812155732,0.830216750286108,
0.871629653456396,0.913738620551208,0.95653233119422,0.988699422676165),
 .UNSPECIFIED.);
#79=B_SPLINE_CURVE_WITH_KNOTS('',3,(#4843,#4844,#4845,#4846,#4847,#4848,
#4849,#4850,#4851,#4852,#4853,#4854,#4855,#4856,#4857,#4858,#4859,#4860,
#4861,#4862,#4863,#4864,#4865,#4866,#4867,#4868,#4869,#4870,#4871,#4872,
#4873,#4874,#4875,#4876,#4877,#4878),.UNSPECIFIED.,.F.,.F.,(4,1,1,1,1,1,
1,1,1,1,1,1,1,1,1,1,1,1,1,1,1,1,1,1,1,1,1,1,1,1,1,1,1,4),(0.,0.0413381822826774,
0.0506765384102737,0.0627323019499041,0.0769968729629174,0.093171375797582,
0.111052961285902,0.130492294047274,0.151373486959583,0.173603214287295,
0.197104221434958,0.221811181932658,0.247667911371166,0.274625415290938,
0.302640475133744,0.33167459537999,0.361693201260414,0.392665015214047,
0.424561563933128,0.457356782804625,0.491026694320629,0.525549143570118,
0.560903578410605,0.597070865060469,0.634033132095252,0.671773637458858,
0.710276654299894,0.749527372339588,0.789511812155732,0.830216750286108,
0.871629653456396,0.913738620551208,0.95653233119422,0.988699422676165),
 .UNSPECIFIED.);
#80=B_SPLINE_CURVE_WITH_KNOTS('',3,(#4886,#4887,#4888,#4889,#4890,#4891,
#4892,#4893,#4894,#4895,#4896,#4897,#4898,#4899,#4900,#4901,#4902,#4903,
#4904,#4905,#4906,#4907,#4908,#4909,#4910,#4911,#4912,#4913,#4914,#4915,
#4916,#4917,#4918,#4919,#4920,#4921),.UNSPECIFIED.,.F.,.F.,(4,1,1,1,1,1,
1,1,1,1,1,1,1,1,1,1,1,1,1,1,1,1,1,1,1,1,1,1,1,1,1,1,1,4),(0.,0.0413381822826774,
0.0506765384102737,0.0627323019499041,0.0769968729629174,0.093171375797582,
0.111052961285902,0.130492294047274,0.151373486959583,0.173603214287295,
0.197104221434958,0.221811181932658,0.247667911371166,0.274625415290938,
0.302640475133744,0.33167459537999,0.361693201260414,0.392665015214047,
0.424561563933128,0.457356782804625,0.491026694320629,0.525549143570118,
0.560903578410605,0.597070865060469,0.634033132095252,0.671773637458858,
0.710276654299894,0.749527372339588,0.789511812155732,0.830216750286108,
0.871629653456396,0.913738620551208,0.95653233119422,0.988699422676165),
 .UNSPECIFIED.);
#81=B_SPLINE_CURVE_WITH_KNOTS('',3,(#4925,#4926,#4927,#4928,#4929,#4930,
#4931,#4932,#4933,#4934,#4935,#4936,#4937,#4938,#4939,#4940,#4941,#4942,
#4943,#4944,#4945,#4946,#4947,#4948,#4949,#4950,#4951,#4952,#4953,#4954,
#4955,#4956,#4957,#4958,#4959,#4960),.UNSPECIFIED.,.F.,.F.,(4,1,1,1,1,1,
1,1,1,1,1,1,1,1,1,1,1,1,1,1,1,1,1,1,1,1,1,1,1,1,1,1,1,4),(0.,0.0413381822826774,
0.0506765384102737,0.0627323019499041,0.0769968729629174,0.093171375797582,
0.111052961285902,0.130492294047274,0.151373486959583,0.173603214287295,
0.197104221434958,0.221811181932658,0.247667911371166,0.274625415290938,
0.302640475133744,0.33167459537999,0.361693201260414,0.392665015214047,
0.424561563933128,0.457356782804625,0.491026694320629,0.525549143570118,
0.560903578410605,0.597070865060469,0.634033132095252,0.671773637458858,
0.710276654299894,0.749527372339588,0.789511812155732,0.830216750286108,
0.871629653456396,0.913738620551208,0.95653233119422,0.988699422676165),
 .UNSPECIFIED.);
#82=B_SPLINE_CURVE_WITH_KNOTS('',3,(#4968,#4969,#4970,#4971,#4972,#4973,
#4974,#4975,#4976,#4977,#4978,#4979,#4980,#4981,#4982,#4983,#4984,#4985,
#4986,#4987,#4988,#4989,#4990,#4991,#4992,#4993,#4994,#4995,#4996,#4997,
#4998,#4999,#5000,#5001,#5002,#5003),.UNSPECIFIED.,.F.,.F.,(4,1,1,1,1,1,
1,1,1,1,1,1,1,1,1,1,1,1,1,1,1,1,1,1,1,1,1,1,1,1,1,1,1,4),(0.,0.0413381822826774,
0.0506765384102737,0.0627323019499041,0.0769968729629174,0.093171375797582,
0.111052961285902,0.130492294047274,0.151373486959583,0.173603214287295,
0.197104221434958,0.221811181932658,0.247667911371166,0.274625415290938,
0.302640475133744,0.33167459537999,0.361693201260414,0.392665015214047,
0.424561563933128,0.457356782804625,0.491026694320629,0.525549143570118,
0.560903578410605,0.597070865060469,0.634033132095252,0.671773637458858,
0.710276654299894,0.749527372339588,0.789511812155732,0.830216750286108,
0.871629653456396,0.913738620551208,0.95653233119422,0.988699422676165),
 .UNSPECIFIED.);
#83=B_SPLINE_CURVE_WITH_KNOTS('',3,(#5004,#5005,#5006,#5007,#5008,#5009,
#5010,#5011,#5012,#5013,#5014,#5015,#5016,#5017,#5018,#5019,#5020,#5021,
#5022,#5023,#5024,#5025,#5026,#5027,#5028,#5029,#5030,#5031,#5032,#5033,
#5034,#5035,#5036,#5037,#5038,#5039),.UNSPECIFIED.,.F.,.F.,(4,1,1,1,1,1,
1,1,1,1,1,1,1,1,1,1,1,1,1,1,1,1,1,1,1,1,1,1,1,1,1,1,1,4),(0.,0.0413381822826774,
0.0506765384102737,0.0627323019499041,0.0769968729629174,0.093171375797582,
0.111052961285902,0.130492294047274,0.151373486959583,0.173603214287295,
0.197104221434958,0.221811181932658,0.247667911371166,0.274625415290938,
0.302640475133744,0.33167459537999,0.361693201260414,0.392665015214047,
0.424561563933128,0.457356782804625,0.491026694320629,0.525549143570118,
0.560903578410605,0.597070865060469,0.634033132095252,0.671773637458858,
0.710276654299894,0.749527372339588,0.789511812155732,0.830216750286108,
0.871629653456396,0.913738620551208,0.95653233119422,0.988699422676165),
 .UNSPECIFIED.);
#84=B_SPLINE_CURVE_WITH_KNOTS('',3,(#5047,#5048,#5049,#5050,#5051,#5052,
#5053,#5054,#5055,#5056,#5057,#5058,#5059,#5060,#5061,#5062,#5063,#5064,
#5065,#5066,#5067,#5068,#5069,#5070,#5071,#5072,#5073,#5074,#5075,#5076,
#5077,#5078,#5079,#5080,#5081,#5082),.UNSPECIFIED.,.F.,.F.,(4,1,1,1,1,1,
1,1,1,1,1,1,1,1,1,1,1,1,1,1,1,1,1,1,1,1,1,1,1,1,1,1,1,4),(0.,0.0413381822826774,
0.0506765384102737,0.0627323019499041,0.0769968729629174,0.093171375797582,
0.111052961285902,0.130492294047274,0.151373486959583,0.173603214287295,
0.197104221434958,0.221811181932658,0.247667911371166,0.274625415290938,
0.302640475133744,0.33167459537999,0.361693201260414,0.392665015214047,
0.424561563933128,0.457356782804625,0.491026694320629,0.525549143570118,
0.560903578410605,0.597070865060469,0.634033132095252,0.671773637458858,
0.710276654299894,0.749527372339588,0.789511812155732,0.830216750286108,
0.871629653456396,0.913738620551208,0.95653233119422,0.988699422676165),
 .UNSPECIFIED.);
#85=B_SPLINE_CURVE_WITH_KNOTS('',3,(#5083,#5084,#5085,#5086,#5087,#5088,
#5089,#5090,#5091,#5092,#5093,#5094,#5095,#5096,#5097,#5098,#5099,#5100,
#5101,#5102,#5103,#5104,#5105,#5106,#5107,#5108,#5109,#5110,#5111,#5112,
#5113,#5114,#5115,#5116,#5117,#5118),.UNSPECIFIED.,.F.,.F.,(4,1,1,1,1,1,
1,1,1,1,1,1,1,1,1,1,1,1,1,1,1,1,1,1,1,1,1,1,1,1,1,1,1,4),(0.,0.0413381822826774,
0.0506765384102737,0.0627323019499041,0.0769968729629174,0.093171375797582,
0.111052961285902,0.130492294047274,0.151373486959583,0.173603214287295,
0.197104221434958,0.221811181932658,0.247667911371166,0.274625415290938,
0.302640475133744,0.33167459537999,0.361693201260414,0.392665015214047,
0.424561563933128,0.457356782804625,0.491026694320629,0.525549143570118,
0.560903578410605,0.597070865060469,0.634033132095252,0.671773637458858,
0.710276654299894,0.749527372339588,0.789511812155732,0.830216750286108,
0.871629653456396,0.913738620551208,0.95653233119422,0.988699422676165),
 .UNSPECIFIED.);
#86=B_SPLINE_CURVE_WITH_KNOTS('',3,(#5126,#5127,#5128,#5129,#5130,#5131,
#5132,#5133,#5134,#5135,#5136,#5137,#5138,#5139,#5140,#5141,#5142,#5143,
#5144,#5145,#5146,#5147,#5148,#5149,#5150,#5151,#5152,#5153,#5154,#5155,
#5156,#5157,#5158,#5159,#5160,#5161),.UNSPECIFIED.,.F.,.F.,(4,1,1,1,1,1,
1,1,1,1,1,1,1,1,1,1,1,1,1,1,1,1,1,1,1,1,1,1,1,1,1,1,1,4),(0.,0.0413381822826774,
0.0506765384102737,0.0627323019499041,0.0769968729629174,0.093171375797582,
0.111052961285902,0.130492294047274,0.151373486959583,0.173603214287295,
0.197104221434958,0.221811181932658,0.247667911371166,0.274625415290938,
0.302640475133744,0.33167459537999,0.361693201260414,0.392665015214047,
0.424561563933128,0.457356782804625,0.491026694320629,0.525549143570118,
0.560903578410605,0.597070865060469,0.634033132095252,0.671773637458858,
0.710276654299894,0.749527372339588,0.789511812155732,0.830216750286108,
0.871629653456396,0.913738620551208,0.95653233119422,0.988699422676165),
 .UNSPECIFIED.);
#87=B_SPLINE_CURVE_WITH_KNOTS('',3,(#5162,#5163,#5164,#5165,#5166,#5167,
#5168,#5169,#5170,#5171,#5172,#5173,#5174,#5175,#5176,#5177,#5178,#5179,
#5180,#5181,#5182,#5183,#5184,#5185,#5186,#5187,#5188,#5189,#5190,#5191,
#5192,#5193,#5194,#5195,#5196,#5197),.UNSPECIFIED.,.F.,.F.,(4,1,1,1,1,1,
1,1,1,1,1,1,1,1,1,1,1,1,1,1,1,1,1,1,1,1,1,1,1,1,1,1,1,4),(0.,0.0413381822826774,
0.0506765384102737,0.0627323019499041,0.0769968729629174,0.093171375797582,
0.111052961285902,0.130492294047274,0.151373486959583,0.173603214287295,
0.197104221434958,0.221811181932658,0.247667911371166,0.274625415290938,
0.302640475133744,0.33167459537999,0.361693201260414,0.392665015214047,
0.424561563933128,0.457356782804625,0.491026694320629,0.525549143570118,
0.560903578410605,0.597070865060469,0.634033132095252,0.671773637458858,
0.710276654299894,0.749527372339588,0.789511812155732,0.830216750286108,
0.871629653456396,0.913738620551208,0.95653233119422,0.988699422676165),
 .UNSPECIFIED.);
#88=B_SPLINE_CURVE_WITH_KNOTS('',3,(#5205,#5206,#5207,#5208,#5209,#5210,
#5211,#5212,#5213,#5214,#5215,#5216,#5217,#5218,#5219,#5220,#5221,#5222,
#5223,#5224,#5225,#5226,#5227,#5228,#5229,#5230,#5231,#5232,#5233,#5234,
#5235,#5236,#5237,#5238,#5239,#5240),.UNSPECIFIED.,.F.,.F.,(4,1,1,1,1,1,
1,1,1,1,1,1,1,1,1,1,1,1,1,1,1,1,1,1,1,1,1,1,1,1,1,1,1,4),(0.,0.0413381822826774,
0.0506765384102737,0.0627323019499041,0.0769968729629174,0.093171375797582,
0.111052961285902,0.130492294047274,0.151373486959583,0.173603214287295,
0.197104221434958,0.221811181932658,0.247667911371166,0.274625415290938,
0.302640475133744,0.33167459537999,0.361693201260414,0.392665015214047,
0.424561563933128,0.457356782804625,0.491026694320629,0.525549143570118,
0.560903578410605,0.597070865060469,0.634033132095252,0.671773637458858,
0.710276654299894,0.749527372339588,0.789511812155732,0.830216750286108,
0.871629653456396,0.913738620551208,0.95653233119422,0.988699422676165),
 .UNSPECIFIED.);
#89=B_SPLINE_CURVE_WITH_KNOTS('',3,(#5241,#5242,#5243,#5244,#5245,#5246,
#5247,#5248,#5249,#5250,#5251,#5252,#5253,#5254,#5255,#5256,#5257,#5258,
#5259,#5260,#5261,#5262,#5263,#5264,#5265,#5266,#5267,#5268,#5269,#5270,
#5271,#5272,#5273,#5274,#5275,#5276),.UNSPECIFIED.,.F.,.F.,(4,1,1,1,1,1,
1,1,1,1,1,1,1,1,1,1,1,1,1,1,1,1,1,1,1,1,1,1,1,1,1,1,1,4),(0.,0.0413381822826774,
0.0506765384102737,0.0627323019499041,0.0769968729629174,0.093171375797582,
0.111052961285902,0.130492294047274,0.151373486959583,0.173603214287295,
0.197104221434958,0.221811181932658,0.247667911371166,0.274625415290938,
0.302640475133744,0.33167459537999,0.361693201260414,0.392665015214047,
0.424561563933128,0.457356782804625,0.491026694320629,0.525549143570118,
0.560903578410605,0.597070865060469,0.634033132095252,0.671773637458858,
0.710276654299894,0.749527372339588,0.789511812155732,0.830216750286108,
0.871629653456396,0.913738620551208,0.95653233119422,0.988699422676165),
 .UNSPECIFIED.);
#90=B_SPLINE_CURVE_WITH_KNOTS('',3,(#5284,#5285,#5286,#5287,#5288,#5289,
#5290,#5291,#5292,#5293,#5294,#5295,#5296,#5297,#5298,#5299,#5300,#5301,
#5302,#5303,#5304,#5305,#5306,#5307,#5308,#5309,#5310,#5311,#5312,#5313,
#5314,#5315,#5316,#5317,#5318,#5319),.UNSPECIFIED.,.F.,.F.,(4,1,1,1,1,1,
1,1,1,1,1,1,1,1,1,1,1,1,1,1,1,1,1,1,1,1,1,1,1,1,1,1,1,4),(0.,0.0413381822826774,
0.0506765384102737,0.0627323019499041,0.0769968729629174,0.093171375797582,
0.111052961285902,0.130492294047274,0.151373486959583,0.173603214287295,
0.197104221434958,0.221811181932658,0.247667911371166,0.274625415290938,
0.302640475133744,0.33167459537999,0.361693201260414,0.392665015214047,
0.424561563933128,0.457356782804625,0.491026694320629,0.525549143570118,
0.560903578410605,0.597070865060469,0.634033132095252,0.671773637458858,
0.710276654299894,0.749527372339588,0.789511812155732,0.830216750286108,
0.871629653456396,0.913738620551208,0.95653233119422,0.988699422676165),
 .UNSPECIFIED.);
#91=B_SPLINE_CURVE_WITH_KNOTS('',3,(#5320,#5321,#5322,#5323,#5324,#5325,
#5326,#5327,#5328,#5329,#5330,#5331,#5332,#5333,#5334,#5335,#5336,#5337,
#5338,#5339,#5340,#5341,#5342,#5343,#5344,#5345,#5346,#5347,#5348,#5349,
#5350,#5351,#5352,#5353,#5354,#5355),.UNSPECIFIED.,.F.,.F.,(4,1,1,1,1,1,
1,1,1,1,1,1,1,1,1,1,1,1,1,1,1,1,1,1,1,1,1,1,1,1,1,1,1,4),(0.,0.0413381822826774,
0.0506765384102737,0.0627323019499041,0.0769968729629174,0.093171375797582,
0.111052961285902,0.130492294047274,0.151373486959583,0.173603214287295,
0.197104221434958,0.221811181932658,0.247667911371166,0.274625415290938,
0.302640475133744,0.33167459537999,0.361693201260414,0.392665015214047,
0.424561563933128,0.457356782804625,0.491026694320629,0.525549143570118,
0.560903578410605,0.597070865060469,0.634033132095252,0.671773637458858,
0.710276654299894,0.749527372339588,0.789511812155732,0.830216750286108,
0.871629653456396,0.913738620551208,0.95653233119422,0.988699422676165),
 .UNSPECIFIED.);
#92=B_SPLINE_CURVE_WITH_KNOTS('',3,(#5363,#5364,#5365,#5366,#5367,#5368,
#5369,#5370,#5371,#5372,#5373,#5374,#5375,#5376,#5377,#5378,#5379,#5380,
#5381,#5382,#5383,#5384,#5385,#5386,#5387,#5388,#5389,#5390,#5391,#5392,
#5393,#5394,#5395,#5396,#5397,#5398),.UNSPECIFIED.,.F.,.F.,(4,1,1,1,1,1,
1,1,1,1,1,1,1,1,1,1,1,1,1,1,1,1,1,1,1,1,1,1,1,1,1,1,1,4),(0.,0.0413381822826774,
0.0506765384102737,0.0627323019499041,0.0769968729629174,0.093171375797582,
0.111052961285902,0.130492294047274,0.151373486959583,0.173603214287295,
0.197104221434958,0.221811181932658,0.247667911371166,0.274625415290938,
0.302640475133744,0.33167459537999,0.361693201260414,0.392665015214047,
0.424561563933128,0.457356782804625,0.491026694320629,0.525549143570118,
0.560903578410605,0.597070865060469,0.634033132095252,0.671773637458858,
0.710276654299894,0.749527372339588,0.789511812155732,0.830216750286108,
0.871629653456396,0.913738620551208,0.95653233119422,0.988699422676165),
 .UNSPECIFIED.);
#93=B_SPLINE_CURVE_WITH_KNOTS('',3,(#5399,#5400,#5401,#5402,#5403,#5404,
#5405,#5406,#5407,#5408,#5409,#5410,#5411,#5412,#5413,#5414,#5415,#5416,
#5417,#5418,#5419,#5420,#5421,#5422,#5423,#5424,#5425,#5426,#5427,#5428,
#5429,#5430,#5431,#5432,#5433,#5434),.UNSPECIFIED.,.F.,.F.,(4,1,1,1,1,1,
1,1,1,1,1,1,1,1,1,1,1,1,1,1,1,1,1,1,1,1,1,1,1,1,1,1,1,4),(0.,0.0413381822826774,
0.0506765384102737,0.0627323019499041,0.0769968729629174,0.093171375797582,
0.111052961285902,0.130492294047274,0.151373486959583,0.173603214287295,
0.197104221434958,0.221811181932658,0.247667911371166,0.274625415290938,
0.302640475133744,0.33167459537999,0.361693201260414,0.392665015214047,
0.424561563933128,0.457356782804625,0.491026694320629,0.525549143570118,
0.560903578410605,0.597070865060469,0.634033132095252,0.671773637458858,
0.710276654299894,0.749527372339588,0.789511812155732,0.830216750286108,
0.871629653456396,0.913738620551208,0.95653233119422,0.988699422676165),
 .UNSPECIFIED.);
#94=B_SPLINE_CURVE_WITH_KNOTS('',3,(#5442,#5443,#5444,#5445,#5446,#5447,
#5448,#5449,#5450,#5451,#5452,#5453,#5454,#5455,#5456,#5457,#5458,#5459,
#5460,#5461,#5462,#5463,#5464,#5465,#5466,#5467,#5468,#5469,#5470,#5471,
#5472,#5473,#5474,#5475,#5476,#5477),.UNSPECIFIED.,.F.,.F.,(4,1,1,1,1,1,
1,1,1,1,1,1,1,1,1,1,1,1,1,1,1,1,1,1,1,1,1,1,1,1,1,1,1,4),(0.,0.0413381822826774,
0.0506765384102737,0.0627323019499041,0.0769968729629174,0.093171375797582,
0.111052961285902,0.130492294047274,0.151373486959583,0.173603214287295,
0.197104221434958,0.221811181932658,0.247667911371166,0.274625415290938,
0.302640475133744,0.33167459537999,0.361693201260414,0.392665015214047,
0.424561563933128,0.457356782804625,0.491026694320629,0.525549143570118,
0.560903578410605,0.597070865060469,0.634033132095252,0.671773637458858,
0.710276654299894,0.749527372339588,0.789511812155732,0.830216750286108,
0.871629653456396,0.913738620551208,0.95653233119422,0.988699422676165),
 .UNSPECIFIED.);
#95=B_SPLINE_CURVE_WITH_KNOTS('',3,(#5478,#5479,#5480,#5481,#5482,#5483,
#5484,#5485,#5486,#5487,#5488,#5489,#5490,#5491,#5492,#5493,#5494,#5495,
#5496,#5497,#5498,#5499,#5500,#5501,#5502,#5503,#5504,#5505,#5506,#5507,
#5508,#5509,#5510,#5511,#5512,#5513),.UNSPECIFIED.,.F.,.F.,(4,1,1,1,1,1,
1,1,1,1,1,1,1,1,1,1,1,1,1,1,1,1,1,1,1,1,1,1,1,1,1,1,1,4),(0.,0.0413381822826774,
0.0506765384102737,0.0627323019499041,0.0769968729629174,0.093171375797582,
0.111052961285902,0.130492294047274,0.151373486959583,0.173603214287295,
0.197104221434958,0.221811181932658,0.247667911371166,0.274625415290938,
0.302640475133744,0.33167459537999,0.361693201260414,0.392665015214047,
0.424561563933128,0.457356782804625,0.491026694320629,0.525549143570118,
0.560903578410605,0.597070865060469,0.634033132095252,0.671773637458858,
0.710276654299894,0.749527372339588,0.789511812155732,0.830216750286108,
0.871629653456396,0.913738620551208,0.95653233119422,0.988699422676165),
 .UNSPECIFIED.);
#96=B_SPLINE_CURVE_WITH_KNOTS('',3,(#5521,#5522,#5523,#5524,#5525,#5526,
#5527,#5528,#5529,#5530,#5531,#5532,#5533,#5534,#5535,#5536,#5537,#5538,
#5539,#5540,#5541,#5542,#5543,#5544,#5545,#5546,#5547,#5548,#5549,#5550,
#5551,#5552,#5553,#5554,#5555,#5556),.UNSPECIFIED.,.F.,.F.,(4,1,1,1,1,1,
1,1,1,1,1,1,1,1,1,1,1,1,1,1,1,1,1,1,1,1,1,1,1,1,1,1,1,4),(0.,0.0413381822826774,
0.0506765384102737,0.0627323019499041,0.0769968729629174,0.093171375797582,
0.111052961285902,0.130492294047274,0.151373486959583,0.173603214287295,
0.197104221434958,0.221811181932658,0.247667911371166,0.274625415290938,
0.302640475133744,0.33167459537999,0.361693201260414,0.392665015214047,
0.424561563933128,0.457356782804625,0.491026694320629,0.525549143570118,
0.560903578410605,0.597070865060469,0.634033132095252,0.671773637458858,
0.710276654299894,0.749527372339588,0.789511812155732,0.830216750286108,
0.871629653456396,0.913738620551208,0.95653233119422,0.988699422676165),
 .UNSPECIFIED.);
#97=B_SPLINE_CURVE_WITH_KNOTS('',3,(#5557,#5558,#5559,#5560,#5561,#5562,
#5563,#5564,#5565,#5566,#5567,#5568,#5569,#5570,#5571,#5572,#5573,#5574,
#5575,#5576,#5577,#5578,#5579,#5580,#5581,#5582,#5583,#5584,#5585,#5586,
#5587,#5588,#5589,#5590,#5591,#5592),.UNSPECIFIED.,.F.,.F.,(4,1,1,1,1,1,
1,1,1,1,1,1,1,1,1,1,1,1,1,1,1,1,1,1,1,1,1,1,1,1,1,1,1,4),(0.,0.0413381822826774,
0.0506765384102737,0.0627323019499041,0.0769968729629174,0.093171375797582,
0.111052961285902,0.130492294047274,0.151373486959583,0.173603214287295,
0.197104221434958,0.221811181932658,0.247667911371166,0.274625415290938,
0.302640475133744,0.33167459537999,0.361693201260414,0.392665015214047,
0.424561563933128,0.457356782804625,0.491026694320629,0.525549143570118,
0.560903578410605,0.597070865060469,0.634033132095252,0.671773637458858,
0.710276654299894,0.749527372339588,0.789511812155732,0.830216750286108,
0.871629653456396,0.913738620551208,0.95653233119422,0.988699422676165),
 .UNSPECIFIED.);
#98=B_SPLINE_CURVE_WITH_KNOTS('',3,(#5600,#5601,#5602,#5603,#5604,#5605,
#5606,#5607,#5608,#5609,#5610,#5611,#5612,#5613,#5614,#5615,#5616,#5617,
#5618,#5619,#5620,#5621,#5622,#5623,#5624,#5625,#5626,#5627,#5628,#5629,
#5630,#5631,#5632,#5633,#5634,#5635),.UNSPECIFIED.,.F.,.F.,(4,1,1,1,1,1,
1,1,1,1,1,1,1,1,1,1,1,1,1,1,1,1,1,1,1,1,1,1,1,1,1,1,1,4),(0.,0.0413381822826774,
0.0506765384102737,0.0627323019499041,0.0769968729629174,0.093171375797582,
0.111052961285902,0.130492294047274,0.151373486959583,0.173603214287295,
0.197104221434958,0.221811181932658,0.247667911371166,0.274625415290938,
0.302640475133744,0.33167459537999,0.361693201260414,0.392665015214047,
0.424561563933128,0.457356782804625,0.491026694320629,0.525549143570118,
0.560903578410605,0.597070865060469,0.634033132095252,0.671773637458858,
0.710276654299894,0.749527372339588,0.789511812155732,0.830216750286108,
0.871629653456396,0.913738620551208,0.95653233119422,0.988699422676165),
 .UNSPECIFIED.);
#99=B_SPLINE_CURVE_WITH_KNOTS('',3,(#5636,#5637,#5638,#5639,#5640,#5641,
#5642,#5643,#5644,#5645,#5646,#5647,#5648,#5649,#5650,#5651,#5652,#5653,
#5654,#5655,#5656,#5657,#5658,#5659,#5660,#5661,#5662,#5663,#5664,#5665,
#5666,#5667,#5668,#5669,#5670,#5671),.UNSPECIFIED.,.F.,.F.,(4,1,1,1,1,1,
1,1,1,1,1,1,1,1,1,1,1,1,1,1,1,1,1,1,1,1,1,1,1,1,1,1,1,4),(0.,0.0413381822826774,
0.0506765384102737,0.0627323019499041,0.0769968729629174,0.093171375797582,
0.111052961285902,0.130492294047274,0.151373486959583,0.173603214287295,
0.197104221434958,0.221811181932658,0.247667911371166,0.274625415290938,
0.302640475133744,0.33167459537999,0.361693201260414,0.392665015214047,
0.424561563933128,0.457356782804625,0.491026694320629,0.525549143570118,
0.560903578410605,0.597070865060469,0.634033132095252,0.671773637458858,
0.710276654299894,0.749527372339588,0.789511812155732,0.830216750286108,
0.871629653456396,0.913738620551208,0.95653233119422,0.988699422676165),
 .UNSPECIFIED.);
#100=B_SPLINE_CURVE_WITH_KNOTS('',3,(#5679,#5680,#5681,#5682,#5683,#5684,
#5685,#5686,#5687,#5688,#5689,#5690,#5691,#5692,#5693,#5694,#5695,#5696,
#5697,#5698,#5699,#5700,#5701,#5702,#5703,#5704,#5705,#5706,#5707,#5708,
#5709,#5710,#5711,#5712,#5713,#5714),.UNSPECIFIED.,.F.,.F.,(4,1,1,1,1,1,
1,1,1,1,1,1,1,1,1,1,1,1,1,1,1,1,1,1,1,1,1,1,1,1,1,1,1,4),(0.,0.0413381822826774,
0.0506765384102737,0.0627323019499041,0.0769968729629174,0.093171375797582,
0.111052961285902,0.130492294047274,0.151373486959583,0.173603214287295,
0.197104221434958,0.221811181932658,0.247667911371166,0.274625415290938,
0.302640475133744,0.33167459537999,0.361693201260414,0.392665015214047,
0.424561563933128,0.457356782804625,0.491026694320629,0.525549143570118,
0.560903578410605,0.597070865060469,0.634033132095252,0.671773637458858,
0.710276654299894,0.749527372339588,0.789511812155732,0.830216750286108,
0.871629653456396,0.913738620551208,0.95653233119422,0.988699422676165),
 .UNSPECIFIED.);
#101=B_SPLINE_CURVE_WITH_KNOTS('',3,(#5715,#5716,#5717,#5718,#5719,#5720,
#5721,#5722,#5723,#5724,#5725,#5726,#5727,#5728,#5729,#5730,#5731,#5732,
#5733,#5734,#5735,#5736,#5737,#5738,#5739,#5740,#5741,#5742,#5743,#5744,
#5745,#5746,#5747,#5748,#5749,#5750),.UNSPECIFIED.,.F.,.F.,(4,1,1,1,1,1,
1,1,1,1,1,1,1,1,1,1,1,1,1,1,1,1,1,1,1,1,1,1,1,1,1,1,1,4),(0.,0.0413381822826774,
0.0506765384102737,0.0627323019499041,0.0769968729629174,0.093171375797582,
0.111052961285902,0.130492294047274,0.151373486959583,0.173603214287295,
0.197104221434958,0.221811181932658,0.247667911371166,0.274625415290938,
0.302640475133744,0.33167459537999,0.361693201260414,0.392665015214047,
0.424561563933128,0.457356782804625,0.491026694320629,0.525549143570118,
0.560903578410605,0.597070865060469,0.634033132095252,0.671773637458858,
0.710276654299894,0.749527372339588,0.789511812155732,0.830216750286108,
0.871629653456396,0.913738620551208,0.95653233119422,0.988699422676165),
 .UNSPECIFIED.);
#102=B_SPLINE_CURVE_WITH_KNOTS('',3,(#5758,#5759,#5760,#5761,#5762,#5763,
#5764,#5765,#5766,#5767,#5768,#5769,#5770,#5771,#5772,#5773,#5774,#5775,
#5776,#5777,#5778,#5779,#5780,#5781,#5782,#5783,#5784,#5785,#5786,#5787,
#5788,#5789,#5790,#5791,#5792,#5793),.UNSPECIFIED.,.F.,.F.,(4,1,1,1,1,1,
1,1,1,1,1,1,1,1,1,1,1,1,1,1,1,1,1,1,1,1,1,1,1,1,1,1,1,4),(0.,0.0413381822826774,
0.0506765384102737,0.0627323019499041,0.0769968729629174,0.093171375797582,
0.111052961285902,0.130492294047274,0.151373486959583,0.173603214287295,
0.197104221434958,0.221811181932658,0.247667911371166,0.274625415290938,
0.302640475133744,0.33167459537999,0.361693201260414,0.392665015214047,
0.424561563933128,0.457356782804625,0.491026694320629,0.525549143570118,
0.560903578410605,0.597070865060469,0.634033132095252,0.671773637458858,
0.710276654299894,0.749527372339588,0.789511812155732,0.830216750286108,
0.871629653456396,0.913738620551208,0.95653233119422,0.988699422676165),
 .UNSPECIFIED.);
#103=B_SPLINE_CURVE_WITH_KNOTS('',3,(#5794,#5795,#5796,#5797,#5798,#5799,
#5800,#5801,#5802,#5803,#5804,#5805,#5806,#5807,#5808,#5809,#5810,#5811,
#5812,#5813,#5814,#5815,#5816,#5817,#5818,#5819,#5820,#5821,#5822,#5823,
#5824,#5825,#5826,#5827,#5828,#5829),.UNSPECIFIED.,.F.,.F.,(4,1,1,1,1,1,
1,1,1,1,1,1,1,1,1,1,1,1,1,1,1,1,1,1,1,1,1,1,1,1,1,1,1,4),(0.,0.0413381822826774,
0.0506765384102737,0.0627323019499041,0.0769968729629174,0.093171375797582,
0.111052961285902,0.130492294047274,0.151373486959583,0.173603214287295,
0.197104221434958,0.221811181932658,0.247667911371166,0.274625415290938,
0.302640475133744,0.33167459537999,0.361693201260414,0.392665015214047,
0.424561563933128,0.457356782804625,0.491026694320629,0.525549143570118,
0.560903578410605,0.597070865060469,0.634033132095252,0.671773637458858,
0.710276654299894,0.749527372339588,0.789511812155732,0.830216750286108,
0.871629653456396,0.913738620551208,0.95653233119422,0.988699422676165),
 .UNSPECIFIED.);
#104=B_SPLINE_CURVE_WITH_KNOTS('',3,(#5837,#5838,#5839,#5840,#5841,#5842,
#5843,#5844,#5845,#5846,#5847,#5848,#5849,#5850,#5851,#5852,#5853,#5854,
#5855,#5856,#5857,#5858,#5859,#5860,#5861,#5862,#5863,#5864,#5865,#5866,
#5867,#5868,#5869,#5870,#5871,#5872),.UNSPECIFIED.,.F.,.F.,(4,1,1,1,1,1,
1,1,1,1,1,1,1,1,1,1,1,1,1,1,1,1,1,1,1,1,1,1,1,1,1,1,1,4),(0.,0.0413381822826774,
0.0506765384102737,0.0627323019499041,0.0769968729629174,0.093171375797582,
0.111052961285902,0.130492294047274,0.151373486959583,0.173603214287295,
0.197104221434958,0.221811181932658,0.247667911371166,0.274625415290938,
0.302640475133744,0.33167459537999,0.361693201260414,0.392665015214047,
0.424561563933128,0.457356782804625,0.491026694320629,0.525549143570118,
0.560903578410605,0.597070865060469,0.634033132095252,0.671773637458858,
0.710276654299894,0.749527372339588,0.789511812155732,0.830216750286108,
0.871629653456396,0.913738620551208,0.95653233119422,0.988699422676165),
 .UNSPECIFIED.);
#105=B_SPLINE_CURVE_WITH_KNOTS('',3,(#5873,#5874,#5875,#5876,#5877,#5878,
#5879,#5880,#5881,#5882,#5883,#5884,#5885,#5886,#5887,#5888,#5889,#5890,
#5891,#5892,#5893,#5894,#5895,#5896,#5897,#5898,#5899,#5900,#5901,#5902,
#5903,#5904,#5905,#5906,#5907,#5908),.UNSPECIFIED.,.F.,.F.,(4,1,1,1,1,1,
1,1,1,1,1,1,1,1,1,1,1,1,1,1,1,1,1,1,1,1,1,1,1,1,1,1,1,4),(0.,0.0413381822826774,
0.0506765384102737,0.0627323019499041,0.0769968729629174,0.093171375797582,
0.111052961285902,0.130492294047274,0.151373486959583,0.173603214287295,
0.197104221434958,0.221811181932658,0.247667911371166,0.274625415290938,
0.302640475133744,0.33167459537999,0.361693201260414,0.392665015214047,
0.424561563933128,0.457356782804625,0.491026694320629,0.525549143570118,
0.560903578410605,0.597070865060469,0.634033132095252,0.671773637458858,
0.710276654299894,0.749527372339588,0.789511812155732,0.830216750286108,
0.871629653456396,0.913738620551208,0.95653233119422,0.988699422676165),
 .UNSPECIFIED.);
#106=B_SPLINE_CURVE_WITH_KNOTS('',3,(#5916,#5917,#5918,#5919,#5920,#5921,
#5922,#5923,#5924,#5925,#5926,#5927,#5928,#5929,#5930,#5931,#5932,#5933,
#5934,#5935,#5936,#5937,#5938,#5939,#5940,#5941,#5942,#5943,#5944,#5945,
#5946,#5947,#5948,#5949,#5950,#5951),.UNSPECIFIED.,.F.,.F.,(4,1,1,1,1,1,
1,1,1,1,1,1,1,1,1,1,1,1,1,1,1,1,1,1,1,1,1,1,1,1,1,1,1,4),(0.,0.0413381822826774,
0.0506765384102737,0.0627323019499041,0.0769968729629174,0.093171375797582,
0.111052961285902,0.130492294047274,0.151373486959583,0.173603214287295,
0.197104221434958,0.221811181932658,0.247667911371166,0.274625415290938,
0.302640475133744,0.33167459537999,0.361693201260414,0.392665015214047,
0.424561563933128,0.457356782804625,0.491026694320629,0.525549143570118,
0.560903578410605,0.597070865060469,0.634033132095252,0.671773637458858,
0.710276654299894,0.749527372339588,0.789511812155732,0.830216750286108,
0.871629653456396,0.913738620551208,0.95653233119422,0.988699422676165),
 .UNSPECIFIED.);
#107=B_SPLINE_CURVE_WITH_KNOTS('',3,(#5952,#5953,#5954,#5955,#5956,#5957,
#5958,#5959,#5960,#5961,#5962,#5963,#5964,#5965,#5966,#5967,#5968,#5969,
#5970,#5971,#5972,#5973,#5974,#5975,#5976,#5977,#5978,#5979,#5980,#5981,
#5982,#5983,#5984,#5985,#5986,#5987),.UNSPECIFIED.,.F.,.F.,(4,1,1,1,1,1,
1,1,1,1,1,1,1,1,1,1,1,1,1,1,1,1,1,1,1,1,1,1,1,1,1,1,1,4),(0.,0.0413381822826774,
0.0506765384102737,0.0627323019499041,0.0769968729629174,0.093171375797582,
0.111052961285902,0.130492294047274,0.151373486959583,0.173603214287295,
0.197104221434958,0.221811181932658,0.247667911371166,0.274625415290938,
0.302640475133744,0.33167459537999,0.361693201260414,0.392665015214047,
0.424561563933128,0.457356782804625,0.491026694320629,0.525549143570118,
0.560903578410605,0.597070865060469,0.634033132095252,0.671773637458858,
0.710276654299894,0.749527372339588,0.789511812155732,0.830216750286108,
0.871629653456396,0.913738620551208,0.95653233119422,0.988699422676165),
 .UNSPECIFIED.);
#108=B_SPLINE_CURVE_WITH_KNOTS('',3,(#6004,#6005,#6006,#6007,#6008,#6009,
#6010,#6011,#6012,#6013,#6014,#6015,#6016,#6017,#6018,#6019,#6020,#6021,
#6022,#6023,#6024,#6025,#6026,#6027,#6028,#6029,#6030,#6031,#6032,#6033,
#6034,#6035,#6036,#6037,#6038,#6039),.UNSPECIFIED.,.F.,.F.,(4,1,1,1,1,1,
1,1,1,1,1,1,1,1,1,1,1,1,1,1,1,1,1,1,1,1,1,1,1,1,1,1,1,4),(0.,0.0413381822826774,
0.0506765384102737,0.0627323019499041,0.0769968729629174,0.093171375797582,
0.111052961285902,0.130492294047274,0.151373486959583,0.173603214287295,
0.197104221434958,0.221811181932658,0.247667911371166,0.274625415290938,
0.302640475133744,0.33167459537999,0.361693201260414,0.392665015214047,
0.424561563933128,0.457356782804625,0.491026694320629,0.525549143570118,
0.560903578410605,0.597070865060469,0.634033132095252,0.671773637458858,
0.710276654299894,0.749527372339588,0.789511812155732,0.830216750286108,
0.871629653456396,0.913738620551208,0.95653233119422,0.988699422676165),
 .UNSPECIFIED.);
#109=B_SPLINE_CURVE_WITH_KNOTS('',3,(#6040,#6041,#6042,#6043,#6044,#6045,
#6046,#6047,#6048,#6049,#6050,#6051,#6052,#6053,#6054,#6055,#6056,#6057,
#6058,#6059,#6060,#6061,#6062,#6063,#6064,#6065,#6066,#6067,#6068,#6069,
#6070,#6071,#6072,#6073,#6074,#6075),.UNSPECIFIED.,.F.,.F.,(4,1,1,1,1,1,
1,1,1,1,1,1,1,1,1,1,1,1,1,1,1,1,1,1,1,1,1,1,1,1,1,1,1,4),(0.,0.0413381822826774,
0.0506765384102737,0.0627323019499041,0.0769968729629174,0.093171375797582,
0.111052961285902,0.130492294047274,0.151373486959583,0.173603214287295,
0.197104221434958,0.221811181932658,0.247667911371166,0.274625415290938,
0.302640475133744,0.33167459537999,0.361693201260414,0.392665015214047,
0.424561563933128,0.457356782804625,0.491026694320629,0.525549143570118,
0.560903578410605,0.597070865060469,0.634033132095252,0.671773637458858,
0.710276654299894,0.749527372339588,0.789511812155732,0.830216750286108,
0.871629653456396,0.913738620551208,0.95653233119422,0.988699422676165),
 .UNSPECIFIED.);
#110=B_SPLINE_CURVE_WITH_KNOTS('',3,(#6083,#6084,#6085,#6086,#6087,#6088,
#6089,#6090,#6091,#6092,#6093,#6094,#6095,#6096,#6097,#6098,#6099,#6100,
#6101,#6102,#6103,#6104,#6105,#6106,#6107,#6108,#6109,#6110,#6111,#6112,
#6113,#6114,#6115,#6116,#6117,#6118),.UNSPECIFIED.,.F.,.F.,(4,1,1,1,1,1,
1,1,1,1,1,1,1,1,1,1,1,1,1,1,1,1,1,1,1,1,1,1,1,1,1,1,1,4),(0.,0.0413381822826774,
0.0506765384102737,0.0627323019499041,0.0769968729629174,0.093171375797582,
0.111052961285902,0.130492294047274,0.151373486959583,0.173603214287295,
0.197104221434958,0.221811181932658,0.247667911371166,0.274625415290938,
0.302640475133744,0.33167459537999,0.361693201260414,0.392665015214047,
0.424561563933128,0.457356782804625,0.491026694320629,0.525549143570118,
0.560903578410605,0.597070865060469,0.634033132095252,0.671773637458858,
0.710276654299894,0.749527372339588,0.789511812155732,0.830216750286108,
0.871629653456396,0.913738620551208,0.95653233119422,0.988699422676165),
 .UNSPECIFIED.);
#111=B_SPLINE_CURVE_WITH_KNOTS('',3,(#6119,#6120,#6121,#6122,#6123,#6124,
#6125,#6126,#6127,#6128,#6129,#6130,#6131,#6132,#6133,#6134,#6135,#6136,
#6137,#6138,#6139,#6140,#6141,#6142,#6143,#6144,#6145,#6146,#6147,#6148,
#6149,#6150,#6151,#6152,#6153,#6154),.UNSPECIFIED.,.F.,.F.,(4,1,1,1,1,1,
1,1,1,1,1,1,1,1,1,1,1,1,1,1,1,1,1,1,1,1,1,1,1,1,1,1,1,4),(0.,0.0413381822826774,
0.0506765384102737,0.0627323019499041,0.0769968729629174,0.093171375797582,
0.111052961285902,0.130492294047274,0.151373486959583,0.173603214287295,
0.197104221434958,0.221811181932658,0.247667911371166,0.274625415290938,
0.302640475133744,0.33167459537999,0.361693201260414,0.392665015214047,
0.424561563933128,0.457356782804625,0.491026694320629,0.525549143570118,
0.560903578410605,0.597070865060469,0.634033132095252,0.671773637458858,
0.710276654299894,0.749527372339588,0.789511812155732,0.830216750286108,
0.871629653456396,0.913738620551208,0.95653233119422,0.988699422676165),
 .UNSPECIFIED.);
#112=B_SPLINE_CURVE_WITH_KNOTS('',3,(#6162,#6163,#6164,#6165,#6166,#6167,
#6168,#6169,#6170,#6171,#6172,#6173,#6174,#6175,#6176,#6177,#6178,#6179,
#6180,#6181,#6182,#6183,#6184,#6185,#6186,#6187,#6188,#6189,#6190,#6191,
#6192,#6193,#6194,#6195,#6196,#6197),.UNSPECIFIED.,.F.,.F.,(4,1,1,1,1,1,
1,1,1,1,1,1,1,1,1,1,1,1,1,1,1,1,1,1,1,1,1,1,1,1,1,1,1,4),(0.,0.0413381822826774,
0.0506765384102737,0.0627323019499041,0.0769968729629174,0.093171375797582,
0.111052961285902,0.130492294047274,0.151373486959583,0.173603214287295,
0.197104221434958,0.221811181932658,0.247667911371166,0.274625415290938,
0.302640475133744,0.33167459537999,0.361693201260414,0.392665015214047,
0.424561563933128,0.457356782804625,0.491026694320629,0.525549143570118,
0.560903578410605,0.597070865060469,0.634033132095252,0.671773637458858,
0.710276654299894,0.749527372339588,0.789511812155732,0.830216750286108,
0.871629653456396,0.913738620551208,0.95653233119422,0.988699422676165),
 .UNSPECIFIED.);
#113=B_SPLINE_CURVE_WITH_KNOTS('',3,(#6198,#6199,#6200,#6201,#6202,#6203,
#6204,#6205,#6206,#6207,#6208,#6209,#6210,#6211,#6212,#6213,#6214,#6215,
#6216,#6217,#6218,#6219,#6220,#6221,#6222,#6223,#6224,#6225,#6226,#6227,
#6228,#6229,#6230,#6231,#6232,#6233),.UNSPECIFIED.,.F.,.F.,(4,1,1,1,1,1,
1,1,1,1,1,1,1,1,1,1,1,1,1,1,1,1,1,1,1,1,1,1,1,1,1,1,1,4),(0.,0.0413381822826774,
0.0506765384102737,0.0627323019499041,0.0769968729629174,0.093171375797582,
0.111052961285902,0.130492294047274,0.151373486959583,0.173603214287295,
0.197104221434958,0.221811181932658,0.247667911371166,0.274625415290938,
0.302640475133744,0.33167459537999,0.361693201260414,0.392665015214047,
0.424561563933128,0.457356782804625,0.491026694320629,0.525549143570118,
0.560903578410605,0.597070865060469,0.634033132095252,0.671773637458858,
0.710276654299894,0.749527372339588,0.789511812155732,0.830216750286108,
0.871629653456396,0.913738620551208,0.95653233119422,0.988699422676165),
 .UNSPECIFIED.);
#114=B_SPLINE_CURVE_WITH_KNOTS('',3,(#6241,#6242,#6243,#6244,#6245,#6246,
#6247,#6248,#6249,#6250,#6251,#6252,#6253,#6254,#6255,#6256,#6257,#6258,
#6259,#6260,#6261,#6262,#6263,#6264,#6265,#6266,#6267,#6268,#6269,#6270,
#6271,#6272,#6273,#6274,#6275,#6276),.UNSPECIFIED.,.F.,.F.,(4,1,1,1,1,1,
1,1,1,1,1,1,1,1,1,1,1,1,1,1,1,1,1,1,1,1,1,1,1,1,1,1,1,4),(0.,0.0413381822826774,
0.0506765384102737,0.0627323019499041,0.0769968729629174,0.093171375797582,
0.111052961285902,0.130492294047274,0.151373486959583,0.173603214287295,
0.197104221434958,0.221811181932658,0.247667911371166,0.274625415290938,
0.302640475133744,0.33167459537999,0.361693201260414,0.392665015214047,
0.424561563933128,0.457356782804625,0.491026694320629,0.525549143570118,
0.560903578410605,0.597070865060469,0.634033132095252,0.671773637458858,
0.710276654299894,0.749527372339588,0.789511812155732,0.830216750286108,
0.871629653456396,0.913738620551208,0.95653233119422,0.988699422676165),
 .UNSPECIFIED.);
#115=B_SPLINE_CURVE_WITH_KNOTS('',3,(#6277,#6278,#6279,#6280,#6281,#6282,
#6283,#6284,#6285,#6286,#6287,#6288,#6289,#6290,#6291,#6292,#6293,#6294,
#6295,#6296,#6297,#6298,#6299,#6300,#6301,#6302,#6303,#6304,#6305,#6306,
#6307,#6308,#6309,#6310,#6311,#6312),.UNSPECIFIED.,.F.,.F.,(4,1,1,1,1,1,
1,1,1,1,1,1,1,1,1,1,1,1,1,1,1,1,1,1,1,1,1,1,1,1,1,1,1,4),(0.,0.0413381822826774,
0.0506765384102737,0.0627323019499041,0.0769968729629174,0.093171375797582,
0.111052961285902,0.130492294047274,0.151373486959583,0.173603214287295,
0.197104221434958,0.221811181932658,0.247667911371166,0.274625415290938,
0.302640475133744,0.33167459537999,0.361693201260414,0.392665015214047,
0.424561563933128,0.457356782804625,0.491026694320629,0.525549143570118,
0.560903578410605,0.597070865060469,0.634033132095252,0.671773637458858,
0.710276654299894,0.749527372339588,0.789511812155732,0.830216750286108,
0.871629653456396,0.913738620551208,0.95653233119422,0.988699422676165),
 .UNSPECIFIED.);
#116=B_SPLINE_CURVE_WITH_KNOTS('',3,(#6320,#6321,#6322,#6323,#6324,#6325,
#6326,#6327,#6328,#6329,#6330,#6331,#6332,#6333,#6334,#6335,#6336,#6337,
#6338,#6339,#6340,#6341,#6342,#6343,#6344,#6345,#6346,#6347,#6348,#6349,
#6350,#6351,#6352,#6353,#6354,#6355),.UNSPECIFIED.,.F.,.F.,(4,1,1,1,1,1,
1,1,1,1,1,1,1,1,1,1,1,1,1,1,1,1,1,1,1,1,1,1,1,1,1,1,1,4),(0.,0.0413381822826774,
0.0506765384102737,0.0627323019499041,0.0769968729629174,0.093171375797582,
0.111052961285902,0.130492294047274,0.151373486959583,0.173603214287295,
0.197104221434958,0.221811181932658,0.247667911371166,0.274625415290938,
0.302640475133744,0.33167459537999,0.361693201260414,0.392665015214047,
0.424561563933128,0.457356782804625,0.491026694320629,0.525549143570118,
0.560903578410605,0.597070865060469,0.634033132095252,0.671773637458858,
0.710276654299894,0.749527372339588,0.789511812155732,0.830216750286108,
0.871629653456396,0.913738620551208,0.95653233119422,0.988699422676165),
 .UNSPECIFIED.);
#117=B_SPLINE_CURVE_WITH_KNOTS('',3,(#6356,#6357,#6358,#6359,#6360,#6361,
#6362,#6363,#6364,#6365,#6366,#6367,#6368,#6369,#6370,#6371,#6372,#6373,
#6374,#6375,#6376,#6377,#6378,#6379,#6380,#6381,#6382,#6383,#6384,#6385,
#6386,#6387,#6388,#6389,#6390,#6391),.UNSPECIFIED.,.F.,.F.,(4,1,1,1,1,1,
1,1,1,1,1,1,1,1,1,1,1,1,1,1,1,1,1,1,1,1,1,1,1,1,1,1,1,4),(0.,0.0413381822826774,
0.0506765384102737,0.0627323019499041,0.0769968729629174,0.093171375797582,
0.111052961285902,0.130492294047274,0.151373486959583,0.173603214287295,
0.197104221434958,0.221811181932658,0.247667911371166,0.274625415290938,
0.302640475133744,0.33167459537999,0.361693201260414,0.392665015214047,
0.424561563933128,0.457356782804625,0.491026694320629,0.525549143570118,
0.560903578410605,0.597070865060469,0.634033132095252,0.671773637458858,
0.710276654299894,0.749527372339588,0.789511812155732,0.830216750286108,
0.871629653456396,0.913738620551208,0.95653233119422,0.988699422676165),
 .UNSPECIFIED.);
#118=B_SPLINE_CURVE_WITH_KNOTS('',3,(#6399,#6400,#6401,#6402,#6403,#6404,
#6405,#6406,#6407,#6408,#6409,#6410,#6411,#6412,#6413,#6414,#6415,#6416,
#6417,#6418,#6419,#6420,#6421,#6422,#6423,#6424,#6425,#6426,#6427,#6428,
#6429,#6430,#6431,#6432,#6433,#6434),.UNSPECIFIED.,.F.,.F.,(4,1,1,1,1,1,
1,1,1,1,1,1,1,1,1,1,1,1,1,1,1,1,1,1,1,1,1,1,1,1,1,1,1,4),(0.,0.0413381822826774,
0.0506765384102737,0.0627323019499041,0.0769968729629174,0.093171375797582,
0.111052961285902,0.130492294047274,0.151373486959583,0.173603214287295,
0.197104221434958,0.221811181932658,0.247667911371166,0.274625415290938,
0.302640475133744,0.33167459537999,0.361693201260414,0.392665015214047,
0.424561563933128,0.457356782804625,0.491026694320629,0.525549143570118,
0.560903578410605,0.597070865060469,0.634033132095252,0.671773637458858,
0.710276654299894,0.749527372339588,0.789511812155732,0.830216750286108,
0.871629653456396,0.913738620551208,0.95653233119422,0.988699422676165),
 .UNSPECIFIED.);
#119=B_SPLINE_CURVE_WITH_KNOTS('',3,(#6435,#6436,#6437,#6438,#6439,#6440,
#6441,#6442,#6443,#6444,#6445,#6446,#6447,#6448,#6449,#6450,#6451,#6452,
#6453,#6454,#6455,#6456,#6457,#6458,#6459,#6460,#6461,#6462,#6463,#6464,
#6465,#6466,#6467,#6468,#6469,#6470),.UNSPECIFIED.,.F.,.F.,(4,1,1,1,1,1,
1,1,1,1,1,1,1,1,1,1,1,1,1,1,1,1,1,1,1,1,1,1,1,1,1,1,1,4),(0.,0.0413381822826774,
0.0506765384102737,0.0627323019499041,0.0769968729629174,0.093171375797582,
0.111052961285902,0.130492294047274,0.151373486959583,0.173603214287295,
0.197104221434958,0.221811181932658,0.247667911371166,0.274625415290938,
0.302640475133744,0.33167459537999,0.361693201260414,0.392665015214047,
0.424561563933128,0.457356782804625,0.491026694320629,0.525549143570118,
0.560903578410605,0.597070865060469,0.634033132095252,0.671773637458858,
0.710276654299894,0.749527372339588,0.789511812155732,0.830216750286108,
0.871629653456396,0.913738620551208,0.95653233119422,0.988699422676165),
 .UNSPECIFIED.);
#120=B_SPLINE_CURVE_WITH_KNOTS('',3,(#6478,#6479,#6480,#6481,#6482,#6483,
#6484,#6485,#6486,#6487,#6488,#6489,#6490,#6491,#6492,#6493,#6494,#6495,
#6496,#6497,#6498,#6499,#6500,#6501,#6502,#6503,#6504,#6505,#6506,#6507,
#6508,#6509,#6510,#6511,#6512,#6513),.UNSPECIFIED.,.F.,.F.,(4,1,1,1,1,1,
1,1,1,1,1,1,1,1,1,1,1,1,1,1,1,1,1,1,1,1,1,1,1,1,1,1,1,4),(0.,0.0413381822826774,
0.0506765384102737,0.0627323019499041,0.0769968729629174,0.093171375797582,
0.111052961285902,0.130492294047274,0.151373486959583,0.173603214287295,
0.197104221434958,0.221811181932658,0.247667911371166,0.274625415290938,
0.302640475133744,0.33167459537999,0.361693201260414,0.392665015214047,
0.424561563933128,0.457356782804625,0.491026694320629,0.525549143570118,
0.560903578410605,0.597070865060469,0.634033132095252,0.671773637458858,
0.710276654299894,0.749527372339588,0.789511812155732,0.830216750286108,
0.871629653456396,0.913738620551208,0.95653233119422,0.988699422676165),
 .UNSPECIFIED.);
#121=B_SPLINE_CURVE_WITH_KNOTS('',3,(#6514,#6515,#6516,#6517,#6518,#6519,
#6520,#6521,#6522,#6523,#6524,#6525,#6526,#6527,#6528,#6529,#6530,#6531,
#6532,#6533,#6534,#6535,#6536,#6537,#6538,#6539,#6540,#6541,#6542,#6543,
#6544,#6545,#6546,#6547,#6548,#6549),.UNSPECIFIED.,.F.,.F.,(4,1,1,1,1,1,
1,1,1,1,1,1,1,1,1,1,1,1,1,1,1,1,1,1,1,1,1,1,1,1,1,1,1,4),(0.,0.0413381822826774,
0.0506765384102737,0.0627323019499041,0.0769968729629174,0.093171375797582,
0.111052961285902,0.130492294047274,0.151373486959583,0.173603214287295,
0.197104221434958,0.221811181932658,0.247667911371166,0.274625415290938,
0.302640475133744,0.33167459537999,0.361693201260414,0.392665015214047,
0.424561563933128,0.457356782804625,0.491026694320629,0.525549143570118,
0.560903578410605,0.597070865060469,0.634033132095252,0.671773637458858,
0.710276654299894,0.749527372339588,0.789511812155732,0.830216750286108,
0.871629653456396,0.913738620551208,0.95653233119422,0.988699422676165),
 .UNSPECIFIED.);
#122=B_SPLINE_CURVE_WITH_KNOTS('',3,(#6557,#6558,#6559,#6560,#6561,#6562,
#6563,#6564,#6565,#6566,#6567,#6568,#6569,#6570,#6571,#6572,#6573,#6574,
#6575,#6576,#6577,#6578,#6579,#6580,#6581,#6582,#6583,#6584,#6585,#6586,
#6587,#6588,#6589,#6590,#6591,#6592),.UNSPECIFIED.,.F.,.F.,(4,1,1,1,1,1,
1,1,1,1,1,1,1,1,1,1,1,1,1,1,1,1,1,1,1,1,1,1,1,1,1,1,1,4),(0.,0.0413381822826774,
0.0506765384102737,0.0627323019499041,0.0769968729629174,0.093171375797582,
0.111052961285902,0.130492294047274,0.151373486959583,0.173603214287295,
0.197104221434958,0.221811181932658,0.247667911371166,0.274625415290938,
0.302640475133744,0.33167459537999,0.361693201260414,0.392665015214047,
0.424561563933128,0.457356782804625,0.491026694320629,0.525549143570118,
0.560903578410605,0.597070865060469,0.634033132095252,0.671773637458858,
0.710276654299894,0.749527372339588,0.789511812155732,0.830216750286108,
0.871629653456396,0.913738620551208,0.95653233119422,0.988699422676165),
 .UNSPECIFIED.);
#123=B_SPLINE_CURVE_WITH_KNOTS('',3,(#6593,#6594,#6595,#6596,#6597,#6598,
#6599,#6600,#6601,#6602,#6603,#6604,#6605,#6606,#6607,#6608,#6609,#6610,
#6611,#6612,#6613,#6614,#6615,#6616,#6617,#6618,#6619,#6620,#6621,#6622,
#6623,#6624,#6625,#6626,#6627,#6628),.UNSPECIFIED.,.F.,.F.,(4,1,1,1,1,1,
1,1,1,1,1,1,1,1,1,1,1,1,1,1,1,1,1,1,1,1,1,1,1,1,1,1,1,4),(0.,0.0413381822826774,
0.0506765384102737,0.0627323019499041,0.0769968729629174,0.093171375797582,
0.111052961285902,0.130492294047274,0.151373486959583,0.173603214287295,
0.197104221434958,0.221811181932658,0.247667911371166,0.274625415290938,
0.302640475133744,0.33167459537999,0.361693201260414,0.392665015214047,
0.424561563933128,0.457356782804625,0.491026694320629,0.525549143570118,
0.560903578410605,0.597070865060469,0.634033132095252,0.671773637458858,
0.710276654299894,0.749527372339588,0.789511812155732,0.830216750286108,
0.871629653456396,0.913738620551208,0.95653233119422,0.988699422676165),
 .UNSPECIFIED.);
#124=B_SPLINE_CURVE_WITH_KNOTS('',3,(#6636,#6637,#6638,#6639,#6640,#6641,
#6642,#6643,#6644,#6645,#6646,#6647,#6648,#6649,#6650,#6651,#6652,#6653,
#6654,#6655,#6656,#6657,#6658,#6659,#6660,#6661,#6662,#6663,#6664,#6665,
#6666,#6667,#6668,#6669,#6670,#6671),.UNSPECIFIED.,.F.,.F.,(4,1,1,1,1,1,
1,1,1,1,1,1,1,1,1,1,1,1,1,1,1,1,1,1,1,1,1,1,1,1,1,1,1,4),(0.,0.0413381822826774,
0.0506765384102737,0.0627323019499041,0.0769968729629174,0.093171375797582,
0.111052961285902,0.130492294047274,0.151373486959583,0.173603214287295,
0.197104221434958,0.221811181932658,0.247667911371166,0.274625415290938,
0.302640475133744,0.33167459537999,0.361693201260414,0.392665015214047,
0.424561563933128,0.457356782804625,0.491026694320629,0.525549143570118,
0.560903578410605,0.597070865060469,0.634033132095252,0.671773637458858,
0.710276654299894,0.749527372339588,0.789511812155732,0.830216750286108,
0.871629653456396,0.913738620551208,0.95653233119422,0.988699422676165),
 .UNSPECIFIED.);
#125=B_SPLINE_CURVE_WITH_KNOTS('',3,(#6672,#6673,#6674,#6675,#6676,#6677,
#6678,#6679,#6680,#6681,#6682,#6683,#6684,#6685,#6686,#6687,#6688,#6689,
#6690,#6691,#6692,#6693,#6694,#6695,#6696,#6697,#6698,#6699,#6700,#6701,
#6702,#6703,#6704,#6705,#6706,#6707),.UNSPECIFIED.,.F.,.F.,(4,1,1,1,1,1,
1,1,1,1,1,1,1,1,1,1,1,1,1,1,1,1,1,1,1,1,1,1,1,1,1,1,1,4),(0.,0.0413381822826774,
0.0506765384102737,0.0627323019499041,0.0769968729629174,0.093171375797582,
0.111052961285902,0.130492294047274,0.151373486959583,0.173603214287295,
0.197104221434958,0.221811181932658,0.247667911371166,0.274625415290938,
0.302640475133744,0.33167459537999,0.361693201260414,0.392665015214047,
0.424561563933128,0.457356782804625,0.491026694320629,0.525549143570118,
0.560903578410605,0.597070865060469,0.634033132095252,0.671773637458858,
0.710276654299894,0.749527372339588,0.789511812155732,0.830216750286108,
0.871629653456396,0.913738620551208,0.95653233119422,0.988699422676165),
 .UNSPECIFIED.);
#126=B_SPLINE_CURVE_WITH_KNOTS('',3,(#6715,#6716,#6717,#6718,#6719,#6720,
#6721,#6722,#6723,#6724,#6725,#6726,#6727,#6728,#6729,#6730,#6731,#6732,
#6733,#6734,#6735,#6736,#6737,#6738,#6739,#6740,#6741,#6742,#6743,#6744,
#6745,#6746,#6747,#6748,#6749,#6750),.UNSPECIFIED.,.F.,.F.,(4,1,1,1,1,1,
1,1,1,1,1,1,1,1,1,1,1,1,1,1,1,1,1,1,1,1,1,1,1,1,1,1,1,4),(0.,0.0413381822826774,
0.0506765384102737,0.0627323019499041,0.0769968729629174,0.093171375797582,
0.111052961285902,0.130492294047274,0.151373486959583,0.173603214287295,
0.197104221434958,0.221811181932658,0.247667911371166,0.274625415290938,
0.302640475133744,0.33167459537999,0.361693201260414,0.392665015214047,
0.424561563933128,0.457356782804625,0.491026694320629,0.525549143570118,
0.560903578410605,0.597070865060469,0.634033132095252,0.671773637458858,
0.710276654299894,0.749527372339588,0.789511812155732,0.830216750286108,
0.871629653456396,0.913738620551208,0.95653233119422,0.988699422676165),
 .UNSPECIFIED.);
#127=B_SPLINE_CURVE_WITH_KNOTS('',3,(#6751,#6752,#6753,#6754,#6755,#6756,
#6757,#6758,#6759,#6760,#6761,#6762,#6763,#6764,#6765,#6766,#6767,#6768,
#6769,#6770,#6771,#6772,#6773,#6774,#6775,#6776,#6777,#6778,#6779,#6780,
#6781,#6782,#6783,#6784,#6785,#6786),.UNSPECIFIED.,.F.,.F.,(4,1,1,1,1,1,
1,1,1,1,1,1,1,1,1,1,1,1,1,1,1,1,1,1,1,1,1,1,1,1,1,1,1,4),(0.,0.0413381822826774,
0.0506765384102737,0.0627323019499041,0.0769968729629174,0.093171375797582,
0.111052961285902,0.130492294047274,0.151373486959583,0.173603214287295,
0.197104221434958,0.221811181932658,0.247667911371166,0.274625415290938,
0.302640475133744,0.33167459537999,0.361693201260414,0.392665015214047,
0.424561563933128,0.457356782804625,0.491026694320629,0.525549143570118,
0.560903578410605,0.597070865060469,0.634033132095252,0.671773637458858,
0.710276654299894,0.749527372339588,0.789511812155732,0.830216750286108,
0.871629653456396,0.913738620551208,0.95653233119422,0.988699422676165),
 .UNSPECIFIED.);
#128=B_SPLINE_CURVE_WITH_KNOTS('',3,(#6794,#6795,#6796,#6797,#6798,#6799,
#6800,#6801,#6802,#6803,#6804,#6805,#6806,#6807,#6808,#6809,#6810,#6811,
#6812,#6813,#6814,#6815,#6816,#6817,#6818,#6819,#6820,#6821,#6822,#6823,
#6824,#6825,#6826,#6827,#6828,#6829),.UNSPECIFIED.,.F.,.F.,(4,1,1,1,1,1,
1,1,1,1,1,1,1,1,1,1,1,1,1,1,1,1,1,1,1,1,1,1,1,1,1,1,1,4),(0.,0.0413381822826774,
0.0506765384102737,0.0627323019499041,0.0769968729629174,0.093171375797582,
0.111052961285902,0.130492294047274,0.151373486959583,0.173603214287295,
0.197104221434958,0.221811181932658,0.247667911371166,0.274625415290938,
0.302640475133744,0.33167459537999,0.361693201260414,0.392665015214047,
0.424561563933128,0.457356782804625,0.491026694320629,0.525549143570118,
0.560903578410605,0.597070865060469,0.634033132095252,0.671773637458858,
0.710276654299894,0.749527372339588,0.789511812155732,0.830216750286108,
0.871629653456396,0.913738620551208,0.95653233119422,0.988699422676165),
 .UNSPECIFIED.);
#129=B_SPLINE_CURVE_WITH_KNOTS('',3,(#6830,#6831,#6832,#6833,#6834,#6835,
#6836,#6837,#6838,#6839,#6840,#6841,#6842,#6843,#6844,#6845,#6846,#6847,
#6848,#6849,#6850,#6851,#6852,#6853,#6854,#6855,#6856,#6857,#6858,#6859,
#6860,#6861,#6862,#6863,#6864,#6865),.UNSPECIFIED.,.F.,.F.,(4,1,1,1,1,1,
1,1,1,1,1,1,1,1,1,1,1,1,1,1,1,1,1,1,1,1,1,1,1,1,1,1,1,4),(0.,0.0413381822826774,
0.0506765384102737,0.0627323019499041,0.0769968729629174,0.093171375797582,
0.111052961285902,0.130492294047274,0.151373486959583,0.173603214287295,
0.197104221434958,0.221811181932658,0.247667911371166,0.274625415290938,
0.302640475133744,0.33167459537999,0.361693201260414,0.392665015214047,
0.424561563933128,0.457356782804625,0.491026694320629,0.525549143570118,
0.560903578410605,0.597070865060469,0.634033132095252,0.671773637458858,
0.710276654299894,0.749527372339588,0.789511812155732,0.830216750286108,
0.871629653456396,0.913738620551208,0.95653233119422,0.988699422676165),
 .UNSPECIFIED.);
#130=B_SPLINE_CURVE_WITH_KNOTS('',3,(#6873,#6874,#6875,#6876,#6877,#6878,
#6879,#6880,#6881,#6882,#6883,#6884,#6885,#6886,#6887,#6888,#6889,#6890,
#6891,#6892,#6893,#6894,#6895,#6896,#6897,#6898,#6899,#6900,#6901,#6902,
#6903,#6904,#6905,#6906,#6907,#6908),.UNSPECIFIED.,.F.,.F.,(4,1,1,1,1,1,
1,1,1,1,1,1,1,1,1,1,1,1,1,1,1,1,1,1,1,1,1,1,1,1,1,1,1,4),(0.,0.0413381822826774,
0.0506765384102737,0.0627323019499041,0.0769968729629174,0.093171375797582,
0.111052961285902,0.130492294047274,0.151373486959583,0.173603214287295,
0.197104221434958,0.221811181932658,0.247667911371166,0.274625415290938,
0.302640475133744,0.33167459537999,0.361693201260414,0.392665015214047,
0.424561563933128,0.457356782804625,0.491026694320629,0.525549143570118,
0.560903578410605,0.597070865060469,0.634033132095252,0.671773637458858,
0.710276654299894,0.749527372339588,0.789511812155732,0.830216750286108,
0.871629653456396,0.913738620551208,0.95653233119422,0.988699422676165),
 .UNSPECIFIED.);
#131=B_SPLINE_CURVE_WITH_KNOTS('',3,(#6909,#6910,#6911,#6912,#6913,#6914,
#6915,#6916,#6917,#6918,#6919,#6920,#6921,#6922,#6923,#6924,#6925,#6926,
#6927,#6928,#6929,#6930,#6931,#6932,#6933,#6934,#6935,#6936,#6937,#6938,
#6939,#6940,#6941,#6942,#6943,#6944),.UNSPECIFIED.,.F.,.F.,(4,1,1,1,1,1,
1,1,1,1,1,1,1,1,1,1,1,1,1,1,1,1,1,1,1,1,1,1,1,1,1,1,1,4),(0.,0.0413381822826774,
0.0506765384102737,0.0627323019499041,0.0769968729629174,0.093171375797582,
0.111052961285902,0.130492294047274,0.151373486959583,0.173603214287295,
0.197104221434958,0.221811181932658,0.247667911371166,0.274625415290938,
0.302640475133744,0.33167459537999,0.361693201260414,0.392665015214047,
0.424561563933128,0.457356782804625,0.491026694320629,0.525549143570118,
0.560903578410605,0.597070865060469,0.634033132095252,0.671773637458858,
0.710276654299894,0.749527372339588,0.789511812155732,0.830216750286108,
0.871629653456396,0.913738620551208,0.95653233119422,0.988699422676165),
 .UNSPECIFIED.);
#132=B_SPLINE_CURVE_WITH_KNOTS('',3,(#6952,#6953,#6954,#6955,#6956,#6957,
#6958,#6959,#6960,#6961,#6962,#6963,#6964,#6965,#6966,#6967,#6968,#6969,
#6970,#6971,#6972,#6973,#6974,#6975,#6976,#6977,#6978,#6979,#6980,#6981,
#6982,#6983,#6984,#6985,#6986,#6987),.UNSPECIFIED.,.F.,.F.,(4,1,1,1,1,1,
1,1,1,1,1,1,1,1,1,1,1,1,1,1,1,1,1,1,1,1,1,1,1,1,1,1,1,4),(0.,0.0413381822826774,
0.0506765384102737,0.0627323019499041,0.0769968729629174,0.093171375797582,
0.111052961285902,0.130492294047274,0.151373486959583,0.173603214287295,
0.197104221434958,0.221811181932658,0.247667911371166,0.274625415290938,
0.302640475133744,0.33167459537999,0.361693201260414,0.392665015214047,
0.424561563933128,0.457356782804625,0.491026694320629,0.525549143570118,
0.560903578410605,0.597070865060469,0.634033132095252,0.671773637458858,
0.710276654299894,0.749527372339588,0.789511812155732,0.830216750286108,
0.871629653456396,0.913738620551208,0.95653233119422,0.988699422676165),
 .UNSPECIFIED.);
#133=B_SPLINE_CURVE_WITH_KNOTS('',3,(#6988,#6989,#6990,#6991,#6992,#6993,
#6994,#6995,#6996,#6997,#6998,#6999,#7000,#7001,#7002,#7003,#7004,#7005,
#7006,#7007,#7008,#7009,#7010,#7011,#7012,#7013,#7014,#7015,#7016,#7017,
#7018,#7019,#7020,#7021,#7022,#7023),.UNSPECIFIED.,.F.,.F.,(4,1,1,1,1,1,
1,1,1,1,1,1,1,1,1,1,1,1,1,1,1,1,1,1,1,1,1,1,1,1,1,1,1,4),(0.,0.0413381822826774,
0.0506765384102737,0.0627323019499041,0.0769968729629174,0.093171375797582,
0.111052961285902,0.130492294047274,0.151373486959583,0.173603214287295,
0.197104221434958,0.221811181932658,0.247667911371166,0.274625415290938,
0.302640475133744,0.33167459537999,0.361693201260414,0.392665015214047,
0.424561563933128,0.457356782804625,0.491026694320629,0.525549143570118,
0.560903578410605,0.597070865060469,0.634033132095252,0.671773637458858,
0.710276654299894,0.749527372339588,0.789511812155732,0.830216750286108,
0.871629653456396,0.913738620551208,0.95653233119422,0.988699422676165),
 .UNSPECIFIED.);
#134=B_SPLINE_CURVE_WITH_KNOTS('',3,(#7031,#7032,#7033,#7034,#7035,#7036,
#7037,#7038,#7039,#7040,#7041,#7042,#7043,#7044,#7045,#7046,#7047,#7048,
#7049,#7050,#7051,#7052,#7053,#7054,#7055,#7056,#7057,#7058,#7059,#7060,
#7061,#7062,#7063,#7064,#7065,#7066),.UNSPECIFIED.,.F.,.F.,(4,1,1,1,1,1,
1,1,1,1,1,1,1,1,1,1,1,1,1,1,1,1,1,1,1,1,1,1,1,1,1,1,1,4),(0.,0.0413381822826774,
0.0506765384102737,0.0627323019499041,0.0769968729629174,0.093171375797582,
0.111052961285902,0.130492294047274,0.151373486959583,0.173603214287295,
0.197104221434958,0.221811181932658,0.247667911371166,0.274625415290938,
0.302640475133744,0.33167459537999,0.361693201260414,0.392665015214047,
0.424561563933128,0.457356782804625,0.491026694320629,0.525549143570118,
0.560903578410605,0.597070865060469,0.634033132095252,0.671773637458858,
0.710276654299894,0.749527372339588,0.789511812155732,0.830216750286108,
0.871629653456396,0.913738620551208,0.95653233119422,0.988699422676165),
 .UNSPECIFIED.);
#135=B_SPLINE_CURVE_WITH_KNOTS('',3,(#7067,#7068,#7069,#7070,#7071,#7072,
#7073,#7074,#7075,#7076,#7077,#7078,#7079,#7080,#7081,#7082,#7083,#7084,
#7085,#7086,#7087,#7088,#7089,#7090,#7091,#7092,#7093,#7094,#7095,#7096,
#7097,#7098,#7099,#7100,#7101,#7102),.UNSPECIFIED.,.F.,.F.,(4,1,1,1,1,1,
1,1,1,1,1,1,1,1,1,1,1,1,1,1,1,1,1,1,1,1,1,1,1,1,1,1,1,4),(0.,0.0413381822826774,
0.0506765384102737,0.0627323019499041,0.0769968729629174,0.093171375797582,
0.111052961285902,0.130492294047274,0.151373486959583,0.173603214287295,
0.197104221434958,0.221811181932658,0.247667911371166,0.274625415290938,
0.302640475133744,0.33167459537999,0.361693201260414,0.392665015214047,
0.424561563933128,0.457356782804625,0.491026694320629,0.525549143570118,
0.560903578410605,0.597070865060469,0.634033132095252,0.671773637458858,
0.710276654299894,0.749527372339588,0.789511812155732,0.830216750286108,
0.871629653456396,0.913738620551208,0.95653233119422,0.988699422676165),
 .UNSPECIFIED.);
#136=B_SPLINE_CURVE_WITH_KNOTS('',3,(#7110,#7111,#7112,#7113,#7114,#7115,
#7116,#7117,#7118,#7119,#7120,#7121,#7122,#7123,#7124,#7125,#7126,#7127,
#7128,#7129,#7130,#7131,#7132,#7133,#7134,#7135,#7136,#7137,#7138,#7139,
#7140,#7141,#7142,#7143,#7144,#7145),.UNSPECIFIED.,.F.,.F.,(4,1,1,1,1,1,
1,1,1,1,1,1,1,1,1,1,1,1,1,1,1,1,1,1,1,1,1,1,1,1,1,1,1,4),(0.,0.0413381822826774,
0.0506765384102737,0.0627323019499041,0.0769968729629174,0.093171375797582,
0.111052961285902,0.130492294047274,0.151373486959583,0.173603214287295,
0.197104221434958,0.221811181932658,0.247667911371166,0.274625415290938,
0.302640475133744,0.33167459537999,0.361693201260414,0.392665015214047,
0.424561563933128,0.457356782804625,0.491026694320629,0.525549143570118,
0.560903578410605,0.597070865060469,0.634033132095252,0.671773637458858,
0.710276654299894,0.749527372339588,0.789511812155732,0.830216750286108,
0.871629653456396,0.913738620551208,0.95653233119422,0.988699422676165),
 .UNSPECIFIED.);
#137=B_SPLINE_CURVE_WITH_KNOTS('',3,(#7146,#7147,#7148,#7149,#7150,#7151,
#7152,#7153,#7154,#7155,#7156,#7157,#7158,#7159,#7160,#7161,#7162,#7163,
#7164,#7165,#7166,#7167,#7168,#7169,#7170,#7171,#7172,#7173,#7174,#7175,
#7176,#7177,#7178,#7179,#7180,#7181),.UNSPECIFIED.,.F.,.F.,(4,1,1,1,1,1,
1,1,1,1,1,1,1,1,1,1,1,1,1,1,1,1,1,1,1,1,1,1,1,1,1,1,1,4),(0.,0.0413381822826774,
0.0506765384102737,0.0627323019499041,0.0769968729629174,0.093171375797582,
0.111052961285902,0.130492294047274,0.151373486959583,0.173603214287295,
0.197104221434958,0.221811181932658,0.247667911371166,0.274625415290938,
0.302640475133744,0.33167459537999,0.361693201260414,0.392665015214047,
0.424561563933128,0.457356782804625,0.491026694320629,0.525549143570118,
0.560903578410605,0.597070865060469,0.634033132095252,0.671773637458858,
0.710276654299894,0.749527372339588,0.789511812155732,0.830216750286108,
0.871629653456396,0.913738620551208,0.95653233119422,0.988699422676165),
 .UNSPECIFIED.);
#138=B_SPLINE_CURVE_WITH_KNOTS('',3,(#7189,#7190,#7191,#7192,#7193,#7194,
#7195,#7196,#7197,#7198,#7199,#7200,#7201,#7202,#7203,#7204,#7205,#7206,
#7207,#7208,#7209,#7210,#7211,#7212,#7213,#7214,#7215,#7216,#7217,#7218,
#7219,#7220,#7221,#7222,#7223,#7224),.UNSPECIFIED.,.F.,.F.,(4,1,1,1,1,1,
1,1,1,1,1,1,1,1,1,1,1,1,1,1,1,1,1,1,1,1,1,1,1,1,1,1,1,4),(0.,0.0413381822826774,
0.0506765384102737,0.0627323019499041,0.0769968729629174,0.093171375797582,
0.111052961285902,0.130492294047274,0.151373486959583,0.173603214287295,
0.197104221434958,0.221811181932658,0.247667911371166,0.274625415290938,
0.302640475133744,0.33167459537999,0.361693201260414,0.392665015214047,
0.424561563933128,0.457356782804625,0.491026694320629,0.525549143570118,
0.560903578410605,0.597070865060469,0.634033132095252,0.671773637458858,
0.710276654299894,0.749527372339588,0.789511812155732,0.830216750286108,
0.871629653456396,0.913738620551208,0.95653233119422,0.988699422676165),
 .UNSPECIFIED.);
#139=B_SPLINE_CURVE_WITH_KNOTS('',3,(#7225,#7226,#7227,#7228,#7229,#7230,
#7231,#7232,#7233,#7234,#7235,#7236,#7237,#7238,#7239,#7240,#7241,#7242,
#7243,#7244,#7245,#7246,#7247,#7248,#7249,#7250,#7251,#7252,#7253,#7254,
#7255,#7256,#7257,#7258,#7259,#7260),.UNSPECIFIED.,.F.,.F.,(4,1,1,1,1,1,
1,1,1,1,1,1,1,1,1,1,1,1,1,1,1,1,1,1,1,1,1,1,1,1,1,1,1,4),(0.,0.0413381822826774,
0.0506765384102737,0.0627323019499041,0.0769968729629174,0.093171375797582,
0.111052961285902,0.130492294047274,0.151373486959583,0.173603214287295,
0.197104221434958,0.221811181932658,0.247667911371166,0.274625415290938,
0.302640475133744,0.33167459537999,0.361693201260414,0.392665015214047,
0.424561563933128,0.457356782804625,0.491026694320629,0.525549143570118,
0.560903578410605,0.597070865060469,0.634033132095252,0.671773637458858,
0.710276654299894,0.749527372339588,0.789511812155732,0.830216750286108,
0.871629653456396,0.913738620551208,0.95653233119422,0.988699422676165),
 .UNSPECIFIED.);
#140=B_SPLINE_CURVE_WITH_KNOTS('',3,(#7268,#7269,#7270,#7271,#7272,#7273,
#7274,#7275,#7276,#7277,#7278,#7279,#7280,#7281,#7282,#7283,#7284,#7285,
#7286,#7287,#7288,#7289,#7290,#7291,#7292,#7293,#7294,#7295,#7296,#7297,
#7298,#7299,#7300,#7301,#7302,#7303),.UNSPECIFIED.,.F.,.F.,(4,1,1,1,1,1,
1,1,1,1,1,1,1,1,1,1,1,1,1,1,1,1,1,1,1,1,1,1,1,1,1,1,1,4),(0.,0.0413381822826774,
0.0506765384102737,0.0627323019499041,0.0769968729629174,0.093171375797582,
0.111052961285902,0.130492294047274,0.151373486959583,0.173603214287295,
0.197104221434958,0.221811181932658,0.247667911371166,0.274625415290938,
0.302640475133744,0.33167459537999,0.361693201260414,0.392665015214047,
0.424561563933128,0.457356782804625,0.491026694320629,0.525549143570118,
0.560903578410605,0.597070865060469,0.634033132095252,0.671773637458858,
0.710276654299894,0.749527372339588,0.789511812155732,0.830216750286108,
0.871629653456396,0.913738620551208,0.95653233119422,0.988699422676165),
 .UNSPECIFIED.);
#141=B_SPLINE_CURVE_WITH_KNOTS('',3,(#7304,#7305,#7306,#7307,#7308,#7309,
#7310,#7311,#7312,#7313,#7314,#7315,#7316,#7317,#7318,#7319,#7320,#7321,
#7322,#7323,#7324,#7325,#7326,#7327,#7328,#7329,#7330,#7331,#7332,#7333,
#7334,#7335,#7336,#7337,#7338,#7339),.UNSPECIFIED.,.F.,.F.,(4,1,1,1,1,1,
1,1,1,1,1,1,1,1,1,1,1,1,1,1,1,1,1,1,1,1,1,1,1,1,1,1,1,4),(0.,0.0413381822826774,
0.0506765384102737,0.0627323019499041,0.0769968729629174,0.093171375797582,
0.111052961285902,0.130492294047274,0.151373486959583,0.173603214287295,
0.197104221434958,0.221811181932658,0.247667911371166,0.274625415290938,
0.302640475133744,0.33167459537999,0.361693201260414,0.392665015214047,
0.424561563933128,0.457356782804625,0.491026694320629,0.525549143570118,
0.560903578410605,0.597070865060469,0.634033132095252,0.671773637458858,
0.710276654299894,0.749527372339588,0.789511812155732,0.830216750286108,
0.871629653456396,0.913738620551208,0.95653233119422,0.988699422676165),
 .UNSPECIFIED.);
#142=B_SPLINE_CURVE_WITH_KNOTS('',3,(#7347,#7348,#7349,#7350,#7351,#7352,
#7353,#7354,#7355,#7356,#7357,#7358,#7359,#7360,#7361,#7362,#7363,#7364,
#7365,#7366,#7367,#7368,#7369,#7370,#7371,#7372,#7373,#7374,#7375,#7376,
#7377,#7378,#7379,#7380,#7381,#7382),.UNSPECIFIED.,.F.,.F.,(4,1,1,1,1,1,
1,1,1,1,1,1,1,1,1,1,1,1,1,1,1,1,1,1,1,1,1,1,1,1,1,1,1,4),(0.,0.0413381822826774,
0.0506765384102737,0.0627323019499041,0.0769968729629174,0.093171375797582,
0.111052961285902,0.130492294047274,0.151373486959583,0.173603214287295,
0.197104221434958,0.221811181932658,0.247667911371166,0.274625415290938,
0.302640475133744,0.33167459537999,0.361693201260414,0.392665015214047,
0.424561563933128,0.457356782804625,0.491026694320629,0.525549143570118,
0.560903578410605,0.597070865060469,0.634033132095252,0.671773637458858,
0.710276654299894,0.749527372339588,0.789511812155732,0.830216750286108,
0.871629653456396,0.913738620551208,0.95653233119422,0.988699422676165),
 .UNSPECIFIED.);
#143=B_SPLINE_CURVE_WITH_KNOTS('',3,(#7383,#7384,#7385,#7386,#7387,#7388,
#7389,#7390,#7391,#7392,#7393,#7394,#7395,#7396,#7397,#7398,#7399,#7400,
#7401,#7402,#7403,#7404,#7405,#7406,#7407,#7408,#7409,#7410,#7411,#7412,
#7413,#7414,#7415,#7416,#7417,#7418),.UNSPECIFIED.,.F.,.F.,(4,1,1,1,1,1,
1,1,1,1,1,1,1,1,1,1,1,1,1,1,1,1,1,1,1,1,1,1,1,1,1,1,1,4),(0.,0.0413381822826774,
0.0506765384102737,0.0627323019499041,0.0769968729629174,0.093171375797582,
0.111052961285902,0.130492294047274,0.151373486959583,0.173603214287295,
0.197104221434958,0.221811181932658,0.247667911371166,0.274625415290938,
0.302640475133744,0.33167459537999,0.361693201260414,0.392665015214047,
0.424561563933128,0.457356782804625,0.491026694320629,0.525549143570118,
0.560903578410605,0.597070865060469,0.634033132095252,0.671773637458858,
0.710276654299894,0.749527372339588,0.789511812155732,0.830216750286108,
0.871629653456396,0.913738620551208,0.95653233119422,0.988699422676165),
 .UNSPECIFIED.);
#144=B_SPLINE_CURVE_WITH_KNOTS('',3,(#7426,#7427,#7428,#7429,#7430,#7431,
#7432,#7433,#7434,#7435,#7436,#7437,#7438,#7439,#7440,#7441,#7442,#7443,
#7444,#7445,#7446,#7447,#7448,#7449,#7450,#7451,#7452,#7453,#7454,#7455,
#7456,#7457,#7458,#7459,#7460,#7461),.UNSPECIFIED.,.F.,.F.,(4,1,1,1,1,1,
1,1,1,1,1,1,1,1,1,1,1,1,1,1,1,1,1,1,1,1,1,1,1,1,1,1,1,4),(0.,0.0413381822826774,
0.0506765384102737,0.0627323019499041,0.0769968729629174,0.093171375797582,
0.111052961285902,0.130492294047274,0.151373486959583,0.173603214287295,
0.197104221434958,0.221811181932658,0.247667911371166,0.274625415290938,
0.302640475133744,0.33167459537999,0.361693201260414,0.392665015214047,
0.424561563933128,0.457356782804625,0.491026694320629,0.525549143570118,
0.560903578410605,0.597070865060469,0.634033132095252,0.671773637458858,
0.710276654299894,0.749527372339588,0.789511812155732,0.830216750286108,
0.871629653456396,0.913738620551208,0.95653233119422,0.988699422676165),
 .UNSPECIFIED.);
#145=B_SPLINE_CURVE_WITH_KNOTS('',3,(#7462,#7463,#7464,#7465,#7466,#7467,
#7468,#7469,#7470,#7471,#7472,#7473,#7474,#7475,#7476,#7477,#7478,#7479,
#7480,#7481,#7482,#7483,#7484,#7485,#7486,#7487,#7488,#7489,#7490,#7491,
#7492,#7493,#7494,#7495,#7496,#7497),.UNSPECIFIED.,.F.,.F.,(4,1,1,1,1,1,
1,1,1,1,1,1,1,1,1,1,1,1,1,1,1,1,1,1,1,1,1,1,1,1,1,1,1,4),(0.,0.0413381822826774,
0.0506765384102737,0.0627323019499041,0.0769968729629174,0.093171375797582,
0.111052961285902,0.130492294047274,0.151373486959583,0.173603214287295,
0.197104221434958,0.221811181932658,0.247667911371166,0.274625415290938,
0.302640475133744,0.33167459537999,0.361693201260414,0.392665015214047,
0.424561563933128,0.457356782804625,0.491026694320629,0.525549143570118,
0.560903578410605,0.597070865060469,0.634033132095252,0.671773637458858,
0.710276654299894,0.749527372339588,0.789511812155732,0.830216750286108,
0.871629653456396,0.913738620551208,0.95653233119422,0.988699422676165),
 .UNSPECIFIED.);
#146=B_SPLINE_CURVE_WITH_KNOTS('',3,(#7505,#7506,#7507,#7508,#7509,#7510,
#7511,#7512,#7513,#7514,#7515,#7516,#7517,#7518,#7519,#7520,#7521,#7522,
#7523,#7524,#7525,#7526,#7527,#7528,#7529,#7530,#7531,#7532,#7533,#7534,
#7535,#7536,#7537,#7538,#7539,#7540),.UNSPECIFIED.,.F.,.F.,(4,1,1,1,1,1,
1,1,1,1,1,1,1,1,1,1,1,1,1,1,1,1,1,1,1,1,1,1,1,1,1,1,1,4),(0.,0.0413381822826774,
0.0506765384102737,0.0627323019499041,0.0769968729629174,0.093171375797582,
0.111052961285902,0.130492294047274,0.151373486959583,0.173603214287295,
0.197104221434958,0.221811181932658,0.247667911371166,0.274625415290938,
0.302640475133744,0.33167459537999,0.361693201260414,0.392665015214047,
0.424561563933128,0.457356782804625,0.491026694320629,0.525549143570118,
0.560903578410605,0.597070865060469,0.634033132095252,0.671773637458858,
0.710276654299894,0.749527372339588,0.789511812155732,0.830216750286108,
0.871629653456396,0.913738620551208,0.95653233119422,0.988699422676165),
 .UNSPECIFIED.);
#147=B_SPLINE_CURVE_WITH_KNOTS('',3,(#7541,#7542,#7543,#7544,#7545,#7546,
#7547,#7548,#7549,#7550,#7551,#7552,#7553,#7554,#7555,#7556,#7557,#7558,
#7559,#7560,#7561,#7562,#7563,#7564,#7565,#7566,#7567,#7568,#7569,#7570,
#7571,#7572,#7573,#7574,#7575,#7576),.UNSPECIFIED.,.F.,.F.,(4,1,1,1,1,1,
1,1,1,1,1,1,1,1,1,1,1,1,1,1,1,1,1,1,1,1,1,1,1,1,1,1,1,4),(0.,0.0413381822826774,
0.0506765384102737,0.0627323019499041,0.0769968729629174,0.093171375797582,
0.111052961285902,0.130492294047274,0.151373486959583,0.173603214287295,
0.197104221434958,0.221811181932658,0.247667911371166,0.274625415290938,
0.302640475133744,0.33167459537999,0.361693201260414,0.392665015214047,
0.424561563933128,0.457356782804625,0.491026694320629,0.525549143570118,
0.560903578410605,0.597070865060469,0.634033132095252,0.671773637458858,
0.710276654299894,0.749527372339588,0.789511812155732,0.830216750286108,
0.871629653456396,0.913738620551208,0.95653233119422,0.988699422676165),
 .UNSPECIFIED.);
#148=B_SPLINE_CURVE_WITH_KNOTS('',3,(#7584,#7585,#7586,#7587,#7588,#7589,
#7590,#7591,#7592,#7593,#7594,#7595,#7596,#7597,#7598,#7599,#7600,#7601,
#7602,#7603,#7604,#7605,#7606,#7607,#7608,#7609,#7610,#7611,#7612,#7613,
#7614,#7615,#7616,#7617,#7618,#7619),.UNSPECIFIED.,.F.,.F.,(4,1,1,1,1,1,
1,1,1,1,1,1,1,1,1,1,1,1,1,1,1,1,1,1,1,1,1,1,1,1,1,1,1,4),(0.,0.0413381822826774,
0.0506765384102737,0.0627323019499041,0.0769968729629174,0.093171375797582,
0.111052961285902,0.130492294047274,0.151373486959583,0.173603214287295,
0.197104221434958,0.221811181932658,0.247667911371166,0.274625415290938,
0.302640475133744,0.33167459537999,0.361693201260414,0.392665015214047,
0.424561563933128,0.457356782804625,0.491026694320629,0.525549143570118,
0.560903578410605,0.597070865060469,0.634033132095252,0.671773637458858,
0.710276654299894,0.749527372339588,0.789511812155732,0.830216750286108,
0.871629653456396,0.913738620551208,0.95653233119422,0.988699422676165),
 .UNSPECIFIED.);
#149=B_SPLINE_CURVE_WITH_KNOTS('',3,(#7620,#7621,#7622,#7623,#7624,#7625,
#7626,#7627,#7628,#7629,#7630,#7631,#7632,#7633,#7634,#7635,#7636,#7637,
#7638,#7639,#7640,#7641,#7642,#7643,#7644,#7645,#7646,#7647,#7648,#7649,
#7650,#7651,#7652,#7653,#7654,#7655),.UNSPECIFIED.,.F.,.F.,(4,1,1,1,1,1,
1,1,1,1,1,1,1,1,1,1,1,1,1,1,1,1,1,1,1,1,1,1,1,1,1,1,1,4),(0.,0.0413381822826774,
0.0506765384102737,0.0627323019499041,0.0769968729629174,0.093171375797582,
0.111052961285902,0.130492294047274,0.151373486959583,0.173603214287295,
0.197104221434958,0.221811181932658,0.247667911371166,0.274625415290938,
0.302640475133744,0.33167459537999,0.361693201260414,0.392665015214047,
0.424561563933128,0.457356782804625,0.491026694320629,0.525549143570118,
0.560903578410605,0.597070865060469,0.634033132095252,0.671773637458858,
0.710276654299894,0.749527372339588,0.789511812155732,0.830216750286108,
0.871629653456396,0.913738620551208,0.95653233119422,0.988699422676165),
 .UNSPECIFIED.);
#150=B_SPLINE_CURVE_WITH_KNOTS('',3,(#7663,#7664,#7665,#7666,#7667,#7668,
#7669,#7670,#7671,#7672,#7673,#7674,#7675,#7676,#7677,#7678,#7679,#7680,
#7681,#7682,#7683,#7684,#7685,#7686,#7687,#7688,#7689,#7690,#7691,#7692,
#7693,#7694,#7695,#7696,#7697,#7698),.UNSPECIFIED.,.F.,.F.,(4,1,1,1,1,1,
1,1,1,1,1,1,1,1,1,1,1,1,1,1,1,1,1,1,1,1,1,1,1,1,1,1,1,4),(0.,0.0413381822826774,
0.0506765384102737,0.0627323019499041,0.0769968729629174,0.093171375797582,
0.111052961285902,0.130492294047274,0.151373486959583,0.173603214287295,
0.197104221434958,0.221811181932658,0.247667911371166,0.274625415290938,
0.302640475133744,0.33167459537999,0.361693201260414,0.392665015214047,
0.424561563933128,0.457356782804625,0.491026694320629,0.525549143570118,
0.560903578410605,0.597070865060469,0.634033132095252,0.671773637458858,
0.710276654299894,0.749527372339588,0.789511812155732,0.830216750286108,
0.871629653456396,0.913738620551208,0.95653233119422,0.988699422676165),
 .UNSPECIFIED.);
#151=B_SPLINE_CURVE_WITH_KNOTS('',3,(#7699,#7700,#7701,#7702,#7703,#7704,
#7705,#7706,#7707,#7708,#7709,#7710,#7711,#7712,#7713,#7714,#7715,#7716,
#7717,#7718,#7719,#7720,#7721,#7722,#7723,#7724,#7725,#7726,#7727,#7728,
#7729,#7730,#7731,#7732,#7733,#7734),.UNSPECIFIED.,.F.,.F.,(4,1,1,1,1,1,
1,1,1,1,1,1,1,1,1,1,1,1,1,1,1,1,1,1,1,1,1,1,1,1,1,1,1,4),(0.,0.0413381822826774,
0.0506765384102737,0.0627323019499041,0.0769968729629174,0.093171375797582,
0.111052961285902,0.130492294047274,0.151373486959583,0.173603214287295,
0.197104221434958,0.221811181932658,0.247667911371166,0.274625415290938,
0.302640475133744,0.33167459537999,0.361693201260414,0.392665015214047,
0.424561563933128,0.457356782804625,0.491026694320629,0.525549143570118,
0.560903578410605,0.597070865060469,0.634033132095252,0.671773637458858,
0.710276654299894,0.749527372339588,0.789511812155732,0.830216750286108,
0.871629653456396,0.913738620551208,0.95653233119422,0.988699422676165),
 .UNSPECIFIED.);
#152=B_SPLINE_CURVE_WITH_KNOTS('',3,(#7742,#7743,#7744,#7745,#7746,#7747,
#7748,#7749,#7750,#7751,#7752,#7753,#7754,#7755,#7756,#7757,#7758,#7759,
#7760,#7761,#7762,#7763,#7764,#7765,#7766,#7767,#7768,#7769,#7770,#7771,
#7772,#7773,#7774,#7775,#7776,#7777),.UNSPECIFIED.,.F.,.F.,(4,1,1,1,1,1,
1,1,1,1,1,1,1,1,1,1,1,1,1,1,1,1,1,1,1,1,1,1,1,1,1,1,1,4),(0.,0.0413381822826774,
0.0506765384102737,0.0627323019499041,0.0769968729629174,0.093171375797582,
0.111052961285902,0.130492294047274,0.151373486959583,0.173603214287295,
0.197104221434958,0.221811181932658,0.247667911371166,0.274625415290938,
0.302640475133744,0.33167459537999,0.361693201260414,0.392665015214047,
0.424561563933128,0.457356782804625,0.491026694320629,0.525549143570118,
0.560903578410605,0.597070865060469,0.634033132095252,0.671773637458858,
0.710276654299894,0.749527372339588,0.789511812155732,0.830216750286108,
0.871629653456396,0.913738620551208,0.95653233119422,0.988699422676165),
 .UNSPECIFIED.);
#153=B_SPLINE_CURVE_WITH_KNOTS('',3,(#7778,#7779,#7780,#7781,#7782,#7783,
#7784,#7785,#7786,#7787,#7788,#7789,#7790,#7791,#7792,#7793,#7794,#7795,
#7796,#7797,#7798,#7799,#7800,#7801,#7802,#7803,#7804,#7805,#7806,#7807,
#7808,#7809,#7810,#7811,#7812,#7813),.UNSPECIFIED.,.F.,.F.,(4,1,1,1,1,1,
1,1,1,1,1,1,1,1,1,1,1,1,1,1,1,1,1,1,1,1,1,1,1,1,1,1,1,4),(0.,0.0413381822826774,
0.0506765384102737,0.0627323019499041,0.0769968729629174,0.093171375797582,
0.111052961285902,0.130492294047274,0.151373486959583,0.173603214287295,
0.197104221434958,0.221811181932658,0.247667911371166,0.274625415290938,
0.302640475133744,0.33167459537999,0.361693201260414,0.392665015214047,
0.424561563933128,0.457356782804625,0.491026694320629,0.525549143570118,
0.560903578410605,0.597070865060469,0.634033132095252,0.671773637458858,
0.710276654299894,0.749527372339588,0.789511812155732,0.830216750286108,
0.871629653456396,0.913738620551208,0.95653233119422,0.988699422676165),
 .UNSPECIFIED.);
#154=B_SPLINE_CURVE_WITH_KNOTS('',3,(#7821,#7822,#7823,#7824,#7825,#7826,
#7827,#7828,#7829,#7830,#7831,#7832,#7833,#7834,#7835,#7836,#7837,#7838,
#7839,#7840,#7841,#7842,#7843,#7844,#7845,#7846,#7847,#7848,#7849,#7850,
#7851,#7852,#7853,#7854,#7855,#7856),.UNSPECIFIED.,.F.,.F.,(4,1,1,1,1,1,
1,1,1,1,1,1,1,1,1,1,1,1,1,1,1,1,1,1,1,1,1,1,1,1,1,1,1,4),(0.,0.0413381822826774,
0.0506765384102737,0.0627323019499041,0.0769968729629174,0.093171375797582,
0.111052961285902,0.130492294047274,0.151373486959583,0.173603214287295,
0.197104221434958,0.221811181932658,0.247667911371166,0.274625415290938,
0.302640475133744,0.33167459537999,0.361693201260414,0.392665015214047,
0.424561563933128,0.457356782804625,0.491026694320629,0.525549143570118,
0.560903578410605,0.597070865060469,0.634033132095252,0.671773637458858,
0.710276654299894,0.749527372339588,0.789511812155732,0.830216750286108,
0.871629653456396,0.913738620551208,0.95653233119422,0.988699422676165),
 .UNSPECIFIED.);
#155=B_SPLINE_CURVE_WITH_KNOTS('',3,(#7857,#7858,#7859,#7860,#7861,#7862,
#7863,#7864,#7865,#7866,#7867,#7868,#7869,#7870,#7871,#7872,#7873,#7874,
#7875,#7876,#7877,#7878,#7879,#7880,#7881,#7882,#7883,#7884,#7885,#7886,
#7887,#7888,#7889,#7890,#7891,#7892),.UNSPECIFIED.,.F.,.F.,(4,1,1,1,1,1,
1,1,1,1,1,1,1,1,1,1,1,1,1,1,1,1,1,1,1,1,1,1,1,1,1,1,1,4),(0.,0.0413381822826774,
0.0506765384102737,0.0627323019499041,0.0769968729629174,0.093171375797582,
0.111052961285902,0.130492294047274,0.151373486959583,0.173603214287295,
0.197104221434958,0.221811181932658,0.247667911371166,0.274625415290938,
0.302640475133744,0.33167459537999,0.361693201260414,0.392665015214047,
0.424561563933128,0.457356782804625,0.491026694320629,0.525549143570118,
0.560903578410605,0.597070865060469,0.634033132095252,0.671773637458858,
0.710276654299894,0.749527372339588,0.789511812155732,0.830216750286108,
0.871629653456396,0.913738620551208,0.95653233119422,0.988699422676165),
 .UNSPECIFIED.);
#156=PLANE('',#2902);
#157=PLANE('',#2979);
#158=PLANE('',#3125);
#159=PLANE('',#3131);
#160=CIRCLE('',#2834,0.0325);
#161=CIRCLE('',#2835,0.0325);
#162=CIRCLE('',#2837,0.0325);
#163=CIRCLE('',#2838,0.0325);
#164=CIRCLE('',#2840,0.0325);
#165=CIRCLE('',#2841,0.0325);
#166=CIRCLE('',#2843,0.0325);
#167=CIRCLE('',#2844,0.0325);
#168=CIRCLE('',#2846,0.0325);
#169=CIRCLE('',#2847,0.0325);
#170=CIRCLE('',#2849,0.0325);
#171=CIRCLE('',#2850,0.0325);
#172=CIRCLE('',#2852,0.0325);
#173=CIRCLE('',#2853,0.0325);
#174=CIRCLE('',#2855,0.0325);
#175=CIRCLE('',#2856,0.0325);
#176=CIRCLE('',#2858,0.0325);
#177=CIRCLE('',#2859,0.0325);
#178=CIRCLE('',#2861,0.0325);
#179=CIRCLE('',#2862,0.0325);
#180=CIRCLE('',#2864,0.0325);
#181=CIRCLE('',#2865,0.0325);
#182=CIRCLE('',#2867,0.0325);
#183=CIRCLE('',#2868,0.0325);
#184=CIRCLE('',#2870,0.0325);
#185=CIRCLE('',#2871,0.0325);
#186=CIRCLE('',#2873,0.0325);
#187=CIRCLE('',#2874,0.0325);
#188=CIRCLE('',#2876,0.0325);
#189=CIRCLE('',#2877,0.0325);
#190=CIRCLE('',#2879,0.0325);
#191=CIRCLE('',#2880,0.0325);
#192=CIRCLE('',#2882,0.0325);
#193=CIRCLE('',#2883,0.0325);
#194=CIRCLE('',#2885,0.0325);
#195=CIRCLE('',#2886,0.0325);
#196=CIRCLE('',#2888,0.0325);
#197=CIRCLE('',#2889,0.0325);
#198=CIRCLE('',#2891,0.0325);
#199=CIRCLE('',#2892,0.0325);
#200=CIRCLE('',#2894,0.0325);
#201=CIRCLE('',#2895,0.0325);
#202=CIRCLE('',#2897,0.0325);
#203=CIRCLE('',#2898,0.0325);
#204=CIRCLE('',#2900,0.0325);
#205=CIRCLE('',#2901,0.0325);
#206=CIRCLE('',#2903,0.005);
#207=CIRCLE('',#2904,0.000723633188762164);
#208=CIRCLE('',#2905,0.000723633188762164);
#209=CIRCLE('',#2906,0.0268749999999981);
#210=CIRCLE('',#2907,0.000723633188762164);
#211=CIRCLE('',#2908,0.000723633188762164);
#212=CIRCLE('',#2909,0.0268749999999981);
#213=CIRCLE('',#2910,0.000723633188762164);
#214=CIRCLE('',#2911,0.000723633188762164);
#215=CIRCLE('',#2912,0.0268749999999981);
#216=CIRCLE('',#2913,0.000723633188762164);
#217=CIRCLE('',#2914,0.000723633188762164);
#218=CIRCLE('',#2915,0.0268749999999981);
#219=CIRCLE('',#2916,0.000723633188762164);
#220=CIRCLE('',#2917,0.000723633188762164);
#221=CIRCLE('',#2918,0.0268749999999981);
#222=CIRCLE('',#2919,0.000723633188762164);
#223=CIRCLE('',#2920,0.000723633188762164);
#224=CIRCLE('',#2921,0.0268749999999981);
#225=CIRCLE('',#2922,0.000723633188762164);
#226=CIRCLE('',#2923,0.000723633188762164);
#227=CIRCLE('',#2924,0.0268749999999981);
#228=CIRCLE('',#2925,0.000723633188762164);
#229=CIRCLE('',#2926,0.000723633188762164);
#230=CIRCLE('',#2927,0.0268749999999981);
#231=CIRCLE('',#2928,0.000723633188762164);
#232=CIRCLE('',#2929,0.000723633188762164);
#233=CIRCLE('',#2930,0.0268749999999981);
#234=CIRCLE('',#2931,0.000723633188762164);
#235=CIRCLE('',#2932,0.000723633188762164);
#236=CIRCLE('',#2933,0.0268749999999981);
#237=CIRCLE('',#2934,0.000723633188762164);
#238=CIRCLE('',#2935,0.0325);
#239=CIRCLE('',#2936,0.000723633188762164);
#240=CIRCLE('',#2937,0.0268749999999981);
#241=CIRCLE('',#2938,0.000723633188762164);
#242=CIRCLE('',#2939,0.000723633188762164);
#243=CIRCLE('',#2940,0.0268749999999981);
#244=CIRCLE('',#2941,0.000723633188762164);
#245=CIRCLE('',#2942,0.000723633188762164);
#246=CIRCLE('',#2943,0.0268749999999981);
#247=CIRCLE('',#2944,0.000723633188762164);
#248=CIRCLE('',#2945,0.000723633188762164);
#249=CIRCLE('',#2946,0.0268749999999981);
#250=CIRCLE('',#2947,0.000723633188762164);
#251=CIRCLE('',#2948,0.000723633188762164);
#252=CIRCLE('',#2949,0.0268749999999981);
#253=CIRCLE('',#2950,0.000723633188762164);
#254=CIRCLE('',#2951,0.000723633188762164);
#255=CIRCLE('',#2952,0.0268749999999981);
#256=CIRCLE('',#2953,0.000723633188762164);
#257=CIRCLE('',#2954,0.000723633188762164);
#258=CIRCLE('',#2955,0.0268749999999981);
#259=CIRCLE('',#2956,0.000723633188762164);
#260=CIRCLE('',#2957,0.000723633188762164);
#261=CIRCLE('',#2958,0.0268749999999981);
#262=CIRCLE('',#2959,0.000723633188762164);
#263=CIRCLE('',#2960,0.000723633188762164);
#264=CIRCLE('',#2961,0.0268749999999981);
#265=CIRCLE('',#2962,0.000723633188762164);
#266=CIRCLE('',#2963,0.000723633188762164);
#267=CIRCLE('',#2964,0.0268749999999981);
#268=CIRCLE('',#2965,0.000723633188762164);
#269=CIRCLE('',#2966,0.000723633188762164);
#270=CIRCLE('',#2967,0.0268749999999981);
#271=CIRCLE('',#2968,0.000723633188762164);
#272=CIRCLE('',#2969,0.000723633188762164);
#273=CIRCLE('',#2970,0.0268749999999981);
#274=CIRCLE('',#2971,0.000723633188762164);
#275=CIRCLE('',#2972,0.000723633188762164);
#276=CIRCLE('',#2973,0.0268749999999981);
#277=CIRCLE('',#2974,0.000723633188762164);
#278=CIRCLE('',#2975,0.000723633188762164);
#279=CIRCLE('',#2976,0.0268749999999981);
#280=CIRCLE('',#2978,0.0325);
#281=CIRCLE('',#2980,0.002125);
#282=CIRCLE('',#2981,0.000723633188762164);
#283=CIRCLE('',#2982,0.000723633188762164);
#284=CIRCLE('',#2983,0.0268749999999981);
#285=CIRCLE('',#2984,0.000723633188762164);
#286=CIRCLE('',#2985,0.000723633188762164);
#287=CIRCLE('',#2986,0.0268749999999981);
#288=CIRCLE('',#2987,0.000723633188762164);
#289=CIRCLE('',#2988,0.000723633188762164);
#290=CIRCLE('',#2989,0.0268749999999981);
#291=CIRCLE('',#2990,0.000723633188762164);
#292=CIRCLE('',#2991,0.000723633188762164);
#293=CIRCLE('',#2992,0.0268749999999981);
#294=CIRCLE('',#2993,0.000723633188762164);
#295=CIRCLE('',#2994,0.000723633188762164);
#296=CIRCLE('',#2995,0.0268749999999981);
#297=CIRCLE('',#2996,0.000723633188762164);
#298=CIRCLE('',#2997,0.000723633188762164);
#299=CIRCLE('',#2998,0.0268749999999981);
#300=CIRCLE('',#2999,0.000723633188762164);
#301=CIRCLE('',#3000,0.000723633188762164);
#302=CIRCLE('',#3001,0.0268749999999981);
#303=CIRCLE('',#3002,0.000723633188762164);
#304=CIRCLE('',#3003,0.000723633188762164);
#305=CIRCLE('',#3004,0.0268749999999981);
#306=CIRCLE('',#3005,0.000723633188762164);
#307=CIRCLE('',#3006,0.000723633188762164);
#308=CIRCLE('',#3007,0.0268749999999981);
#309=CIRCLE('',#3008,0.000723633188762164);
#310=CIRCLE('',#3009,0.000723633188762164);
#311=CIRCLE('',#3010,0.0268749999999981);
#312=CIRCLE('',#3011,0.000723633188762164);
#313=CIRCLE('',#3012,0.000723633188762164);
#314=CIRCLE('',#3013,0.0268749999999981);
#315=CIRCLE('',#3014,0.000723633188762164);
#316=CIRCLE('',#3015,0.000723633188762164);
#317=CIRCLE('',#3016,0.0268749999999981);
#318=CIRCLE('',#3017,0.000723633188762164);
#319=CIRCLE('',#3018,0.000723633188762164);
#320=CIRCLE('',#3019,0.0268749999999981);
#321=CIRCLE('',#3020,0.000723633188762164);
#322=CIRCLE('',#3021,0.000723633188762164);
#323=CIRCLE('',#3022,0.0268749999999981);
#324=CIRCLE('',#3023,0.000723633188762164);
#325=CIRCLE('',#3024,0.000723633188762164);
#326=CIRCLE('',#3025,0.0268749999999981);
#327=CIRCLE('',#3026,0.000723633188762164);
#328=CIRCLE('',#3027,0.000723633188762164);
#329=CIRCLE('',#3028,0.0268749999999981);
#330=CIRCLE('',#3029,0.000723633188762164);
#331=CIRCLE('',#3030,0.000723633188762164);
#332=CIRCLE('',#3031,0.0268749999999981);
#333=CIRCLE('',#3032,0.000723633188762164);
#334=CIRCLE('',#3033,0.000723633188762164);
#335=CIRCLE('',#3034,0.0268749999999981);
#336=CIRCLE('',#3035,0.000723633188762164);
#337=CIRCLE('',#3036,0.000723633188762164);
#338=CIRCLE('',#3037,0.0268749999999981);
#339=CIRCLE('',#3038,0.000723633188762164);
#340=CIRCLE('',#3039,0.000723633188762164);
#341=CIRCLE('',#3040,0.0268749999999981);
#342=CIRCLE('',#3041,0.000723633188762164);
#343=CIRCLE('',#3042,0.000723633188762164);
#344=CIRCLE('',#3043,0.0268749999999981);
#345=CIRCLE('',#3044,0.000723633188762164);
#346=CIRCLE('',#3045,0.000723633188762164);
#347=CIRCLE('',#3046,0.0268749999999981);
#348=CIRCLE('',#3047,0.000723633188762164);
#349=CIRCLE('',#3048,0.000723633188762164);
#350=CIRCLE('',#3049,0.0268749999999981);
#351=CIRCLE('',#3050,0.000723633188762164);
#352=CIRCLE('',#3051,0.000723633188762164);
#353=CIRCLE('',#3052,0.0268749999999981);
#354=CIRCLE('',#3126,0.005);
#355=CIRCLE('',#3127,0.00399);
#356=CIRCLE('',#3130,0.00399);
#357=CIRCLE('',#3132,0.002125);
#358=ORIENTED_EDGE('',*,*,#1234,.F.);
#359=ORIENTED_EDGE('',*,*,#1235,.F.);
#360=ORIENTED_EDGE('',*,*,#1236,.T.);
#361=ORIENTED_EDGE('',*,*,#1237,.T.);
#362=ORIENTED_EDGE('',*,*,#1238,.F.);
#363=ORIENTED_EDGE('',*,*,#1239,.T.);
#364=ORIENTED_EDGE('',*,*,#1240,.T.);
#365=ORIENTED_EDGE('',*,*,#1241,.F.);
#366=ORIENTED_EDGE('',*,*,#1242,.F.);
#367=ORIENTED_EDGE('',*,*,#1243,.F.);
#368=ORIENTED_EDGE('',*,*,#1244,.T.);
#369=ORIENTED_EDGE('',*,*,#1245,.T.);
#370=ORIENTED_EDGE('',*,*,#1246,.F.);
#371=ORIENTED_EDGE('',*,*,#1247,.T.);
#372=ORIENTED_EDGE('',*,*,#1248,.T.);
#373=ORIENTED_EDGE('',*,*,#1249,.F.);
#374=ORIENTED_EDGE('',*,*,#1250,.F.);
#375=ORIENTED_EDGE('',*,*,#1251,.F.);
#376=ORIENTED_EDGE('',*,*,#1252,.T.);
#377=ORIENTED_EDGE('',*,*,#1253,.T.);
#378=ORIENTED_EDGE('',*,*,#1254,.F.);
#379=ORIENTED_EDGE('',*,*,#1255,.F.);
#380=ORIENTED_EDGE('',*,*,#1256,.T.);
#381=ORIENTED_EDGE('',*,*,#1257,.T.);
#382=ORIENTED_EDGE('',*,*,#1258,.F.);
#383=ORIENTED_EDGE('',*,*,#1259,.F.);
#384=ORIENTED_EDGE('',*,*,#1260,.T.);
#385=ORIENTED_EDGE('',*,*,#1261,.T.);
#386=ORIENTED_EDGE('',*,*,#1262,.F.);
#387=ORIENTED_EDGE('',*,*,#1263,.T.);
#388=ORIENTED_EDGE('',*,*,#1264,.T.);
#389=ORIENTED_EDGE('',*,*,#1265,.F.);
#390=ORIENTED_EDGE('',*,*,#1266,.F.);
#391=ORIENTED_EDGE('',*,*,#1267,.F.);
#392=ORIENTED_EDGE('',*,*,#1268,.T.);
#393=ORIENTED_EDGE('',*,*,#1269,.T.);
#394=ORIENTED_EDGE('',*,*,#1270,.F.);
#395=ORIENTED_EDGE('',*,*,#1271,.F.);
#396=ORIENTED_EDGE('',*,*,#1272,.T.);
#397=ORIENTED_EDGE('',*,*,#1273,.T.);
#398=ORIENTED_EDGE('',*,*,#1274,.F.);
#399=ORIENTED_EDGE('',*,*,#1275,.F.);
#400=ORIENTED_EDGE('',*,*,#1276,.T.);
#401=ORIENTED_EDGE('',*,*,#1277,.T.);
#402=ORIENTED_EDGE('',*,*,#1278,.F.);
#403=ORIENTED_EDGE('',*,*,#1279,.F.);
#404=ORIENTED_EDGE('',*,*,#1280,.T.);
#405=ORIENTED_EDGE('',*,*,#1281,.T.);
#406=ORIENTED_EDGE('',*,*,#1282,.F.);
#407=ORIENTED_EDGE('',*,*,#1283,.F.);
#408=ORIENTED_EDGE('',*,*,#1284,.T.);
#409=ORIENTED_EDGE('',*,*,#1285,.T.);
#410=ORIENTED_EDGE('',*,*,#1286,.F.);
#411=ORIENTED_EDGE('',*,*,#1287,.T.);
#412=ORIENTED_EDGE('',*,*,#1288,.T.);
#413=ORIENTED_EDGE('',*,*,#1289,.F.);
#414=ORIENTED_EDGE('',*,*,#1290,.F.);
#415=ORIENTED_EDGE('',*,*,#1291,.F.);
#416=ORIENTED_EDGE('',*,*,#1292,.T.);
#417=ORIENTED_EDGE('',*,*,#1293,.T.);
#418=ORIENTED_EDGE('',*,*,#1294,.F.);
#419=ORIENTED_EDGE('',*,*,#1295,.T.);
#420=ORIENTED_EDGE('',*,*,#1296,.T.);
#421=ORIENTED_EDGE('',*,*,#1297,.F.);
#422=ORIENTED_EDGE('',*,*,#1298,.F.);
#423=ORIENTED_EDGE('',*,*,#1299,.F.);
#424=ORIENTED_EDGE('',*,*,#1300,.T.);
#425=ORIENTED_EDGE('',*,*,#1301,.T.);
#426=ORIENTED_EDGE('',*,*,#1302,.F.);
#427=ORIENTED_EDGE('',*,*,#1303,.F.);
#428=ORIENTED_EDGE('',*,*,#1304,.T.);
#429=ORIENTED_EDGE('',*,*,#1305,.T.);
#430=ORIENTED_EDGE('',*,*,#1306,.F.);
#431=ORIENTED_EDGE('',*,*,#1307,.T.);
#432=ORIENTED_EDGE('',*,*,#1308,.T.);
#433=ORIENTED_EDGE('',*,*,#1309,.F.);
#434=ORIENTED_EDGE('',*,*,#1310,.F.);
#435=ORIENTED_EDGE('',*,*,#1311,.F.);
#436=ORIENTED_EDGE('',*,*,#1312,.T.);
#437=ORIENTED_EDGE('',*,*,#1313,.T.);
#438=ORIENTED_EDGE('',*,*,#1314,.F.);
#439=ORIENTED_EDGE('',*,*,#1315,.F.);
#440=ORIENTED_EDGE('',*,*,#1316,.T.);
#441=ORIENTED_EDGE('',*,*,#1317,.T.);
#442=ORIENTED_EDGE('',*,*,#1318,.F.);
#443=ORIENTED_EDGE('',*,*,#1319,.F.);
#444=ORIENTED_EDGE('',*,*,#1320,.T.);
#445=ORIENTED_EDGE('',*,*,#1321,.T.);
#446=ORIENTED_EDGE('',*,*,#1322,.F.);
#447=ORIENTED_EDGE('',*,*,#1323,.T.);
#448=ORIENTED_EDGE('',*,*,#1324,.T.);
#449=ORIENTED_EDGE('',*,*,#1325,.F.);
#450=ORIENTED_EDGE('',*,*,#1326,.F.);
#451=ORIENTED_EDGE('',*,*,#1327,.F.);
#452=ORIENTED_EDGE('',*,*,#1328,.T.);
#453=ORIENTED_EDGE('',*,*,#1238,.T.);
#454=ORIENTED_EDGE('',*,*,#1329,.F.);
#455=ORIENTED_EDGE('',*,*,#1330,.F.);
#456=ORIENTED_EDGE('',*,*,#1331,.T.);
#457=ORIENTED_EDGE('',*,*,#1332,.F.);
#458=ORIENTED_EDGE('',*,*,#1333,.T.);
#459=ORIENTED_EDGE('',*,*,#1246,.T.);
#460=ORIENTED_EDGE('',*,*,#1334,.F.);
#461=ORIENTED_EDGE('',*,*,#1335,.F.);
#462=ORIENTED_EDGE('',*,*,#1336,.T.);
#463=ORIENTED_EDGE('',*,*,#1337,.F.);
#464=ORIENTED_EDGE('',*,*,#1338,.T.);
#465=ORIENTED_EDGE('',*,*,#1243,.T.);
#466=ORIENTED_EDGE('',*,*,#1339,.F.);
#467=ORIENTED_EDGE('',*,*,#1340,.F.);
#468=ORIENTED_EDGE('',*,*,#1341,.T.);
#469=ORIENTED_EDGE('',*,*,#1342,.F.);
#470=ORIENTED_EDGE('',*,*,#1343,.T.);
#471=ORIENTED_EDGE('',*,*,#1322,.T.);
#472=ORIENTED_EDGE('',*,*,#1344,.F.);
#473=ORIENTED_EDGE('',*,*,#1345,.F.);
#474=ORIENTED_EDGE('',*,*,#1346,.T.);
#475=ORIENTED_EDGE('',*,*,#1347,.F.);
#476=ORIENTED_EDGE('',*,*,#1348,.T.);
#477=ORIENTED_EDGE('',*,*,#1319,.T.);
#478=ORIENTED_EDGE('',*,*,#1349,.F.);
#479=ORIENTED_EDGE('',*,*,#1350,.F.);
#480=ORIENTED_EDGE('',*,*,#1351,.T.);
#481=ORIENTED_EDGE('',*,*,#1352,.F.);
#482=ORIENTED_EDGE('',*,*,#1353,.T.);
#483=ORIENTED_EDGE('',*,*,#1315,.T.);
#484=ORIENTED_EDGE('',*,*,#1354,.F.);
#485=ORIENTED_EDGE('',*,*,#1355,.F.);
#486=ORIENTED_EDGE('',*,*,#1356,.T.);
#487=ORIENTED_EDGE('',*,*,#1357,.F.);
#488=ORIENTED_EDGE('',*,*,#1358,.T.);
#489=ORIENTED_EDGE('',*,*,#1311,.T.);
#490=ORIENTED_EDGE('',*,*,#1359,.F.);
#491=ORIENTED_EDGE('',*,*,#1360,.F.);
#492=ORIENTED_EDGE('',*,*,#1361,.T.);
#493=ORIENTED_EDGE('',*,*,#1362,.F.);
#494=ORIENTED_EDGE('',*,*,#1363,.T.);
#495=ORIENTED_EDGE('',*,*,#1303,.T.);
#496=ORIENTED_EDGE('',*,*,#1364,.F.);
#497=ORIENTED_EDGE('',*,*,#1365,.F.);
#498=ORIENTED_EDGE('',*,*,#1366,.T.);
#499=ORIENTED_EDGE('',*,*,#1367,.F.);
#500=ORIENTED_EDGE('',*,*,#1368,.T.);
#501=ORIENTED_EDGE('',*,*,#1306,.T.);
#502=ORIENTED_EDGE('',*,*,#1369,.F.);
#503=ORIENTED_EDGE('',*,*,#1370,.F.);
#504=ORIENTED_EDGE('',*,*,#1371,.T.);
#505=ORIENTED_EDGE('',*,*,#1372,.F.);
#506=ORIENTED_EDGE('',*,*,#1373,.T.);
#507=ORIENTED_EDGE('',*,*,#1299,.T.);
#508=ORIENTED_EDGE('',*,*,#1374,.F.);
#509=ORIENTED_EDGE('',*,*,#1375,.F.);
#510=ORIENTED_EDGE('',*,*,#1376,.T.);
#511=ORIENTED_EDGE('',*,*,#1377,.F.);
#512=ORIENTED_EDGE('',*,*,#1378,.T.);
#513=ORIENTED_EDGE('',*,*,#1379,.T.);
#514=ORIENTED_EDGE('',*,*,#1380,.F.);
#515=ORIENTED_EDGE('',*,*,#1381,.F.);
#516=ORIENTED_EDGE('',*,*,#1382,.T.);
#517=ORIENTED_EDGE('',*,*,#1383,.F.);
#518=ORIENTED_EDGE('',*,*,#1384,.T.);
#519=ORIENTED_EDGE('',*,*,#1283,.T.);
#520=ORIENTED_EDGE('',*,*,#1385,.F.);
#521=ORIENTED_EDGE('',*,*,#1386,.F.);
#522=ORIENTED_EDGE('',*,*,#1387,.T.);
#523=ORIENTED_EDGE('',*,*,#1388,.F.);
#524=ORIENTED_EDGE('',*,*,#1389,.T.);
#525=ORIENTED_EDGE('',*,*,#1286,.T.);
#526=ORIENTED_EDGE('',*,*,#1390,.F.);
#527=ORIENTED_EDGE('',*,*,#1391,.F.);
#528=ORIENTED_EDGE('',*,*,#1392,.T.);
#529=ORIENTED_EDGE('',*,*,#1393,.F.);
#530=ORIENTED_EDGE('',*,*,#1394,.T.);
#531=ORIENTED_EDGE('',*,*,#1294,.T.);
#532=ORIENTED_EDGE('',*,*,#1395,.F.);
#533=ORIENTED_EDGE('',*,*,#1396,.F.);
#534=ORIENTED_EDGE('',*,*,#1397,.T.);
#535=ORIENTED_EDGE('',*,*,#1398,.F.);
#536=ORIENTED_EDGE('',*,*,#1399,.T.);
#537=ORIENTED_EDGE('',*,*,#1291,.T.);
#538=ORIENTED_EDGE('',*,*,#1400,.F.);
#539=ORIENTED_EDGE('',*,*,#1401,.F.);
#540=ORIENTED_EDGE('',*,*,#1402,.T.);
#541=ORIENTED_EDGE('',*,*,#1403,.F.);
#542=ORIENTED_EDGE('',*,*,#1404,.T.);
#543=ORIENTED_EDGE('',*,*,#1279,.T.);
#544=ORIENTED_EDGE('',*,*,#1405,.F.);
#545=ORIENTED_EDGE('',*,*,#1406,.F.);
#546=ORIENTED_EDGE('',*,*,#1407,.T.);
#547=ORIENTED_EDGE('',*,*,#1408,.F.);
#548=ORIENTED_EDGE('',*,*,#1409,.T.);
#549=ORIENTED_EDGE('',*,*,#1275,.T.);
#550=ORIENTED_EDGE('',*,*,#1410,.F.);
#551=ORIENTED_EDGE('',*,*,#1411,.F.);
#552=ORIENTED_EDGE('',*,*,#1412,.T.);
#553=ORIENTED_EDGE('',*,*,#1413,.F.);
#554=ORIENTED_EDGE('',*,*,#1414,.T.);
#555=ORIENTED_EDGE('',*,*,#1271,.T.);
#556=ORIENTED_EDGE('',*,*,#1415,.F.);
#557=ORIENTED_EDGE('',*,*,#1416,.F.);
#558=ORIENTED_EDGE('',*,*,#1417,.T.);
#559=ORIENTED_EDGE('',*,*,#1418,.F.);
#560=ORIENTED_EDGE('',*,*,#1419,.T.);
#561=ORIENTED_EDGE('',*,*,#1267,.T.);
#562=ORIENTED_EDGE('',*,*,#1420,.F.);
#563=ORIENTED_EDGE('',*,*,#1421,.F.);
#564=ORIENTED_EDGE('',*,*,#1422,.T.);
#565=ORIENTED_EDGE('',*,*,#1423,.F.);
#566=ORIENTED_EDGE('',*,*,#1424,.T.);
#567=ORIENTED_EDGE('',*,*,#1259,.T.);
#568=ORIENTED_EDGE('',*,*,#1425,.F.);
#569=ORIENTED_EDGE('',*,*,#1426,.F.);
#570=ORIENTED_EDGE('',*,*,#1427,.T.);
#571=ORIENTED_EDGE('',*,*,#1428,.F.);
#572=ORIENTED_EDGE('',*,*,#1429,.T.);
#573=ORIENTED_EDGE('',*,*,#1262,.T.);
#574=ORIENTED_EDGE('',*,*,#1430,.F.);
#575=ORIENTED_EDGE('',*,*,#1431,.F.);
#576=ORIENTED_EDGE('',*,*,#1432,.T.);
#577=ORIENTED_EDGE('',*,*,#1433,.F.);
#578=ORIENTED_EDGE('',*,*,#1434,.T.);
#579=ORIENTED_EDGE('',*,*,#1255,.T.);
#580=ORIENTED_EDGE('',*,*,#1435,.F.);
#581=ORIENTED_EDGE('',*,*,#1436,.F.);
#582=ORIENTED_EDGE('',*,*,#1437,.T.);
#583=ORIENTED_EDGE('',*,*,#1438,.F.);
#584=ORIENTED_EDGE('',*,*,#1439,.T.);
#585=ORIENTED_EDGE('',*,*,#1251,.T.);
#586=ORIENTED_EDGE('',*,*,#1440,.F.);
#587=ORIENTED_EDGE('',*,*,#1441,.F.);
#588=ORIENTED_EDGE('',*,*,#1442,.T.);
#589=ORIENTED_EDGE('',*,*,#1443,.F.);
#590=ORIENTED_EDGE('',*,*,#1444,.T.);
#591=ORIENTED_EDGE('',*,*,#1235,.T.);
#592=ORIENTED_EDGE('',*,*,#1445,.F.);
#593=ORIENTED_EDGE('',*,*,#1446,.F.);
#594=ORIENTED_EDGE('',*,*,#1447,.T.);
#595=ORIENTED_EDGE('',*,*,#1379,.F.);
#596=ORIENTED_EDGE('',*,*,#1448,.T.);
#597=ORIENTED_EDGE('',*,*,#1449,.T.);
#598=ORIENTED_EDGE('',*,*,#1450,.F.);
#599=ORIENTED_EDGE('',*,*,#1451,.T.);
#600=ORIENTED_EDGE('',*,*,#1452,.F.);
#601=ORIENTED_EDGE('',*,*,#1453,.T.);
#602=ORIENTED_EDGE('',*,*,#1237,.F.);
#603=ORIENTED_EDGE('',*,*,#1454,.F.);
#604=ORIENTED_EDGE('',*,*,#1455,.F.);
#605=ORIENTED_EDGE('',*,*,#1456,.F.);
#606=ORIENTED_EDGE('',*,*,#1457,.F.);
#607=ORIENTED_EDGE('',*,*,#1458,.T.);
#608=ORIENTED_EDGE('',*,*,#1253,.F.);
#609=ORIENTED_EDGE('',*,*,#1459,.F.);
#610=ORIENTED_EDGE('',*,*,#1460,.F.);
#611=ORIENTED_EDGE('',*,*,#1461,.F.);
#612=ORIENTED_EDGE('',*,*,#1462,.F.);
#613=ORIENTED_EDGE('',*,*,#1463,.T.);
#614=ORIENTED_EDGE('',*,*,#1257,.F.);
#615=ORIENTED_EDGE('',*,*,#1464,.F.);
#616=ORIENTED_EDGE('',*,*,#1465,.F.);
#617=ORIENTED_EDGE('',*,*,#1466,.F.);
#618=ORIENTED_EDGE('',*,*,#1467,.F.);
#619=ORIENTED_EDGE('',*,*,#1468,.T.);
#620=ORIENTED_EDGE('',*,*,#1264,.F.);
#621=ORIENTED_EDGE('',*,*,#1469,.F.);
#622=ORIENTED_EDGE('',*,*,#1470,.F.);
#623=ORIENTED_EDGE('',*,*,#1471,.F.);
#624=ORIENTED_EDGE('',*,*,#1472,.F.);
#625=ORIENTED_EDGE('',*,*,#1473,.T.);
#626=ORIENTED_EDGE('',*,*,#1261,.F.);
#627=ORIENTED_EDGE('',*,*,#1474,.F.);
#628=ORIENTED_EDGE('',*,*,#1475,.F.);
#629=ORIENTED_EDGE('',*,*,#1476,.F.);
#630=ORIENTED_EDGE('',*,*,#1477,.F.);
#631=ORIENTED_EDGE('',*,*,#1478,.T.);
#632=ORIENTED_EDGE('',*,*,#1269,.F.);
#633=ORIENTED_EDGE('',*,*,#1479,.F.);
#634=ORIENTED_EDGE('',*,*,#1480,.F.);
#635=ORIENTED_EDGE('',*,*,#1481,.F.);
#636=ORIENTED_EDGE('',*,*,#1482,.F.);
#637=ORIENTED_EDGE('',*,*,#1483,.T.);
#638=ORIENTED_EDGE('',*,*,#1273,.F.);
#639=ORIENTED_EDGE('',*,*,#1484,.F.);
#640=ORIENTED_EDGE('',*,*,#1485,.F.);
#641=ORIENTED_EDGE('',*,*,#1486,.F.);
#642=ORIENTED_EDGE('',*,*,#1487,.F.);
#643=ORIENTED_EDGE('',*,*,#1488,.T.);
#644=ORIENTED_EDGE('',*,*,#1277,.F.);
#645=ORIENTED_EDGE('',*,*,#1489,.F.);
#646=ORIENTED_EDGE('',*,*,#1490,.F.);
#647=ORIENTED_EDGE('',*,*,#1491,.F.);
#648=ORIENTED_EDGE('',*,*,#1492,.F.);
#649=ORIENTED_EDGE('',*,*,#1493,.T.);
#650=ORIENTED_EDGE('',*,*,#1281,.F.);
#651=ORIENTED_EDGE('',*,*,#1494,.F.);
#652=ORIENTED_EDGE('',*,*,#1495,.F.);
#653=ORIENTED_EDGE('',*,*,#1496,.F.);
#654=ORIENTED_EDGE('',*,*,#1497,.F.);
#655=ORIENTED_EDGE('',*,*,#1498,.T.);
#656=ORIENTED_EDGE('',*,*,#1293,.F.);
#657=ORIENTED_EDGE('',*,*,#1499,.F.);
#658=ORIENTED_EDGE('',*,*,#1500,.F.);
#659=ORIENTED_EDGE('',*,*,#1501,.F.);
#660=ORIENTED_EDGE('',*,*,#1502,.F.);
#661=ORIENTED_EDGE('',*,*,#1503,.T.);
#662=ORIENTED_EDGE('',*,*,#1296,.F.);
#663=ORIENTED_EDGE('',*,*,#1504,.F.);
#664=ORIENTED_EDGE('',*,*,#1505,.F.);
#665=ORIENTED_EDGE('',*,*,#1506,.F.);
#666=ORIENTED_EDGE('',*,*,#1507,.F.);
#667=ORIENTED_EDGE('',*,*,#1508,.T.);
#668=ORIENTED_EDGE('',*,*,#1288,.F.);
#669=ORIENTED_EDGE('',*,*,#1509,.F.);
#670=ORIENTED_EDGE('',*,*,#1510,.F.);
#671=ORIENTED_EDGE('',*,*,#1511,.F.);
#672=ORIENTED_EDGE('',*,*,#1512,.F.);
#673=ORIENTED_EDGE('',*,*,#1513,.T.);
#674=ORIENTED_EDGE('',*,*,#1285,.F.);
#675=ORIENTED_EDGE('',*,*,#1514,.F.);
#676=ORIENTED_EDGE('',*,*,#1515,.F.);
#677=ORIENTED_EDGE('',*,*,#1516,.F.);
#678=ORIENTED_EDGE('',*,*,#1517,.F.);
#679=ORIENTED_EDGE('',*,*,#1518,.T.);
#680=ORIENTED_EDGE('',*,*,#1449,.F.);
#681=ORIENTED_EDGE('',*,*,#1519,.F.);
#682=ORIENTED_EDGE('',*,*,#1520,.F.);
#683=ORIENTED_EDGE('',*,*,#1521,.F.);
#684=ORIENTED_EDGE('',*,*,#1522,.F.);
#685=ORIENTED_EDGE('',*,*,#1523,.T.);
#686=ORIENTED_EDGE('',*,*,#1301,.F.);
#687=ORIENTED_EDGE('',*,*,#1524,.F.);
#688=ORIENTED_EDGE('',*,*,#1525,.F.);
#689=ORIENTED_EDGE('',*,*,#1526,.F.);
#690=ORIENTED_EDGE('',*,*,#1527,.F.);
#691=ORIENTED_EDGE('',*,*,#1528,.T.);
#692=ORIENTED_EDGE('',*,*,#1308,.F.);
#693=ORIENTED_EDGE('',*,*,#1529,.F.);
#694=ORIENTED_EDGE('',*,*,#1530,.F.);
#695=ORIENTED_EDGE('',*,*,#1531,.F.);
#696=ORIENTED_EDGE('',*,*,#1532,.F.);
#697=ORIENTED_EDGE('',*,*,#1533,.T.);
#698=ORIENTED_EDGE('',*,*,#1305,.F.);
#699=ORIENTED_EDGE('',*,*,#1534,.F.);
#700=ORIENTED_EDGE('',*,*,#1535,.F.);
#701=ORIENTED_EDGE('',*,*,#1536,.F.);
#702=ORIENTED_EDGE('',*,*,#1537,.F.);
#703=ORIENTED_EDGE('',*,*,#1538,.T.);
#704=ORIENTED_EDGE('',*,*,#1313,.F.);
#705=ORIENTED_EDGE('',*,*,#1539,.F.);
#706=ORIENTED_EDGE('',*,*,#1540,.F.);
#707=ORIENTED_EDGE('',*,*,#1541,.F.);
#708=ORIENTED_EDGE('',*,*,#1542,.F.);
#709=ORIENTED_EDGE('',*,*,#1543,.T.);
#710=ORIENTED_EDGE('',*,*,#1317,.F.);
#711=ORIENTED_EDGE('',*,*,#1544,.F.);
#712=ORIENTED_EDGE('',*,*,#1545,.F.);
#713=ORIENTED_EDGE('',*,*,#1546,.F.);
#714=ORIENTED_EDGE('',*,*,#1547,.F.);
#715=ORIENTED_EDGE('',*,*,#1548,.T.);
#716=ORIENTED_EDGE('',*,*,#1321,.F.);
#717=ORIENTED_EDGE('',*,*,#1549,.F.);
#718=ORIENTED_EDGE('',*,*,#1550,.F.);
#719=ORIENTED_EDGE('',*,*,#1551,.F.);
#720=ORIENTED_EDGE('',*,*,#1552,.F.);
#721=ORIENTED_EDGE('',*,*,#1553,.T.);
#722=ORIENTED_EDGE('',*,*,#1324,.F.);
#723=ORIENTED_EDGE('',*,*,#1554,.F.);
#724=ORIENTED_EDGE('',*,*,#1555,.F.);
#725=ORIENTED_EDGE('',*,*,#1556,.F.);
#726=ORIENTED_EDGE('',*,*,#1557,.F.);
#727=ORIENTED_EDGE('',*,*,#1558,.T.);
#728=ORIENTED_EDGE('',*,*,#1245,.F.);
#729=ORIENTED_EDGE('',*,*,#1559,.F.);
#730=ORIENTED_EDGE('',*,*,#1560,.F.);
#731=ORIENTED_EDGE('',*,*,#1561,.F.);
#732=ORIENTED_EDGE('',*,*,#1562,.F.);
#733=ORIENTED_EDGE('',*,*,#1563,.T.);
#734=ORIENTED_EDGE('',*,*,#1248,.F.);
#735=ORIENTED_EDGE('',*,*,#1564,.F.);
#736=ORIENTED_EDGE('',*,*,#1565,.F.);
#737=ORIENTED_EDGE('',*,*,#1566,.F.);
#738=ORIENTED_EDGE('',*,*,#1567,.F.);
#739=ORIENTED_EDGE('',*,*,#1568,.T.);
#740=ORIENTED_EDGE('',*,*,#1240,.F.);
#741=ORIENTED_EDGE('',*,*,#1569,.F.);
#742=ORIENTED_EDGE('',*,*,#1570,.F.);
#743=ORIENTED_EDGE('',*,*,#1571,.F.);
#744=ORIENTED_EDGE('',*,*,#1380,.T.);
#745=ORIENTED_EDGE('',*,*,#1450,.T.);
#746=ORIENTED_EDGE('',*,*,#1518,.F.);
#747=ORIENTED_EDGE('',*,*,#1572,.F.);
#748=ORIENTED_EDGE('',*,*,#1514,.T.);
#749=ORIENTED_EDGE('',*,*,#1284,.F.);
#750=ORIENTED_EDGE('',*,*,#1384,.F.);
#751=ORIENTED_EDGE('',*,*,#1573,.F.);
#752=ORIENTED_EDGE('',*,*,#1516,.T.);
#753=ORIENTED_EDGE('',*,*,#1574,.F.);
#754=ORIENTED_EDGE('',*,*,#1382,.F.);
#755=ORIENTED_EDGE('',*,*,#1575,.F.);
#756=ORIENTED_EDGE('',*,*,#1381,.T.);
#757=ORIENTED_EDGE('',*,*,#1572,.T.);
#758=ORIENTED_EDGE('',*,*,#1517,.T.);
#759=ORIENTED_EDGE('',*,*,#1575,.T.);
#760=ORIENTED_EDGE('',*,*,#1383,.T.);
#761=ORIENTED_EDGE('',*,*,#1574,.T.);
#762=ORIENTED_EDGE('',*,*,#1515,.T.);
#763=ORIENTED_EDGE('',*,*,#1573,.T.);
#764=ORIENTED_EDGE('',*,*,#1344,.T.);
#765=ORIENTED_EDGE('',*,*,#1325,.T.);
#766=ORIENTED_EDGE('',*,*,#1553,.F.);
#767=ORIENTED_EDGE('',*,*,#1576,.F.);
#768=ORIENTED_EDGE('',*,*,#1549,.T.);
#769=ORIENTED_EDGE('',*,*,#1320,.F.);
#770=ORIENTED_EDGE('',*,*,#1348,.F.);
#771=ORIENTED_EDGE('',*,*,#1577,.F.);
#772=ORIENTED_EDGE('',*,*,#1551,.T.);
#773=ORIENTED_EDGE('',*,*,#1578,.F.);
#774=ORIENTED_EDGE('',*,*,#1346,.F.);
#775=ORIENTED_EDGE('',*,*,#1579,.F.);
#776=ORIENTED_EDGE('',*,*,#1345,.T.);
#777=ORIENTED_EDGE('',*,*,#1576,.T.);
#778=ORIENTED_EDGE('',*,*,#1552,.T.);
#779=ORIENTED_EDGE('',*,*,#1579,.T.);
#780=ORIENTED_EDGE('',*,*,#1347,.T.);
#781=ORIENTED_EDGE('',*,*,#1578,.T.);
#782=ORIENTED_EDGE('',*,*,#1550,.T.);
#783=ORIENTED_EDGE('',*,*,#1577,.T.);
#784=ORIENTED_EDGE('',*,*,#1349,.T.);
#785=ORIENTED_EDGE('',*,*,#1318,.T.);
#786=ORIENTED_EDGE('',*,*,#1548,.F.);
#787=ORIENTED_EDGE('',*,*,#1580,.F.);
#788=ORIENTED_EDGE('',*,*,#1544,.T.);
#789=ORIENTED_EDGE('',*,*,#1316,.F.);
#790=ORIENTED_EDGE('',*,*,#1353,.F.);
#791=ORIENTED_EDGE('',*,*,#1581,.F.);
#792=ORIENTED_EDGE('',*,*,#1546,.T.);
#793=ORIENTED_EDGE('',*,*,#1582,.F.);
#794=ORIENTED_EDGE('',*,*,#1351,.F.);
#795=ORIENTED_EDGE('',*,*,#1583,.F.);
#796=ORIENTED_EDGE('',*,*,#1350,.T.);
#797=ORIENTED_EDGE('',*,*,#1580,.T.);
#798=ORIENTED_EDGE('',*,*,#1547,.T.);
#799=ORIENTED_EDGE('',*,*,#1583,.T.);
#800=ORIENTED_EDGE('',*,*,#1352,.T.);
#801=ORIENTED_EDGE('',*,*,#1582,.T.);
#802=ORIENTED_EDGE('',*,*,#1545,.T.);
#803=ORIENTED_EDGE('',*,*,#1581,.T.);
#804=ORIENTED_EDGE('',*,*,#1354,.T.);
#805=ORIENTED_EDGE('',*,*,#1314,.T.);
#806=ORIENTED_EDGE('',*,*,#1543,.F.);
#807=ORIENTED_EDGE('',*,*,#1584,.F.);
#808=ORIENTED_EDGE('',*,*,#1539,.T.);
#809=ORIENTED_EDGE('',*,*,#1312,.F.);
#810=ORIENTED_EDGE('',*,*,#1358,.F.);
#811=ORIENTED_EDGE('',*,*,#1585,.F.);
#812=ORIENTED_EDGE('',*,*,#1541,.T.);
#813=ORIENTED_EDGE('',*,*,#1586,.F.);
#814=ORIENTED_EDGE('',*,*,#1356,.F.);
#815=ORIENTED_EDGE('',*,*,#1587,.F.);
#816=ORIENTED_EDGE('',*,*,#1355,.T.);
#817=ORIENTED_EDGE('',*,*,#1584,.T.);
#818=ORIENTED_EDGE('',*,*,#1542,.T.);
#819=ORIENTED_EDGE('',*,*,#1587,.T.);
#820=ORIENTED_EDGE('',*,*,#1357,.T.);
#821=ORIENTED_EDGE('',*,*,#1586,.T.);
#822=ORIENTED_EDGE('',*,*,#1540,.T.);
#823=ORIENTED_EDGE('',*,*,#1585,.T.);
#824=ORIENTED_EDGE('',*,*,#1359,.T.);
#825=ORIENTED_EDGE('',*,*,#1310,.T.);
#826=ORIENTED_EDGE('',*,*,#1538,.F.);
#827=ORIENTED_EDGE('',*,*,#1588,.F.);
#828=ORIENTED_EDGE('',*,*,#1534,.T.);
#829=ORIENTED_EDGE('',*,*,#1304,.F.);
#830=ORIENTED_EDGE('',*,*,#1363,.F.);
#831=ORIENTED_EDGE('',*,*,#1589,.F.);
#832=ORIENTED_EDGE('',*,*,#1536,.T.);
#833=ORIENTED_EDGE('',*,*,#1590,.F.);
#834=ORIENTED_EDGE('',*,*,#1361,.F.);
#835=ORIENTED_EDGE('',*,*,#1591,.F.);
#836=ORIENTED_EDGE('',*,*,#1360,.T.);
#837=ORIENTED_EDGE('',*,*,#1588,.T.);
#838=ORIENTED_EDGE('',*,*,#1537,.T.);
#839=ORIENTED_EDGE('',*,*,#1591,.T.);
#840=ORIENTED_EDGE('',*,*,#1362,.T.);
#841=ORIENTED_EDGE('',*,*,#1590,.T.);
#842=ORIENTED_EDGE('',*,*,#1535,.T.);
#843=ORIENTED_EDGE('',*,*,#1589,.T.);
#844=ORIENTED_EDGE('',*,*,#1369,.T.);
#845=ORIENTED_EDGE('',*,*,#1309,.T.);
#846=ORIENTED_EDGE('',*,*,#1528,.F.);
#847=ORIENTED_EDGE('',*,*,#1592,.F.);
#848=ORIENTED_EDGE('',*,*,#1524,.T.);
#849=ORIENTED_EDGE('',*,*,#1300,.F.);
#850=ORIENTED_EDGE('',*,*,#1373,.F.);
#851=ORIENTED_EDGE('',*,*,#1593,.F.);
#852=ORIENTED_EDGE('',*,*,#1526,.T.);
#853=ORIENTED_EDGE('',*,*,#1594,.F.);
#854=ORIENTED_EDGE('',*,*,#1371,.F.);
#855=ORIENTED_EDGE('',*,*,#1595,.F.);
#856=ORIENTED_EDGE('',*,*,#1370,.T.);
#857=ORIENTED_EDGE('',*,*,#1592,.T.);
#858=ORIENTED_EDGE('',*,*,#1527,.T.);
#859=ORIENTED_EDGE('',*,*,#1595,.T.);
#860=ORIENTED_EDGE('',*,*,#1372,.T.);
#861=ORIENTED_EDGE('',*,*,#1594,.T.);
#862=ORIENTED_EDGE('',*,*,#1525,.T.);
#863=ORIENTED_EDGE('',*,*,#1593,.T.);
#864=ORIENTED_EDGE('',*,*,#1364,.T.);
#865=ORIENTED_EDGE('',*,*,#1302,.T.);
#866=ORIENTED_EDGE('',*,*,#1533,.F.);
#867=ORIENTED_EDGE('',*,*,#1596,.F.);
#868=ORIENTED_EDGE('',*,*,#1529,.T.);
#869=ORIENTED_EDGE('',*,*,#1307,.F.);
#870=ORIENTED_EDGE('',*,*,#1368,.F.);
#871=ORIENTED_EDGE('',*,*,#1597,.F.);
#872=ORIENTED_EDGE('',*,*,#1531,.T.);
#873=ORIENTED_EDGE('',*,*,#1598,.F.);
#874=ORIENTED_EDGE('',*,*,#1366,.F.);
#875=ORIENTED_EDGE('',*,*,#1599,.F.);
#876=ORIENTED_EDGE('',*,*,#1365,.T.);
#877=ORIENTED_EDGE('',*,*,#1596,.T.);
#878=ORIENTED_EDGE('',*,*,#1532,.T.);
#879=ORIENTED_EDGE('',*,*,#1599,.T.);
#880=ORIENTED_EDGE('',*,*,#1367,.T.);
#881=ORIENTED_EDGE('',*,*,#1598,.T.);
#882=ORIENTED_EDGE('',*,*,#1530,.T.);
#883=ORIENTED_EDGE('',*,*,#1597,.T.);
#884=ORIENTED_EDGE('',*,*,#1374,.T.);
#885=ORIENTED_EDGE('',*,*,#1298,.T.);
#886=ORIENTED_EDGE('',*,*,#1523,.F.);
#887=ORIENTED_EDGE('',*,*,#1600,.F.);
#888=ORIENTED_EDGE('',*,*,#1519,.T.);
#889=ORIENTED_EDGE('',*,*,#1448,.F.);
#890=ORIENTED_EDGE('',*,*,#1378,.F.);
#891=ORIENTED_EDGE('',*,*,#1601,.F.);
#892=ORIENTED_EDGE('',*,*,#1521,.T.);
#893=ORIENTED_EDGE('',*,*,#1602,.F.);
#894=ORIENTED_EDGE('',*,*,#1376,.F.);
#895=ORIENTED_EDGE('',*,*,#1603,.F.);
#896=ORIENTED_EDGE('',*,*,#1375,.T.);
#897=ORIENTED_EDGE('',*,*,#1600,.T.);
#898=ORIENTED_EDGE('',*,*,#1522,.T.);
#899=ORIENTED_EDGE('',*,*,#1603,.T.);
#900=ORIENTED_EDGE('',*,*,#1377,.T.);
#901=ORIENTED_EDGE('',*,*,#1602,.T.);
#902=ORIENTED_EDGE('',*,*,#1520,.T.);
#903=ORIENTED_EDGE('',*,*,#1601,.T.);
#904=ORIENTED_EDGE('',*,*,#1395,.T.);
#905=ORIENTED_EDGE('',*,*,#1297,.T.);
#906=ORIENTED_EDGE('',*,*,#1503,.F.);
#907=ORIENTED_EDGE('',*,*,#1604,.F.);
#908=ORIENTED_EDGE('',*,*,#1499,.T.);
#909=ORIENTED_EDGE('',*,*,#1292,.F.);
#910=ORIENTED_EDGE('',*,*,#1399,.F.);
#911=ORIENTED_EDGE('',*,*,#1605,.F.);
#912=ORIENTED_EDGE('',*,*,#1501,.T.);
#913=ORIENTED_EDGE('',*,*,#1606,.F.);
#914=ORIENTED_EDGE('',*,*,#1397,.F.);
#915=ORIENTED_EDGE('',*,*,#1607,.F.);
#916=ORIENTED_EDGE('',*,*,#1396,.T.);
#917=ORIENTED_EDGE('',*,*,#1604,.T.);
#918=ORIENTED_EDGE('',*,*,#1502,.T.);
#919=ORIENTED_EDGE('',*,*,#1607,.T.);
#920=ORIENTED_EDGE('',*,*,#1398,.T.);
#921=ORIENTED_EDGE('',*,*,#1606,.T.);
#922=ORIENTED_EDGE('',*,*,#1500,.T.);
#923=ORIENTED_EDGE('',*,*,#1605,.T.);
#924=ORIENTED_EDGE('',*,*,#1400,.T.);
#925=ORIENTED_EDGE('',*,*,#1290,.T.);
#926=ORIENTED_EDGE('',*,*,#1498,.F.);
#927=ORIENTED_EDGE('',*,*,#1608,.F.);
#928=ORIENTED_EDGE('',*,*,#1494,.T.);
#929=ORIENTED_EDGE('',*,*,#1280,.F.);
#930=ORIENTED_EDGE('',*,*,#1404,.F.);
#931=ORIENTED_EDGE('',*,*,#1609,.F.);
#932=ORIENTED_EDGE('',*,*,#1496,.T.);
#933=ORIENTED_EDGE('',*,*,#1610,.F.);
#934=ORIENTED_EDGE('',*,*,#1402,.F.);
#935=ORIENTED_EDGE('',*,*,#1611,.F.);
#936=ORIENTED_EDGE('',*,*,#1401,.T.);
#937=ORIENTED_EDGE('',*,*,#1608,.T.);
#938=ORIENTED_EDGE('',*,*,#1497,.T.);
#939=ORIENTED_EDGE('',*,*,#1611,.T.);
#940=ORIENTED_EDGE('',*,*,#1403,.T.);
#941=ORIENTED_EDGE('',*,*,#1610,.T.);
#942=ORIENTED_EDGE('',*,*,#1495,.T.);
#943=ORIENTED_EDGE('',*,*,#1609,.T.);
#944=ORIENTED_EDGE('',*,*,#1390,.T.);
#945=ORIENTED_EDGE('',*,*,#1289,.T.);
#946=ORIENTED_EDGE('',*,*,#1508,.F.);
#947=ORIENTED_EDGE('',*,*,#1612,.F.);
#948=ORIENTED_EDGE('',*,*,#1504,.T.);
#949=ORIENTED_EDGE('',*,*,#1295,.F.);
#950=ORIENTED_EDGE('',*,*,#1394,.F.);
#951=ORIENTED_EDGE('',*,*,#1613,.F.);
#952=ORIENTED_EDGE('',*,*,#1506,.T.);
#953=ORIENTED_EDGE('',*,*,#1614,.F.);
#954=ORIENTED_EDGE('',*,*,#1392,.F.);
#955=ORIENTED_EDGE('',*,*,#1615,.F.);
#956=ORIENTED_EDGE('',*,*,#1391,.T.);
#957=ORIENTED_EDGE('',*,*,#1612,.T.);
#958=ORIENTED_EDGE('',*,*,#1507,.T.);
#959=ORIENTED_EDGE('',*,*,#1615,.T.);
#960=ORIENTED_EDGE('',*,*,#1393,.T.);
#961=ORIENTED_EDGE('',*,*,#1614,.T.);
#962=ORIENTED_EDGE('',*,*,#1505,.T.);
#963=ORIENTED_EDGE('',*,*,#1613,.T.);
#964=ORIENTED_EDGE('',*,*,#1385,.T.);
#965=ORIENTED_EDGE('',*,*,#1282,.T.);
#966=ORIENTED_EDGE('',*,*,#1513,.F.);
#967=ORIENTED_EDGE('',*,*,#1616,.F.);
#968=ORIENTED_EDGE('',*,*,#1509,.T.);
#969=ORIENTED_EDGE('',*,*,#1287,.F.);
#970=ORIENTED_EDGE('',*,*,#1389,.F.);
#971=ORIENTED_EDGE('',*,*,#1617,.F.);
#972=ORIENTED_EDGE('',*,*,#1511,.T.);
#973=ORIENTED_EDGE('',*,*,#1618,.F.);
#974=ORIENTED_EDGE('',*,*,#1387,.F.);
#975=ORIENTED_EDGE('',*,*,#1619,.F.);
#976=ORIENTED_EDGE('',*,*,#1386,.T.);
#977=ORIENTED_EDGE('',*,*,#1616,.T.);
#978=ORIENTED_EDGE('',*,*,#1512,.T.);
#979=ORIENTED_EDGE('',*,*,#1619,.T.);
#980=ORIENTED_EDGE('',*,*,#1388,.T.);
#981=ORIENTED_EDGE('',*,*,#1618,.T.);
#982=ORIENTED_EDGE('',*,*,#1510,.T.);
#983=ORIENTED_EDGE('',*,*,#1617,.T.);
#984=ORIENTED_EDGE('',*,*,#1405,.T.);
#985=ORIENTED_EDGE('',*,*,#1278,.T.);
#986=ORIENTED_EDGE('',*,*,#1493,.F.);
#987=ORIENTED_EDGE('',*,*,#1620,.F.);
#988=ORIENTED_EDGE('',*,*,#1489,.T.);
#989=ORIENTED_EDGE('',*,*,#1276,.F.);
#990=ORIENTED_EDGE('',*,*,#1409,.F.);
#991=ORIENTED_EDGE('',*,*,#1621,.F.);
#992=ORIENTED_EDGE('',*,*,#1491,.T.);
#993=ORIENTED_EDGE('',*,*,#1622,.F.);
#994=ORIENTED_EDGE('',*,*,#1407,.F.);
#995=ORIENTED_EDGE('',*,*,#1623,.F.);
#996=ORIENTED_EDGE('',*,*,#1406,.T.);
#997=ORIENTED_EDGE('',*,*,#1620,.T.);
#998=ORIENTED_EDGE('',*,*,#1492,.T.);
#999=ORIENTED_EDGE('',*,*,#1623,.T.);
#1000=ORIENTED_EDGE('',*,*,#1408,.T.);
#1001=ORIENTED_EDGE('',*,*,#1622,.T.);
#1002=ORIENTED_EDGE('',*,*,#1490,.T.);
#1003=ORIENTED_EDGE('',*,*,#1621,.T.);
#1004=ORIENTED_EDGE('',*,*,#1410,.T.);
#1005=ORIENTED_EDGE('',*,*,#1274,.T.);
#1006=ORIENTED_EDGE('',*,*,#1488,.F.);
#1007=ORIENTED_EDGE('',*,*,#1624,.F.);
#1008=ORIENTED_EDGE('',*,*,#1484,.T.);
#1009=ORIENTED_EDGE('',*,*,#1272,.F.);
#1010=ORIENTED_EDGE('',*,*,#1414,.F.);
#1011=ORIENTED_EDGE('',*,*,#1625,.F.);
#1012=ORIENTED_EDGE('',*,*,#1486,.T.);
#1013=ORIENTED_EDGE('',*,*,#1626,.F.);
#1014=ORIENTED_EDGE('',*,*,#1412,.F.);
#1015=ORIENTED_EDGE('',*,*,#1627,.F.);
#1016=ORIENTED_EDGE('',*,*,#1411,.T.);
#1017=ORIENTED_EDGE('',*,*,#1624,.T.);
#1018=ORIENTED_EDGE('',*,*,#1487,.T.);
#1019=ORIENTED_EDGE('',*,*,#1627,.T.);
#1020=ORIENTED_EDGE('',*,*,#1413,.T.);
#1021=ORIENTED_EDGE('',*,*,#1626,.T.);
#1022=ORIENTED_EDGE('',*,*,#1485,.T.);
#1023=ORIENTED_EDGE('',*,*,#1625,.T.);
#1024=ORIENTED_EDGE('',*,*,#1415,.T.);
#1025=ORIENTED_EDGE('',*,*,#1270,.T.);
#1026=ORIENTED_EDGE('',*,*,#1483,.F.);
#1027=ORIENTED_EDGE('',*,*,#1628,.F.);
#1028=ORIENTED_EDGE('',*,*,#1479,.T.);
#1029=ORIENTED_EDGE('',*,*,#1268,.F.);
#1030=ORIENTED_EDGE('',*,*,#1419,.F.);
#1031=ORIENTED_EDGE('',*,*,#1629,.F.);
#1032=ORIENTED_EDGE('',*,*,#1481,.T.);
#1033=ORIENTED_EDGE('',*,*,#1630,.F.);
#1034=ORIENTED_EDGE('',*,*,#1417,.F.);
#1035=ORIENTED_EDGE('',*,*,#1631,.F.);
#1036=ORIENTED_EDGE('',*,*,#1416,.T.);
#1037=ORIENTED_EDGE('',*,*,#1628,.T.);
#1038=ORIENTED_EDGE('',*,*,#1482,.T.);
#1039=ORIENTED_EDGE('',*,*,#1631,.T.);
#1040=ORIENTED_EDGE('',*,*,#1418,.T.);
#1041=ORIENTED_EDGE('',*,*,#1630,.T.);
#1042=ORIENTED_EDGE('',*,*,#1480,.T.);
#1043=ORIENTED_EDGE('',*,*,#1629,.T.);
#1044=ORIENTED_EDGE('',*,*,#1420,.T.);
#1045=ORIENTED_EDGE('',*,*,#1266,.T.);
#1046=ORIENTED_EDGE('',*,*,#1478,.F.);
#1047=ORIENTED_EDGE('',*,*,#1632,.F.);
#1048=ORIENTED_EDGE('',*,*,#1474,.T.);
#1049=ORIENTED_EDGE('',*,*,#1260,.F.);
#1050=ORIENTED_EDGE('',*,*,#1424,.F.);
#1051=ORIENTED_EDGE('',*,*,#1633,.F.);
#1052=ORIENTED_EDGE('',*,*,#1476,.T.);
#1053=ORIENTED_EDGE('',*,*,#1634,.F.);
#1054=ORIENTED_EDGE('',*,*,#1422,.F.);
#1055=ORIENTED_EDGE('',*,*,#1635,.F.);
#1056=ORIENTED_EDGE('',*,*,#1421,.T.);
#1057=ORIENTED_EDGE('',*,*,#1632,.T.);
#1058=ORIENTED_EDGE('',*,*,#1477,.T.);
#1059=ORIENTED_EDGE('',*,*,#1635,.T.);
#1060=ORIENTED_EDGE('',*,*,#1423,.T.);
#1061=ORIENTED_EDGE('',*,*,#1634,.T.);
#1062=ORIENTED_EDGE('',*,*,#1475,.T.);
#1063=ORIENTED_EDGE('',*,*,#1633,.T.);
#1064=ORIENTED_EDGE('',*,*,#1430,.T.);
#1065=ORIENTED_EDGE('',*,*,#1265,.T.);
#1066=ORIENTED_EDGE('',*,*,#1468,.F.);
#1067=ORIENTED_EDGE('',*,*,#1636,.F.);
#1068=ORIENTED_EDGE('',*,*,#1464,.T.);
#1069=ORIENTED_EDGE('',*,*,#1256,.F.);
#1070=ORIENTED_EDGE('',*,*,#1434,.F.);
#1071=ORIENTED_EDGE('',*,*,#1637,.F.);
#1072=ORIENTED_EDGE('',*,*,#1466,.T.);
#1073=ORIENTED_EDGE('',*,*,#1638,.F.);
#1074=ORIENTED_EDGE('',*,*,#1432,.F.);
#1075=ORIENTED_EDGE('',*,*,#1639,.F.);
#1076=ORIENTED_EDGE('',*,*,#1431,.T.);
#1077=ORIENTED_EDGE('',*,*,#1636,.T.);
#1078=ORIENTED_EDGE('',*,*,#1467,.T.);
#1079=ORIENTED_EDGE('',*,*,#1639,.T.);
#1080=ORIENTED_EDGE('',*,*,#1433,.T.);
#1081=ORIENTED_EDGE('',*,*,#1638,.T.);
#1082=ORIENTED_EDGE('',*,*,#1465,.T.);
#1083=ORIENTED_EDGE('',*,*,#1637,.T.);
#1084=ORIENTED_EDGE('',*,*,#1425,.T.);
#1085=ORIENTED_EDGE('',*,*,#1258,.T.);
#1086=ORIENTED_EDGE('',*,*,#1473,.F.);
#1087=ORIENTED_EDGE('',*,*,#1640,.F.);
#1088=ORIENTED_EDGE('',*,*,#1469,.T.);
#1089=ORIENTED_EDGE('',*,*,#1263,.F.);
#1090=ORIENTED_EDGE('',*,*,#1429,.F.);
#1091=ORIENTED_EDGE('',*,*,#1641,.F.);
#1092=ORIENTED_EDGE('',*,*,#1471,.T.);
#1093=ORIENTED_EDGE('',*,*,#1642,.F.);
#1094=ORIENTED_EDGE('',*,*,#1427,.F.);
#1095=ORIENTED_EDGE('',*,*,#1643,.F.);
#1096=ORIENTED_EDGE('',*,*,#1426,.T.);
#1097=ORIENTED_EDGE('',*,*,#1640,.T.);
#1098=ORIENTED_EDGE('',*,*,#1472,.T.);
#1099=ORIENTED_EDGE('',*,*,#1643,.T.);
#1100=ORIENTED_EDGE('',*,*,#1428,.T.);
#1101=ORIENTED_EDGE('',*,*,#1642,.T.);
#1102=ORIENTED_EDGE('',*,*,#1470,.T.);
#1103=ORIENTED_EDGE('',*,*,#1641,.T.);
#1104=ORIENTED_EDGE('',*,*,#1435,.T.);
#1105=ORIENTED_EDGE('',*,*,#1254,.T.);
#1106=ORIENTED_EDGE('',*,*,#1463,.F.);
#1107=ORIENTED_EDGE('',*,*,#1644,.F.);
#1108=ORIENTED_EDGE('',*,*,#1459,.T.);
#1109=ORIENTED_EDGE('',*,*,#1252,.F.);
#1110=ORIENTED_EDGE('',*,*,#1439,.F.);
#1111=ORIENTED_EDGE('',*,*,#1645,.F.);
#1112=ORIENTED_EDGE('',*,*,#1461,.T.);
#1113=ORIENTED_EDGE('',*,*,#1646,.F.);
#1114=ORIENTED_EDGE('',*,*,#1437,.F.);
#1115=ORIENTED_EDGE('',*,*,#1647,.F.);
#1116=ORIENTED_EDGE('',*,*,#1436,.T.);
#1117=ORIENTED_EDGE('',*,*,#1644,.T.);
#1118=ORIENTED_EDGE('',*,*,#1462,.T.);
#1119=ORIENTED_EDGE('',*,*,#1647,.T.);
#1120=ORIENTED_EDGE('',*,*,#1438,.T.);
#1121=ORIENTED_EDGE('',*,*,#1646,.T.);
#1122=ORIENTED_EDGE('',*,*,#1460,.T.);
#1123=ORIENTED_EDGE('',*,*,#1645,.T.);
#1124=ORIENTED_EDGE('',*,*,#1440,.T.);
#1125=ORIENTED_EDGE('',*,*,#1250,.T.);
#1126=ORIENTED_EDGE('',*,*,#1458,.F.);
#1127=ORIENTED_EDGE('',*,*,#1648,.F.);
#1128=ORIENTED_EDGE('',*,*,#1454,.T.);
#1129=ORIENTED_EDGE('',*,*,#1236,.F.);
#1130=ORIENTED_EDGE('',*,*,#1444,.F.);
#1131=ORIENTED_EDGE('',*,*,#1649,.F.);
#1132=ORIENTED_EDGE('',*,*,#1456,.T.);
#1133=ORIENTED_EDGE('',*,*,#1650,.F.);
#1134=ORIENTED_EDGE('',*,*,#1442,.F.);
#1135=ORIENTED_EDGE('',*,*,#1651,.F.);
#1136=ORIENTED_EDGE('',*,*,#1441,.T.);
#1137=ORIENTED_EDGE('',*,*,#1648,.T.);
#1138=ORIENTED_EDGE('',*,*,#1457,.T.);
#1139=ORIENTED_EDGE('',*,*,#1651,.T.);
#1140=ORIENTED_EDGE('',*,*,#1443,.T.);
#1141=ORIENTED_EDGE('',*,*,#1650,.T.);
#1142=ORIENTED_EDGE('',*,*,#1455,.T.);
#1143=ORIENTED_EDGE('',*,*,#1649,.T.);
#1144=ORIENTED_EDGE('',*,*,#1334,.T.);
#1145=ORIENTED_EDGE('',*,*,#1249,.T.);
#1146=ORIENTED_EDGE('',*,*,#1563,.F.);
#1147=ORIENTED_EDGE('',*,*,#1652,.F.);
#1148=ORIENTED_EDGE('',*,*,#1559,.T.);
#1149=ORIENTED_EDGE('',*,*,#1244,.F.);
#1150=ORIENTED_EDGE('',*,*,#1338,.F.);
#1151=ORIENTED_EDGE('',*,*,#1653,.F.);
#1152=ORIENTED_EDGE('',*,*,#1561,.T.);
#1153=ORIENTED_EDGE('',*,*,#1654,.F.);
#1154=ORIENTED_EDGE('',*,*,#1336,.F.);
#1155=ORIENTED_EDGE('',*,*,#1655,.F.);
#1156=ORIENTED_EDGE('',*,*,#1335,.T.);
#1157=ORIENTED_EDGE('',*,*,#1652,.T.);
#1158=ORIENTED_EDGE('',*,*,#1562,.T.);
#1159=ORIENTED_EDGE('',*,*,#1655,.T.);
#1160=ORIENTED_EDGE('',*,*,#1337,.T.);
#1161=ORIENTED_EDGE('',*,*,#1654,.T.);
#1162=ORIENTED_EDGE('',*,*,#1560,.T.);
#1163=ORIENTED_EDGE('',*,*,#1653,.T.);
#1164=ORIENTED_EDGE('',*,*,#1339,.T.);
#1165=ORIENTED_EDGE('',*,*,#1242,.T.);
#1166=ORIENTED_EDGE('',*,*,#1558,.F.);
#1167=ORIENTED_EDGE('',*,*,#1656,.F.);
#1168=ORIENTED_EDGE('',*,*,#1554,.T.);
#1169=ORIENTED_EDGE('',*,*,#1323,.F.);
#1170=ORIENTED_EDGE('',*,*,#1343,.F.);
#1171=ORIENTED_EDGE('',*,*,#1657,.F.);
#1172=ORIENTED_EDGE('',*,*,#1556,.T.);
#1173=ORIENTED_EDGE('',*,*,#1658,.F.);
#1174=ORIENTED_EDGE('',*,*,#1341,.F.);
#1175=ORIENTED_EDGE('',*,*,#1659,.F.);
#1176=ORIENTED_EDGE('',*,*,#1340,.T.);
#1177=ORIENTED_EDGE('',*,*,#1656,.T.);
#1178=ORIENTED_EDGE('',*,*,#1557,.T.);
#1179=ORIENTED_EDGE('',*,*,#1659,.T.);
#1180=ORIENTED_EDGE('',*,*,#1342,.T.);
#1181=ORIENTED_EDGE('',*,*,#1658,.T.);
#1182=ORIENTED_EDGE('',*,*,#1555,.T.);
#1183=ORIENTED_EDGE('',*,*,#1657,.T.);
#1184=ORIENTED_EDGE('',*,*,#1329,.T.);
#1185=ORIENTED_EDGE('',*,*,#1241,.T.);
#1186=ORIENTED_EDGE('',*,*,#1568,.F.);
#1187=ORIENTED_EDGE('',*,*,#1660,.F.);
#1188=ORIENTED_EDGE('',*,*,#1564,.T.);
#1189=ORIENTED_EDGE('',*,*,#1247,.F.);
#1190=ORIENTED_EDGE('',*,*,#1333,.F.);
#1191=ORIENTED_EDGE('',*,*,#1661,.F.);
#1192=ORIENTED_EDGE('',*,*,#1566,.T.);
#1193=ORIENTED_EDGE('',*,*,#1662,.F.);
#1194=ORIENTED_EDGE('',*,*,#1331,.F.);
#1195=ORIENTED_EDGE('',*,*,#1663,.F.);
#1196=ORIENTED_EDGE('',*,*,#1330,.T.);
#1197=ORIENTED_EDGE('',*,*,#1660,.T.);
#1198=ORIENTED_EDGE('',*,*,#1567,.T.);
#1199=ORIENTED_EDGE('',*,*,#1663,.T.);
#1200=ORIENTED_EDGE('',*,*,#1332,.T.);
#1201=ORIENTED_EDGE('',*,*,#1662,.T.);
#1202=ORIENTED_EDGE('',*,*,#1565,.T.);
#1203=ORIENTED_EDGE('',*,*,#1661,.T.);
#1204=ORIENTED_EDGE('',*,*,#1445,.T.);
#1205=ORIENTED_EDGE('',*,*,#1234,.T.);
#1206=ORIENTED_EDGE('',*,*,#1453,.F.);
#1207=ORIENTED_EDGE('',*,*,#1664,.F.);
#1208=ORIENTED_EDGE('',*,*,#1569,.T.);
#1209=ORIENTED_EDGE('',*,*,#1239,.F.);
#1210=ORIENTED_EDGE('',*,*,#1328,.F.);
#1211=ORIENTED_EDGE('',*,*,#1665,.F.);
#1212=ORIENTED_EDGE('',*,*,#1571,.T.);
#1213=ORIENTED_EDGE('',*,*,#1666,.F.);
#1214=ORIENTED_EDGE('',*,*,#1447,.F.);
#1215=ORIENTED_EDGE('',*,*,#1667,.F.);
#1216=ORIENTED_EDGE('',*,*,#1446,.T.);
#1217=ORIENTED_EDGE('',*,*,#1664,.T.);
#1218=ORIENTED_EDGE('',*,*,#1452,.T.);
#1219=ORIENTED_EDGE('',*,*,#1667,.T.);
#1220=ORIENTED_EDGE('',*,*,#1327,.T.);
#1221=ORIENTED_EDGE('',*,*,#1666,.T.);
#1222=ORIENTED_EDGE('',*,*,#1570,.T.);
#1223=ORIENTED_EDGE('',*,*,#1665,.T.);
#1224=ORIENTED_EDGE('',*,*,#1668,.T.);
#1225=ORIENTED_EDGE('',*,*,#1669,.F.);
#1226=ORIENTED_EDGE('',*,*,#1668,.F.);
#1227=ORIENTED_EDGE('',*,*,#1326,.T.);
#1228=ORIENTED_EDGE('',*,*,#1669,.T.);
#1229=ORIENTED_EDGE('',*,*,#1670,.F.);
#1230=ORIENTED_EDGE('',*,*,#1671,.F.);
#1231=ORIENTED_EDGE('',*,*,#1670,.T.);
#1232=ORIENTED_EDGE('',*,*,#1671,.T.);
#1233=ORIENTED_EDGE('',*,*,#1451,.F.);
#1234=EDGE_CURVE('',#1672,#1673,#1966,.T.);
#1235=EDGE_CURVE('',#1674,#1672,#160,.T.);
#1236=EDGE_CURVE('',#1674,#1675,#1967,.T.);
#1237=EDGE_CURVE('',#1675,#1673,#161,.T.);
#1238=EDGE_CURVE('',#1676,#1677,#162,.T.);
#1239=EDGE_CURVE('',#1676,#1678,#1968,.T.);
#1240=EDGE_CURVE('',#1678,#1679,#163,.T.);
#1241=EDGE_CURVE('',#1677,#1679,#1969,.T.);
#1242=EDGE_CURVE('',#1680,#1681,#1970,.T.);
#1243=EDGE_CURVE('',#1682,#1680,#164,.T.);
#1244=EDGE_CURVE('',#1682,#1683,#1971,.T.);
#1245=EDGE_CURVE('',#1683,#1681,#165,.T.);
#1246=EDGE_CURVE('',#1684,#1685,#166,.T.);
#1247=EDGE_CURVE('',#1684,#1686,#1972,.T.);
#1248=EDGE_CURVE('',#1686,#1687,#167,.T.);
#1249=EDGE_CURVE('',#1685,#1687,#1973,.T.);
#1250=EDGE_CURVE('',#1688,#1689,#1974,.T.);
#1251=EDGE_CURVE('',#1690,#1688,#168,.T.);
#1252=EDGE_CURVE('',#1690,#1691,#1975,.T.);
#1253=EDGE_CURVE('',#1691,#1689,#169,.T.);
#1254=EDGE_CURVE('',#1692,#1693,#1976,.T.);
#1255=EDGE_CURVE('',#1694,#1692,#170,.T.);
#1256=EDGE_CURVE('',#1694,#1695,#1977,.T.);
#1257=EDGE_CURVE('',#1695,#1693,#171,.T.);
#1258=EDGE_CURVE('',#1696,#1697,#1978,.T.);
#1259=EDGE_CURVE('',#1698,#1696,#172,.T.);
#1260=EDGE_CURVE('',#1698,#1699,#1979,.T.);
#1261=EDGE_CURVE('',#1699,#1697,#173,.T.);
#1262=EDGE_CURVE('',#1700,#1701,#174,.T.);
#1263=EDGE_CURVE('',#1700,#1702,#1980,.T.);
#1264=EDGE_CURVE('',#1702,#1703,#175,.T.);
#1265=EDGE_CURVE('',#1701,#1703,#1981,.T.);
#1266=EDGE_CURVE('',#1704,#1705,#1982,.T.);
#1267=EDGE_CURVE('',#1706,#1704,#176,.T.);
#1268=EDGE_CURVE('',#1706,#1707,#1983,.T.);
#1269=EDGE_CURVE('',#1707,#1705,#177,.T.);
#1270=EDGE_CURVE('',#1708,#1709,#1984,.T.);
#1271=EDGE_CURVE('',#1710,#1708,#178,.T.);
#1272=EDGE_CURVE('',#1710,#1711,#1985,.T.);
#1273=EDGE_CURVE('',#1711,#1709,#179,.T.);
#1274=EDGE_CURVE('',#1712,#1713,#1986,.T.);
#1275=EDGE_CURVE('',#1714,#1712,#180,.T.);
#1276=EDGE_CURVE('',#1714,#1715,#1987,.T.);
#1277=EDGE_CURVE('',#1715,#1713,#181,.T.);
#1278=EDGE_CURVE('',#1716,#1717,#1988,.T.);
#1279=EDGE_CURVE('',#1718,#1716,#182,.T.);
#1280=EDGE_CURVE('',#1718,#1719,#1989,.T.);
#1281=EDGE_CURVE('',#1719,#1717,#183,.T.);
#1282=EDGE_CURVE('',#1720,#1721,#1990,.T.);
#1283=EDGE_CURVE('',#1722,#1720,#184,.T.);
#1284=EDGE_CURVE('',#1722,#1723,#1991,.T.);
#1285=EDGE_CURVE('',#1723,#1721,#185,.T.);
#1286=EDGE_CURVE('',#1724,#1725,#186,.T.);
#1287=EDGE_CURVE('',#1724,#1726,#1992,.T.);
#1288=EDGE_CURVE('',#1726,#1727,#187,.T.);
#1289=EDGE_CURVE('',#1725,#1727,#1993,.T.);
#1290=EDGE_CURVE('',#1728,#1729,#1994,.T.);
#1291=EDGE_CURVE('',#1730,#1728,#188,.T.);
#1292=EDGE_CURVE('',#1730,#1731,#1995,.T.);
#1293=EDGE_CURVE('',#1731,#1729,#189,.T.);
#1294=EDGE_CURVE('',#1732,#1733,#190,.T.);
#1295=EDGE_CURVE('',#1732,#1734,#1996,.T.);
#1296=EDGE_CURVE('',#1734,#1735,#191,.T.);
#1297=EDGE_CURVE('',#1733,#1735,#1997,.T.);
#1298=EDGE_CURVE('',#1736,#1737,#1998,.T.);
#1299=EDGE_CURVE('',#1738,#1736,#192,.T.);
#1300=EDGE_CURVE('',#1738,#1739,#1999,.T.);
#1301=EDGE_CURVE('',#1739,#1737,#193,.T.);
#1302=EDGE_CURVE('',#1740,#1741,#2000,.T.);
#1303=EDGE_CURVE('',#1742,#1740,#194,.T.);
#1304=EDGE_CURVE('',#1742,#1743,#2001,.T.);
#1305=EDGE_CURVE('',#1743,#1741,#195,.T.);
#1306=EDGE_CURVE('',#1744,#1745,#196,.T.);
#1307=EDGE_CURVE('',#1744,#1746,#2002,.T.);
#1308=EDGE_CURVE('',#1746,#1747,#197,.T.);
#1309=EDGE_CURVE('',#1745,#1747,#2003,.T.);
#1310=EDGE_CURVE('',#1748,#1749,#2004,.T.);
#1311=EDGE_CURVE('',#1750,#1748,#198,.T.);
#1312=EDGE_CURVE('',#1750,#1751,#2005,.T.);
#1313=EDGE_CURVE('',#1751,#1749,#199,.T.);
#1314=EDGE_CURVE('',#1752,#1753,#2006,.T.);
#1315=EDGE_CURVE('',#1754,#1752,#200,.T.);
#1316=EDGE_CURVE('',#1754,#1755,#2007,.T.);
#1317=EDGE_CURVE('',#1755,#1753,#201,.T.);
#1318=EDGE_CURVE('',#1756,#1757,#2008,.T.);
#1319=EDGE_CURVE('',#1758,#1756,#202,.T.);
#1320=EDGE_CURVE('',#1758,#1759,#2009,.T.);
#1321=EDGE_CURVE('',#1759,#1757,#203,.T.);
#1322=EDGE_CURVE('',#1760,#1761,#204,.T.);
#1323=EDGE_CURVE('',#1760,#1762,#2010,.T.);
#1324=EDGE_CURVE('',#1762,#1763,#205,.T.);
#1325=EDGE_CURVE('',#1761,#1763,#2011,.T.);
#1326=EDGE_CURVE('',#1764,#1764,#206,.T.);
#1327=EDGE_CURVE('',#1765,#1766,#207,.T.);
#1328=EDGE_CURVE('',#1765,#1676,#60,.T.);
#1329=EDGE_CURVE('',#1767,#1677,#61,.T.);
#1330=EDGE_CURVE('',#1768,#1767,#208,.T.);
#1331=EDGE_CURVE('',#1768,#1769,#209,.T.);
#1332=EDGE_CURVE('',#1770,#1769,#210,.T.);
#1333=EDGE_CURVE('',#1770,#1684,#62,.T.);
#1334=EDGE_CURVE('',#1771,#1685,#63,.T.);
#1335=EDGE_CURVE('',#1772,#1771,#211,.T.);
#1336=EDGE_CURVE('',#1772,#1773,#212,.T.);
#1337=EDGE_CURVE('',#1774,#1773,#213,.T.);
#1338=EDGE_CURVE('',#1774,#1682,#64,.T.);
#1339=EDGE_CURVE('',#1775,#1680,#65,.T.);
#1340=EDGE_CURVE('',#1776,#1775,#214,.T.);
#1341=EDGE_CURVE('',#1776,#1777,#215,.T.);
#1342=EDGE_CURVE('',#1778,#1777,#216,.T.);
#1343=EDGE_CURVE('',#1778,#1760,#66,.T.);
#1344=EDGE_CURVE('',#1779,#1761,#67,.T.);
#1345=EDGE_CURVE('',#1780,#1779,#217,.T.);
#1346=EDGE_CURVE('',#1780,#1781,#218,.T.);
#1347=EDGE_CURVE('',#1782,#1781,#219,.T.);
#1348=EDGE_CURVE('',#1782,#1758,#68,.T.);
#1349=EDGE_CURVE('',#1783,#1756,#69,.T.);
#1350=EDGE_CURVE('',#1784,#1783,#220,.T.);
#1351=EDGE_CURVE('',#1784,#1785,#221,.T.);
#1352=EDGE_CURVE('',#1786,#1785,#222,.T.);
#1353=EDGE_CURVE('',#1786,#1754,#70,.T.);
#1354=EDGE_CURVE('',#1787,#1752,#71,.T.);
#1355=EDGE_CURVE('',#1788,#1787,#223,.T.);
#1356=EDGE_CURVE('',#1788,#1789,#224,.T.);
#1357=EDGE_CURVE('',#1790,#1789,#225,.T.);
#1358=EDGE_CURVE('',#1790,#1750,#72,.T.);
#1359=EDGE_CURVE('',#1791,#1748,#73,.T.);
#1360=EDGE_CURVE('',#1792,#1791,#226,.T.);
#1361=EDGE_CURVE('',#1792,#1793,#227,.T.);
#1362=EDGE_CURVE('',#1794,#1793,#228,.T.);
#1363=EDGE_CURVE('',#1794,#1742,#74,.T.);
#1364=EDGE_CURVE('',#1795,#1740,#75,.T.);
#1365=EDGE_CURVE('',#1796,#1795,#229,.T.);
#1366=EDGE_CURVE('',#1796,#1797,#230,.T.);
#1367=EDGE_CURVE('',#1798,#1797,#231,.T.);
#1368=EDGE_CURVE('',#1798,#1744,#76,.T.);
#1369=EDGE_CURVE('',#1799,#1745,#77,.T.);
#1370=EDGE_CURVE('',#1800,#1799,#232,.T.);
#1371=EDGE_CURVE('',#1800,#1801,#233,.T.);
#1372=EDGE_CURVE('',#1802,#1801,#234,.T.);
#1373=EDGE_CURVE('',#1802,#1738,#78,.T.);
#1374=EDGE_CURVE('',#1803,#1736,#79,.T.);
#1375=EDGE_CURVE('',#1804,#1803,#235,.T.);
#1376=EDGE_CURVE('',#1804,#1805,#236,.T.);
#1377=EDGE_CURVE('',#1806,#1805,#237,.T.);
#1378=EDGE_CURVE('',#1806,#1807,#80,.T.);
#1379=EDGE_CURVE('',#1807,#1808,#238,.T.);
#1380=EDGE_CURVE('',#1809,#1808,#81,.T.);
#1381=EDGE_CURVE('',#1810,#1809,#239,.T.);
#1382=EDGE_CURVE('',#1810,#1811,#240,.T.);
#1383=EDGE_CURVE('',#1812,#1811,#241,.T.);
#1384=EDGE_CURVE('',#1812,#1722,#82,.T.);
#1385=EDGE_CURVE('',#1813,#1720,#83,.T.);
#1386=EDGE_CURVE('',#1814,#1813,#242,.T.);
#1387=EDGE_CURVE('',#1814,#1815,#243,.T.);
#1388=EDGE_CURVE('',#1816,#1815,#244,.T.);
#1389=EDGE_CURVE('',#1816,#1724,#84,.T.);
#1390=EDGE_CURVE('',#1817,#1725,#85,.T.);
#1391=EDGE_CURVE('',#1818,#1817,#245,.T.);
#1392=EDGE_CURVE('',#1818,#1819,#246,.T.);
#1393=EDGE_CURVE('',#1820,#1819,#247,.T.);
#1394=EDGE_CURVE('',#1820,#1732,#86,.T.);
#1395=EDGE_CURVE('',#1821,#1733,#87,.T.);
#1396=EDGE_CURVE('',#1822,#1821,#248,.T.);
#1397=EDGE_CURVE('',#1822,#1823,#249,.T.);
#1398=EDGE_CURVE('',#1824,#1823,#250,.T.);
#1399=EDGE_CURVE('',#1824,#1730,#88,.T.);
#1400=EDGE_CURVE('',#1825,#1728,#89,.T.);
#1401=EDGE_CURVE('',#1826,#1825,#251,.T.);
#1402=EDGE_CURVE('',#1826,#1827,#252,.T.);
#1403=EDGE_CURVE('',#1828,#1827,#253,.T.);
#1404=EDGE_CURVE('',#1828,#1718,#90,.T.);
#1405=EDGE_CURVE('',#1829,#1716,#91,.T.);
#1406=EDGE_CURVE('',#1830,#1829,#254,.T.);
#1407=EDGE_CURVE('',#1830,#1831,#255,.T.);
#1408=EDGE_CURVE('',#1832,#1831,#256,.T.);
#1409=EDGE_CURVE('',#1832,#1714,#92,.T.);
#1410=EDGE_CURVE('',#1833,#1712,#93,.T.);
#1411=EDGE_CURVE('',#1834,#1833,#257,.T.);
#1412=EDGE_CURVE('',#1834,#1835,#258,.T.);
#1413=EDGE_CURVE('',#1836,#1835,#259,.T.);
#1414=EDGE_CURVE('',#1836,#1710,#94,.T.);
#1415=EDGE_CURVE('',#1837,#1708,#95,.T.);
#1416=EDGE_CURVE('',#1838,#1837,#260,.T.);
#1417=EDGE_CURVE('',#1838,#1839,#261,.T.);
#1418=EDGE_CURVE('',#1840,#1839,#262,.T.);
#1419=EDGE_CURVE('',#1840,#1706,#96,.T.);
#1420=EDGE_CURVE('',#1841,#1704,#97,.T.);
#1421=EDGE_CURVE('',#1842,#1841,#263,.T.);
#1422=EDGE_CURVE('',#1842,#1843,#264,.T.);
#1423=EDGE_CURVE('',#1844,#1843,#265,.T.);
#1424=EDGE_CURVE('',#1844,#1698,#98,.T.);
#1425=EDGE_CURVE('',#1845,#1696,#99,.T.);
#1426=EDGE_CURVE('',#1846,#1845,#266,.T.);
#1427=EDGE_CURVE('',#1846,#1847,#267,.T.);
#1428=EDGE_CURVE('',#1848,#1847,#268,.T.);
#1429=EDGE_CURVE('',#1848,#1700,#100,.T.);
#1430=EDGE_CURVE('',#1849,#1701,#101,.T.);
#1431=EDGE_CURVE('',#1850,#1849,#269,.T.);
#1432=EDGE_CURVE('',#1850,#1851,#270,.T.);
#1433=EDGE_CURVE('',#1852,#1851,#271,.T.);
#1434=EDGE_CURVE('',#1852,#1694,#102,.T.);
#1435=EDGE_CURVE('',#1853,#1692,#103,.T.);
#1436=EDGE_CURVE('',#1854,#1853,#272,.T.);
#1437=EDGE_CURVE('',#1854,#1855,#273,.T.);
#1438=EDGE_CURVE('',#1856,#1855,#274,.T.);
#1439=EDGE_CURVE('',#1856,#1690,#104,.T.);
#1440=EDGE_CURVE('',#1857,#1688,#105,.T.);
#1441=EDGE_CURVE('',#1858,#1857,#275,.T.);
#1442=EDGE_CURVE('',#1858,#1859,#276,.T.);
#1443=EDGE_CURVE('',#1860,#1859,#277,.T.);
#1444=EDGE_CURVE('',#1860,#1674,#106,.T.);
#1445=EDGE_CURVE('',#1861,#1672,#107,.T.);
#1446=EDGE_CURVE('',#1862,#1861,#278,.T.);
#1447=EDGE_CURVE('',#1862,#1766,#279,.T.);
#1448=EDGE_CURVE('',#1807,#1863,#2012,.T.);
#1449=EDGE_CURVE('',#1863,#1864,#280,.T.);
#1450=EDGE_CURVE('',#1808,#1864,#2013,.T.);
#1451=EDGE_CURVE('',#1865,#1865,#281,.T.);
#1452=EDGE_CURVE('',#1866,#1867,#282,.F.);
#1453=EDGE_CURVE('',#1866,#1673,#108,.T.);
#1454=EDGE_CURVE('',#1868,#1675,#109,.T.);
#1455=EDGE_CURVE('',#1869,#1868,#283,.F.);
#1456=EDGE_CURVE('',#1870,#1869,#284,.T.);
#1457=EDGE_CURVE('',#1871,#1870,#285,.F.);
#1458=EDGE_CURVE('',#1871,#1689,#110,.T.);
#1459=EDGE_CURVE('',#1872,#1691,#111,.T.);
#1460=EDGE_CURVE('',#1873,#1872,#286,.F.);
#1461=EDGE_CURVE('',#1874,#1873,#287,.T.);
#1462=EDGE_CURVE('',#1875,#1874,#288,.F.);
#1463=EDGE_CURVE('',#1875,#1693,#112,.T.);
#1464=EDGE_CURVE('',#1876,#1695,#113,.T.);
#1465=EDGE_CURVE('',#1877,#1876,#289,.F.);
#1466=EDGE_CURVE('',#1878,#1877,#290,.T.);
#1467=EDGE_CURVE('',#1879,#1878,#291,.F.);
#1468=EDGE_CURVE('',#1879,#1703,#114,.T.);
#1469=EDGE_CURVE('',#1880,#1702,#115,.T.);
#1470=EDGE_CURVE('',#1881,#1880,#292,.F.);
#1471=EDGE_CURVE('',#1882,#1881,#293,.T.);
#1472=EDGE_CURVE('',#1883,#1882,#294,.F.);
#1473=EDGE_CURVE('',#1883,#1697,#116,.T.);
#1474=EDGE_CURVE('',#1884,#1699,#117,.T.);
#1475=EDGE_CURVE('',#1885,#1884,#295,.F.);
#1476=EDGE_CURVE('',#1886,#1885,#296,.T.);
#1477=EDGE_CURVE('',#1887,#1886,#297,.F.);
#1478=EDGE_CURVE('',#1887,#1705,#118,.T.);
#1479=EDGE_CURVE('',#1888,#1707,#119,.T.);
#1480=EDGE_CURVE('',#1889,#1888,#298,.F.);
#1481=EDGE_CURVE('',#1890,#1889,#299,.T.);
#1482=EDGE_CURVE('',#1891,#1890,#300,.F.);
#1483=EDGE_CURVE('',#1891,#1709,#120,.T.);
#1484=EDGE_CURVE('',#1892,#1711,#121,.T.);
#1485=EDGE_CURVE('',#1893,#1892,#301,.F.);
#1486=EDGE_CURVE('',#1894,#1893,#302,.T.);
#1487=EDGE_CURVE('',#1895,#1894,#303,.F.);
#1488=EDGE_CURVE('',#1895,#1713,#122,.T.);
#1489=EDGE_CURVE('',#1896,#1715,#123,.T.);
#1490=EDGE_CURVE('',#1897,#1896,#304,.F.);
#1491=EDGE_CURVE('',#1898,#1897,#305,.T.);
#1492=EDGE_CURVE('',#1899,#1898,#306,.F.);
#1493=EDGE_CURVE('',#1899,#1717,#124,.T.);
#1494=EDGE_CURVE('',#1900,#1719,#125,.T.);
#1495=EDGE_CURVE('',#1901,#1900,#307,.F.);
#1496=EDGE_CURVE('',#1902,#1901,#308,.T.);
#1497=EDGE_CURVE('',#1903,#1902,#309,.F.);
#1498=EDGE_CURVE('',#1903,#1729,#126,.T.);
#1499=EDGE_CURVE('',#1904,#1731,#127,.T.);
#1500=EDGE_CURVE('',#1905,#1904,#310,.F.);
#1501=EDGE_CURVE('',#1906,#1905,#311,.T.);
#1502=EDGE_CURVE('',#1907,#1906,#312,.F.);
#1503=EDGE_CURVE('',#1907,#1735,#128,.T.);
#1504=EDGE_CURVE('',#1908,#1734,#129,.T.);
#1505=EDGE_CURVE('',#1909,#1908,#313,.F.);
#1506=EDGE_CURVE('',#1910,#1909,#314,.T.);
#1507=EDGE_CURVE('',#1911,#1910,#315,.F.);
#1508=EDGE_CURVE('',#1911,#1727,#130,.T.);
#1509=EDGE_CURVE('',#1912,#1726,#131,.T.);
#1510=EDGE_CURVE('',#1913,#1912,#316,.F.);
#1511=EDGE_CURVE('',#1914,#1913,#317,.T.);
#1512=EDGE_CURVE('',#1915,#1914,#318,.F.);
#1513=EDGE_CURVE('',#1915,#1721,#132,.T.);
#1514=EDGE_CURVE('',#1916,#1723,#133,.T.);
#1515=EDGE_CURVE('',#1917,#1916,#319,.F.);
#1516=EDGE_CURVE('',#1918,#1917,#320,.T.);
#1517=EDGE_CURVE('',#1919,#1918,#321,.F.);
#1518=EDGE_CURVE('',#1919,#1864,#134,.T.);
#1519=EDGE_CURVE('',#1920,#1863,#135,.T.);
#1520=EDGE_CURVE('',#1921,#1920,#322,.F.);
#1521=EDGE_CURVE('',#1922,#1921,#323,.T.);
#1522=EDGE_CURVE('',#1923,#1922,#324,.F.);
#1523=EDGE_CURVE('',#1923,#1737,#136,.T.);
#1524=EDGE_CURVE('',#1924,#1739,#137,.T.);
#1525=EDGE_CURVE('',#1925,#1924,#325,.F.);
#1526=EDGE_CURVE('',#1926,#1925,#326,.T.);
#1527=EDGE_CURVE('',#1927,#1926,#327,.F.);
#1528=EDGE_CURVE('',#1927,#1747,#138,.T.);
#1529=EDGE_CURVE('',#1928,#1746,#139,.T.);
#1530=EDGE_CURVE('',#1929,#1928,#328,.F.);
#1531=EDGE_CURVE('',#1930,#1929,#329,.T.);
#1532=EDGE_CURVE('',#1931,#1930,#330,.F.);
#1533=EDGE_CURVE('',#1931,#1741,#140,.T.);
#1534=EDGE_CURVE('',#1932,#1743,#141,.T.);
#1535=EDGE_CURVE('',#1933,#1932,#331,.F.);
#1536=EDGE_CURVE('',#1934,#1933,#332,.T.);
#1537=EDGE_CURVE('',#1935,#1934,#333,.F.);
#1538=EDGE_CURVE('',#1935,#1749,#142,.T.);
#1539=EDGE_CURVE('',#1936,#1751,#143,.T.);
#1540=EDGE_CURVE('',#1937,#1936,#334,.F.);
#1541=EDGE_CURVE('',#1938,#1937,#335,.T.);
#1542=EDGE_CURVE('',#1939,#1938,#336,.F.);
#1543=EDGE_CURVE('',#1939,#1753,#144,.T.);
#1544=EDGE_CURVE('',#1940,#1755,#145,.T.);
#1545=EDGE_CURVE('',#1941,#1940,#337,.F.);
#1546=EDGE_CURVE('',#1942,#1941,#338,.T.);
#1547=EDGE_CURVE('',#1943,#1942,#339,.F.);
#1548=EDGE_CURVE('',#1943,#1757,#146,.T.);
#1549=EDGE_CURVE('',#1944,#1759,#147,.T.);
#1550=EDGE_CURVE('',#1945,#1944,#340,.F.);
#1551=EDGE_CURVE('',#1946,#1945,#341,.T.);
#1552=EDGE_CURVE('',#1947,#1946,#342,.F.);
#1553=EDGE_CURVE('',#1947,#1763,#148,.T.);
#1554=EDGE_CURVE('',#1948,#1762,#149,.T.);
#1555=EDGE_CURVE('',#1949,#1948,#343,.F.);
#1556=EDGE_CURVE('',#1950,#1949,#344,.T.);
#1557=EDGE_CURVE('',#1951,#1950,#345,.F.);
#1558=EDGE_CURVE('',#1951,#1681,#150,.T.);
#1559=EDGE_CURVE('',#1952,#1683,#151,.T.);
#1560=EDGE_CURVE('',#1953,#1952,#346,.F.);
#1561=EDGE_CURVE('',#1954,#1953,#347,.T.);
#1562=EDGE_CURVE('',#1955,#1954,#348,.F.);
#1563=EDGE_CURVE('',#1955,#1687,#152,.T.);
#1564=EDGE_CURVE('',#1956,#1686,#153,.T.);
#1565=EDGE_CURVE('',#1957,#1956,#349,.F.);
#1566=EDGE_CURVE('',#1958,#1957,#350,.T.);
#1567=EDGE_CURVE('',#1959,#1958,#351,.F.);
#1568=EDGE_CURVE('',#1959,#1679,#154,.T.);
#1569=EDGE_CURVE('',#1960,#1678,#155,.T.);
#1570=EDGE_CURVE('',#1961,#1960,#352,.F.);
#1571=EDGE_CURVE('',#1867,#1961,#353,.T.);
#1572=EDGE_CURVE('',#1809,#1919,#2014,.T.);
#1573=EDGE_CURVE('',#1916,#1812,#2015,.F.);
#1574=EDGE_CURVE('',#1811,#1917,#2016,.T.);
#1575=EDGE_CURVE('',#1918,#1810,#2017,.F.);
#1576=EDGE_CURVE('',#1779,#1947,#2018,.T.);
#1577=EDGE_CURVE('',#1944,#1782,#2019,.F.);
#1578=EDGE_CURVE('',#1781,#1945,#2020,.T.);
#1579=EDGE_CURVE('',#1946,#1780,#2021,.F.);
#1580=EDGE_CURVE('',#1783,#1943,#2022,.T.);
#1581=EDGE_CURVE('',#1940,#1786,#2023,.F.);
#1582=EDGE_CURVE('',#1785,#1941,#2024,.T.);
#1583=EDGE_CURVE('',#1942,#1784,#2025,.F.);
#1584=EDGE_CURVE('',#1787,#1939,#2026,.T.);
#1585=EDGE_CURVE('',#1936,#1790,#2027,.F.);
#1586=EDGE_CURVE('',#1789,#1937,#2028,.T.);
#1587=EDGE_CURVE('',#1938,#1788,#2029,.F.);
#1588=EDGE_CURVE('',#1791,#1935,#2030,.T.);
#1589=EDGE_CURVE('',#1932,#1794,#2031,.F.);
#1590=EDGE_CURVE('',#1793,#1933,#2032,.T.);
#1591=EDGE_CURVE('',#1934,#1792,#2033,.F.);
#1592=EDGE_CURVE('',#1799,#1927,#2034,.T.);
#1593=EDGE_CURVE('',#1924,#1802,#2035,.F.);
#1594=EDGE_CURVE('',#1801,#1925,#2036,.T.);
#1595=EDGE_CURVE('',#1926,#1800,#2037,.F.);
#1596=EDGE_CURVE('',#1795,#1931,#2038,.T.);
#1597=EDGE_CURVE('',#1928,#1798,#2039,.F.);
#1598=EDGE_CURVE('',#1797,#1929,#2040,.T.);
#1599=EDGE_CURVE('',#1930,#1796,#2041,.F.);
#1600=EDGE_CURVE('',#1803,#1923,#2042,.T.);
#1601=EDGE_CURVE('',#1920,#1806,#2043,.F.);
#1602=EDGE_CURVE('',#1805,#1921,#2044,.T.);
#1603=EDGE_CURVE('',#1922,#1804,#2045,.F.);
#1604=EDGE_CURVE('',#1821,#1907,#2046,.T.);
#1605=EDGE_CURVE('',#1904,#1824,#2047,.F.);
#1606=EDGE_CURVE('',#1823,#1905,#2048,.T.);
#1607=EDGE_CURVE('',#1906,#1822,#2049,.F.);
#1608=EDGE_CURVE('',#1825,#1903,#2050,.T.);
#1609=EDGE_CURVE('',#1900,#1828,#2051,.F.);
#1610=EDGE_CURVE('',#1827,#1901,#2052,.T.);
#1611=EDGE_CURVE('',#1902,#1826,#2053,.F.);
#1612=EDGE_CURVE('',#1817,#1911,#2054,.T.);
#1613=EDGE_CURVE('',#1908,#1820,#2055,.F.);
#1614=EDGE_CURVE('',#1819,#1909,#2056,.T.);
#1615=EDGE_CURVE('',#1910,#1818,#2057,.F.);
#1616=EDGE_CURVE('',#1813,#1915,#2058,.T.);
#1617=EDGE_CURVE('',#1912,#1816,#2059,.F.);
#1618=EDGE_CURVE('',#1815,#1913,#2060,.T.);
#1619=EDGE_CURVE('',#1914,#1814,#2061,.F.);
#1620=EDGE_CURVE('',#1829,#1899,#2062,.T.);
#1621=EDGE_CURVE('',#1896,#1832,#2063,.F.);
#1622=EDGE_CURVE('',#1831,#1897,#2064,.T.);
#1623=EDGE_CURVE('',#1898,#1830,#2065,.F.);
#1624=EDGE_CURVE('',#1833,#1895,#2066,.T.);
#1625=EDGE_CURVE('',#1892,#1836,#2067,.F.);
#1626=EDGE_CURVE('',#1835,#1893,#2068,.T.);
#1627=EDGE_CURVE('',#1894,#1834,#2069,.F.);
#1628=EDGE_CURVE('',#1837,#1891,#2070,.T.);
#1629=EDGE_CURVE('',#1888,#1840,#2071,.F.);
#1630=EDGE_CURVE('',#1839,#1889,#2072,.T.);
#1631=EDGE_CURVE('',#1890,#1838,#2073,.F.);
#1632=EDGE_CURVE('',#1841,#1887,#2074,.T.);
#1633=EDGE_CURVE('',#1884,#1844,#2075,.F.);
#1634=EDGE_CURVE('',#1843,#1885,#2076,.T.);
#1635=EDGE_CURVE('',#1886,#1842,#2077,.F.);
#1636=EDGE_CURVE('',#1849,#1879,#2078,.T.);
#1637=EDGE_CURVE('',#1876,#1852,#2079,.F.);
#1638=EDGE_CURVE('',#1851,#1877,#2080,.T.);
#1639=EDGE_CURVE('',#1878,#1850,#2081,.F.);
#1640=EDGE_CURVE('',#1845,#1883,#2082,.T.);
#1641=EDGE_CURVE('',#1880,#1848,#2083,.F.);
#1642=EDGE_CURVE('',#1847,#1881,#2084,.T.);
#1643=EDGE_CURVE('',#1882,#1846,#2085,.F.);
#1644=EDGE_CURVE('',#1853,#1875,#2086,.T.);
#1645=EDGE_CURVE('',#1872,#1856,#2087,.F.);
#1646=EDGE_CURVE('',#1855,#1873,#2088,.T.);
#1647=EDGE_CURVE('',#1874,#1854,#2089,.F.);
#1648=EDGE_CURVE('',#1857,#1871,#2090,.T.);
#1649=EDGE_CURVE('',#1868,#1860,#2091,.F.);
#1650=EDGE_CURVE('',#1859,#1869,#2092,.T.);
#1651=EDGE_CURVE('',#1870,#1858,#2093,.F.);
#1652=EDGE_CURVE('',#1771,#1955,#2094,.T.);
#1653=EDGE_CURVE('',#1952,#1774,#2095,.F.);
#1654=EDGE_CURVE('',#1773,#1953,#2096,.T.);
#1655=EDGE_CURVE('',#1954,#1772,#2097,.F.);
#1656=EDGE_CURVE('',#1775,#1951,#2098,.T.);
#1657=EDGE_CURVE('',#1948,#1778,#2099,.F.);
#1658=EDGE_CURVE('',#1777,#1949,#2100,.T.);
#1659=EDGE_CURVE('',#1950,#1776,#2101,.F.);
#1660=EDGE_CURVE('',#1767,#1959,#2102,.T.);
#1661=EDGE_CURVE('',#1956,#1770,#2103,.F.);
#1662=EDGE_CURVE('',#1769,#1957,#2104,.T.);
#1663=EDGE_CURVE('',#1958,#1768,#2105,.F.);
#1664=EDGE_CURVE('',#1861,#1866,#2106,.T.);
#1665=EDGE_CURVE('',#1960,#1765,#2107,.F.);
#1666=EDGE_CURVE('',#1766,#1961,#2108,.T.);
#1667=EDGE_CURVE('',#1867,#1862,#2109,.F.);
#1668=EDGE_CURVE('',#1962,#1962,#354,.T.);
#1669=EDGE_CURVE('',#1963,#1963,#355,.T.);
#1670=EDGE_CURVE('',#1964,#1964,#356,.T.);
#1671=EDGE_CURVE('',#1965,#1965,#357,.T.);
#1672=VERTEX_POINT('',#3885);
#1673=VERTEX_POINT('',#3886);
#1674=VERTEX_POINT('',#3888);
#1675=VERTEX_POINT('',#3890);
#1676=VERTEX_POINT('',#3894);
#1677=VERTEX_POINT('',#3895);
#1678=VERTEX_POINT('',#3897);
#1679=VERTEX_POINT('',#3899);
#1680=VERTEX_POINT('',#3903);
#1681=VERTEX_POINT('',#3904);
#1682=VERTEX_POINT('',#3906);
#1683=VERTEX_POINT('',#3908);
#1684=VERTEX_POINT('',#3912);
#1685=VERTEX_POINT('',#3913);
#1686=VERTEX_POINT('',#3915);
#1687=VERTEX_POINT('',#3917);
#1688=VERTEX_POINT('',#3921);
#1689=VERTEX_POINT('',#3922);
#1690=VERTEX_POINT('',#3924);
#1691=VERTEX_POINT('',#3926);
#1692=VERTEX_POINT('',#3930);
#1693=VERTEX_POINT('',#3931);
#1694=VERTEX_POINT('',#3933);
#1695=VERTEX_POINT('',#3935);
#1696=VERTEX_POINT('',#3939);
#1697=VERTEX_POINT('',#3940);
#1698=VERTEX_POINT('',#3942);
#1699=VERTEX_POINT('',#3944);
#1700=VERTEX_POINT('',#3948);
#1701=VERTEX_POINT('',#3949);
#1702=VERTEX_POINT('',#3951);
#1703=VERTEX_POINT('',#3953);
#1704=VERTEX_POINT('',#3957);
#1705=VERTEX_POINT('',#3958);
#1706=VERTEX_POINT('',#3960);
#1707=VERTEX_POINT('',#3962);
#1708=VERTEX_POINT('',#3966);
#1709=VERTEX_POINT('',#3967);
#1710=VERTEX_POINT('',#3969);
#1711=VERTEX_POINT('',#3971);
#1712=VERTEX_POINT('',#3975);
#1713=VERTEX_POINT('',#3976);
#1714=VERTEX_POINT('',#3978);
#1715=VERTEX_POINT('',#3980);
#1716=VERTEX_POINT('',#3984);
#1717=VERTEX_POINT('',#3985);
#1718=VERTEX_POINT('',#3987);
#1719=VERTEX_POINT('',#3989);
#1720=VERTEX_POINT('',#3993);
#1721=VERTEX_POINT('',#3994);
#1722=VERTEX_POINT('',#3996);
#1723=VERTEX_POINT('',#3998);
#1724=VERTEX_POINT('',#4002);
#1725=VERTEX_POINT('',#4003);
#1726=VERTEX_POINT('',#4005);
#1727=VERTEX_POINT('',#4007);
#1728=VERTEX_POINT('',#4011);
#1729=VERTEX_POINT('',#4012);
#1730=VERTEX_POINT('',#4014);
#1731=VERTEX_POINT('',#4016);
#1732=VERTEX_POINT('',#4020);
#1733=VERTEX_POINT('',#4021);
#1734=VERTEX_POINT('',#4023);
#1735=VERTEX_POINT('',#4025);
#1736=VERTEX_POINT('',#4029);
#1737=VERTEX_POINT('',#4030);
#1738=VERTEX_POINT('',#4032);
#1739=VERTEX_POINT('',#4034);
#1740=VERTEX_POINT('',#4038);
#1741=VERTEX_POINT('',#4039);
#1742=VERTEX_POINT('',#4041);
#1743=VERTEX_POINT('',#4043);
#1744=VERTEX_POINT('',#4047);
#1745=VERTEX_POINT('',#4048);
#1746=VERTEX_POINT('',#4050);
#1747=VERTEX_POINT('',#4052);
#1748=VERTEX_POINT('',#4056);
#1749=VERTEX_POINT('',#4057);
#1750=VERTEX_POINT('',#4059);
#1751=VERTEX_POINT('',#4061);
#1752=VERTEX_POINT('',#4065);
#1753=VERTEX_POINT('',#4066);
#1754=VERTEX_POINT('',#4068);
#1755=VERTEX_POINT('',#4070);
#1756=VERTEX_POINT('',#4074);
#1757=VERTEX_POINT('',#4075);
#1758=VERTEX_POINT('',#4077);
#1759=VERTEX_POINT('',#4079);
#1760=VERTEX_POINT('',#4083);
#1761=VERTEX_POINT('',#4084);
#1762=VERTEX_POINT('',#4086);
#1763=VERTEX_POINT('',#4088);
#1764=VERTEX_POINT('',#4092);
#1765=VERTEX_POINT('',#4094);
#1766=VERTEX_POINT('',#4095);
#1767=VERTEX_POINT('',#4168);
#1768=VERTEX_POINT('',#4170);
#1769=VERTEX_POINT('',#4172);
#1770=VERTEX_POINT('',#4174);
#1771=VERTEX_POINT('',#4247);
#1772=VERTEX_POINT('',#4249);
#1773=VERTEX_POINT('',#4251);
#1774=VERTEX_POINT('',#4253);
#1775=VERTEX_POINT('',#4326);
#1776=VERTEX_POINT('',#4328);
#1777=VERTEX_POINT('',#4330);
#1778=VERTEX_POINT('',#4332);
#1779=VERTEX_POINT('',#4405);
#1780=VERTEX_POINT('',#4407);
#1781=VERTEX_POINT('',#4409);
#1782=VERTEX_POINT('',#4411);
#1783=VERTEX_POINT('',#4484);
#1784=VERTEX_POINT('',#4486);
#1785=VERTEX_POINT('',#4488);
#1786=VERTEX_POINT('',#4490);
#1787=VERTEX_POINT('',#4563);
#1788=VERTEX_POINT('',#4565);
#1789=VERTEX_POINT('',#4567);
#1790=VERTEX_POINT('',#4569);
#1791=VERTEX_POINT('',#4642);
#1792=VERTEX_POINT('',#4644);
#1793=VERTEX_POINT('',#4646);
#1794=VERTEX_POINT('',#4648);
#1795=VERTEX_POINT('',#4721);
#1796=VERTEX_POINT('',#4723);
#1797=VERTEX_POINT('',#4725);
#1798=VERTEX_POINT('',#4727);
#1799=VERTEX_POINT('',#4800);
#1800=VERTEX_POINT('',#4802);
#1801=VERTEX_POINT('',#4804);
#1802=VERTEX_POINT('',#4806);
#1803=VERTEX_POINT('',#4879);
#1804=VERTEX_POINT('',#4881);
#1805=VERTEX_POINT('',#4883);
#1806=VERTEX_POINT('',#4885);
#1807=VERTEX_POINT('',#4922);
#1808=VERTEX_POINT('',#4924);
#1809=VERTEX_POINT('',#4961);
#1810=VERTEX_POINT('',#4963);
#1811=VERTEX_POINT('',#4965);
#1812=VERTEX_POINT('',#4967);
#1813=VERTEX_POINT('',#5040);
#1814=VERTEX_POINT('',#5042);
#1815=VERTEX_POINT('',#5044);
#1816=VERTEX_POINT('',#5046);
#1817=VERTEX_POINT('',#5119);
#1818=VERTEX_POINT('',#5121);
#1819=VERTEX_POINT('',#5123);
#1820=VERTEX_POINT('',#5125);
#1821=VERTEX_POINT('',#5198);
#1822=VERTEX_POINT('',#5200);
#1823=VERTEX_POINT('',#5202);
#1824=VERTEX_POINT('',#5204);
#1825=VERTEX_POINT('',#5277);
#1826=VERTEX_POINT('',#5279);
#1827=VERTEX_POINT('',#5281);
#1828=VERTEX_POINT('',#5283);
#1829=VERTEX_POINT('',#5356);
#1830=VERTEX_POINT('',#5358);
#1831=VERTEX_POINT('',#5360);
#1832=VERTEX_POINT('',#5362);
#1833=VERTEX_POINT('',#5435);
#1834=VERTEX_POINT('',#5437);
#1835=VERTEX_POINT('',#5439);
#1836=VERTEX_POINT('',#5441);
#1837=VERTEX_POINT('',#5514);
#1838=VERTEX_POINT('',#5516);
#1839=VERTEX_POINT('',#5518);
#1840=VERTEX_POINT('',#5520);
#1841=VERTEX_POINT('',#5593);
#1842=VERTEX_POINT('',#5595);
#1843=VERTEX_POINT('',#5597);
#1844=VERTEX_POINT('',#5599);
#1845=VERTEX_POINT('',#5672);
#1846=VERTEX_POINT('',#5674);
#1847=VERTEX_POINT('',#5676);
#1848=VERTEX_POINT('',#5678);
#1849=VERTEX_POINT('',#5751);
#1850=VERTEX_POINT('',#5753);
#1851=VERTEX_POINT('',#5755);
#1852=VERTEX_POINT('',#5757);
#1853=VERTEX_POINT('',#5830);
#1854=VERTEX_POINT('',#5832);
#1855=VERTEX_POINT('',#5834);
#1856=VERTEX_POINT('',#5836);
#1857=VERTEX_POINT('',#5909);
#1858=VERTEX_POINT('',#5911);
#1859=VERTEX_POINT('',#5913);
#1860=VERTEX_POINT('',#5915);
#1861=VERTEX_POINT('',#5988);
#1862=VERTEX_POINT('',#5990);
#1863=VERTEX_POINT('',#5994);
#1864=VERTEX_POINT('',#5996);
#1865=VERTEX_POINT('',#6000);
#1866=VERTEX_POINT('',#6002);
#1867=VERTEX_POINT('',#6003);
#1868=VERTEX_POINT('',#6076);
#1869=VERTEX_POINT('',#6078);
#1870=VERTEX_POINT('',#6080);
#1871=VERTEX_POINT('',#6082);
#1872=VERTEX_POINT('',#6155);
#1873=VERTEX_POINT('',#6157);
#1874=VERTEX_POINT('',#6159);
#1875=VERTEX_POINT('',#6161);
#1876=VERTEX_POINT('',#6234);
#1877=VERTEX_POINT('',#6236);
#1878=VERTEX_POINT('',#6238);
#1879=VERTEX_POINT('',#6240);
#1880=VERTEX_POINT('',#6313);
#1881=VERTEX_POINT('',#6315);
#1882=VERTEX_POINT('',#6317);
#1883=VERTEX_POINT('',#6319);
#1884=VERTEX_POINT('',#6392);
#1885=VERTEX_POINT('',#6394);
#1886=VERTEX_POINT('',#6396);
#1887=VERTEX_POINT('',#6398);
#1888=VERTEX_POINT('',#6471);
#1889=VERTEX_POINT('',#6473);
#1890=VERTEX_POINT('',#6475);
#1891=VERTEX_POINT('',#6477);
#1892=VERTEX_POINT('',#6550);
#1893=VERTEX_POINT('',#6552);
#1894=VERTEX_POINT('',#6554);
#1895=VERTEX_POINT('',#6556);
#1896=VERTEX_POINT('',#6629);
#1897=VERTEX_POINT('',#6631);
#1898=VERTEX_POINT('',#6633);
#1899=VERTEX_POINT('',#6635);
#1900=VERTEX_POINT('',#6708);
#1901=VERTEX_POINT('',#6710);
#1902=VERTEX_POINT('',#6712);
#1903=VERTEX_POINT('',#6714);
#1904=VERTEX_POINT('',#6787);
#1905=VERTEX_POINT('',#6789);
#1906=VERTEX_POINT('',#6791);
#1907=VERTEX_POINT('',#6793);
#1908=VERTEX_POINT('',#6866);
#1909=VERTEX_POINT('',#6868);
#1910=VERTEX_POINT('',#6870);
#1911=VERTEX_POINT('',#6872);
#1912=VERTEX_POINT('',#6945);
#1913=VERTEX_POINT('',#6947);
#1914=VERTEX_POINT('',#6949);
#1915=VERTEX_POINT('',#6951);
#1916=VERTEX_POINT('',#7024);
#1917=VERTEX_POINT('',#7026);
#1918=VERTEX_POINT('',#7028);
#1919=VERTEX_POINT('',#7030);
#1920=VERTEX_POINT('',#7103);
#1921=VERTEX_POINT('',#7105);
#1922=VERTEX_POINT('',#7107);
#1923=VERTEX_POINT('',#7109);
#1924=VERTEX_POINT('',#7182);
#1925=VERTEX_POINT('',#7184);
#1926=VERTEX_POINT('',#7186);
#1927=VERTEX_POINT('',#7188);
#1928=VERTEX_POINT('',#7261);
#1929=VERTEX_POINT('',#7263);
#1930=VERTEX_POINT('',#7265);
#1931=VERTEX_POINT('',#7267);
#1932=VERTEX_POINT('',#7340);
#1933=VERTEX_POINT('',#7342);
#1934=VERTEX_POINT('',#7344);
#1935=VERTEX_POINT('',#7346);
#1936=VERTEX_POINT('',#7419);
#1937=VERTEX_POINT('',#7421);
#1938=VERTEX_POINT('',#7423);
#1939=VERTEX_POINT('',#7425);
#1940=VERTEX_POINT('',#7498);
#1941=VERTEX_POINT('',#7500);
#1942=VERTEX_POINT('',#7502);
#1943=VERTEX_POINT('',#7504);
#1944=VERTEX_POINT('',#7577);
#1945=VERTEX_POINT('',#7579);
#1946=VERTEX_POINT('',#7581);
#1947=VERTEX_POINT('',#7583);
#1948=VERTEX_POINT('',#7656);
#1949=VERTEX_POINT('',#7658);
#1950=VERTEX_POINT('',#7660);
#1951=VERTEX_POINT('',#7662);
#1952=VERTEX_POINT('',#7735);
#1953=VERTEX_POINT('',#7737);
#1954=VERTEX_POINT('',#7739);
#1955=VERTEX_POINT('',#7741);
#1956=VERTEX_POINT('',#7814);
#1957=VERTEX_POINT('',#7816);
#1958=VERTEX_POINT('',#7818);
#1959=VERTEX_POINT('',#7820);
#1960=VERTEX_POINT('',#7893);
#1961=VERTEX_POINT('',#7895);
#1962=VERTEX_POINT('',#8643);
#1963=VERTEX_POINT('',#8645);
#1964=VERTEX_POINT('',#8649);
#1965=VERTEX_POINT('',#8652);
#1966=LINE('',#3884,#2110);
#1967=LINE('',#3889,#2111);
#1968=LINE('',#3896,#2112);
#1969=LINE('',#3900,#2113);
#1970=LINE('',#3902,#2114);
#1971=LINE('',#3907,#2115);
#1972=LINE('',#3914,#2116);
#1973=LINE('',#3918,#2117);
#1974=LINE('',#3920,#2118);
#1975=LINE('',#3925,#2119);
#1976=LINE('',#3929,#2120);
#1977=LINE('',#3934,#2121);
#1978=LINE('',#3938,#2122);
#1979=LINE('',#3943,#2123);
#1980=LINE('',#3950,#2124);
#1981=LINE('',#3954,#2125);
#1982=LINE('',#3956,#2126);
#1983=LINE('',#3961,#2127);
#1984=LINE('',#3965,#2128);
#1985=LINE('',#3970,#2129);
#1986=LINE('',#3974,#2130);
#1987=LINE('',#3979,#2131);
#1988=LINE('',#3983,#2132);
#1989=LINE('',#3988,#2133);
#1990=LINE('',#3992,#2134);
#1991=LINE('',#3997,#2135);
#1992=LINE('',#4004,#2136);
#1993=LINE('',#4008,#2137);
#1994=LINE('',#4010,#2138);
#1995=LINE('',#4015,#2139);
#1996=LINE('',#4022,#2140);
#1997=LINE('',#4026,#2141);
#1998=LINE('',#4028,#2142);
#1999=LINE('',#4033,#2143);
#2000=LINE('',#4037,#2144);
#2001=LINE('',#4042,#2145);
#2002=LINE('',#4049,#2146);
#2003=LINE('',#4053,#2147);
#2004=LINE('',#4055,#2148);
#2005=LINE('',#4060,#2149);
#2006=LINE('',#4064,#2150);
#2007=LINE('',#4069,#2151);
#2008=LINE('',#4073,#2152);
#2009=LINE('',#4078,#2153);
#2010=LINE('',#4085,#2154);
#2011=LINE('',#4089,#2155);
#2012=LINE('',#5993,#2156);
#2013=LINE('',#5997,#2157);
#2014=LINE('',#7909,#2158);
#2015=LINE('',#7922,#2159);
#2016=LINE('',#7924,#2160);
#2017=LINE('',#7925,#2161);
#2018=LINE('',#7940,#2162);
#2019=LINE('',#7953,#2163);
#2020=LINE('',#7955,#2164);
#2021=LINE('',#7956,#2165);
#2022=LINE('',#7971,#2166);
#2023=LINE('',#7984,#2167);
#2024=LINE('',#7986,#2168);
#2025=LINE('',#7987,#2169);
#2026=LINE('',#8002,#2170);
#2027=LINE('',#8015,#2171);
#2028=LINE('',#8017,#2172);
#2029=LINE('',#8018,#2173);
#2030=LINE('',#8033,#2174);
#2031=LINE('',#8046,#2175);
#2032=LINE('',#8048,#2176);
#2033=LINE('',#8049,#2177);
#2034=LINE('',#8064,#2178);
#2035=LINE('',#8077,#2179);
#2036=LINE('',#8079,#2180);
#2037=LINE('',#8080,#2181);
#2038=LINE('',#8095,#2182);
#2039=LINE('',#8108,#2183);
#2040=LINE('',#8110,#2184);
#2041=LINE('',#8111,#2185);
#2042=LINE('',#8126,#2186);
#2043=LINE('',#8139,#2187);
#2044=LINE('',#8141,#2188);
#2045=LINE('',#8142,#2189);
#2046=LINE('',#8157,#2190);
#2047=LINE('',#8170,#2191);
#2048=LINE('',#8172,#2192);
#2049=LINE('',#8173,#2193);
#2050=LINE('',#8188,#2194);
#2051=LINE('',#8201,#2195);
#2052=LINE('',#8203,#2196);
#2053=LINE('',#8204,#2197);
#2054=LINE('',#8219,#2198);
#2055=LINE('',#8232,#2199);
#2056=LINE('',#8234,#2200);
#2057=LINE('',#8235,#2201);
#2058=LINE('',#8250,#2202);
#2059=LINE('',#8263,#2203);
#2060=LINE('',#8265,#2204);
#2061=LINE('',#8266,#2205);
#2062=LINE('',#8281,#2206);
#2063=LINE('',#8294,#2207);
#2064=LINE('',#8296,#2208);
#2065=LINE('',#8297,#2209);
#2066=LINE('',#8312,#2210);
#2067=LINE('',#8325,#2211);
#2068=LINE('',#8327,#2212);
#2069=LINE('',#8328,#2213);
#2070=LINE('',#8343,#2214);
#2071=LINE('',#8356,#2215);
#2072=LINE('',#8358,#2216);
#2073=LINE('',#8359,#2217);
#2074=LINE('',#8374,#2218);
#2075=LINE('',#8387,#2219);
#2076=LINE('',#8389,#2220);
#2077=LINE('',#8390,#2221);
#2078=LINE('',#8405,#2222);
#2079=LINE('',#8418,#2223);
#2080=LINE('',#8420,#2224);
#2081=LINE('',#8421,#2225);
#2082=LINE('',#8436,#2226);
#2083=LINE('',#8449,#2227);
#2084=LINE('',#8451,#2228);
#2085=LINE('',#8452,#2229);
#2086=LINE('',#8467,#2230);
#2087=LINE('',#8480,#2231);
#2088=LINE('',#8482,#2232);
#2089=LINE('',#8483,#2233);
#2090=LINE('',#8498,#2234);
#2091=LINE('',#8511,#2235);
#2092=LINE('',#8513,#2236);
#2093=LINE('',#8514,#2237);
#2094=LINE('',#8529,#2238);
#2095=LINE('',#8542,#2239);
#2096=LINE('',#8544,#2240);
#2097=LINE('',#8545,#2241);
#2098=LINE('',#8560,#2242);
#2099=LINE('',#8573,#2243);
#2100=LINE('',#8575,#2244);
#2101=LINE('',#8576,#2245);
#2102=LINE('',#8591,#2246);
#2103=LINE('',#8604,#2247);
#2104=LINE('',#8606,#2248);
#2105=LINE('',#8607,#2249);
#2106=LINE('',#8622,#2250);
#2107=LINE('',#8635,#2251);
#2108=LINE('',#8637,#2252);
#2109=LINE('',#8638,#2253);
#2110=VECTOR('',#3138,1.);
#2111=VECTOR('',#3141,1.);
#2112=VECTOR('',#3148,1.);
#2113=VECTOR('',#3151,1.);
#2114=VECTOR('',#3154,1.);
#2115=VECTOR('',#3157,1.);
#2116=VECTOR('',#3164,1.);
#2117=VECTOR('',#3167,1.);
#2118=VECTOR('',#3170,1.);
#2119=VECTOR('',#3173,1.);
#2120=VECTOR('',#3178,1.);
#2121=VECTOR('',#3181,1.);
#2122=VECTOR('',#3186,1.);
#2123=VECTOR('',#3189,1.);
#2124=VECTOR('',#3196,1.);
#2125=VECTOR('',#3199,1.);
#2126=VECTOR('',#3202,1.);
#2127=VECTOR('',#3205,1.);
#2128=VECTOR('',#3210,1.);
#2129=VECTOR('',#3213,1.);
#2130=VECTOR('',#3218,1.);
#2131=VECTOR('',#3221,1.);
#2132=VECTOR('',#3226,1.);
#2133=VECTOR('',#3229,1.);
#2134=VECTOR('',#3234,1.);
#2135=VECTOR('',#3237,1.);
#2136=VECTOR('',#3244,1.);
#2137=VECTOR('',#3247,1.);
#2138=VECTOR('',#3250,1.);
#2139=VECTOR('',#3253,1.);
#2140=VECTOR('',#3260,1.);
#2141=VECTOR('',#3263,1.);
#2142=VECTOR('',#3266,1.);
#2143=VECTOR('',#3269,1.);
#2144=VECTOR('',#3274,1.);
#2145=VECTOR('',#3277,1.);
#2146=VECTOR('',#3284,1.);
#2147=VECTOR('',#3287,1.);
#2148=VECTOR('',#3290,1.);
#2149=VECTOR('',#3293,1.);
#2150=VECTOR('',#3298,1.);
#2151=VECTOR('',#3301,1.);
#2152=VECTOR('',#3306,1.);
#2153=VECTOR('',#3309,1.);
#2154=VECTOR('',#3316,1.);
#2155=VECTOR('',#3319,1.);
#2156=VECTOR('',#3472,1.);
#2157=VECTOR('',#3475,1.);
#2158=VECTOR('',#3624,1.);
#2159=VECTOR('',#3625,1.);
#2160=VECTOR('',#3628,1.);
#2161=VECTOR('',#3629,1.);
#2162=VECTOR('',#3634,1.);
#2163=VECTOR('',#3635,1.);
#2164=VECTOR('',#3638,1.);
#2165=VECTOR('',#3639,1.);
#2166=VECTOR('',#3644,1.);
#2167=VECTOR('',#3645,1.);
#2168=VECTOR('',#3648,1.);
#2169=VECTOR('',#3649,1.);
#2170=VECTOR('',#3654,1.);
#2171=VECTOR('',#3655,1.);
#2172=VECTOR('',#3658,1.);
#2173=VECTOR('',#3659,1.);
#2174=VECTOR('',#3664,1.);
#2175=VECTOR('',#3665,1.);
#2176=VECTOR('',#3668,1.);
#2177=VECTOR('',#3669,1.);
#2178=VECTOR('',#3674,1.);
#2179=VECTOR('',#3675,1.);
#2180=VECTOR('',#3678,1.);
#2181=VECTOR('',#3679,1.);
#2182=VECTOR('',#3684,1.);
#2183=VECTOR('',#3685,1.);
#2184=VECTOR('',#3688,1.);
#2185=VECTOR('',#3689,1.);
#2186=VECTOR('',#3694,1.);
#2187=VECTOR('',#3695,1.);
#2188=VECTOR('',#3698,1.);
#2189=VECTOR('',#3699,1.);
#2190=VECTOR('',#3704,1.);
#2191=VECTOR('',#3705,1.);
#2192=VECTOR('',#3708,1.);
#2193=VECTOR('',#3709,1.);
#2194=VECTOR('',#3714,1.);
#2195=VECTOR('',#3715,1.);
#2196=VECTOR('',#3718,1.);
#2197=VECTOR('',#3719,1.);
#2198=VECTOR('',#3724,1.);
#2199=VECTOR('',#3725,1.);
#2200=VECTOR('',#3728,1.);
#2201=VECTOR('',#3729,1.);
#2202=VECTOR('',#3734,1.);
#2203=VECTOR('',#3735,1.);
#2204=VECTOR('',#3738,1.);
#2205=VECTOR('',#3739,1.);
#2206=VECTOR('',#3744,1.);
#2207=VECTOR('',#3745,1.);
#2208=VECTOR('',#3748,1.);
#2209=VECTOR('',#3749,1.);
#2210=VECTOR('',#3754,1.);
#2211=VECTOR('',#3755,1.);
#2212=VECTOR('',#3758,1.);
#2213=VECTOR('',#3759,1.);
#2214=VECTOR('',#3764,1.);
#2215=VECTOR('',#3765,1.);
#2216=VECTOR('',#3768,1.);
#2217=VECTOR('',#3769,1.);
#2218=VECTOR('',#3774,1.);
#2219=VECTOR('',#3775,1.);
#2220=VECTOR('',#3778,1.);
#2221=VECTOR('',#3779,1.);
#2222=VECTOR('',#3784,1.);
#2223=VECTOR('',#3785,1.);
#2224=VECTOR('',#3788,1.);
#2225=VECTOR('',#3789,1.);
#2226=VECTOR('',#3794,1.);
#2227=VECTOR('',#3795,1.);
#2228=VECTOR('',#3798,1.);
#2229=VECTOR('',#3799,1.);
#2230=VECTOR('',#3804,1.);
#2231=VECTOR('',#3805,1.);
#2232=VECTOR('',#3808,1.);
#2233=VECTOR('',#3809,1.);
#2234=VECTOR('',#3814,1.);
#2235=VECTOR('',#3815,1.);
#2236=VECTOR('',#3818,1.);
#2237=VECTOR('',#3819,1.);
#2238=VECTOR('',#3824,1.);
#2239=VECTOR('',#3825,1.);
#2240=VECTOR('',#3828,1.);
#2241=VECTOR('',#3829,1.);
#2242=VECTOR('',#3834,1.);
#2243=VECTOR('',#3835,1.);
#2244=VECTOR('',#3838,1.);
#2245=VECTOR('',#3839,1.);
#2246=VECTOR('',#3844,1.);
#2247=VECTOR('',#3845,1.);
#2248=VECTOR('',#3848,1.);
#2249=VECTOR('',#3849,1.);
#2250=VECTOR('',#3854,1.);
#2251=VECTOR('',#3855,1.);
#2252=VECTOR('',#3858,1.);
#2253=VECTOR('',#3859,1.);
#2254=EDGE_LOOP('',(#358,#359,#360,#361));
#2255=EDGE_LOOP('',(#362,#363,#364,#365));
#2256=EDGE_LOOP('',(#366,#367,#368,#369));
#2257=EDGE_LOOP('',(#370,#371,#372,#373));
#2258=EDGE_LOOP('',(#374,#375,#376,#377));
#2259=EDGE_LOOP('',(#378,#379,#380,#381));
#2260=EDGE_LOOP('',(#382,#383,#384,#385));
#2261=EDGE_LOOP('',(#386,#387,#388,#389));
#2262=EDGE_LOOP('',(#390,#391,#392,#393));
#2263=EDGE_LOOP('',(#394,#395,#396,#397));
#2264=EDGE_LOOP('',(#398,#399,#400,#401));
#2265=EDGE_LOOP('',(#402,#403,#404,#405));
#2266=EDGE_LOOP('',(#406,#407,#408,#409));
#2267=EDGE_LOOP('',(#410,#411,#412,#413));
#2268=EDGE_LOOP('',(#414,#415,#416,#417));
#2269=EDGE_LOOP('',(#418,#419,#420,#421));
#2270=EDGE_LOOP('',(#422,#423,#424,#425));
#2271=EDGE_LOOP('',(#426,#427,#428,#429));
#2272=EDGE_LOOP('',(#430,#431,#432,#433));
#2273=EDGE_LOOP('',(#434,#435,#436,#437));
#2274=EDGE_LOOP('',(#438,#439,#440,#441));
#2275=EDGE_LOOP('',(#442,#443,#444,#445));
#2276=EDGE_LOOP('',(#446,#447,#448,#449));
#2277=EDGE_LOOP('',(#450));
#2278=EDGE_LOOP('',(#451,#452,#453,#454,#455,#456,#457,#458,#459,#460,#461,
#462,#463,#464,#465,#466,#467,#468,#469,#470,#471,#472,#473,#474,#475,#476,
#477,#478,#479,#480,#481,#482,#483,#484,#485,#486,#487,#488,#489,#490,#491,
#492,#493,#494,#495,#496,#497,#498,#499,#500,#501,#502,#503,#504,#505,#506,
#507,#508,#509,#510,#511,#512,#513,#514,#515,#516,#517,#518,#519,#520,#521,
#522,#523,#524,#525,#526,#527,#528,#529,#530,#531,#532,#533,#534,#535,#536,
#537,#538,#539,#540,#541,#542,#543,#544,#545,#546,#547,#548,#549,#550,#551,
#552,#553,#554,#555,#556,#557,#558,#559,#560,#561,#562,#563,#564,#565,#566,
#567,#568,#569,#570,#571,#572,#573,#574,#575,#576,#577,#578,#579,#580,#581,
#582,#583,#584,#585,#586,#587,#588,#589,#590,#591,#592,#593,#594));
#2279=EDGE_LOOP('',(#595,#596,#597,#598));
#2280=EDGE_LOOP('',(#599));
#2281=EDGE_LOOP('',(#600,#601,#602,#603,#604,#605,#606,#607,#608,#609,#610,
#611,#612,#613,#614,#615,#616,#617,#618,#619,#620,#621,#622,#623,#624,#625,
#626,#627,#628,#629,#630,#631,#632,#633,#634,#635,#636,#637,#638,#639,#640,
#641,#642,#643,#644,#645,#646,#647,#648,#649,#650,#651,#652,#653,#654,#655,
#656,#657,#658,#659,#660,#661,#662,#663,#664,#665,#666,#667,#668,#669,#670,
#671,#672,#673,#674,#675,#676,#677,#678,#679,#680,#681,#682,#683,#684,#685,
#686,#687,#688,#689,#690,#691,#692,#693,#694,#695,#696,#697,#698,#699,#700,
#701,#702,#703,#704,#705,#706,#707,#708,#709,#710,#711,#712,#713,#714,#715,
#716,#717,#718,#719,#720,#721,#722,#723,#724,#725,#726,#727,#728,#729,#730,
#731,#732,#733,#734,#735,#736,#737,#738,#739,#740,#741,#742,#743));
#2282=EDGE_LOOP('',(#744,#745,#746,#747));
#2283=EDGE_LOOP('',(#748,#749,#750,#751));
#2284=EDGE_LOOP('',(#752,#753,#754,#755));
#2285=EDGE_LOOP('',(#756,#757,#758,#759));
#2286=EDGE_LOOP('',(#760,#761,#762,#763));
#2287=EDGE_LOOP('',(#764,#765,#766,#767));
#2288=EDGE_LOOP('',(#768,#769,#770,#771));
#2289=EDGE_LOOP('',(#772,#773,#774,#775));
#2290=EDGE_LOOP('',(#776,#777,#778,#779));
#2291=EDGE_LOOP('',(#780,#781,#782,#783));
#2292=EDGE_LOOP('',(#784,#785,#786,#787));
#2293=EDGE_LOOP('',(#788,#789,#790,#791));
#2294=EDGE_LOOP('',(#792,#793,#794,#795));
#2295=EDGE_LOOP('',(#796,#797,#798,#799));
#2296=EDGE_LOOP('',(#800,#801,#802,#803));
#2297=EDGE_LOOP('',(#804,#805,#806,#807));
#2298=EDGE_LOOP('',(#808,#809,#810,#811));
#2299=EDGE_LOOP('',(#812,#813,#814,#815));
#2300=EDGE_LOOP('',(#816,#817,#818,#819));
#2301=EDGE_LOOP('',(#820,#821,#822,#823));
#2302=EDGE_LOOP('',(#824,#825,#826,#827));
#2303=EDGE_LOOP('',(#828,#829,#830,#831));
#2304=EDGE_LOOP('',(#832,#833,#834,#835));
#2305=EDGE_LOOP('',(#836,#837,#838,#839));
#2306=EDGE_LOOP('',(#840,#841,#842,#843));
#2307=EDGE_LOOP('',(#844,#845,#846,#847));
#2308=EDGE_LOOP('',(#848,#849,#850,#851));
#2309=EDGE_LOOP('',(#852,#853,#854,#855));
#2310=EDGE_LOOP('',(#856,#857,#858,#859));
#2311=EDGE_LOOP('',(#860,#861,#862,#863));
#2312=EDGE_LOOP('',(#864,#865,#866,#867));
#2313=EDGE_LOOP('',(#868,#869,#870,#871));
#2314=EDGE_LOOP('',(#872,#873,#874,#875));
#2315=EDGE_LOOP('',(#876,#877,#878,#879));
#2316=EDGE_LOOP('',(#880,#881,#882,#883));
#2317=EDGE_LOOP('',(#884,#885,#886,#887));
#2318=EDGE_LOOP('',(#888,#889,#890,#891));
#2319=EDGE_LOOP('',(#892,#893,#894,#895));
#2320=EDGE_LOOP('',(#896,#897,#898,#899));
#2321=EDGE_LOOP('',(#900,#901,#902,#903));
#2322=EDGE_LOOP('',(#904,#905,#906,#907));
#2323=EDGE_LOOP('',(#908,#909,#910,#911));
#2324=EDGE_LOOP('',(#912,#913,#914,#915));
#2325=EDGE_LOOP('',(#916,#917,#918,#919));
#2326=EDGE_LOOP('',(#920,#921,#922,#923));
#2327=EDGE_LOOP('',(#924,#925,#926,#927));
#2328=EDGE_LOOP('',(#928,#929,#930,#931));
#2329=EDGE_LOOP('',(#932,#933,#934,#935));
#2330=EDGE_LOOP('',(#936,#937,#938,#939));
#2331=EDGE_LOOP('',(#940,#941,#942,#943));
#2332=EDGE_LOOP('',(#944,#945,#946,#947));
#2333=EDGE_LOOP('',(#948,#949,#950,#951));
#2334=EDGE_LOOP('',(#952,#953,#954,#955));
#2335=EDGE_LOOP('',(#956,#957,#958,#959));
#2336=EDGE_LOOP('',(#960,#961,#962,#963));
#2337=EDGE_LOOP('',(#964,#965,#966,#967));
#2338=EDGE_LOOP('',(#968,#969,#970,#971));
#2339=EDGE_LOOP('',(#972,#973,#974,#975));
#2340=EDGE_LOOP('',(#976,#977,#978,#979));
#2341=EDGE_LOOP('',(#980,#981,#982,#983));
#2342=EDGE_LOOP('',(#984,#985,#986,#987));
#2343=EDGE_LOOP('',(#988,#989,#990,#991));
#2344=EDGE_LOOP('',(#992,#993,#994,#995));
#2345=EDGE_LOOP('',(#996,#997,#998,#999));
#2346=EDGE_LOOP('',(#1000,#1001,#1002,#1003));
#2347=EDGE_LOOP('',(#1004,#1005,#1006,#1007));
#2348=EDGE_LOOP('',(#1008,#1009,#1010,#1011));
#2349=EDGE_LOOP('',(#1012,#1013,#1014,#1015));
#2350=EDGE_LOOP('',(#1016,#1017,#1018,#1019));
#2351=EDGE_LOOP('',(#1020,#1021,#1022,#1023));
#2352=EDGE_LOOP('',(#1024,#1025,#1026,#1027));
#2353=EDGE_LOOP('',(#1028,#1029,#1030,#1031));
#2354=EDGE_LOOP('',(#1032,#1033,#1034,#1035));
#2355=EDGE_LOOP('',(#1036,#1037,#1038,#1039));
#2356=EDGE_LOOP('',(#1040,#1041,#1042,#1043));
#2357=EDGE_LOOP('',(#1044,#1045,#1046,#1047));
#2358=EDGE_LOOP('',(#1048,#1049,#1050,#1051));
#2359=EDGE_LOOP('',(#1052,#1053,#1054,#1055));
#2360=EDGE_LOOP('',(#1056,#1057,#1058,#1059));
#2361=EDGE_LOOP('',(#1060,#1061,#1062,#1063));
#2362=EDGE_LOOP('',(#1064,#1065,#1066,#1067));
#2363=EDGE_LOOP('',(#1068,#1069,#1070,#1071));
#2364=EDGE_LOOP('',(#1072,#1073,#1074,#1075));
#2365=EDGE_LOOP('',(#1076,#1077,#1078,#1079));
#2366=EDGE_LOOP('',(#1080,#1081,#1082,#1083));
#2367=EDGE_LOOP('',(#1084,#1085,#1086,#1087));
#2368=EDGE_LOOP('',(#1088,#1089,#1090,#1091));
#2369=EDGE_LOOP('',(#1092,#1093,#1094,#1095));
#2370=EDGE_LOOP('',(#1096,#1097,#1098,#1099));
#2371=EDGE_LOOP('',(#1100,#1101,#1102,#1103));
#2372=EDGE_LOOP('',(#1104,#1105,#1106,#1107));
#2373=EDGE_LOOP('',(#1108,#1109,#1110,#1111));
#2374=EDGE_LOOP('',(#1112,#1113,#1114,#1115));
#2375=EDGE_LOOP('',(#1116,#1117,#1118,#1119));
#2376=EDGE_LOOP('',(#1120,#1121,#1122,#1123));
#2377=EDGE_LOOP('',(#1124,#1125,#1126,#1127));
#2378=EDGE_LOOP('',(#1128,#1129,#1130,#1131));
#2379=EDGE_LOOP('',(#1132,#1133,#1134,#1135));
#2380=EDGE_LOOP('',(#1136,#1137,#1138,#1139));
#2381=EDGE_LOOP('',(#1140,#1141,#1142,#1143));
#2382=EDGE_LOOP('',(#1144,#1145,#1146,#1147));
#2383=EDGE_LOOP('',(#1148,#1149,#1150,#1151));
#2384=EDGE_LOOP('',(#1152,#1153,#1154,#1155));
#2385=EDGE_LOOP('',(#1156,#1157,#1158,#1159));
#2386=EDGE_LOOP('',(#1160,#1161,#1162,#1163));
#2387=EDGE_LOOP('',(#1164,#1165,#1166,#1167));
#2388=EDGE_LOOP('',(#1168,#1169,#1170,#1171));
#2389=EDGE_LOOP('',(#1172,#1173,#1174,#1175));
#2390=EDGE_LOOP('',(#1176,#1177,#1178,#1179));
#2391=EDGE_LOOP('',(#1180,#1181,#1182,#1183));
#2392=EDGE_LOOP('',(#1184,#1185,#1186,#1187));
#2393=EDGE_LOOP('',(#1188,#1189,#1190,#1191));
#2394=EDGE_LOOP('',(#1192,#1193,#1194,#1195));
#2395=EDGE_LOOP('',(#1196,#1197,#1198,#1199));
#2396=EDGE_LOOP('',(#1200,#1201,#1202,#1203));
#2397=EDGE_LOOP('',(#1204,#1205,#1206,#1207));
#2398=EDGE_LOOP('',(#1208,#1209,#1210,#1211));
#2399=EDGE_LOOP('',(#1212,#1213,#1214,#1215));
#2400=EDGE_LOOP('',(#1216,#1217,#1218,#1219));
#2401=EDGE_LOOP('',(#1220,#1221,#1222,#1223));
#2402=EDGE_LOOP('',(#1224));
#2403=EDGE_LOOP('',(#1225));
#2404=EDGE_LOOP('',(#1226));
#2405=EDGE_LOOP('',(#1227));
#2406=EDGE_LOOP('',(#1228));
#2407=EDGE_LOOP('',(#1229));
#2408=EDGE_LOOP('',(#1230));
#2409=EDGE_LOOP('',(#1231));
#2410=EDGE_LOOP('',(#1232));
#2411=EDGE_LOOP('',(#1233));
#2412=FACE_BOUND('',#2254,.T.);
#2413=FACE_BOUND('',#2255,.T.);
#2414=FACE_BOUND('',#2256,.T.);
#2415=FACE_BOUND('',#2257,.T.);
#2416=FACE_BOUND('',#2258,.T.);
#2417=FACE_BOUND('',#2259,.T.);
#2418=FACE_BOUND('',#2260,.T.);
#2419=FACE_BOUND('',#2261,.T.);
#2420=FACE_BOUND('',#2262,.T.);
#2421=FACE_BOUND('',#2263,.T.);
#2422=FACE_BOUND('',#2264,.T.);
#2423=FACE_BOUND('',#2265,.T.);
#2424=FACE_BOUND('',#2266,.T.);
#2425=FACE_BOUND('',#2267,.T.);
#2426=FACE_BOUND('',#2268,.T.);
#2427=FACE_BOUND('',#2269,.T.);
#2428=FACE_BOUND('',#2270,.T.);
#2429=FACE_BOUND('',#2271,.T.);
#2430=FACE_BOUND('',#2272,.T.);
#2431=FACE_BOUND('',#2273,.T.);
#2432=FACE_BOUND('',#2274,.T.);
#2433=FACE_BOUND('',#2275,.T.);
#2434=FACE_BOUND('',#2276,.T.);
#2435=FACE_BOUND('',#2277,.T.);
#2436=FACE_BOUND('',#2278,.T.);
#2437=FACE_BOUND('',#2279,.T.);
#2438=FACE_BOUND('',#2280,.T.);
#2439=FACE_BOUND('',#2281,.T.);
#2440=FACE_BOUND('',#2282,.T.);
#2441=FACE_BOUND('',#2283,.T.);
#2442=FACE_BOUND('',#2284,.T.);
#2443=FACE_BOUND('',#2285,.T.);
#2444=FACE_BOUND('',#2286,.T.);
#2445=FACE_BOUND('',#2287,.T.);
#2446=FACE_BOUND('',#2288,.T.);
#2447=FACE_BOUND('',#2289,.T.);
#2448=FACE_BOUND('',#2290,.T.);
#2449=FACE_BOUND('',#2291,.T.);
#2450=FACE_BOUND('',#2292,.T.);
#2451=FACE_BOUND('',#2293,.T.);
#2452=FACE_BOUND('',#2294,.T.);
#2453=FACE_BOUND('',#2295,.T.);
#2454=FACE_BOUND('',#2296,.T.);
#2455=FACE_BOUND('',#2297,.T.);
#2456=FACE_BOUND('',#2298,.T.);
#2457=FACE_BOUND('',#2299,.T.);
#2458=FACE_BOUND('',#2300,.T.);
#2459=FACE_BOUND('',#2301,.T.);
#2460=FACE_BOUND('',#2302,.T.);
#2461=FACE_BOUND('',#2303,.T.);
#2462=FACE_BOUND('',#2304,.T.);
#2463=FACE_BOUND('',#2305,.T.);
#2464=FACE_BOUND('',#2306,.T.);
#2465=FACE_BOUND('',#2307,.T.);
#2466=FACE_BOUND('',#2308,.T.);
#2467=FACE_BOUND('',#2309,.T.);
#2468=FACE_BOUND('',#2310,.T.);
#2469=FACE_BOUND('',#2311,.T.);
#2470=FACE_BOUND('',#2312,.T.);
#2471=FACE_BOUND('',#2313,.T.);
#2472=FACE_BOUND('',#2314,.T.);
#2473=FACE_BOUND('',#2315,.T.);
#2474=FACE_BOUND('',#2316,.T.);
#2475=FACE_BOUND('',#2317,.T.);
#2476=FACE_BOUND('',#2318,.T.);
#2477=FACE_BOUND('',#2319,.T.);
#2478=FACE_BOUND('',#2320,.T.);
#2479=FACE_BOUND('',#2321,.T.);
#2480=FACE_BOUND('',#2322,.T.);
#2481=FACE_BOUND('',#2323,.T.);
#2482=FACE_BOUND('',#2324,.T.);
#2483=FACE_BOUND('',#2325,.T.);
#2484=FACE_BOUND('',#2326,.T.);
#2485=FACE_BOUND('',#2327,.T.);
#2486=FACE_BOUND('',#2328,.T.);
#2487=FACE_BOUND('',#2329,.T.);
#2488=FACE_BOUND('',#2330,.T.);
#2489=FACE_BOUND('',#2331,.T.);
#2490=FACE_BOUND('',#2332,.T.);
#2491=FACE_BOUND('',#2333,.T.);
#2492=FACE_BOUND('',#2334,.T.);
#2493=FACE_BOUND('',#2335,.T.);
#2494=FACE_BOUND('',#2336,.T.);
#2495=FACE_BOUND('',#2337,.T.);
#2496=FACE_BOUND('',#2338,.T.);
#2497=FACE_BOUND('',#2339,.T.);
#2498=FACE_BOUND('',#2340,.T.);
#2499=FACE_BOUND('',#2341,.T.);
#2500=FACE_BOUND('',#2342,.T.);
#2501=FACE_BOUND('',#2343,.T.);
#2502=FACE_BOUND('',#2344,.T.);
#2503=FACE_BOUND('',#2345,.T.);
#2504=FACE_BOUND('',#2346,.T.);
#2505=FACE_BOUND('',#2347,.T.);
#2506=FACE_BOUND('',#2348,.T.);
#2507=FACE_BOUND('',#2349,.T.);
#2508=FACE_BOUND('',#2350,.T.);
#2509=FACE_BOUND('',#2351,.T.);
#2510=FACE_BOUND('',#2352,.T.);
#2511=FACE_BOUND('',#2353,.T.);
#2512=FACE_BOUND('',#2354,.T.);
#2513=FACE_BOUND('',#2355,.T.);
#2514=FACE_BOUND('',#2356,.T.);
#2515=FACE_BOUND('',#2357,.T.);
#2516=FACE_BOUND('',#2358,.T.);
#2517=FACE_BOUND('',#2359,.T.);
#2518=FACE_BOUND('',#2360,.T.);
#2519=FACE_BOUND('',#2361,.T.);
#2520=FACE_BOUND('',#2362,.T.);
#2521=FACE_BOUND('',#2363,.T.);
#2522=FACE_BOUND('',#2364,.T.);
#2523=FACE_BOUND('',#2365,.T.);
#2524=FACE_BOUND('',#2366,.T.);
#2525=FACE_BOUND('',#2367,.T.);
#2526=FACE_BOUND('',#2368,.T.);
#2527=FACE_BOUND('',#2369,.T.);
#2528=FACE_BOUND('',#2370,.T.);
#2529=FACE_BOUND('',#2371,.T.);
#2530=FACE_BOUND('',#2372,.T.);
#2531=FACE_BOUND('',#2373,.T.);
#2532=FACE_BOUND('',#2374,.T.);
#2533=FACE_BOUND('',#2375,.T.);
#2534=FACE_BOUND('',#2376,.T.);
#2535=FACE_BOUND('',#2377,.T.);
#2536=FACE_BOUND('',#2378,.T.);
#2537=FACE_BOUND('',#2379,.T.);
#2538=FACE_BOUND('',#2380,.T.);
#2539=FACE_BOUND('',#2381,.T.);
#2540=FACE_BOUND('',#2382,.T.);
#2541=FACE_BOUND('',#2383,.T.);
#2542=FACE_BOUND('',#2384,.T.);
#2543=FACE_BOUND('',#2385,.T.);
#2544=FACE_BOUND('',#2386,.T.);
#2545=FACE_BOUND('',#2387,.T.);
#2546=FACE_BOUND('',#2388,.T.);
#2547=FACE_BOUND('',#2389,.T.);
#2548=FACE_BOUND('',#2390,.T.);
#2549=FACE_BOUND('',#2391,.T.);
#2550=FACE_BOUND('',#2392,.T.);
#2551=FACE_BOUND('',#2393,.T.);
#2552=FACE_BOUND('',#2394,.T.);
#2553=FACE_BOUND('',#2395,.T.);
#2554=FACE_BOUND('',#2396,.T.);
#2555=FACE_BOUND('',#2397,.T.);
#2556=FACE_BOUND('',#2398,.T.);
#2557=FACE_BOUND('',#2399,.T.);
#2558=FACE_BOUND('',#2400,.T.);
#2559=FACE_BOUND('',#2401,.T.);
#2560=FACE_BOUND('',#2402,.T.);
#2561=FACE_BOUND('',#2403,.T.);
#2562=FACE_BOUND('',#2404,.T.);
#2563=FACE_BOUND('',#2405,.T.);
#2564=FACE_BOUND('',#2406,.T.);
#2565=FACE_BOUND('',#2407,.T.);
#2566=FACE_BOUND('',#2408,.T.);
#2567=FACE_BOUND('',#2409,.T.);
#2568=FACE_BOUND('',#2410,.T.);
#2569=FACE_BOUND('',#2411,.T.);
#2570=CYLINDRICAL_SURFACE('',#2833,0.0325);
#2571=CYLINDRICAL_SURFACE('',#2836,0.0325);
#2572=CYLINDRICAL_SURFACE('',#2839,0.0325);
#2573=CYLINDRICAL_SURFACE('',#2842,0.0325);
#2574=CYLINDRICAL_SURFACE('',#2845,0.0325);
#2575=CYLINDRICAL_SURFACE('',#2848,0.0325);
#2576=CYLINDRICAL_SURFACE('',#2851,0.0325);
#2577=CYLINDRICAL_SURFACE('',#2854,0.0325);
#2578=CYLINDRICAL_SURFACE('',#2857,0.0325);
#2579=CYLINDRICAL_SURFACE('',#2860,0.0325);
#2580=CYLINDRICAL_SURFACE('',#2863,0.0325);
#2581=CYLINDRICAL_SURFACE('',#2866,0.0325);
#2582=CYLINDRICAL_SURFACE('',#2869,0.0325);
#2583=CYLINDRICAL_SURFACE('',#2872,0.0325);
#2584=CYLINDRICAL_SURFACE('',#2875,0.0325);
#2585=CYLINDRICAL_SURFACE('',#2878,0.0325);
#2586=CYLINDRICAL_SURFACE('',#2881,0.0325);
#2587=CYLINDRICAL_SURFACE('',#2884,0.0325);
#2588=CYLINDRICAL_SURFACE('',#2887,0.0325);
#2589=CYLINDRICAL_SURFACE('',#2890,0.0325);
#2590=CYLINDRICAL_SURFACE('',#2893,0.0325);
#2591=CYLINDRICAL_SURFACE('',#2896,0.0325);
#2592=CYLINDRICAL_SURFACE('',#2899,0.0325);
#2593=CYLINDRICAL_SURFACE('',#2977,0.0325);
#2594=CYLINDRICAL_SURFACE('',#3053,0.0268749999999981);
#2595=CYLINDRICAL_SURFACE('',#3054,0.000723633188762164);
#2596=CYLINDRICAL_SURFACE('',#3055,0.000723633188762164);
#2597=CYLINDRICAL_SURFACE('',#3056,0.0268749999999981);
#2598=CYLINDRICAL_SURFACE('',#3057,0.000723633188762164);
#2599=CYLINDRICAL_SURFACE('',#3058,0.000723633188762164);
#2600=CYLINDRICAL_SURFACE('',#3059,0.0268749999999981);
#2601=CYLINDRICAL_SURFACE('',#3060,0.000723633188762164);
#2602=CYLINDRICAL_SURFACE('',#3061,0.000723633188762164);
#2603=CYLINDRICAL_SURFACE('',#3062,0.0268749999999981);
#2604=CYLINDRICAL_SURFACE('',#3063,0.000723633188762164);
#2605=CYLINDRICAL_SURFACE('',#3064,0.000723633188762164);
#2606=CYLINDRICAL_SURFACE('',#3065,0.0268749999999981);
#2607=CYLINDRICAL_SURFACE('',#3066,0.000723633188762164);
#2608=CYLINDRICAL_SURFACE('',#3067,0.000723633188762164);
#2609=CYLINDRICAL_SURFACE('',#3068,0.0268749999999981);
#2610=CYLINDRICAL_SURFACE('',#3069,0.000723633188762164);
#2611=CYLINDRICAL_SURFACE('',#3070,0.000723633188762164);
#2612=CYLINDRICAL_SURFACE('',#3071,0.0268749999999981);
#2613=CYLINDRICAL_SURFACE('',#3072,0.000723633188762164);
#2614=CYLINDRICAL_SURFACE('',#3073,0.000723633188762164);
#2615=CYLINDRICAL_SURFACE('',#3074,0.0268749999999981);
#2616=CYLINDRICAL_SURFACE('',#3075,0.000723633188762164);
#2617=CYLINDRICAL_SURFACE('',#3076,0.000723633188762164);
#2618=CYLINDRICAL_SURFACE('',#3077,0.0268749999999981);
#2619=CYLINDRICAL_SURFACE('',#3078,0.000723633188762164);
#2620=CYLINDRICAL_SURFACE('',#3079,0.000723633188762164);
#2621=CYLINDRICAL_SURFACE('',#3080,0.0268749999999981);
#2622=CYLINDRICAL_SURFACE('',#3081,0.000723633188762164);
#2623=CYLINDRICAL_SURFACE('',#3082,0.000723633188762164);
#2624=CYLINDRICAL_SURFACE('',#3083,0.0268749999999981);
#2625=CYLINDRICAL_SURFACE('',#3084,0.000723633188762164);
#2626=CYLINDRICAL_SURFACE('',#3085,0.000723633188762164);
#2627=CYLINDRICAL_SURFACE('',#3086,0.0268749999999981);
#2628=CYLINDRICAL_SURFACE('',#3087,0.000723633188762164);
#2629=CYLINDRICAL_SURFACE('',#3088,0.000723633188762164);
#2630=CYLINDRICAL_SURFACE('',#3089,0.0268749999999981);
#2631=CYLINDRICAL_SURFACE('',#3090,0.000723633188762164);
#2632=CYLINDRICAL_SURFACE('',#3091,0.000723633188762164);
#2633=CYLINDRICAL_SURFACE('',#3092,0.0268749999999981);
#2634=CYLINDRICAL_SURFACE('',#3093,0.000723633188762164);
#2635=CYLINDRICAL_SURFACE('',#3094,0.000723633188762164);
#2636=CYLINDRICAL_SURFACE('',#3095,0.0268749999999981);
#2637=CYLINDRICAL_SURFACE('',#3096,0.000723633188762164);
#2638=CYLINDRICAL_SURFACE('',#3097,0.000723633188762164);
#2639=CYLINDRICAL_SURFACE('',#3098,0.0268749999999981);
#2640=CYLINDRICAL_SURFACE('',#3099,0.000723633188762164);
#2641=CYLINDRICAL_SURFACE('',#3100,0.000723633188762164);
#2642=CYLINDRICAL_SURFACE('',#3101,0.0268749999999981);
#2643=CYLINDRICAL_SURFACE('',#3102,0.000723633188762164);
#2644=CYLINDRICAL_SURFACE('',#3103,0.000723633188762164);
#2645=CYLINDRICAL_SURFACE('',#3104,0.0268749999999981);
#2646=CYLINDRICAL_SURFACE('',#3105,0.000723633188762164);
#2647=CYLINDRICAL_SURFACE('',#3106,0.000723633188762164);
#2648=CYLINDRICAL_SURFACE('',#3107,0.0268749999999981);
#2649=CYLINDRICAL_SURFACE('',#3108,0.000723633188762164);
#2650=CYLINDRICAL_SURFACE('',#3109,0.000723633188762164);
#2651=CYLINDRICAL_SURFACE('',#3110,0.0268749999999981);
#2652=CYLINDRICAL_SURFACE('',#3111,0.000723633188762164);
#2653=CYLINDRICAL_SURFACE('',#3112,0.000723633188762164);
#2654=CYLINDRICAL_SURFACE('',#3113,0.0268749999999981);
#2655=CYLINDRICAL_SURFACE('',#3114,0.000723633188762164);
#2656=CYLINDRICAL_SURFACE('',#3115,0.000723633188762164);
#2657=CYLINDRICAL_SURFACE('',#3116,0.0268749999999981);
#2658=CYLINDRICAL_SURFACE('',#3117,0.000723633188762164);
#2659=CYLINDRICAL_SURFACE('',#3118,0.000723633188762164);
#2660=CYLINDRICAL_SURFACE('',#3119,0.0268749999999981);
#2661=CYLINDRICAL_SURFACE('',#3120,0.000723633188762164);
#2662=CYLINDRICAL_SURFACE('',#3121,0.000723633188762164);
#2663=CYLINDRICAL_SURFACE('',#3122,0.0268749999999981);
#2664=CYLINDRICAL_SURFACE('',#3123,0.000723633188762164);
#2665=CYLINDRICAL_SURFACE('',#3124,0.000723633188762164);
#2666=CYLINDRICAL_SURFACE('',#3128,0.005);
#2667=CYLINDRICAL_SURFACE('',#3129,0.00399);
#2668=CYLINDRICAL_SURFACE('',#3133,0.002125);
#2669=ADVANCED_FACE('',(#2412),#2570,.T.);
#2670=ADVANCED_FACE('',(#2413),#2571,.T.);
#2671=ADVANCED_FACE('',(#2414),#2572,.T.);
#2672=ADVANCED_FACE('',(#2415),#2573,.T.);
#2673=ADVANCED_FACE('',(#2416),#2574,.T.);
#2674=ADVANCED_FACE('',(#2417),#2575,.T.);
#2675=ADVANCED_FACE('',(#2418),#2576,.T.);
#2676=ADVANCED_FACE('',(#2419),#2577,.T.);
#2677=ADVANCED_FACE('',(#2420),#2578,.T.);
#2678=ADVANCED_FACE('',(#2421),#2579,.T.);
#2679=ADVANCED_FACE('',(#2422),#2580,.T.);
#2680=ADVANCED_FACE('',(#2423),#2581,.T.);
#2681=ADVANCED_FACE('',(#2424),#2582,.T.);
#2682=ADVANCED_FACE('',(#2425),#2583,.T.);
#2683=ADVANCED_FACE('',(#2426),#2584,.T.);
#2684=ADVANCED_FACE('',(#2427),#2585,.T.);
#2685=ADVANCED_FACE('',(#2428),#2586,.T.);
#2686=ADVANCED_FACE('',(#2429),#2587,.T.);
#2687=ADVANCED_FACE('',(#2430),#2588,.T.);
#2688=ADVANCED_FACE('',(#2431),#2589,.T.);
#2689=ADVANCED_FACE('',(#2432),#2590,.T.);
#2690=ADVANCED_FACE('',(#2433),#2591,.T.);
#2691=ADVANCED_FACE('',(#2434),#2592,.T.);
#2692=ADVANCED_FACE('',(#2435,#2436),#156,.T.);
#2693=ADVANCED_FACE('',(#2437),#2593,.T.);
#2694=ADVANCED_FACE('',(#2438,#2439),#157,.F.);
#2695=ADVANCED_FACE('',(#2440),#12,.T.);
#2696=ADVANCED_FACE('',(#2441),#13,.F.);
#2697=ADVANCED_FACE('',(#2442),#2594,.T.);
#2698=ADVANCED_FACE('',(#2443),#2595,.F.);
#2699=ADVANCED_FACE('',(#2444),#2596,.F.);
#2700=ADVANCED_FACE('',(#2445),#14,.T.);
#2701=ADVANCED_FACE('',(#2446),#15,.F.);
#2702=ADVANCED_FACE('',(#2447),#2597,.T.);
#2703=ADVANCED_FACE('',(#2448),#2598,.F.);
#2704=ADVANCED_FACE('',(#2449),#2599,.F.);
#2705=ADVANCED_FACE('',(#2450),#16,.T.);
#2706=ADVANCED_FACE('',(#2451),#17,.F.);
#2707=ADVANCED_FACE('',(#2452),#2600,.T.);
#2708=ADVANCED_FACE('',(#2453),#2601,.F.);
#2709=ADVANCED_FACE('',(#2454),#2602,.F.);
#2710=ADVANCED_FACE('',(#2455),#18,.T.);
#2711=ADVANCED_FACE('',(#2456),#19,.F.);
#2712=ADVANCED_FACE('',(#2457),#2603,.T.);
#2713=ADVANCED_FACE('',(#2458),#2604,.F.);
#2714=ADVANCED_FACE('',(#2459),#2605,.F.);
#2715=ADVANCED_FACE('',(#2460),#20,.T.);
#2716=ADVANCED_FACE('',(#2461),#21,.F.);
#2717=ADVANCED_FACE('',(#2462),#2606,.T.);
#2718=ADVANCED_FACE('',(#2463),#2607,.F.);
#2719=ADVANCED_FACE('',(#2464),#2608,.F.);
#2720=ADVANCED_FACE('',(#2465),#22,.T.);
#2721=ADVANCED_FACE('',(#2466),#23,.F.);
#2722=ADVANCED_FACE('',(#2467),#2609,.T.);
#2723=ADVANCED_FACE('',(#2468),#2610,.F.);
#2724=ADVANCED_FACE('',(#2469),#2611,.F.);
#2725=ADVANCED_FACE('',(#2470),#24,.T.);
#2726=ADVANCED_FACE('',(#2471),#25,.F.);
#2727=ADVANCED_FACE('',(#2472),#2612,.T.);
#2728=ADVANCED_FACE('',(#2473),#2613,.F.);
#2729=ADVANCED_FACE('',(#2474),#2614,.F.);
#2730=ADVANCED_FACE('',(#2475),#26,.T.);
#2731=ADVANCED_FACE('',(#2476),#27,.F.);
#2732=ADVANCED_FACE('',(#2477),#2615,.T.);
#2733=ADVANCED_FACE('',(#2478),#2616,.F.);
#2734=ADVANCED_FACE('',(#2479),#2617,.F.);
#2735=ADVANCED_FACE('',(#2480),#28,.T.);
#2736=ADVANCED_FACE('',(#2481),#29,.F.);
#2737=ADVANCED_FACE('',(#2482),#2618,.T.);
#2738=ADVANCED_FACE('',(#2483),#2619,.F.);
#2739=ADVANCED_FACE('',(#2484),#2620,.F.);
#2740=ADVANCED_FACE('',(#2485),#30,.T.);
#2741=ADVANCED_FACE('',(#2486),#31,.F.);
#2742=ADVANCED_FACE('',(#2487),#2621,.T.);
#2743=ADVANCED_FACE('',(#2488),#2622,.F.);
#2744=ADVANCED_FACE('',(#2489),#2623,.F.);
#2745=ADVANCED_FACE('',(#2490),#32,.T.);
#2746=ADVANCED_FACE('',(#2491),#33,.F.);
#2747=ADVANCED_FACE('',(#2492),#2624,.T.);
#2748=ADVANCED_FACE('',(#2493),#2625,.F.);
#2749=ADVANCED_FACE('',(#2494),#2626,.F.);
#2750=ADVANCED_FACE('',(#2495),#34,.T.);
#2751=ADVANCED_FACE('',(#2496),#35,.F.);
#2752=ADVANCED_FACE('',(#2497),#2627,.T.);
#2753=ADVANCED_FACE('',(#2498),#2628,.F.);
#2754=ADVANCED_FACE('',(#2499),#2629,.F.);
#2755=ADVANCED_FACE('',(#2500),#36,.T.);
#2756=ADVANCED_FACE('',(#2501),#37,.F.);
#2757=ADVANCED_FACE('',(#2502),#2630,.T.);
#2758=ADVANCED_FACE('',(#2503),#2631,.F.);
#2759=ADVANCED_FACE('',(#2504),#2632,.F.);
#2760=ADVANCED_FACE('',(#2505),#38,.T.);
#2761=ADVANCED_FACE('',(#2506),#39,.F.);
#2762=ADVANCED_FACE('',(#2507),#2633,.T.);
#2763=ADVANCED_FACE('',(#2508),#2634,.F.);
#2764=ADVANCED_FACE('',(#2509),#2635,.F.);
#2765=ADVANCED_FACE('',(#2510),#40,.T.);
#2766=ADVANCED_FACE('',(#2511),#41,.F.);
#2767=ADVANCED_FACE('',(#2512),#2636,.T.);
#2768=ADVANCED_FACE('',(#2513),#2637,.F.);
#2769=ADVANCED_FACE('',(#2514),#2638,.F.);
#2770=ADVANCED_FACE('',(#2515),#42,.T.);
#2771=ADVANCED_FACE('',(#2516),#43,.F.);
#2772=ADVANCED_FACE('',(#2517),#2639,.T.);
#2773=ADVANCED_FACE('',(#2518),#2640,.F.);
#2774=ADVANCED_FACE('',(#2519),#2641,.F.);
#2775=ADVANCED_FACE('',(#2520),#44,.T.);
#2776=ADVANCED_FACE('',(#2521),#45,.F.);
#2777=ADVANCED_FACE('',(#2522),#2642,.T.);
#2778=ADVANCED_FACE('',(#2523),#2643,.F.);
#2779=ADVANCED_FACE('',(#2524),#2644,.F.);
#2780=ADVANCED_FACE('',(#2525),#46,.T.);
#2781=ADVANCED_FACE('',(#2526),#47,.F.);
#2782=ADVANCED_FACE('',(#2527),#2645,.T.);
#2783=ADVANCED_FACE('',(#2528),#2646,.F.);
#2784=ADVANCED_FACE('',(#2529),#2647,.F.);
#2785=ADVANCED_FACE('',(#2530),#48,.T.);
#2786=ADVANCED_FACE('',(#2531),#49,.F.);
#2787=ADVANCED_FACE('',(#2532),#2648,.T.);
#2788=ADVANCED_FACE('',(#2533),#2649,.F.);
#2789=ADVANCED_FACE('',(#2534),#2650,.F.);
#2790=ADVANCED_FACE('',(#2535),#50,.T.);
#2791=ADVANCED_FACE('',(#2536),#51,.F.);
#2792=ADVANCED_FACE('',(#2537),#2651,.T.);
#2793=ADVANCED_FACE('',(#2538),#2652,.F.);
#2794=ADVANCED_FACE('',(#2539),#2653,.F.);
#2795=ADVANCED_FACE('',(#2540),#52,.T.);
#2796=ADVANCED_FACE('',(#2541),#53,.F.);
#2797=ADVANCED_FACE('',(#2542),#2654,.T.);
#2798=ADVANCED_FACE('',(#2543),#2655,.F.);
#2799=ADVANCED_FACE('',(#2544),#2656,.F.);
#2800=ADVANCED_FACE('',(#2545),#54,.T.);
#2801=ADVANCED_FACE('',(#2546),#55,.F.);
#2802=ADVANCED_FACE('',(#2547),#2657,.T.);
#2803=ADVANCED_FACE('',(#2548),#2658,.F.);
#2804=ADVANCED_FACE('',(#2549),#2659,.F.);
#2805=ADVANCED_FACE('',(#2550),#56,.T.);
#2806=ADVANCED_FACE('',(#2551),#57,.F.);
#2807=ADVANCED_FACE('',(#2552),#2660,.T.);
#2808=ADVANCED_FACE('',(#2553),#2661,.F.);
#2809=ADVANCED_FACE('',(#2554),#2662,.F.);
#2810=ADVANCED_FACE('',(#2555),#58,.T.);
#2811=ADVANCED_FACE('',(#2556),#59,.F.);
#2812=ADVANCED_FACE('',(#2557),#2663,.T.);
#2813=ADVANCED_FACE('',(#2558),#2664,.F.);
#2814=ADVANCED_FACE('',(#2559),#2665,.F.);
#2815=ADVANCED_FACE('',(#2560,#2561),#158,.T.);
#2816=ADVANCED_FACE('',(#2562,#2563),#2666,.T.);
#2817=ADVANCED_FACE('',(#2564,#2565),#2667,.T.);
#2818=ADVANCED_FACE('',(#2566,#2567),#159,.T.);
#2819=ADVANCED_FACE('',(#2568,#2569),#2668,.F.);
#2820=CLOSED_SHELL('',(#2669,#2670,#2671,#2672,#2673,#2674,#2675,#2676,
#2677,#2678,#2679,#2680,#2681,#2682,#2683,#2684,#2685,#2686,#2687,#2688,
#2689,#2690,#2691,#2692,#2693,#2694,#2695,#2696,#2697,#2698,#2699,#2700,
#2701,#2702,#2703,#2704,#2705,#2706,#2707,#2708,#2709,#2710,#2711,#2712,
#2713,#2714,#2715,#2716,#2717,#2718,#2719,#2720,#2721,#2722,#2723,#2724,
#2725,#2726,#2727,#2728,#2729,#2730,#2731,#2732,#2733,#2734,#2735,#2736,
#2737,#2738,#2739,#2740,#2741,#2742,#2743,#2744,#2745,#2746,#2747,#2748,
#2749,#2750,#2751,#2752,#2753,#2754,#2755,#2756,#2757,#2758,#2759,#2760,
#2761,#2762,#2763,#2764,#2765,#2766,#2767,#2768,#2769,#2770,#2771,#2772,
#2773,#2774,#2775,#2776,#2777,#2778,#2779,#2780,#2781,#2782,#2783,#2784,
#2785,#2786,#2787,#2788,#2789,#2790,#2791,#2792,#2793,#2794,#2795,#2796,
#2797,#2798,#2799,#2800,#2801,#2802,#2803,#2804,#2805,#2806,#2807,#2808,
#2809,#2810,#2811,#2812,#2813,#2814,#2815,#2816,#2817,#2818,#2819));
#2821=STYLED_ITEM('',(#2822),#2829);
#2822=PRESENTATION_STYLE_ASSIGNMENT((#2823));
#2823=SURFACE_STYLE_USAGE(.BOTH.,#2824);
#2824=SURFACE_SIDE_STYLE('',(#2825));
#2825=SURFACE_STYLE_FILL_AREA(#2826);
#2826=FILL_AREA_STYLE('',(#2827));
#2827=FILL_AREA_STYLE_COLOUR('',#2828);
#2828=COLOUR_RGB('',0.615686274509804,0.811764705882353,0.929411764705882);
#2829=MANIFOLD_SOLID_BREP('Spur gear (24 teeth)',#2820);
#2830=SHAPE_DEFINITION_REPRESENTATION(#8660,#2831);
#2831=SHAPE_REPRESENTATION('Spur gear (24 teeth)',(#2832),#8655);
#2832=AXIS2_PLACEMENT_3D('',#3882,#3134,#3135);
#2833=AXIS2_PLACEMENT_3D('',#3883,#3136,#3137);
#2834=AXIS2_PLACEMENT_3D('',#3887,#3139,#3140);
#2835=AXIS2_PLACEMENT_3D('',#3891,#3142,#3143);
#2836=AXIS2_PLACEMENT_3D('',#3892,#3144,#3145);
#2837=AXIS2_PLACEMENT_3D('',#3893,#3146,#3147);
#2838=AXIS2_PLACEMENT_3D('',#3898,#3149,#3150);
#2839=AXIS2_PLACEMENT_3D('',#3901,#3152,#3153);
#2840=AXIS2_PLACEMENT_3D('',#3905,#3155,#3156);
#2841=AXIS2_PLACEMENT_3D('',#3909,#3158,#3159);
#2842=AXIS2_PLACEMENT_3D('',#3910,#3160,#3161);
#2843=AXIS2_PLACEMENT_3D('',#3911,#3162,#3163);
#2844=AXIS2_PLACEMENT_3D('',#3916,#3165,#3166);
#2845=AXIS2_PLACEMENT_3D('',#3919,#3168,#3169);
#2846=AXIS2_PLACEMENT_3D('',#3923,#3171,#3172);
#2847=AXIS2_PLACEMENT_3D('',#3927,#3174,#3175);
#2848=AXIS2_PLACEMENT_3D('',#3928,#3176,#3177);
#2849=AXIS2_PLACEMENT_3D('',#3932,#3179,#3180);
#2850=AXIS2_PLACEMENT_3D('',#3936,#3182,#3183);
#2851=AXIS2_PLACEMENT_3D('',#3937,#3184,#3185);
#2852=AXIS2_PLACEMENT_3D('',#3941,#3187,#3188);
#2853=AXIS2_PLACEMENT_3D('',#3945,#3190,#3191);
#2854=AXIS2_PLACEMENT_3D('',#3946,#3192,#3193);
#2855=AXIS2_PLACEMENT_3D('',#3947,#3194,#3195);
#2856=AXIS2_PLACEMENT_3D('',#3952,#3197,#3198);
#2857=AXIS2_PLACEMENT_3D('',#3955,#3200,#3201);
#2858=AXIS2_PLACEMENT_3D('',#3959,#3203,#3204);
#2859=AXIS2_PLACEMENT_3D('',#3963,#3206,#3207);
#2860=AXIS2_PLACEMENT_3D('',#3964,#3208,#3209);
#2861=AXIS2_PLACEMENT_3D('',#3968,#3211,#3212);
#2862=AXIS2_PLACEMENT_3D('',#3972,#3214,#3215);
#2863=AXIS2_PLACEMENT_3D('',#3973,#3216,#3217);
#2864=AXIS2_PLACEMENT_3D('',#3977,#3219,#3220);
#2865=AXIS2_PLACEMENT_3D('',#3981,#3222,#3223);
#2866=AXIS2_PLACEMENT_3D('',#3982,#3224,#3225);
#2867=AXIS2_PLACEMENT_3D('',#3986,#3227,#3228);
#2868=AXIS2_PLACEMENT_3D('',#3990,#3230,#3231);
#2869=AXIS2_PLACEMENT_3D('',#3991,#3232,#3233);
#2870=AXIS2_PLACEMENT_3D('',#3995,#3235,#3236);
#2871=AXIS2_PLACEMENT_3D('',#3999,#3238,#3239);
#2872=AXIS2_PLACEMENT_3D('',#4000,#3240,#3241);
#2873=AXIS2_PLACEMENT_3D('',#4001,#3242,#3243);
#2874=AXIS2_PLACEMENT_3D('',#4006,#3245,#3246);
#2875=AXIS2_PLACEMENT_3D('',#4009,#3248,#3249);
#2876=AXIS2_PLACEMENT_3D('',#4013,#3251,#3252);
#2877=AXIS2_PLACEMENT_3D('',#4017,#3254,#3255);
#2878=AXIS2_PLACEMENT_3D('',#4018,#3256,#3257);
#2879=AXIS2_PLACEMENT_3D('',#4019,#3258,#3259);
#2880=AXIS2_PLACEMENT_3D('',#4024,#3261,#3262);
#2881=AXIS2_PLACEMENT_3D('',#4027,#3264,#3265);
#2882=AXIS2_PLACEMENT_3D('',#4031,#3267,#3268);
#2883=AXIS2_PLACEMENT_3D('',#4035,#3270,#3271);
#2884=AXIS2_PLACEMENT_3D('',#4036,#3272,#3273);
#2885=AXIS2_PLACEMENT_3D('',#4040,#3275,#3276);
#2886=AXIS2_PLACEMENT_3D('',#4044,#3278,#3279);
#2887=AXIS2_PLACEMENT_3D('',#4045,#3280,#3281);
#2888=AXIS2_PLACEMENT_3D('',#4046,#3282,#3283);
#2889=AXIS2_PLACEMENT_3D('',#4051,#3285,#3286);
#2890=AXIS2_PLACEMENT_3D('',#4054,#3288,#3289);
#2891=AXIS2_PLACEMENT_3D('',#4058,#3291,#3292);
#2892=AXIS2_PLACEMENT_3D('',#4062,#3294,#3295);
#2893=AXIS2_PLACEMENT_3D('',#4063,#3296,#3297);
#2894=AXIS2_PLACEMENT_3D('',#4067,#3299,#3300);
#2895=AXIS2_PLACEMENT_3D('',#4071,#3302,#3303);
#2896=AXIS2_PLACEMENT_3D('',#4072,#3304,#3305);
#2897=AXIS2_PLACEMENT_3D('',#4076,#3307,#3308);
#2898=AXIS2_PLACEMENT_3D('',#4080,#3310,#3311);
#2899=AXIS2_PLACEMENT_3D('',#4081,#3312,#3313);
#2900=AXIS2_PLACEMENT_3D('',#4082,#3314,#3315);
#2901=AXIS2_PLACEMENT_3D('',#4087,#3317,#3318);
#2902=AXIS2_PLACEMENT_3D('',#4090,#3320,#3321);
#2903=AXIS2_PLACEMENT_3D('',#4091,#3322,#3323);
#2904=AXIS2_PLACEMENT_3D('',#4093,#3324,#3325);
#2905=AXIS2_PLACEMENT_3D('',#4169,#3326,#3327);
#2906=AXIS2_PLACEMENT_3D('',#4171,#3328,#3329);
#2907=AXIS2_PLACEMENT_3D('',#4173,#3330,#3331);
#2908=AXIS2_PLACEMENT_3D('',#4248,#3332,#3333);
#2909=AXIS2_PLACEMENT_3D('',#4250,#3334,#3335);
#2910=AXIS2_PLACEMENT_3D('',#4252,#3336,#3337);
#2911=AXIS2_PLACEMENT_3D('',#4327,#3338,#3339);
#2912=AXIS2_PLACEMENT_3D('',#4329,#3340,#3341);
#2913=AXIS2_PLACEMENT_3D('',#4331,#3342,#3343);
#2914=AXIS2_PLACEMENT_3D('',#4406,#3344,#3345);
#2915=AXIS2_PLACEMENT_3D('',#4408,#3346,#3347);
#2916=AXIS2_PLACEMENT_3D('',#4410,#3348,#3349);
#2917=AXIS2_PLACEMENT_3D('',#4485,#3350,#3351);
#2918=AXIS2_PLACEMENT_3D('',#4487,#3352,#3353);
#2919=AXIS2_PLACEMENT_3D('',#4489,#3354,#3355);
#2920=AXIS2_PLACEMENT_3D('',#4564,#3356,#3357);
#2921=AXIS2_PLACEMENT_3D('',#4566,#3358,#3359);
#2922=AXIS2_PLACEMENT_3D('',#4568,#3360,#3361);
#2923=AXIS2_PLACEMENT_3D('',#4643,#3362,#3363);
#2924=AXIS2_PLACEMENT_3D('',#4645,#3364,#3365);
#2925=AXIS2_PLACEMENT_3D('',#4647,#3366,#3367);
#2926=AXIS2_PLACEMENT_3D('',#4722,#3368,#3369);
#2927=AXIS2_PLACEMENT_3D('',#4724,#3370,#3371);
#2928=AXIS2_PLACEMENT_3D('',#4726,#3372,#3373);
#2929=AXIS2_PLACEMENT_3D('',#4801,#3374,#3375);
#2930=AXIS2_PLACEMENT_3D('',#4803,#3376,#3377);
#2931=AXIS2_PLACEMENT_3D('',#4805,#3378,#3379);
#2932=AXIS2_PLACEMENT_3D('',#4880,#3380,#3381);
#2933=AXIS2_PLACEMENT_3D('',#4882,#3382,#3383);
#2934=AXIS2_PLACEMENT_3D('',#4884,#3384,#3385);
#2935=AXIS2_PLACEMENT_3D('',#4923,#3386,#3387);
#2936=AXIS2_PLACEMENT_3D('',#4962,#3388,#3389);
#2937=AXIS2_PLACEMENT_3D('',#4964,#3390,#3391);
#2938=AXIS2_PLACEMENT_3D('',#4966,#3392,#3393);
#2939=AXIS2_PLACEMENT_3D('',#5041,#3394,#3395);
#2940=AXIS2_PLACEMENT_3D('',#5043,#3396,#3397);
#2941=AXIS2_PLACEMENT_3D('',#5045,#3398,#3399);
#2942=AXIS2_PLACEMENT_3D('',#5120,#3400,#3401);
#2943=AXIS2_PLACEMENT_3D('',#5122,#3402,#3403);
#2944=AXIS2_PLACEMENT_3D('',#5124,#3404,#3405);
#2945=AXIS2_PLACEMENT_3D('',#5199,#3406,#3407);
#2946=AXIS2_PLACEMENT_3D('',#5201,#3408,#3409);
#2947=AXIS2_PLACEMENT_3D('',#5203,#3410,#3411);
#2948=AXIS2_PLACEMENT_3D('',#5278,#3412,#3413);
#2949=AXIS2_PLACEMENT_3D('',#5280,#3414,#3415);
#2950=AXIS2_PLACEMENT_3D('',#5282,#3416,#3417);
#2951=AXIS2_PLACEMENT_3D('',#5357,#3418,#3419);
#2952=AXIS2_PLACEMENT_3D('',#5359,#3420,#3421);
#2953=AXIS2_PLACEMENT_3D('',#5361,#3422,#3423);
#2954=AXIS2_PLACEMENT_3D('',#5436,#3424,#3425);
#2955=AXIS2_PLACEMENT_3D('',#5438,#3426,#3427);
#2956=AXIS2_PLACEMENT_3D('',#5440,#3428,#3429);
#2957=AXIS2_PLACEMENT_3D('',#5515,#3430,#3431);
#2958=AXIS2_PLACEMENT_3D('',#5517,#3432,#3433);
#2959=AXIS2_PLACEMENT_3D('',#5519,#3434,#3435);
#2960=AXIS2_PLACEMENT_3D('',#5594,#3436,#3437);
#2961=AXIS2_PLACEMENT_3D('',#5596,#3438,#3439);
#2962=AXIS2_PLACEMENT_3D('',#5598,#3440,#3441);
#2963=AXIS2_PLACEMENT_3D('',#5673,#3442,#3443);
#2964=AXIS2_PLACEMENT_3D('',#5675,#3444,#3445);
#2965=AXIS2_PLACEMENT_3D('',#5677,#3446,#3447);
#2966=AXIS2_PLACEMENT_3D('',#5752,#3448,#3449);
#2967=AXIS2_PLACEMENT_3D('',#5754,#3450,#3451);
#2968=AXIS2_PLACEMENT_3D('',#5756,#3452,#3453);
#2969=AXIS2_PLACEMENT_3D('',#5831,#3454,#3455);
#2970=AXIS2_PLACEMENT_3D('',#5833,#3456,#3457);
#2971=AXIS2_PLACEMENT_3D('',#5835,#3458,#3459);
#2972=AXIS2_PLACEMENT_3D('',#5910,#3460,#3461);
#2973=AXIS2_PLACEMENT_3D('',#5912,#3462,#3463);
#2974=AXIS2_PLACEMENT_3D('',#5914,#3464,#3465);
#2975=AXIS2_PLACEMENT_3D('',#5989,#3466,#3467);
#2976=AXIS2_PLACEMENT_3D('',#5991,#3468,#3469);
#2977=AXIS2_PLACEMENT_3D('',#5992,#3470,#3471);
#2978=AXIS2_PLACEMENT_3D('',#5995,#3473,#3474);
#2979=AXIS2_PLACEMENT_3D('',#5998,#3476,#3477);
#2980=AXIS2_PLACEMENT_3D('',#5999,#3478,#3479);
#2981=AXIS2_PLACEMENT_3D('',#6001,#3480,#3481);
#2982=AXIS2_PLACEMENT_3D('',#6077,#3482,#3483);
#2983=AXIS2_PLACEMENT_3D('',#6079,#3484,#3485);
#2984=AXIS2_PLACEMENT_3D('',#6081,#3486,#3487);
#2985=AXIS2_PLACEMENT_3D('',#6156,#3488,#3489);
#2986=AXIS2_PLACEMENT_3D('',#6158,#3490,#3491);
#2987=AXIS2_PLACEMENT_3D('',#6160,#3492,#3493);
#2988=AXIS2_PLACEMENT_3D('',#6235,#3494,#3495);
#2989=AXIS2_PLACEMENT_3D('',#6237,#3496,#3497);
#2990=AXIS2_PLACEMENT_3D('',#6239,#3498,#3499);
#2991=AXIS2_PLACEMENT_3D('',#6314,#3500,#3501);
#2992=AXIS2_PLACEMENT_3D('',#6316,#3502,#3503);
#2993=AXIS2_PLACEMENT_3D('',#6318,#3504,#3505);
#2994=AXIS2_PLACEMENT_3D('',#6393,#3506,#3507);
#2995=AXIS2_PLACEMENT_3D('',#6395,#3508,#3509);
#2996=AXIS2_PLACEMENT_3D('',#6397,#3510,#3511);
#2997=AXIS2_PLACEMENT_3D('',#6472,#3512,#3513);
#2998=AXIS2_PLACEMENT_3D('',#6474,#3514,#3515);
#2999=AXIS2_PLACEMENT_3D('',#6476,#3516,#3517);
#3000=AXIS2_PLACEMENT_3D('',#6551,#3518,#3519);
#3001=AXIS2_PLACEMENT_3D('',#6553,#3520,#3521);
#3002=AXIS2_PLACEMENT_3D('',#6555,#3522,#3523);
#3003=AXIS2_PLACEMENT_3D('',#6630,#3524,#3525);
#3004=AXIS2_PLACEMENT_3D('',#6632,#3526,#3527);
#3005=AXIS2_PLACEMENT_3D('',#6634,#3528,#3529);
#3006=AXIS2_PLACEMENT_3D('',#6709,#3530,#3531);
#3007=AXIS2_PLACEMENT_3D('',#6711,#3532,#3533);
#3008=AXIS2_PLACEMENT_3D('',#6713,#3534,#3535);
#3009=AXIS2_PLACEMENT_3D('',#6788,#3536,#3537);
#3010=AXIS2_PLACEMENT_3D('',#6790,#3538,#3539);
#3011=AXIS2_PLACEMENT_3D('',#6792,#3540,#3541);
#3012=AXIS2_PLACEMENT_3D('',#6867,#3542,#3543);
#3013=AXIS2_PLACEMENT_3D('',#6869,#3544,#3545);
#3014=AXIS2_PLACEMENT_3D('',#6871,#3546,#3547);
#3015=AXIS2_PLACEMENT_3D('',#6946,#3548,#3549);
#3016=AXIS2_PLACEMENT_3D('',#6948,#3550,#3551);
#3017=AXIS2_PLACEMENT_3D('',#6950,#3552,#3553);
#3018=AXIS2_PLACEMENT_3D('',#7025,#3554,#3555);
#3019=AXIS2_PLACEMENT_3D('',#7027,#3556,#3557);
#3020=AXIS2_PLACEMENT_3D('',#7029,#3558,#3559);
#3021=AXIS2_PLACEMENT_3D('',#7104,#3560,#3561);
#3022=AXIS2_PLACEMENT_3D('',#7106,#3562,#3563);
#3023=AXIS2_PLACEMENT_3D('',#7108,#3564,#3565);
#3024=AXIS2_PLACEMENT_3D('',#7183,#3566,#3567);
#3025=AXIS2_PLACEMENT_3D('',#7185,#3568,#3569);
#3026=AXIS2_PLACEMENT_3D('',#7187,#3570,#3571);
#3027=AXIS2_PLACEMENT_3D('',#7262,#3572,#3573);
#3028=AXIS2_PLACEMENT_3D('',#7264,#3574,#3575);
#3029=AXIS2_PLACEMENT_3D('',#7266,#3576,#3577);
#3030=AXIS2_PLACEMENT_3D('',#7341,#3578,#3579);
#3031=AXIS2_PLACEMENT_3D('',#7343,#3580,#3581);
#3032=AXIS2_PLACEMENT_3D('',#7345,#3582,#3583);
#3033=AXIS2_PLACEMENT_3D('',#7420,#3584,#3585);
#3034=AXIS2_PLACEMENT_3D('',#7422,#3586,#3587);
#3035=AXIS2_PLACEMENT_3D('',#7424,#3588,#3589);
#3036=AXIS2_PLACEMENT_3D('',#7499,#3590,#3591);
#3037=AXIS2_PLACEMENT_3D('',#7501,#3592,#3593);
#3038=AXIS2_PLACEMENT_3D('',#7503,#3594,#3595);
#3039=AXIS2_PLACEMENT_3D('',#7578,#3596,#3597);
#3040=AXIS2_PLACEMENT_3D('',#7580,#3598,#3599);
#3041=AXIS2_PLACEMENT_3D('',#7582,#3600,#3601);
#3042=AXIS2_PLACEMENT_3D('',#7657,#3602,#3603);
#3043=AXIS2_PLACEMENT_3D('',#7659,#3604,#3605);
#3044=AXIS2_PLACEMENT_3D('',#7661,#3606,#3607);
#3045=AXIS2_PLACEMENT_3D('',#7736,#3608,#3609);
#3046=AXIS2_PLACEMENT_3D('',#7738,#3610,#3611);
#3047=AXIS2_PLACEMENT_3D('',#7740,#3612,#3613);
#3048=AXIS2_PLACEMENT_3D('',#7815,#3614,#3615);
#3049=AXIS2_PLACEMENT_3D('',#7817,#3616,#3617);
#3050=AXIS2_PLACEMENT_3D('',#7819,#3618,#3619);
#3051=AXIS2_PLACEMENT_3D('',#7894,#3620,#3621);
#3052=AXIS2_PLACEMENT_3D('',#7896,#3622,#3623);
#3053=AXIS2_PLACEMENT_3D('',#7923,#3626,#3627);
#3054=AXIS2_PLACEMENT_3D('',#7926,#3630,#3631);
#3055=AXIS2_PLACEMENT_3D('',#7927,#3632,#3633);
#3056=AXIS2_PLACEMENT_3D('',#7954,#3636,#3637);
#3057=AXIS2_PLACEMENT_3D('',#7957,#3640,#3641);
#3058=AXIS2_PLACEMENT_3D('',#7958,#3642,#3643);
#3059=AXIS2_PLACEMENT_3D('',#7985,#3646,#3647);
#3060=AXIS2_PLACEMENT_3D('',#7988,#3650,#3651);
#3061=AXIS2_PLACEMENT_3D('',#7989,#3652,#3653);
#3062=AXIS2_PLACEMENT_3D('',#8016,#3656,#3657);
#3063=AXIS2_PLACEMENT_3D('',#8019,#3660,#3661);
#3064=AXIS2_PLACEMENT_3D('',#8020,#3662,#3663);
#3065=AXIS2_PLACEMENT_3D('',#8047,#3666,#3667);
#3066=AXIS2_PLACEMENT_3D('',#8050,#3670,#3671);
#3067=AXIS2_PLACEMENT_3D('',#8051,#3672,#3673);
#3068=AXIS2_PLACEMENT_3D('',#8078,#3676,#3677);
#3069=AXIS2_PLACEMENT_3D('',#8081,#3680,#3681);
#3070=AXIS2_PLACEMENT_3D('',#8082,#3682,#3683);
#3071=AXIS2_PLACEMENT_3D('',#8109,#3686,#3687);
#3072=AXIS2_PLACEMENT_3D('',#8112,#3690,#3691);
#3073=AXIS2_PLACEMENT_3D('',#8113,#3692,#3693);
#3074=AXIS2_PLACEMENT_3D('',#8140,#3696,#3697);
#3075=AXIS2_PLACEMENT_3D('',#8143,#3700,#3701);
#3076=AXIS2_PLACEMENT_3D('',#8144,#3702,#3703);
#3077=AXIS2_PLACEMENT_3D('',#8171,#3706,#3707);
#3078=AXIS2_PLACEMENT_3D('',#8174,#3710,#3711);
#3079=AXIS2_PLACEMENT_3D('',#8175,#3712,#3713);
#3080=AXIS2_PLACEMENT_3D('',#8202,#3716,#3717);
#3081=AXIS2_PLACEMENT_3D('',#8205,#3720,#3721);
#3082=AXIS2_PLACEMENT_3D('',#8206,#3722,#3723);
#3083=AXIS2_PLACEMENT_3D('',#8233,#3726,#3727);
#3084=AXIS2_PLACEMENT_3D('',#8236,#3730,#3731);
#3085=AXIS2_PLACEMENT_3D('',#8237,#3732,#3733);
#3086=AXIS2_PLACEMENT_3D('',#8264,#3736,#3737);
#3087=AXIS2_PLACEMENT_3D('',#8267,#3740,#3741);
#3088=AXIS2_PLACEMENT_3D('',#8268,#3742,#3743);
#3089=AXIS2_PLACEMENT_3D('',#8295,#3746,#3747);
#3090=AXIS2_PLACEMENT_3D('',#8298,#3750,#3751);
#3091=AXIS2_PLACEMENT_3D('',#8299,#3752,#3753);
#3092=AXIS2_PLACEMENT_3D('',#8326,#3756,#3757);
#3093=AXIS2_PLACEMENT_3D('',#8329,#3760,#3761);
#3094=AXIS2_PLACEMENT_3D('',#8330,#3762,#3763);
#3095=AXIS2_PLACEMENT_3D('',#8357,#3766,#3767);
#3096=AXIS2_PLACEMENT_3D('',#8360,#3770,#3771);
#3097=AXIS2_PLACEMENT_3D('',#8361,#3772,#3773);
#3098=AXIS2_PLACEMENT_3D('',#8388,#3776,#3777);
#3099=AXIS2_PLACEMENT_3D('',#8391,#3780,#3781);
#3100=AXIS2_PLACEMENT_3D('',#8392,#3782,#3783);
#3101=AXIS2_PLACEMENT_3D('',#8419,#3786,#3787);
#3102=AXIS2_PLACEMENT_3D('',#8422,#3790,#3791);
#3103=AXIS2_PLACEMENT_3D('',#8423,#3792,#3793);
#3104=AXIS2_PLACEMENT_3D('',#8450,#3796,#3797);
#3105=AXIS2_PLACEMENT_3D('',#8453,#3800,#3801);
#3106=AXIS2_PLACEMENT_3D('',#8454,#3802,#3803);
#3107=AXIS2_PLACEMENT_3D('',#8481,#3806,#3807);
#3108=AXIS2_PLACEMENT_3D('',#8484,#3810,#3811);
#3109=AXIS2_PLACEMENT_3D('',#8485,#3812,#3813);
#3110=AXIS2_PLACEMENT_3D('',#8512,#3816,#3817);
#3111=AXIS2_PLACEMENT_3D('',#8515,#3820,#3821);
#3112=AXIS2_PLACEMENT_3D('',#8516,#3822,#3823);
#3113=AXIS2_PLACEMENT_3D('',#8543,#3826,#3827);
#3114=AXIS2_PLACEMENT_3D('',#8546,#3830,#3831);
#3115=AXIS2_PLACEMENT_3D('',#8547,#3832,#3833);
#3116=AXIS2_PLACEMENT_3D('',#8574,#3836,#3837);
#3117=AXIS2_PLACEMENT_3D('',#8577,#3840,#3841);
#3118=AXIS2_PLACEMENT_3D('',#8578,#3842,#3843);
#3119=AXIS2_PLACEMENT_3D('',#8605,#3846,#3847);
#3120=AXIS2_PLACEMENT_3D('',#8608,#3850,#3851);
#3121=AXIS2_PLACEMENT_3D('',#8609,#3852,#3853);
#3122=AXIS2_PLACEMENT_3D('',#8636,#3856,#3857);
#3123=AXIS2_PLACEMENT_3D('',#8639,#3860,#3861);
#3124=AXIS2_PLACEMENT_3D('',#8640,#3862,#3863);
#3125=AXIS2_PLACEMENT_3D('',#8641,#3864,#3865);
#3126=AXIS2_PLACEMENT_3D('',#8642,#3866,#3867);
#3127=AXIS2_PLACEMENT_3D('',#8644,#3868,#3869);
#3128=AXIS2_PLACEMENT_3D('',#8646,#3870,#3871);
#3129=AXIS2_PLACEMENT_3D('',#8647,#3872,#3873);
#3130=AXIS2_PLACEMENT_3D('',#8648,#3874,#3875);
#3131=AXIS2_PLACEMENT_3D('',#8650,#3876,#3877);
#3132=AXIS2_PLACEMENT_3D('',#8651,#3878,#3879);
#3133=AXIS2_PLACEMENT_3D('',#8653,#3880,#3881);
#3134=DIRECTION('',(0.,0.,1.));
#3135=DIRECTION('',(1.,0.,0.));
#3136=DIRECTION('',(0.,1.,0.));
#3137=DIRECTION('',(0.,0.,1.));
#3138=DIRECTION('',(0.,1.,0.));
#3139=DIRECTION('',(0.,-1.,0.));
#3140=DIRECTION('',(0.,0.,-1.));
#3141=DIRECTION('',(0.,1.,0.));
#3142=DIRECTION('',(0.,-1.,0.));
#3143=DIRECTION('',(0.,0.,-1.));
#3144=DIRECTION('',(0.,1.,0.));
#3145=DIRECTION('',(0.,0.,1.));
#3146=DIRECTION('',(0.,-1.,0.));
#3147=DIRECTION('',(0.,0.,-1.));
#3148=DIRECTION('',(0.,1.,0.));
#3149=DIRECTION('',(0.,-1.,0.));
#3150=DIRECTION('',(0.,0.,-1.));
#3151=DIRECTION('',(0.,1.,0.));
#3152=DIRECTION('',(0.,1.,0.));
#3153=DIRECTION('',(0.,0.,1.));
#3154=DIRECTION('',(0.,1.,0.));
#3155=DIRECTION('',(0.,-1.,0.));
#3156=DIRECTION('',(0.,0.,-1.));
#3157=DIRECTION('',(0.,1.,0.));
#3158=DIRECTION('',(0.,-1.,0.));
#3159=DIRECTION('',(0.,0.,-1.));
#3160=DIRECTION('',(0.,1.,0.));
#3161=DIRECTION('',(0.,0.,1.));
#3162=DIRECTION('',(0.,-1.,0.));
#3163=DIRECTION('',(0.,0.,-1.));
#3164=DIRECTION('',(0.,1.,0.));
#3165=DIRECTION('',(0.,-1.,0.));
#3166=DIRECTION('',(0.,0.,-1.));
#3167=DIRECTION('',(0.,1.,0.));
#3168=DIRECTION('',(0.,1.,0.));
#3169=DIRECTION('',(0.,0.,1.));
#3170=DIRECTION('',(0.,1.,0.));
#3171=DIRECTION('',(0.,-1.,0.));
#3172=DIRECTION('',(0.,0.,-1.));
#3173=DIRECTION('',(0.,1.,0.));
#3174=DIRECTION('',(0.,-1.,0.));
#3175=DIRECTION('',(0.,0.,-1.));
#3176=DIRECTION('',(0.,1.,0.));
#3177=DIRECTION('',(0.,0.,1.));
#3178=DIRECTION('',(0.,1.,0.));
#3179=DIRECTION('',(0.,-1.,0.));
#3180=DIRECTION('',(0.,0.,-1.));
#3181=DIRECTION('',(0.,1.,0.));
#3182=DIRECTION('',(0.,-1.,0.));
#3183=DIRECTION('',(0.,0.,-1.));
#3184=DIRECTION('',(0.,1.,0.));
#3185=DIRECTION('',(0.,0.,1.));
#3186=DIRECTION('',(0.,1.,0.));
#3187=DIRECTION('',(0.,-1.,0.));
#3188=DIRECTION('',(0.,0.,-1.));
#3189=DIRECTION('',(0.,1.,0.));
#3190=DIRECTION('',(0.,-1.,0.));
#3191=DIRECTION('',(0.,0.,-1.));
#3192=DIRECTION('',(0.,1.,0.));
#3193=DIRECTION('',(0.,0.,1.));
#3194=DIRECTION('',(0.,-1.,0.));
#3195=DIRECTION('',(0.,0.,-1.));
#3196=DIRECTION('',(0.,1.,0.));
#3197=DIRECTION('',(0.,-1.,0.));
#3198=DIRECTION('',(0.,0.,-1.));
#3199=DIRECTION('',(0.,1.,0.));
#3200=DIRECTION('',(0.,1.,0.));
#3201=DIRECTION('',(0.,0.,1.));
#3202=DIRECTION('',(0.,1.,0.));
#3203=DIRECTION('',(0.,-1.,0.));
#3204=DIRECTION('',(0.,0.,-1.));
#3205=DIRECTION('',(0.,1.,0.));
#3206=DIRECTION('',(0.,-1.,0.));
#3207=DIRECTION('',(0.,0.,-1.));
#3208=DIRECTION('',(0.,1.,0.));
#3209=DIRECTION('',(0.,0.,1.));
#3210=DIRECTION('',(0.,1.,0.));
#3211=DIRECTION('',(0.,-1.,0.));
#3212=DIRECTION('',(0.,0.,-1.));
#3213=DIRECTION('',(0.,1.,0.));
#3214=DIRECTION('',(0.,-1.,0.));
#3215=DIRECTION('',(0.,0.,-1.));
#3216=DIRECTION('',(0.,1.,0.));
#3217=DIRECTION('',(0.,0.,1.));
#3218=DIRECTION('',(0.,1.,0.));
#3219=DIRECTION('',(0.,-1.,0.));
#3220=DIRECTION('',(0.,0.,-1.));
#3221=DIRECTION('',(0.,1.,0.));
#3222=DIRECTION('',(0.,-1.,0.));
#3223=DIRECTION('',(0.,0.,-1.));
#3224=DIRECTION('',(0.,1.,0.));
#3225=DIRECTION('',(0.,0.,1.));
#3226=DIRECTION('',(0.,1.,0.));
#3227=DIRECTION('',(0.,-1.,0.));
#3228=DIRECTION('',(0.,0.,-1.));
#3229=DIRECTION('',(0.,1.,0.));
#3230=DIRECTION('',(0.,-1.,0.));
#3231=DIRECTION('',(0.,0.,-1.));
#3232=DIRECTION('',(0.,1.,0.));
#3233=DIRECTION('',(0.,0.,1.));
#3234=DIRECTION('',(0.,1.,0.));
#3235=DIRECTION('',(0.,-1.,0.));
#3236=DIRECTION('',(0.,0.,-1.));
#3237=DIRECTION('',(0.,1.,0.));
#3238=DIRECTION('',(0.,-1.,0.));
#3239=DIRECTION('',(0.,0.,-1.));
#3240=DIRECTION('',(0.,1.,0.));
#3241=DIRECTION('',(0.,0.,1.));
#3242=DIRECTION('',(0.,-1.,0.));
#3243=DIRECTION('',(0.,0.,-1.));
#3244=DIRECTION('',(0.,1.,0.));
#3245=DIRECTION('',(0.,-1.,0.));
#3246=DIRECTION('',(0.,0.,-1.));
#3247=DIRECTION('',(0.,1.,0.));
#3248=DIRECTION('',(0.,1.,0.));
#3249=DIRECTION('',(0.,0.,1.));
#3250=DIRECTION('',(0.,1.,0.));
#3251=DIRECTION('',(0.,-1.,0.));
#3252=DIRECTION('',(0.,0.,-1.));
#3253=DIRECTION('',(0.,1.,0.));
#3254=DIRECTION('',(0.,-1.,0.));
#3255=DIRECTION('',(0.,0.,-1.));
#3256=DIRECTION('',(0.,1.,0.));
#3257=DIRECTION('',(0.,0.,1.));
#3258=DIRECTION('',(0.,-1.,0.));
#3259=DIRECTION('',(0.,0.,-1.));
#3260=DIRECTION('',(0.,1.,0.));
#3261=DIRECTION('',(0.,-1.,0.));
#3262=DIRECTION('',(0.,0.,-1.));
#3263=DIRECTION('',(0.,1.,0.));
#3264=DIRECTION('',(0.,1.,0.));
#3265=DIRECTION('',(0.,0.,1.));
#3266=DIRECTION('',(0.,1.,0.));
#3267=DIRECTION('',(0.,-1.,0.));
#3268=DIRECTION('',(0.,0.,-1.));
#3269=DIRECTION('',(0.,1.,0.));
#3270=DIRECTION('',(0.,-1.,0.));
#3271=DIRECTION('',(0.,0.,-1.));
#3272=DIRECTION('',(0.,1.,0.));
#3273=DIRECTION('',(0.,0.,1.));
#3274=DIRECTION('',(0.,1.,0.));
#3275=DIRECTION('',(0.,-1.,0.));
#3276=DIRECTION('',(0.,0.,-1.));
#3277=DIRECTION('',(0.,1.,0.));
#3278=DIRECTION('',(0.,-1.,0.));
#3279=DIRECTION('',(0.,0.,-1.));
#3280=DIRECTION('',(0.,1.,0.));
#3281=DIRECTION('',(0.,0.,1.));
#3282=DIRECTION('',(0.,-1.,0.));
#3283=DIRECTION('',(0.,0.,-1.));
#3284=DIRECTION('',(0.,1.,0.));
#3285=DIRECTION('',(0.,-1.,0.));
#3286=DIRECTION('',(0.,0.,-1.));
#3287=DIRECTION('',(0.,1.,0.));
#3288=DIRECTION('',(0.,1.,0.));
#3289=DIRECTION('',(0.,0.,1.));
#3290=DIRECTION('',(0.,1.,0.));
#3291=DIRECTION('',(0.,-1.,0.));
#3292=DIRECTION('',(0.,0.,-1.));
#3293=DIRECTION('',(0.,1.,0.));
#3294=DIRECTION('',(0.,-1.,0.));
#3295=DIRECTION('',(0.,0.,-1.));
#3296=DIRECTION('',(0.,1.,0.));
#3297=DIRECTION('',(0.,0.,1.));
#3298=DIRECTION('',(0.,1.,0.));
#3299=DIRECTION('',(0.,-1.,0.));
#3300=DIRECTION('',(0.,0.,-1.));
#3301=DIRECTION('',(0.,1.,0.));
#3302=DIRECTION('',(0.,-1.,0.));
#3303=DIRECTION('',(0.,0.,-1.));
#3304=DIRECTION('',(0.,1.,0.));
#3305=DIRECTION('',(0.,0.,1.));
#3306=DIRECTION('',(0.,1.,0.));
#3307=DIRECTION('',(0.,-1.,0.));
#3308=DIRECTION('',(0.,0.,-1.));
#3309=DIRECTION('',(0.,1.,0.));
#3310=DIRECTION('',(0.,-1.,0.));
#3311=DIRECTION('',(0.,0.,-1.));
#3312=DIRECTION('',(0.,1.,0.));
#3313=DIRECTION('',(0.,0.,1.));
#3314=DIRECTION('',(0.,-1.,0.));
#3315=DIRECTION('',(0.,0.,-1.));
#3316=DIRECTION('',(0.,1.,0.));
#3317=DIRECTION('',(0.,-1.,0.));
#3318=DIRECTION('',(0.,0.,-1.));
#3319=DIRECTION('',(0.,1.,0.));
#3320=DIRECTION('',(0.,-1.,0.));
#3321=DIRECTION('',(1.,0.,0.));
#3322=DIRECTION('',(0.,-1.,0.));
#3323=DIRECTION('',(0.,0.,-1.));
#3324=DIRECTION('',(0.,-1.,0.));
#3325=DIRECTION('',(-0.258819045102521,0.,0.965925826289068));
#3326=DIRECTION('',(0.,-1.,0.));
#3327=DIRECTION('',(-0.5,0.,0.866025403784439));
#3328=DIRECTION('',(0.,-1.,0.));
#3329=DIRECTION('',(-0.5,0.,0.866025403784439));
#3330=DIRECTION('',(0.,-1.,0.));
#3331=DIRECTION('',(-0.5,0.,0.866025403784439));
#3332=DIRECTION('',(0.,-1.,0.));
#3333=DIRECTION('',(-0.707106781186548,0.,0.707106781186548));
#3334=DIRECTION('',(0.,-1.,0.));
#3335=DIRECTION('',(-0.707106781186548,0.,0.707106781186548));
#3336=DIRECTION('',(0.,-1.,0.));
#3337=DIRECTION('',(-0.707106781186548,0.,0.707106781186548));
#3338=DIRECTION('',(0.,-1.,0.));
#3339=DIRECTION('',(-0.866025403784438,0.,0.5));
#3340=DIRECTION('',(0.,-1.,0.));
#3341=DIRECTION('',(-0.866025403784438,0.,0.5));
#3342=DIRECTION('',(0.,-1.,0.));
#3343=DIRECTION('',(-0.866025403784438,0.,0.5));
#3344=DIRECTION('',(0.,-1.,0.));
#3345=DIRECTION('',(-0.965925826289068,0.,0.258819045102521));
#3346=DIRECTION('',(0.,-1.,0.));
#3347=DIRECTION('',(-0.965925826289068,0.,0.258819045102521));
#3348=DIRECTION('',(0.,-1.,0.));
#3349=DIRECTION('',(-0.965925826289068,0.,0.258819045102521));
#3350=DIRECTION('',(0.,-1.,0.));
#3351=DIRECTION('',(-1.,0.,1.83697019872103E-16));
#3352=DIRECTION('',(0.,-1.,0.));
#3353=DIRECTION('',(-1.,0.,1.83697019872103E-16));
#3354=DIRECTION('',(0.,-1.,0.));
#3355=DIRECTION('',(-1.,0.,1.83697019872103E-16));
#3356=DIRECTION('',(0.,-1.,0.));
#3357=DIRECTION('',(-0.965925826289068,0.,-0.258819045102521));
#3358=DIRECTION('',(0.,-1.,0.));
#3359=DIRECTION('',(-0.965925826289068,0.,-0.258819045102521));
#3360=DIRECTION('',(0.,-1.,0.));
#3361=DIRECTION('',(-0.965925826289068,0.,-0.258819045102521));
#3362=DIRECTION('',(0.,-1.,0.));
#3363=DIRECTION('',(-0.866025403784439,0.,-0.5));
#3364=DIRECTION('',(0.,-1.,0.));
#3365=DIRECTION('',(-0.866025403784439,0.,-0.5));
#3366=DIRECTION('',(0.,-1.,0.));
#3367=DIRECTION('',(-0.866025403784439,0.,-0.5));
#3368=DIRECTION('',(0.,-1.,0.));
#3369=DIRECTION('',(-0.707106781186548,0.,-0.707106781186547));
#3370=DIRECTION('',(0.,-1.,0.));
#3371=DIRECTION('',(-0.707106781186548,0.,-0.707106781186547));
#3372=DIRECTION('',(0.,-1.,0.));
#3373=DIRECTION('',(-0.707106781186548,0.,-0.707106781186547));
#3374=DIRECTION('',(0.,-1.,0.));
#3375=DIRECTION('',(-0.5,0.,-0.866025403784438));
#3376=DIRECTION('',(0.,-1.,0.));
#3377=DIRECTION('',(-0.5,0.,-0.866025403784438));
#3378=DIRECTION('',(0.,-1.,0.));
#3379=DIRECTION('',(-0.5,0.,-0.866025403784438));
#3380=DIRECTION('',(0.,-1.,0.));
#3381=DIRECTION('',(-0.258819045102521,0.,-0.965925826289068));
#3382=DIRECTION('',(0.,-1.,0.));
#3383=DIRECTION('',(-0.258819045102521,0.,-0.965925826289068));
#3384=DIRECTION('',(0.,-1.,0.));
#3385=DIRECTION('',(-0.258819045102521,0.,-0.965925826289068));
#3386=DIRECTION('',(0.,-1.,0.));
#3387=DIRECTION('',(0.,0.,-1.));
#3388=DIRECTION('',(0.,-1.,0.));
#3389=DIRECTION('',(0.,0.,-1.));
#3390=DIRECTION('',(0.,-1.,0.));
#3391=DIRECTION('',(0.,0.,-1.));
#3392=DIRECTION('',(0.,-1.,0.));
#3393=DIRECTION('',(0.,0.,-1.));
#3394=DIRECTION('',(0.,-1.,0.));
#3395=DIRECTION('',(0.258819045102521,0.,-0.965925826289068));
#3396=DIRECTION('',(0.,-1.,0.));
#3397=DIRECTION('',(0.258819045102521,0.,-0.965925826289068));
#3398=DIRECTION('',(0.,-1.,0.));
#3399=DIRECTION('',(0.258819045102521,0.,-0.965925826289068));
#3400=DIRECTION('',(0.,-1.,0.));
#3401=DIRECTION('',(0.5,0.,-0.866025403784439));
#3402=DIRECTION('',(0.,-1.,0.));
#3403=DIRECTION('',(0.5,0.,-0.866025403784439));
#3404=DIRECTION('',(0.,-1.,0.));
#3405=DIRECTION('',(0.5,0.,-0.866025403784439));
#3406=DIRECTION('',(0.,-1.,0.));
#3407=DIRECTION('',(0.707106781186548,0.,-0.707106781186548));
#3408=DIRECTION('',(0.,-1.,0.));
#3409=DIRECTION('',(0.707106781186548,0.,-0.707106781186548));
#3410=DIRECTION('',(0.,-1.,0.));
#3411=DIRECTION('',(0.707106781186548,0.,-0.707106781186548));
#3412=DIRECTION('',(0.,-1.,0.));
#3413=DIRECTION('',(0.866025403784439,0.,-0.5));
#3414=DIRECTION('',(0.,-1.,0.));
#3415=DIRECTION('',(0.866025403784439,0.,-0.5));
#3416=DIRECTION('',(0.,-1.,0.));
#3417=DIRECTION('',(0.866025403784439,0.,-0.5));
#3418=DIRECTION('',(0.,-1.,0.));
#3419=DIRECTION('',(0.965925826289068,0.,-0.258819045102521));
#3420=DIRECTION('',(0.,-1.,0.));
#3421=DIRECTION('',(0.965925826289068,0.,-0.258819045102521));
#3422=DIRECTION('',(0.,-1.,0.));
#3423=DIRECTION('',(0.965925826289068,0.,-0.258819045102521));
#3424=DIRECTION('',(0.,-1.,0.));
#3425=DIRECTION('',(1.,0.,-6.12323399573677E-17));
#3426=DIRECTION('',(0.,-1.,0.));
#3427=DIRECTION('',(1.,0.,-6.12323399573677E-17));
#3428=DIRECTION('',(0.,-1.,0.));
#3429=DIRECTION('',(1.,0.,-6.12323399573677E-17));
#3430=DIRECTION('',(0.,-1.,0.));
#3431=DIRECTION('',(0.965925826289068,0.,0.258819045102521));
#3432=DIRECTION('',(0.,-1.,0.));
#3433=DIRECTION('',(0.965925826289068,0.,0.258819045102521));
#3434=DIRECTION('',(0.,-1.,0.));
#3435=DIRECTION('',(0.965925826289068,0.,0.258819045102521));
#3436=DIRECTION('',(0.,-1.,0.));
#3437=DIRECTION('',(0.866025403784439,0.,0.5));
#3438=DIRECTION('',(0.,-1.,0.));
#3439=DIRECTION('',(0.866025403784439,0.,0.5));
#3440=DIRECTION('',(0.,-1.,0.));
#3441=DIRECTION('',(0.866025403784439,0.,0.5));
#3442=DIRECTION('',(0.,-1.,0.));
#3443=DIRECTION('',(0.707106781186548,0.,0.707106781186548));
#3444=DIRECTION('',(0.,-1.,0.));
#3445=DIRECTION('',(0.707106781186548,0.,0.707106781186548));
#3446=DIRECTION('',(0.,-1.,0.));
#3447=DIRECTION('',(0.707106781186548,0.,0.707106781186548));
#3448=DIRECTION('',(0.,-1.,0.));
#3449=DIRECTION('',(0.5,0.,0.866025403784439));
#3450=DIRECTION('',(0.,-1.,0.));
#3451=DIRECTION('',(0.5,0.,0.866025403784439));
#3452=DIRECTION('',(0.,-1.,0.));
#3453=DIRECTION('',(0.5,0.,0.866025403784439));
#3454=DIRECTION('',(0.,-1.,0.));
#3455=DIRECTION('',(0.258819045102521,0.,0.965925826289068));
#3456=DIRECTION('',(0.,-1.,0.));
#3457=DIRECTION('',(0.258819045102521,0.,0.965925826289068));
#3458=DIRECTION('',(0.,-1.,0.));
#3459=DIRECTION('',(0.258819045102521,0.,0.965925826289068));
#3460=DIRECTION('',(0.,-1.,0.));
#3461=DIRECTION('',(1.22464679914735E-16,0.,1.));
#3462=DIRECTION('',(0.,-1.,0.));
#3463=DIRECTION('',(1.22464679914735E-16,0.,1.));
#3464=DIRECTION('',(0.,-1.,0.));
#3465=DIRECTION('',(1.22464679914735E-16,0.,1.));
#3466=DIRECTION('',(0.,-1.,0.));
#3467=DIRECTION('',(-0.258819045102521,0.,0.965925826289068));
#3468=DIRECTION('',(0.,-1.,0.));
#3469=DIRECTION('',(-0.258819045102521,0.,0.965925826289068));
#3470=DIRECTION('',(0.,1.,0.));
#3471=DIRECTION('',(0.,0.,1.));
#3472=DIRECTION('',(0.,1.,0.));
#3473=DIRECTION('',(0.,-1.,0.));
#3474=DIRECTION('',(0.,0.,-1.));
#3475=DIRECTION('',(0.,1.,0.));
#3476=DIRECTION('',(0.,-1.,0.));
#3477=DIRECTION('',(1.,0.,0.));
#3478=DIRECTION('',(0.,-1.,0.));
#3479=DIRECTION('',(0.,0.,-1.));
#3480=DIRECTION('',(0.,-1.,0.));
#3481=DIRECTION('',(-0.258819045102521,0.,0.965925826289068));
#3482=DIRECTION('',(0.,-1.,0.));
#3483=DIRECTION('',(1.22464679914735E-16,0.,1.));
#3484=DIRECTION('',(0.,-1.,0.));
#3485=DIRECTION('',(1.22464679914735E-16,0.,1.));
#3486=DIRECTION('',(0.,-1.,0.));
#3487=DIRECTION('',(1.22464679914735E-16,0.,1.));
#3488=DIRECTION('',(0.,-1.,0.));
#3489=DIRECTION('',(0.258819045102521,0.,0.965925826289068));
#3490=DIRECTION('',(0.,-1.,0.));
#3491=DIRECTION('',(0.258819045102521,0.,0.965925826289068));
#3492=DIRECTION('',(0.,-1.,0.));
#3493=DIRECTION('',(0.258819045102521,0.,0.965925826289068));
#3494=DIRECTION('',(0.,-1.,0.));
#3495=DIRECTION('',(0.5,0.,0.866025403784439));
#3496=DIRECTION('',(0.,-1.,0.));
#3497=DIRECTION('',(0.5,0.,0.866025403784439));
#3498=DIRECTION('',(0.,-1.,0.));
#3499=DIRECTION('',(0.5,0.,0.866025403784439));
#3500=DIRECTION('',(0.,-1.,0.));
#3501=DIRECTION('',(0.707106781186548,0.,0.707106781186548));
#3502=DIRECTION('',(0.,-1.,0.));
#3503=DIRECTION('',(0.707106781186548,0.,0.707106781186548));
#3504=DIRECTION('',(0.,-1.,0.));
#3505=DIRECTION('',(0.707106781186548,0.,0.707106781186548));
#3506=DIRECTION('',(0.,-1.,0.));
#3507=DIRECTION('',(0.866025403784439,0.,0.5));
#3508=DIRECTION('',(0.,-1.,0.));
#3509=DIRECTION('',(0.866025403784439,0.,0.5));
#3510=DIRECTION('',(0.,-1.,0.));
#3511=DIRECTION('',(0.866025403784439,0.,0.5));
#3512=DIRECTION('',(0.,-1.,0.));
#3513=DIRECTION('',(0.965925826289068,0.,0.258819045102521));
#3514=DIRECTION('',(0.,-1.,0.));
#3515=DIRECTION('',(0.965925826289068,0.,0.258819045102521));
#3516=DIRECTION('',(0.,-1.,0.));
#3517=DIRECTION('',(0.965925826289068,0.,0.258819045102521));
#3518=DIRECTION('',(0.,-1.,0.));
#3519=DIRECTION('',(1.,0.,-6.12323399573677E-17));
#3520=DIRECTION('',(0.,-1.,0.));
#3521=DIRECTION('',(1.,0.,-6.12323399573677E-17));
#3522=DIRECTION('',(0.,-1.,0.));
#3523=DIRECTION('',(1.,0.,-6.12323399573677E-17));
#3524=DIRECTION('',(0.,-1.,0.));
#3525=DIRECTION('',(0.965925826289068,0.,-0.258819045102521));
#3526=DIRECTION('',(0.,-1.,0.));
#3527=DIRECTION('',(0.965925826289068,0.,-0.258819045102521));
#3528=DIRECTION('',(0.,-1.,0.));
#3529=DIRECTION('',(0.965925826289068,0.,-0.258819045102521));
#3530=DIRECTION('',(0.,-1.,0.));
#3531=DIRECTION('',(0.866025403784439,0.,-0.5));
#3532=DIRECTION('',(0.,-1.,0.));
#3533=DIRECTION('',(0.866025403784439,0.,-0.5));
#3534=DIRECTION('',(0.,-1.,0.));
#3535=DIRECTION('',(0.866025403784439,0.,-0.5));
#3536=DIRECTION('',(0.,-1.,0.));
#3537=DIRECTION('',(0.707106781186548,0.,-0.707106781186548));
#3538=DIRECTION('',(0.,-1.,0.));
#3539=DIRECTION('',(0.707106781186548,0.,-0.707106781186548));
#3540=DIRECTION('',(0.,-1.,0.));
#3541=DIRECTION('',(0.707106781186548,0.,-0.707106781186548));
#3542=DIRECTION('',(0.,-1.,0.));
#3543=DIRECTION('',(0.5,0.,-0.866025403784439));
#3544=DIRECTION('',(0.,-1.,0.));
#3545=DIRECTION('',(0.5,0.,-0.866025403784439));
#3546=DIRECTION('',(0.,-1.,0.));
#3547=DIRECTION('',(0.5,0.,-0.866025403784439));
#3548=DIRECTION('',(0.,-1.,0.));
#3549=DIRECTION('',(0.258819045102521,0.,-0.965925826289068));
#3550=DIRECTION('',(0.,-1.,0.));
#3551=DIRECTION('',(0.258819045102521,0.,-0.965925826289068));
#3552=DIRECTION('',(0.,-1.,0.));
#3553=DIRECTION('',(0.258819045102521,0.,-0.965925826289068));
#3554=DIRECTION('',(0.,-1.,0.));
#3555=DIRECTION('',(0.,0.,-1.));
#3556=DIRECTION('',(0.,-1.,0.));
#3557=DIRECTION('',(0.,0.,-1.));
#3558=DIRECTION('',(0.,-1.,0.));
#3559=DIRECTION('',(0.,0.,-1.));
#3560=DIRECTION('',(0.,-1.,0.));
#3561=DIRECTION('',(-0.258819045102521,0.,-0.965925826289068));
#3562=DIRECTION('',(0.,-1.,0.));
#3563=DIRECTION('',(-0.258819045102521,0.,-0.965925826289068));
#3564=DIRECTION('',(0.,-1.,0.));
#3565=DIRECTION('',(-0.258819045102521,0.,-0.965925826289068));
#3566=DIRECTION('',(0.,-1.,0.));
#3567=DIRECTION('',(-0.5,0.,-0.866025403784438));
#3568=DIRECTION('',(0.,-1.,0.));
#3569=DIRECTION('',(-0.5,0.,-0.866025403784438));
#3570=DIRECTION('',(0.,-1.,0.));
#3571=DIRECTION('',(-0.5,0.,-0.866025403784438));
#3572=DIRECTION('',(0.,-1.,0.));
#3573=DIRECTION('',(-0.707106781186548,0.,-0.707106781186547));
#3574=DIRECTION('',(0.,-1.,0.));
#3575=DIRECTION('',(-0.707106781186548,0.,-0.707106781186547));
#3576=DIRECTION('',(0.,-1.,0.));
#3577=DIRECTION('',(-0.707106781186548,0.,-0.707106781186547));
#3578=DIRECTION('',(0.,-1.,0.));
#3579=DIRECTION('',(-0.866025403784439,0.,-0.5));
#3580=DIRECTION('',(0.,-1.,0.));
#3581=DIRECTION('',(-0.866025403784439,0.,-0.5));
#3582=DIRECTION('',(0.,-1.,0.));
#3583=DIRECTION('',(-0.866025403784439,0.,-0.5));
#3584=DIRECTION('',(0.,-1.,0.));
#3585=DIRECTION('',(-0.965925826289068,0.,-0.258819045102521));
#3586=DIRECTION('',(0.,-1.,0.));
#3587=DIRECTION('',(-0.965925826289068,0.,-0.258819045102521));
#3588=DIRECTION('',(0.,-1.,0.));
#3589=DIRECTION('',(-0.965925826289068,0.,-0.258819045102521));
#3590=DIRECTION('',(0.,-1.,0.));
#3591=DIRECTION('',(-1.,0.,1.83697019872103E-16));
#3592=DIRECTION('',(0.,-1.,0.));
#3593=DIRECTION('',(-1.,0.,1.83697019872103E-16));
#3594=DIRECTION('',(0.,-1.,0.));
#3595=DIRECTION('',(-1.,0.,1.83697019872103E-16));
#3596=DIRECTION('',(0.,-1.,0.));
#3597=DIRECTION('',(-0.965925826289068,0.,0.258819045102521));
#3598=DIRECTION('',(0.,-1.,0.));
#3599=DIRECTION('',(-0.965925826289068,0.,0.258819045102521));
#3600=DIRECTION('',(0.,-1.,0.));
#3601=DIRECTION('',(-0.965925826289068,0.,0.258819045102521));
#3602=DIRECTION('',(0.,-1.,0.));
#3603=DIRECTION('',(-0.866025403784438,0.,0.5));
#3604=DIRECTION('',(0.,-1.,0.));
#3605=DIRECTION('',(-0.866025403784438,0.,0.5));
#3606=DIRECTION('',(0.,-1.,0.));
#3607=DIRECTION('',(-0.866025403784438,0.,0.5));
#3608=DIRECTION('',(0.,-1.,0.));
#3609=DIRECTION('',(-0.707106781186548,0.,0.707106781186548));
#3610=DIRECTION('',(0.,-1.,0.));
#3611=DIRECTION('',(-0.707106781186548,0.,0.707106781186548));
#3612=DIRECTION('',(0.,-1.,0.));
#3613=DIRECTION('',(-0.707106781186548,0.,0.707106781186548));
#3614=DIRECTION('',(0.,-1.,0.));
#3615=DIRECTION('',(-0.5,0.,0.866025403784439));
#3616=DIRECTION('',(0.,-1.,0.));
#3617=DIRECTION('',(-0.5,0.,0.866025403784439));
#3618=DIRECTION('',(0.,-1.,0.));
#3619=DIRECTION('',(-0.5,0.,0.866025403784439));
#3620=DIRECTION('',(0.,-1.,0.));
#3621=DIRECTION('',(-0.258819045102521,0.,0.965925826289068));
#3622=DIRECTION('',(0.,-1.,0.));
#3623=DIRECTION('',(-0.258819045102521,0.,0.965925826289068));
#3624=DIRECTION('',(0.,1.,0.));
#3625=DIRECTION('',(0.,1.,0.));
#3626=DIRECTION('',(0.,1.,0.));
#3627=DIRECTION('',(0.,0.,1.));
#3628=DIRECTION('',(0.,1.,0.));
#3629=DIRECTION('',(0.,1.,0.));
#3630=DIRECTION('',(0.,1.,0.));
#3631=DIRECTION('',(0.,0.,1.));
#3632=DIRECTION('',(0.,1.,0.));
#3633=DIRECTION('',(0.,0.,1.));
#3634=DIRECTION('',(0.,1.,0.));
#3635=DIRECTION('',(0.,1.,0.));
#3636=DIRECTION('',(0.,1.,0.));
#3637=DIRECTION('',(0.965925826289068,0.,-0.258819045102521));
#3638=DIRECTION('',(0.,1.,0.));
#3639=DIRECTION('',(0.,1.,0.));
#3640=DIRECTION('',(0.,1.,0.));
#3641=DIRECTION('',(0.965925826289068,0.,-0.258819045102521));
#3642=DIRECTION('',(0.,1.,0.));
#3643=DIRECTION('',(0.965925826289068,0.,-0.258819045102521));
#3644=DIRECTION('',(0.,1.,0.));
#3645=DIRECTION('',(0.,1.,0.));
#3646=DIRECTION('',(0.,1.,0.));
#3647=DIRECTION('',(1.,0.,-1.83697019872103E-16));
#3648=DIRECTION('',(0.,1.,0.));
#3649=DIRECTION('',(0.,1.,0.));
#3650=DIRECTION('',(0.,1.,0.));
#3651=DIRECTION('',(1.,0.,-1.83697019872103E-16));
#3652=DIRECTION('',(0.,1.,0.));
#3653=DIRECTION('',(1.,0.,-1.83697019872103E-16));
#3654=DIRECTION('',(0.,1.,0.));
#3655=DIRECTION('',(0.,1.,0.));
#3656=DIRECTION('',(0.,1.,0.));
#3657=DIRECTION('',(0.965925826289068,0.,0.258819045102521));
#3658=DIRECTION('',(0.,1.,0.));
#3659=DIRECTION('',(0.,1.,0.));
#3660=DIRECTION('',(0.,1.,0.));
#3661=DIRECTION('',(0.965925826289068,0.,0.258819045102521));
#3662=DIRECTION('',(0.,1.,0.));
#3663=DIRECTION('',(0.965925826289068,0.,0.258819045102521));
#3664=DIRECTION('',(0.,1.,0.));
#3665=DIRECTION('',(0.,1.,0.));
#3666=DIRECTION('',(0.,1.,0.));
#3667=DIRECTION('',(0.866025403784439,0.,0.5));
#3668=DIRECTION('',(0.,1.,0.));
#3669=DIRECTION('',(0.,1.,0.));
#3670=DIRECTION('',(0.,1.,0.));
#3671=DIRECTION('',(0.866025403784439,0.,0.5));
#3672=DIRECTION('',(0.,1.,0.));
#3673=DIRECTION('',(0.866025403784439,0.,0.5));
#3674=DIRECTION('',(0.,1.,0.));
#3675=DIRECTION('',(0.,1.,0.));
#3676=DIRECTION('',(0.,1.,0.));
#3677=DIRECTION('',(0.5,0.,0.866025403784438));
#3678=DIRECTION('',(0.,1.,0.));
#3679=DIRECTION('',(0.,1.,0.));
#3680=DIRECTION('',(0.,1.,0.));
#3681=DIRECTION('',(0.5,0.,0.866025403784438));
#3682=DIRECTION('',(0.,1.,0.));
#3683=DIRECTION('',(0.5,0.,0.866025403784438));
#3684=DIRECTION('',(0.,1.,0.));
#3685=DIRECTION('',(0.,1.,0.));
#3686=DIRECTION('',(0.,1.,0.));
#3687=DIRECTION('',(0.707106781186548,0.,0.707106781186547));
#3688=DIRECTION('',(0.,1.,0.));
#3689=DIRECTION('',(0.,1.,0.));
#3690=DIRECTION('',(0.,1.,0.));
#3691=DIRECTION('',(0.707106781186548,0.,0.707106781186547));
#3692=DIRECTION('',(0.,1.,0.));
#3693=DIRECTION('',(0.707106781186548,0.,0.707106781186547));
#3694=DIRECTION('',(0.,1.,0.));
#3695=DIRECTION('',(0.,1.,0.));
#3696=DIRECTION('',(0.,1.,0.));
#3697=DIRECTION('',(0.258819045102521,0.,0.965925826289068));
#3698=DIRECTION('',(0.,1.,0.));
#3699=DIRECTION('',(0.,1.,0.));
#3700=DIRECTION('',(0.,1.,0.));
#3701=DIRECTION('',(0.258819045102521,0.,0.965925826289068));
#3702=DIRECTION('',(0.,1.,0.));
#3703=DIRECTION('',(0.258819045102521,0.,0.965925826289068));
#3704=DIRECTION('',(0.,1.,0.));
#3705=DIRECTION('',(0.,1.,0.));
#3706=DIRECTION('',(0.,1.,0.));
#3707=DIRECTION('',(-0.707106781186548,0.,0.707106781186548));
#3708=DIRECTION('',(0.,1.,0.));
#3709=DIRECTION('',(0.,1.,0.));
#3710=DIRECTION('',(0.,1.,0.));
#3711=DIRECTION('',(-0.707106781186548,0.,0.707106781186548));
#3712=DIRECTION('',(0.,1.,0.));
#3713=DIRECTION('',(-0.707106781186548,0.,0.707106781186548));
#3714=DIRECTION('',(0.,1.,0.));
#3715=DIRECTION('',(0.,1.,0.));
#3716=DIRECTION('',(0.,1.,0.));
#3717=DIRECTION('',(-0.866025403784439,0.,0.5));
#3718=DIRECTION('',(0.,1.,0.));
#3719=DIRECTION('',(0.,1.,0.));
#3720=DIRECTION('',(0.,1.,0.));
#3721=DIRECTION('',(-0.866025403784439,0.,0.5));
#3722=DIRECTION('',(0.,1.,0.));
#3723=DIRECTION('',(-0.866025403784439,0.,0.5));
#3724=DIRECTION('',(0.,1.,0.));
#3725=DIRECTION('',(0.,1.,0.));
#3726=DIRECTION('',(0.,1.,0.));
#3727=DIRECTION('',(-0.5,0.,0.866025403784439));
#3728=DIRECTION('',(0.,1.,0.));
#3729=DIRECTION('',(0.,1.,0.));
#3730=DIRECTION('',(0.,1.,0.));
#3731=DIRECTION('',(-0.5,0.,0.866025403784439));
#3732=DIRECTION('',(0.,1.,0.));
#3733=DIRECTION('',(-0.5,0.,0.866025403784439));
#3734=DIRECTION('',(0.,1.,0.));
#3735=DIRECTION('',(0.,1.,0.));
#3736=DIRECTION('',(0.,1.,0.));
#3737=DIRECTION('',(-0.258819045102521,0.,0.965925826289068));
#3738=DIRECTION('',(0.,1.,0.));
#3739=DIRECTION('',(0.,1.,0.));
#3740=DIRECTION('',(0.,1.,0.));
#3741=DIRECTION('',(-0.258819045102521,0.,0.965925826289068));
#3742=DIRECTION('',(0.,1.,0.));
#3743=DIRECTION('',(-0.258819045102521,0.,0.965925826289068));
#3744=DIRECTION('',(0.,1.,0.));
#3745=DIRECTION('',(0.,1.,0.));
#3746=DIRECTION('',(0.,1.,0.));
#3747=DIRECTION('',(-0.965925826289068,0.,0.258819045102521));
#3748=DIRECTION('',(0.,1.,0.));
#3749=DIRECTION('',(0.,1.,0.));
#3750=DIRECTION('',(0.,1.,0.));
#3751=DIRECTION('',(-0.965925826289068,0.,0.258819045102521));
#3752=DIRECTION('',(0.,1.,0.));
#3753=DIRECTION('',(-0.965925826289068,0.,0.258819045102521));
#3754=DIRECTION('',(0.,1.,0.));
#3755=DIRECTION('',(0.,1.,0.));
#3756=DIRECTION('',(0.,1.,0.));
#3757=DIRECTION('',(-1.,0.,6.12323399573677E-17));
#3758=DIRECTION('',(0.,1.,0.));
#3759=DIRECTION('',(0.,1.,0.));
#3760=DIRECTION('',(0.,1.,0.));
#3761=DIRECTION('',(-1.,0.,6.12323399573677E-17));
#3762=DIRECTION('',(0.,1.,0.));
#3763=DIRECTION('',(-1.,0.,6.12323399573677E-17));
#3764=DIRECTION('',(0.,1.,0.));
#3765=DIRECTION('',(0.,1.,0.));
#3766=DIRECTION('',(0.,1.,0.));
#3767=DIRECTION('',(-0.965925826289068,0.,-0.258819045102521));
#3768=DIRECTION('',(0.,1.,0.));
#3769=DIRECTION('',(0.,1.,0.));
#3770=DIRECTION('',(0.,1.,0.));
#3771=DIRECTION('',(-0.965925826289068,0.,-0.258819045102521));
#3772=DIRECTION('',(0.,1.,0.));
#3773=DIRECTION('',(-0.965925826289068,0.,-0.258819045102521));
#3774=DIRECTION('',(0.,1.,0.));
#3775=DIRECTION('',(0.,1.,0.));
#3776=DIRECTION('',(0.,1.,0.));
#3777=DIRECTION('',(-0.866025403784439,0.,-0.5));
#3778=DIRECTION('',(0.,1.,0.));
#3779=DIRECTION('',(0.,1.,0.));
#3780=DIRECTION('',(0.,1.,0.));
#3781=DIRECTION('',(-0.866025403784439,0.,-0.5));
#3782=DIRECTION('',(0.,1.,0.));
#3783=DIRECTION('',(-0.866025403784439,0.,-0.5));
#3784=DIRECTION('',(0.,1.,0.));
#3785=DIRECTION('',(0.,1.,0.));
#3786=DIRECTION('',(0.,1.,0.));
#3787=DIRECTION('',(-0.5,0.,-0.866025403784439));
#3788=DIRECTION('',(0.,1.,0.));
#3789=DIRECTION('',(0.,1.,0.));
#3790=DIRECTION('',(0.,1.,0.));
#3791=DIRECTION('',(-0.5,0.,-0.866025403784439));
#3792=DIRECTION('',(0.,1.,0.));
#3793=DIRECTION('',(-0.5,0.,-0.866025403784439));
#3794=DIRECTION('',(0.,1.,0.));
#3795=DIRECTION('',(0.,1.,0.));
#3796=DIRECTION('',(0.,1.,0.));
#3797=DIRECTION('',(-0.707106781186548,0.,-0.707106781186548));
#3798=DIRECTION('',(0.,1.,0.));
#3799=DIRECTION('',(0.,1.,0.));
#3800=DIRECTION('',(0.,1.,0.));
#3801=DIRECTION('',(-0.707106781186548,0.,-0.707106781186548));
#3802=DIRECTION('',(0.,1.,0.));
#3803=DIRECTION('',(-0.707106781186548,0.,-0.707106781186548));
#3804=DIRECTION('',(0.,1.,0.));
#3805=DIRECTION('',(0.,1.,0.));
#3806=DIRECTION('',(0.,1.,0.));
#3807=DIRECTION('',(-0.258819045102521,0.,-0.965925826289068));
#3808=DIRECTION('',(0.,1.,0.));
#3809=DIRECTION('',(0.,1.,0.));
#3810=DIRECTION('',(0.,1.,0.));
#3811=DIRECTION('',(-0.258819045102521,0.,-0.965925826289068));
#3812=DIRECTION('',(0.,1.,0.));
#3813=DIRECTION('',(-0.258819045102521,0.,-0.965925826289068));
#3814=DIRECTION('',(0.,1.,0.));
#3815=DIRECTION('',(0.,1.,0.));
#3816=DIRECTION('',(0.,1.,0.));
#3817=DIRECTION('',(-1.22464679914735E-16,0.,-1.));
#3818=DIRECTION('',(0.,1.,0.));
#3819=DIRECTION('',(0.,1.,0.));
#3820=DIRECTION('',(0.,1.,0.));
#3821=DIRECTION('',(-1.22464679914735E-16,0.,-1.));
#3822=DIRECTION('',(0.,1.,0.));
#3823=DIRECTION('',(-1.22464679914735E-16,0.,-1.));
#3824=DIRECTION('',(0.,1.,0.));
#3825=DIRECTION('',(0.,1.,0.));
#3826=DIRECTION('',(0.,1.,0.));
#3827=DIRECTION('',(0.707106781186548,0.,-0.707106781186548));
#3828=DIRECTION('',(0.,1.,0.));
#3829=DIRECTION('',(0.,1.,0.));
#3830=DIRECTION('',(0.,1.,0.));
#3831=DIRECTION('',(0.707106781186548,0.,-0.707106781186548));
#3832=DIRECTION('',(0.,1.,0.));
#3833=DIRECTION('',(0.707106781186548,0.,-0.707106781186548));
#3834=DIRECTION('',(0.,1.,0.));
#3835=DIRECTION('',(0.,1.,0.));
#3836=DIRECTION('',(0.,1.,0.));
#3837=DIRECTION('',(0.866025403784438,0.,-0.5));
#3838=DIRECTION('',(0.,1.,0.));
#3839=DIRECTION('',(0.,1.,0.));
#3840=DIRECTION('',(0.,1.,0.));
#3841=DIRECTION('',(0.866025403784438,0.,-0.5));
#3842=DIRECTION('',(0.,1.,0.));
#3843=DIRECTION('',(0.866025403784438,0.,-0.5));
#3844=DIRECTION('',(0.,1.,0.));
#3845=DIRECTION('',(0.,1.,0.));
#3846=DIRECTION('',(0.,1.,0.));
#3847=DIRECTION('',(0.5,0.,-0.866025403784439));
#3848=DIRECTION('',(0.,1.,0.));
#3849=DIRECTION('',(0.,1.,0.));
#3850=DIRECTION('',(0.,1.,0.));
#3851=DIRECTION('',(0.5,0.,-0.866025403784439));
#3852=DIRECTION('',(0.,1.,0.));
#3853=DIRECTION('',(0.5,0.,-0.866025403784439));
#3854=DIRECTION('',(0.,1.,0.));
#3855=DIRECTION('',(0.,1.,0.));
#3856=DIRECTION('',(0.,1.,0.));
#3857=DIRECTION('',(0.258819045102521,0.,-0.965925826289068));
#3858=DIRECTION('',(0.,1.,0.));
#3859=DIRECTION('',(0.,1.,0.));
#3860=DIRECTION('',(0.,1.,0.));
#3861=DIRECTION('',(0.258819045102521,0.,-0.965925826289068));
#3862=DIRECTION('',(0.,1.,0.));
#3863=DIRECTION('',(0.258819045102521,0.,-0.965925826289068));
#3864=DIRECTION('',(0.,-1.,0.));
#3865=DIRECTION('',(1.,0.,0.));
#3866=DIRECTION('',(0.,-1.,0.));
#3867=DIRECTION('',(0.,0.,-1.));
#3868=DIRECTION('',(0.,-1.,0.));
#3869=DIRECTION('',(0.,0.,-1.));
#3870=DIRECTION('',(0.,1.,0.));
#3871=DIRECTION('',(0.,0.,1.));
#3872=DIRECTION('',(0.,1.,0.));
#3873=DIRECTION('',(0.,0.,1.));
#3874=DIRECTION('',(0.,-1.,0.));
#3875=DIRECTION('',(0.,0.,-1.));
#3876=DIRECTION('',(0.,-1.,0.));
#3877=DIRECTION('',(1.,0.,0.));
#3878=DIRECTION('',(0.,-1.,0.));
#3879=DIRECTION('',(0.,0.,-1.));
#3880=DIRECTION('',(0.,-1.,0.));
#3881=DIRECTION('',(0.,0.,-1.));
#3882=CARTESIAN_POINT('',(0.,0.,0.));
#3883=CARTESIAN_POINT('',(0.,-0.007,1.99005104861445E-18));
#3884=CARTESIAN_POINT('',(-0.0321289843403096,-0.007,-0.00489677090133335));
#3885=CARTESIAN_POINT('',(-0.0321289843403096,-0.007,-0.00489677090133335));
#3886=CARTESIAN_POINT('',(-0.0321289843403096,0.,-0.00489677090133335));
#3887=CARTESIAN_POINT('',(0.,-0.007,1.99005104861445E-18));
#3888=CARTESIAN_POINT('',(-0.0323015933155109,-0.007,-0.00358567556805407));
#3889=CARTESIAN_POINT('',(-0.0323015933155109,-0.007,-0.00358567556805407));
#3890=CARTESIAN_POINT('',(-0.0323015933155109,0.,-0.00358567556805407));
#3891=CARTESIAN_POINT('',(0.,0.,1.99005104861445E-18));
#3892=CARTESIAN_POINT('',(0.,-0.007,1.99005104861445E-18));
#3893=CARTESIAN_POINT('',(0.,-0.007,1.99005104861445E-18));
#3894=CARTESIAN_POINT('',(-0.0302729020871671,-0.007,-0.0118237641730877));
#3895=CARTESIAN_POINT('',(-0.0297668381779731,-0.007,-0.0130455105260914));
#3896=CARTESIAN_POINT('',(-0.0302729020871671,-0.007,-0.0118237641730877));
#3897=CARTESIAN_POINT('',(-0.0302729020871671,0.,-0.0118237641730877));
#3898=CARTESIAN_POINT('',(0.,0.,1.99005104861445E-18));
#3899=CARTESIAN_POINT('',(-0.0297668381779731,0.,-0.0130455105260914));
#3900=CARTESIAN_POINT('',(-0.0297668381779731,-0.007,-0.0130455105260914));
#3901=CARTESIAN_POINT('',(0.,-0.007,1.99005104861445E-18));
#3902=CARTESIAN_POINT('',(-0.0192560827894195,-0.007,-0.026181162609919));
#3903=CARTESIAN_POINT('',(-0.0192560827894195,-0.007,-0.026181162609919));
#3904=CARTESIAN_POINT('',(-0.0192560827894195,0.,-0.026181162609919));
#3905=CARTESIAN_POINT('',(0.,-0.007,1.99005104861445E-18));
#3906=CARTESIAN_POINT('',(-0.0203052201672219,-0.007,-0.0253761311858338));
#3907=CARTESIAN_POINT('',(-0.0203052201672219,-0.007,-0.0253761311858338));
#3908=CARTESIAN_POINT('',(-0.0203052201672219,0.,-0.0253761311858338));
#3909=CARTESIAN_POINT('',(0.,0.,1.99005104861445E-18));
#3910=CARTESIAN_POINT('',(0.,-0.007,1.99005104861445E-18));
#3911=CARTESIAN_POINT('',(0.,-0.007,1.99005104861445E-18));
#3912=CARTESIAN_POINT('',(-0.0261811626099191,-0.007,-0.0192560827894195));
#3913=CARTESIAN_POINT('',(-0.0253761311858338,-0.007,-0.0203052201672219));
#3914=CARTESIAN_POINT('',(-0.0261811626099191,-0.007,-0.0192560827894195));
#3915=CARTESIAN_POINT('',(-0.0261811626099191,0.,-0.0192560827894195));
#3916=CARTESIAN_POINT('',(0.,0.,1.99005104861445E-18));
#3917=CARTESIAN_POINT('',(-0.0253761311858338,0.,-0.0203052201672219));
#3918=CARTESIAN_POINT('',(-0.0253761311858338,-0.007,-0.0203052201672219));
#3919=CARTESIAN_POINT('',(0.,-0.007,1.99005104861445E-18));
#3920=CARTESIAN_POINT('',(-0.0323015933155109,-0.007,0.00358567556805408));
#3921=CARTESIAN_POINT('',(-0.0323015933155109,-0.007,0.00358567556805408));
#3922=CARTESIAN_POINT('',(-0.0323015933155109,0.,0.00358567556805408));
#3923=CARTESIAN_POINT('',(0.,-0.007,1.99005104861445E-18));
#3924=CARTESIAN_POINT('',(-0.0321289843403096,-0.007,0.00489677090133336));
#3925=CARTESIAN_POINT('',(-0.0321289843403096,-0.007,0.00489677090133336));
#3926=CARTESIAN_POINT('',(-0.0321289843403096,0.,0.00489677090133336));
#3927=CARTESIAN_POINT('',(0.,0.,1.99005104861445E-18));
#3928=CARTESIAN_POINT('',(0.,-0.007,1.99005104861445E-18));
#3929=CARTESIAN_POINT('',(-0.0302729020871671,-0.007,0.0118237641730877));
#3930=CARTESIAN_POINT('',(-0.0302729020871671,-0.007,0.0118237641730877));
#3931=CARTESIAN_POINT('',(-0.0302729020871671,0.,0.0118237641730877));
#3932=CARTESIAN_POINT('',(0.,-0.007,1.99005104861445E-18));
#3933=CARTESIAN_POINT('',(-0.0297668381779731,-0.007,0.0130455105260914));
#3934=CARTESIAN_POINT('',(-0.0297668381779731,-0.007,0.0130455105260914));
#3935=CARTESIAN_POINT('',(-0.0297668381779731,0.,0.0130455105260914));
#3936=CARTESIAN_POINT('',(0.,0.,1.99005104861445E-18));
#3937=CARTESIAN_POINT('',(0.,-0.007,1.99005104861445E-18));
#3938=CARTESIAN_POINT('',(-0.0203052201672219,-0.007,0.0253761311858338));
#3939=CARTESIAN_POINT('',(-0.0203052201672219,-0.007,0.0253761311858338));
#3940=CARTESIAN_POINT('',(-0.0203052201672219,0.,0.0253761311858338));
#3941=CARTESIAN_POINT('',(0.,-0.007,1.99005104861445E-18));
#3942=CARTESIAN_POINT('',(-0.0192560827894195,-0.007,0.0261811626099191));
#3943=CARTESIAN_POINT('',(-0.0192560827894195,-0.007,0.0261811626099191));
#3944=CARTESIAN_POINT('',(-0.0192560827894195,0.,0.0261811626099191));
#3945=CARTESIAN_POINT('',(0.,0.,1.99005104861445E-18));
#3946=CARTESIAN_POINT('',(0.,-0.007,1.99005104861445E-18));
#3947=CARTESIAN_POINT('',(0.,-0.007,1.99005104861445E-18));
#3948=CARTESIAN_POINT('',(-0.0253761311858338,-0.007,0.0203052201672219));
#3949=CARTESIAN_POINT('',(-0.0261811626099191,-0.007,0.0192560827894195));
#3950=CARTESIAN_POINT('',(-0.0253761311858338,-0.007,0.0203052201672219));
#3951=CARTESIAN_POINT('',(-0.0253761311858338,0.,0.0203052201672219));
#3952=CARTESIAN_POINT('',(0.,0.,1.99005104861445E-18));
#3953=CARTESIAN_POINT('',(-0.0261811626099191,0.,0.0192560827894195));
#3954=CARTESIAN_POINT('',(-0.0261811626099191,-0.007,0.0192560827894195));
#3955=CARTESIAN_POINT('',(0.,-0.007,1.99005104861445E-18));
#3956=CARTESIAN_POINT('',(-0.0130455105260914,-0.007,0.0297668381779731));
#3957=CARTESIAN_POINT('',(-0.0130455105260914,-0.007,0.0297668381779731));
#3958=CARTESIAN_POINT('',(-0.0130455105260914,0.,0.0297668381779731));
#3959=CARTESIAN_POINT('',(0.,-0.007,1.99005104861445E-18));
#3960=CARTESIAN_POINT('',(-0.0118237641730877,-0.007,0.0302729020871671));
#3961=CARTESIAN_POINT('',(-0.0118237641730877,-0.007,0.0302729020871671));
#3962=CARTESIAN_POINT('',(-0.0118237641730877,0.,0.0302729020871671));
#3963=CARTESIAN_POINT('',(0.,0.,1.99005104861445E-18));
#3964=CARTESIAN_POINT('',(0.,-0.007,1.99005104861445E-18));
#3965=CARTESIAN_POINT('',(-0.00489677090133335,-0.007,0.0321289843403096));
#3966=CARTESIAN_POINT('',(-0.00489677090133335,-0.007,0.0321289843403096));
#3967=CARTESIAN_POINT('',(-0.00489677090133335,0.,0.0321289843403096));
#3968=CARTESIAN_POINT('',(0.,-0.007,1.99005104861445E-18));
#3969=CARTESIAN_POINT('',(-0.00358567556805407,-0.007,0.0323015933155109));
#3970=CARTESIAN_POINT('',(-0.00358567556805407,-0.007,0.0323015933155109));
#3971=CARTESIAN_POINT('',(-0.00358567556805407,0.,0.0323015933155109));
#3972=CARTESIAN_POINT('',(0.,0.,1.99005104861445E-18));
#3973=CARTESIAN_POINT('',(0.,-0.007,1.99005104861445E-18));
#3974=CARTESIAN_POINT('',(0.00358567556805408,-0.007,0.0323015933155109));
#3975=CARTESIAN_POINT('',(0.00358567556805408,-0.007,0.0323015933155109));
#3976=CARTESIAN_POINT('',(0.00358567556805408,0.,0.0323015933155109));
#3977=CARTESIAN_POINT('',(0.,-0.007,1.99005104861445E-18));
#3978=CARTESIAN_POINT('',(0.00489677090133335,-0.007,0.0321289843403096));
#3979=CARTESIAN_POINT('',(0.00489677090133335,-0.007,0.0321289843403096));
#3980=CARTESIAN_POINT('',(0.00489677090133335,0.,0.0321289843403096));
#3981=CARTESIAN_POINT('',(0.,0.,1.99005104861445E-18));
#3982=CARTESIAN_POINT('',(0.,-0.007,1.99005104861445E-18));
#3983=CARTESIAN_POINT('',(0.0118237641730877,-0.007,0.0302729020871671));
#3984=CARTESIAN_POINT('',(0.0118237641730877,-0.007,0.0302729020871671));
#3985=CARTESIAN_POINT('',(0.0118237641730877,0.,0.0302729020871671));
#3986=CARTESIAN_POINT('',(0.,-0.007,1.99005104861445E-18));
#3987=CARTESIAN_POINT('',(0.0130455105260914,-0.007,0.0297668381779731));
#3988=CARTESIAN_POINT('',(0.0130455105260914,-0.007,0.0297668381779731));
#3989=CARTESIAN_POINT('',(0.0130455105260914,0.,0.0297668381779731));
#3990=CARTESIAN_POINT('',(0.,0.,1.99005104861445E-18));
#3991=CARTESIAN_POINT('',(0.,-0.007,1.99005104861445E-18));
#3992=CARTESIAN_POINT('',(0.0321289843403096,-0.007,0.00489677090133335));
#3993=CARTESIAN_POINT('',(0.0321289843403096,-0.007,0.00489677090133335));
#3994=CARTESIAN_POINT('',(0.0321289843403096,0.,0.00489677090133335));
#3995=CARTESIAN_POINT('',(0.,-0.007,1.99005104861445E-18));
#3996=CARTESIAN_POINT('',(0.0323015933155109,-0.007,0.00358567556805408));
#3997=CARTESIAN_POINT('',(0.0323015933155109,-0.007,0.00358567556805408));
#3998=CARTESIAN_POINT('',(0.0323015933155109,0.,0.00358567556805408));
#3999=CARTESIAN_POINT('',(0.,0.,1.99005104861445E-18));
#4000=CARTESIAN_POINT('',(0.,-0.007,1.99005104861445E-18));
#4001=CARTESIAN_POINT('',(0.,-0.007,1.99005104861445E-18));
#4002=CARTESIAN_POINT('',(0.0302729020871671,-0.007,0.0118237641730877));
#4003=CARTESIAN_POINT('',(0.0297668381779731,-0.007,0.0130455105260914));
#4004=CARTESIAN_POINT('',(0.0302729020871671,-0.007,0.0118237641730877));
#4005=CARTESIAN_POINT('',(0.0302729020871671,0.,0.0118237641730877));
#4006=CARTESIAN_POINT('',(0.,0.,1.99005104861445E-18));
#4007=CARTESIAN_POINT('',(0.0297668381779731,0.,0.0130455105260914));
#4008=CARTESIAN_POINT('',(0.0297668381779731,-0.007,0.0130455105260914));
#4009=CARTESIAN_POINT('',(0.,-0.007,1.99005104861445E-18));
#4010=CARTESIAN_POINT('',(0.0192560827894195,-0.007,0.0261811626099191));
#4011=CARTESIAN_POINT('',(0.0192560827894195,-0.007,0.0261811626099191));
#4012=CARTESIAN_POINT('',(0.0192560827894195,0.,0.0261811626099191));
#4013=CARTESIAN_POINT('',(0.,-0.007,1.99005104861445E-18));
#4014=CARTESIAN_POINT('',(0.0203052201672219,-0.007,0.0253761311858338));
#4015=CARTESIAN_POINT('',(0.0203052201672219,-0.007,0.0253761311858338));
#4016=CARTESIAN_POINT('',(0.0203052201672219,0.,0.0253761311858338));
#4017=CARTESIAN_POINT('',(0.,0.,1.99005104861445E-18));
#4018=CARTESIAN_POINT('',(0.,-0.007,1.99005104861445E-18));
#4019=CARTESIAN_POINT('',(0.,-0.007,1.99005104861445E-18));
#4020=CARTESIAN_POINT('',(0.0261811626099191,-0.007,0.0192560827894195));
#4021=CARTESIAN_POINT('',(0.0253761311858338,-0.007,0.0203052201672219));
#4022=CARTESIAN_POINT('',(0.0261811626099191,-0.007,0.0192560827894195));
#4023=CARTESIAN_POINT('',(0.0261811626099191,0.,0.0192560827894195));
#4024=CARTESIAN_POINT('',(0.,0.,1.99005104861445E-18));
#4025=CARTESIAN_POINT('',(0.0253761311858338,0.,0.0203052201672219));
#4026=CARTESIAN_POINT('',(0.0253761311858338,-0.007,0.0203052201672219));
#4027=CARTESIAN_POINT('',(0.,-0.007,1.99005104861445E-18));
#4028=CARTESIAN_POINT('',(0.0302729020871671,-0.007,-0.0118237641730877));
#4029=CARTESIAN_POINT('',(0.0302729020871671,-0.007,-0.0118237641730877));
#4030=CARTESIAN_POINT('',(0.0302729020871671,0.,-0.0118237641730877));
#4031=CARTESIAN_POINT('',(0.,-0.007,1.99005104861445E-18));
#4032=CARTESIAN_POINT('',(0.0297668381779731,-0.007,-0.0130455105260914));
#4033=CARTESIAN_POINT('',(0.0297668381779731,-0.007,-0.0130455105260914));
#4034=CARTESIAN_POINT('',(0.0297668381779731,0.,-0.0130455105260914));
#4035=CARTESIAN_POINT('',(0.,0.,1.99005104861445E-18));
#4036=CARTESIAN_POINT('',(0.,-0.007,1.99005104861445E-18));
#4037=CARTESIAN_POINT('',(0.0203052201672219,-0.007,-0.0253761311858338));
#4038=CARTESIAN_POINT('',(0.0203052201672219,-0.007,-0.0253761311858338));
#4039=CARTESIAN_POINT('',(0.0203052201672219,0.,-0.0253761311858338));
#4040=CARTESIAN_POINT('',(0.,-0.007,1.99005104861445E-18));
#4041=CARTESIAN_POINT('',(0.0192560827894195,-0.007,-0.0261811626099191));
#4042=CARTESIAN_POINT('',(0.0192560827894195,-0.007,-0.0261811626099191));
#4043=CARTESIAN_POINT('',(0.0192560827894195,0.,-0.0261811626099191));
#4044=CARTESIAN_POINT('',(0.,0.,1.99005104861445E-18));
#4045=CARTESIAN_POINT('',(0.,-0.007,1.99005104861445E-18));
#4046=CARTESIAN_POINT('',(0.,-0.007,1.99005104861445E-18));
#4047=CARTESIAN_POINT('',(0.0253761311858338,-0.007,-0.0203052201672219));
#4048=CARTESIAN_POINT('',(0.026181162609919,-0.007,-0.0192560827894195));
#4049=CARTESIAN_POINT('',(0.0253761311858338,-0.007,-0.0203052201672219));
#4050=CARTESIAN_POINT('',(0.0253761311858338,0.,-0.0203052201672219));
#4051=CARTESIAN_POINT('',(0.,0.,1.99005104861445E-18));
#4052=CARTESIAN_POINT('',(0.026181162609919,0.,-0.0192560827894195));
#4053=CARTESIAN_POINT('',(0.026181162609919,-0.007,-0.0192560827894195));
#4054=CARTESIAN_POINT('',(0.,-0.007,1.99005104861445E-18));
#4055=CARTESIAN_POINT('',(0.0130455105260914,-0.007,-0.0297668381779731));
#4056=CARTESIAN_POINT('',(0.0130455105260914,-0.007,-0.0297668381779731));
#4057=CARTESIAN_POINT('',(0.0130455105260914,0.,-0.0297668381779731));
#4058=CARTESIAN_POINT('',(0.,-0.007,1.99005104861445E-18));
#4059=CARTESIAN_POINT('',(0.0118237641730876,-0.007,-0.0302729020871671));
#4060=CARTESIAN_POINT('',(0.0118237641730876,-0.007,-0.0302729020871671));
#4061=CARTESIAN_POINT('',(0.0118237641730876,0.,-0.0302729020871671));
#4062=CARTESIAN_POINT('',(0.,0.,1.99005104861445E-18));
#4063=CARTESIAN_POINT('',(0.,-0.007,1.99005104861445E-18));
#4064=CARTESIAN_POINT('',(0.00489677090133333,-0.007,-0.0321289843403096));
#4065=CARTESIAN_POINT('',(0.00489677090133333,-0.007,-0.0321289843403096));
#4066=CARTESIAN_POINT('',(0.00489677090133333,0.,-0.0321289843403096));
#4067=CARTESIAN_POINT('',(0.,-0.007,1.99005104861445E-18));
#4068=CARTESIAN_POINT('',(0.00358567556805406,-0.007,-0.0323015933155109));
#4069=CARTESIAN_POINT('',(0.00358567556805406,-0.007,-0.0323015933155109));
#4070=CARTESIAN_POINT('',(0.00358567556805406,0.,-0.0323015933155109));
#4071=CARTESIAN_POINT('',(0.,0.,1.99005104861445E-18));
#4072=CARTESIAN_POINT('',(0.,-0.007,1.99005104861445E-18));
#4073=CARTESIAN_POINT('',(-0.00358567556805408,-0.007,-0.0323015933155109));
#4074=CARTESIAN_POINT('',(-0.00358567556805408,-0.007,-0.0323015933155109));
#4075=CARTESIAN_POINT('',(-0.00358567556805408,0.,-0.0323015933155109));
#4076=CARTESIAN_POINT('',(0.,-0.007,1.99005104861445E-18));
#4077=CARTESIAN_POINT('',(-0.00489677090133335,-0.007,-0.0321289843403096));
#4078=CARTESIAN_POINT('',(-0.00489677090133335,-0.007,-0.0321289843403096));
#4079=CARTESIAN_POINT('',(-0.00489677090133335,0.,-0.0321289843403096));
#4080=CARTESIAN_POINT('',(0.,0.,1.99005104861445E-18));
#4081=CARTESIAN_POINT('',(0.,-0.007,1.99005104861445E-18));
#4082=CARTESIAN_POINT('',(0.,-0.007,1.99005104861445E-18));
#4083=CARTESIAN_POINT('',(-0.0130455105260914,-0.007,-0.0297668381779731));
#4084=CARTESIAN_POINT('',(-0.0118237641730877,-0.007,-0.0302729020871671));
#4085=CARTESIAN_POINT('',(-0.0130455105260914,-0.007,-0.0297668381779731));
#4086=CARTESIAN_POINT('',(-0.0130455105260914,0.,-0.0297668381779731));
#4087=CARTESIAN_POINT('',(0.,0.,1.99005104861445E-18));
#4088=CARTESIAN_POINT('',(-0.0118237641730877,0.,-0.0302729020871671));
#4089=CARTESIAN_POINT('',(-0.0118237641730877,-0.007,-0.0302729020871671));
#4090=CARTESIAN_POINT('',(0.,-0.007,0.));
#4091=CARTESIAN_POINT('',(0.,-0.007,3.06161699786838E-19));
#4092=CARTESIAN_POINT('',(0.,-0.007,-0.005));
#4093=CARTESIAN_POINT('',(-0.0265810933653438,-0.007,-0.00742495989152269));
#4094=CARTESIAN_POINT('',(-0.0262696985388753,-0.007,-0.00807816602585297));
#4095=CARTESIAN_POINT('',(-0.025884139961123,-0.007,-0.00723027824312418));
#4096=CARTESIAN_POINT('',(-0.025696223772168,-0.007,-0.00787208414911));
#4097=CARTESIAN_POINT('',(-0.025831597727558,-0.007,-0.00791333016137209));
#4098=CARTESIAN_POINT('',(-0.0259975528584141,-0.007,-0.00796389370841868));
#4099=CARTESIAN_POINT('',(-0.0260160348578516,-0.007,-0.00797061529169218));
#4100=CARTESIAN_POINT('',(-0.0260445576855863,-0.007,-0.00798079546390599));
#4101=CARTESIAN_POINT('',(-0.0260790291985585,-0.007,-0.00799413206275658));
#4102=CARTESIAN_POINT('',(-0.0261246796614558,-0.007,-0.0080127199902697));
#4103=CARTESIAN_POINT('',(-0.0261794966276856,-0.007,-0.0080363803080312));
#4104=CARTESIAN_POINT('',(-0.0262438665331054,-0.007,-0.0080656851506043));
#4105=CARTESIAN_POINT('',(-0.026317403036154,-0.007,-0.00810096209897504));
#4106=CARTESIAN_POINT('',(-0.0263999424477987,-0.007,-0.00814260616119067));
#4107=CARTESIAN_POINT('',(-0.0264912395404583,-0.007,-0.00819098395658969));
#4108=CARTESIAN_POINT('',(-0.0265910587308482,-0.007,-0.00824646196804963));
#4109=CARTESIAN_POINT('',(-0.0266991473338266,-0.007,-0.00830939779264095));
#4110=CARTESIAN_POINT('',(-0.0268152435797739,-0.007,-0.00838014230333125));
#4111=CARTESIAN_POINT('',(-0.0269390745269124,-0.007,-0.00845903864245465));
#4112=CARTESIAN_POINT('',(-0.0270703569086069,-0.007,-0.00854642213883207));
#4113=CARTESIAN_POINT('',(-0.0272087971510167,-0.007,-0.00864261996738965));
#4114=CARTESIAN_POINT('',(-0.0273540916381886,-0.007,-0.00874795088942917));
#4115=CARTESIAN_POINT('',(-0.027505926916758,-0.007,-0.00886272497712928));
#4116=CARTESIAN_POINT('',(-0.0276639799269916,-0.007,-0.00898724334973843));
#4117=CARTESIAN_POINT('',(-0.0278279182353358,-0.007,-0.00912179791366719));
#4118=CARTESIAN_POINT('',(-0.0279974002749602,-0.007,-0.00926667110946943));
#4119=CARTESIAN_POINT('',(-0.028172075593008,-0.007,-0.009422135662576));
#4120=CARTESIAN_POINT('',(-0.0283515851016375,-0.007,-0.00958845434839715));
#4121=CARTESIAN_POINT('',(-0.0285355613452414,-0.007,-0.00976587973208256));
#4122=CARTESIAN_POINT('',(-0.0287236287347023,-0.007,-0.00995465403662533));
#4123=CARTESIAN_POINT('',(-0.0289154039373379,-0.007,-0.0101550085480821));
#4124=CARTESIAN_POINT('',(-0.0291104956959875,-0.007,-0.0103671648329143));
#4125=CARTESIAN_POINT('',(-0.0293085068680774,-0.007,-0.0105913290268714));
#4126=CARTESIAN_POINT('',(-0.0295090279723077,-0.007,-0.0108277127434137));
#4127=CARTESIAN_POINT('',(-0.0297116633159274,-0.007,-0.0110764519711857));
#4128=CARTESIAN_POINT('',(-0.0299159323660219,-0.007,-0.0113379166982416));
#4129=CARTESIAN_POINT('',(-0.0301035391238478,-0.007,-0.0115874393517586));
#4130=CARTESIAN_POINT('',(-0.0302221002181943,-0.007,-0.0117526220974659));
#4131=CARTESIAN_POINT('',(-0.0302729020871671,-0.007,-0.0118237641730877));
#4132=CARTESIAN_POINT('',(-0.0237363781640938,-0.007,-0.0126035699962801));
#4133=CARTESIAN_POINT('',(-0.0238612673409135,-0.007,-0.0126701285031651));
#4134=CARTESIAN_POINT('',(-0.0240143691663121,-0.007,-0.0127517226745686));
#4135=CARTESIAN_POINT('',(-0.0240321907905571,-0.007,-0.0127600385445877));
#4136=CARTESIAN_POINT('',(-0.0240595579442731,-0.007,-0.0127730087606915));
#4137=CARTESIAN_POINT('',(-0.0240933633843386,-0.007,-0.0127879534017867));
#4138=CARTESIAN_POINT('',(-0.0241387867858104,-0.007,-0.012807089504073));
#4139=CARTESIAN_POINT('',(-0.0241942786054898,-0.007,-0.012829120581484));
#4140=CARTESIAN_POINT('',(-0.0242605166550214,-0.007,-0.0128539153252056));
#4141=CARTESIAN_POINT('',(-0.0243374593844044,-0.007,-0.0128809689157635));
#4142=CARTESIAN_POINT('',(-0.0244252703608824,-0.007,-0.0129098862946638));
#4143=CARTESIAN_POINT('',(-0.02452403542139,-0.007,-0.0129402348208005));
#4144=CARTESIAN_POINT('',(-0.0246338471259174,-0.007,-0.0129715887691076));
#4145=CARTESIAN_POINT('',(-0.0247547796584004,-0.007,-0.0130035166048946));
#4146=CARTESIAN_POINT('',(-0.024886896024421,-0.007,-0.0130355851244334));
#4147=CARTESIAN_POINT('',(-0.0250302458632682,-0.007,-0.0130673586904708));
#4148=CARTESIAN_POINT('',(-0.0251848659884671,-0.007,-0.0130983998899651));
#4149=CARTESIAN_POINT('',(-0.0253507801595725,-0.007,-0.0131282697872536));
#4150=CARTESIAN_POINT('',(-0.0255279990859636,-0.007,-0.0131565282951591));
#4151=CARTESIAN_POINT('',(-0.0257165203767807,-0.007,-0.0131827345145417));
#4152=CARTESIAN_POINT('',(-0.025916328517758,-0.007,-0.0132064470842105));
#4153=CARTESIAN_POINT('',(-0.0261273948518781,-0.007,-0.0132272245291434));
#4154=CARTESIAN_POINT('',(-0.0263496775705497,-0.007,-0.0132446256094871));
#4155=CARTESIAN_POINT('',(-0.026583121712183,-0.007,-0.0132582096716489));
#4156=CARTESIAN_POINT('',(-0.0268276591736047,-0.007,-0.0132675369919061));
#4157=CARTESIAN_POINT('',(-0.0270832087149928,-0.007,-0.0132721691493771));
#4158=CARTESIAN_POINT('',(-0.0273496760322566,-0.007,-0.0132716692849289));
#4159=CARTESIAN_POINT('',(-0.0276269536121961,-0.007,-0.0132656027974837));
#4160=CARTESIAN_POINT('',(-0.0279149214653669,-0.007,-0.0132535363553021));
#4161=CARTESIAN_POINT('',(-0.0282134445295487,-0.007,-0.0132350433761914));
#4162=CARTESIAN_POINT('',(-0.0285223828910501,-0.007,-0.0132096846798345));
#4163=CARTESIAN_POINT('',(-0.0288415529113363,-0.007,-0.0131770843107113));
#4164=CARTESIAN_POINT('',(-0.029170876423387,-0.007,-0.0131366408596773));
#4165=CARTESIAN_POINT('',(-0.0294799735944036,-0.007,-0.0130928597099709));
#4166=CARTESIAN_POINT('',(-0.0296806107878256,-0.007,-0.0130598932241437));
#4167=CARTESIAN_POINT('',(-0.0297668381779731,-0.007,-0.0130455105260914));
#4168=CARTESIAN_POINT('',(-0.0242876079529965,-0.007,-0.0128633560001336));
#4169=CARTESIAN_POINT('',(-0.0240459108593211,-0.007,-0.0135454318806535));
#4170=CARTESIAN_POINT('',(-0.0234154296672704,-0.007,-0.0131902721161131));
#4171=CARTESIAN_POINT('',(-1.66629929887675E-15,-0.007,-9.58032176493677E-16));
#4172=CARTESIAN_POINT('',(-0.0231308255690187,-0.007,-0.0136832208743275));
#4173=CARTESIAN_POINT('',(-0.0237536435435382,-0.007,-0.0140516537209815));
#4174=CARTESIAN_POINT('',(-0.0232837970505369,-0.007,-0.0146020074843851));
#4175=CARTESIAN_POINT('',(-0.0227832008772008,-0.007,-0.0142545214857994));
#4176=CARTESIAN_POINT('',(-0.022903286823411,-0.007,-0.0143293994321406));
#4177=CARTESIAN_POINT('',(-0.0230505003613465,-0.007,-0.0144211924165997));
#4178=CARTESIAN_POINT('',(-0.0230666129281601,-0.007,-0.0144324684609231));
#4179=CARTESIAN_POINT('',(-0.0230915290416565,-0.007,-0.0144496840032184));
#4180=CARTESIAN_POINT('',(-0.0231213742005282,-0.007,-0.0144714880525537));
#4181=CARTESIAN_POINT('',(-0.0231606582519734,-0.007,-0.0145012578210114));
#4182=CARTESIAN_POINT('',(-0.0232074836345237,-0.007,-0.0145382996078505));
#4183=CARTESIAN_POINT('',(-0.0232620755372328,-0.007,-0.0145832660695813));
#4184=CARTESIAN_POINT('',(-0.0233239759986111,-0.007,-0.0146363736325845));
#4185=CARTESIAN_POINT('',(-0.0233929246715886,-0.007,-0.0146979614794953));
#4186=CARTESIAN_POINT('',(-0.0234685897964442,-0.007,-0.0147683202678329));
#4187=CARTESIAN_POINT('',(-0.0235506489644508,-0.007,-0.0148477430194329));
#4188=CARTESIAN_POINT('',(-0.0236387655475717,-0.007,-0.0149365097468138));
#4189=CARTESIAN_POINT('',(-0.0237325958831643,-0.007,-0.0150348916162738));
#4190=CARTESIAN_POINT('',(-0.0238317875179452,-0.007,-0.0151431494353253));
#4191=CARTESIAN_POINT('',(-0.0239359800478706,-0.007,-0.0152615337919367));
#4192=CARTESIAN_POINT('',(-0.0240448052232837,-0.007,-0.0153902847303176));
#4193=CARTESIAN_POINT('',(-0.0241578872721984,-0.007,-0.0155296315686509));
#4194=CARTESIAN_POINT('',(-0.0242748431693293,-0.007,-0.0156797926859614));
#4195=CARTESIAN_POINT('',(-0.0243952829275403,-0.007,-0.0158409753270963));
#4196=CARTESIAN_POINT('',(-0.0245188098897379,-0.007,-0.0160133754118615));
#4197=CARTESIAN_POINT('',(-0.0246450210267046,-0.007,-0.0161971773528816));
#4198=CARTESIAN_POINT('',(-0.02477350724044,-0.007,-0.0163925538788198));
#4199=CARTESIAN_POINT('',(-0.0249038536674428,-0.007,-0.0165996658724592));
#4200=CARTESIAN_POINT('',(-0.025035640004181,-0.007,-0.0168186621884913));
#4201=CARTESIAN_POINT('',(-0.0251684407675024,-0.007,-0.0170496795867441));
#4202=CARTESIAN_POINT('',(-0.0253018258252328,-0.007,-0.0172928422585942));
#4203=CARTESIAN_POINT('',(-0.0254353599063557,-0.007,-0.0175482629560042));
#4204=CARTESIAN_POINT('',(-0.0255686060487451,-0.007,-0.0178160380027566));
#4205=CARTESIAN_POINT('',(-0.0257011139542438,-0.007,-0.0180962658201989));
#4206=CARTESIAN_POINT('',(-0.0258324662165536,-0.007,-0.0183889753504546));
#4207=CARTESIAN_POINT('',(-0.0259621029165667,-0.007,-0.0186943996034711));
#4208=CARTESIAN_POINT('',(-0.0260787359142224,-0.007,-0.0189839761806625));
#4209=CARTESIAN_POINT('',(-0.0261505046967335,-0.007,-0.0191742163300236));
#4210=CARTESIAN_POINT('',(-0.0261811626099191,-0.007,-0.0192560827894195));
#4211=CARTESIAN_POINT('',(-0.019665536739942,-0.007,-0.018317540493472));
#4212=CARTESIAN_POINT('',(-0.0197689438120609,-0.007,-0.0184141547717196));
#4213=CARTESIAN_POINT('',(-0.0198957106937367,-0.007,-0.0185325943574061));
#4214=CARTESIAN_POINT('',(-0.0199107727553239,-0.007,-0.0185452394467948));
#4215=CARTESIAN_POINT('',(-0.0199338504569433,-0.007,-0.0185648508540939));
#4216=CARTESIAN_POINT('',(-0.0199626360468341,-0.007,-0.0185880357606094));
#4217=CARTESIAN_POINT('',(-0.0200015588957129,-0.007,-0.0186182762574165));
#4218=CARTESIAN_POINT('',(-0.0200494578150709,-0.007,-0.0186539189838492));
#4219=CARTESIAN_POINT('',(-0.0201070215059029,-0.007,-0.0186950125358953));
#4220=CARTESIAN_POINT('',(-0.0201743404908844,-0.007,-0.0187410585414556));
#4221=CARTESIAN_POINT('',(-0.0202516750125022,-0.007,-0.0187917177376455));
#4222=CARTESIAN_POINT('',(-0.0203392199586266,-0.007,-0.0188465944414808));
#4223=CARTESIAN_POINT('',(-0.0204371749210973,-0.007,-0.0189053013904137));
#4224=CARTESIAN_POINT('',(-0.0205457232454907,-0.007,-0.0189674409541569));
#4225=CARTESIAN_POINT('',(-0.0206650379119004,-0.007,-0.0190326109970862));
#4226=CARTESIAN_POINT('',(-0.0207952796194161,-0.007,-0.0191004035735211));
#4227=CARTESIAN_POINT('',(-0.0209365971379978,-0.007,-0.0191704057029492));
#4228=CARTESIAN_POINT('',(-0.0210891270225224,-0.007,-0.0192421995555032));
#4229=CARTESIAN_POINT('',(-0.0212529935203986,-0.007,-0.0193153628114043));
#4230=CARTESIAN_POINT('',(-0.0214283084353279,-0.007,-0.019389468975986));
#4231=CARTESIAN_POINT('',(-0.021615171014362,-0.007,-0.0194640877116883));
#4232=CARTESIAN_POINT('',(-0.0218136678390916,-0.007,-0.0195387851694034));
#4233=CARTESIAN_POINT('',(-0.0220238727267959,-0.007,-0.0196131243233022));
#4234=CARTESIAN_POINT('',(-0.0222458466381982,-0.007,-0.0196866653095925));
#4235=CARTESIAN_POINT('',(-0.022479637599558,-0.007,-0.0197589657613759));
#4236=CARTESIAN_POINT('',(-0.0227252806109078,-0.007,-0.019829581170187));
#4237=CARTESIAN_POINT('',(-0.022982797648954,-0.007,-0.0198980651548122));
#4238=CARTESIAN_POINT('',(-0.0232521973469562,-0.007,-0.0199639700963822));
#4239=CARTESIAN_POINT('',(-0.0235334759585181,-0.007,-0.0200268463730255));
#4240=CARTESIAN_POINT('',(-0.0238266134311489,-0.007,-0.0200862469813101));
#4241=CARTESIAN_POINT('',(-0.0241315882868307,-0.007,-0.0201417114932972));
#4242=CARTESIAN_POINT('',(-0.0244483204488087,-0.007,-0.0201928292346905));
#4243=CARTESIAN_POINT('',(-0.0247768900696799,-0.007,-0.0202389990577512));
#4244=CARTESIAN_POINT('',(-0.0250867864053583,-0.007,-0.0202767099491916));
#4245=CARTESIAN_POINT('',(-0.025289119406581,-0.007,-0.0202967954959426));
#4246=CARTESIAN_POINT('',(-0.0253761311858338,-0.007,-0.0203052201672219));
#4247=CARTESIAN_POINT('',(-0.0201307462638147,-0.007,-0.0187111432714985));
#4248=CARTESIAN_POINT('',(-0.0197207505708111,-0.007,-0.0193074221689924));
#4249=CARTESIAN_POINT('',(-0.0192036746155369,-0.007,-0.0188011836398824));
#4250=CARTESIAN_POINT('',(-1.36156455401484E-15,-0.007,-1.35665801508145E-15));
#4251=CARTESIAN_POINT('',(-0.0188011836398824,-0.007,-0.0192036746155369));
#4252=CARTESIAN_POINT('',(-0.0193074221689924,-0.007,-0.0197207505708111));
#4253=CARTESIAN_POINT('',(-0.0187111432714985,-0.007,-0.0201307462638146));
#4254=CARTESIAN_POINT('',(-0.0183175404934721,-0.007,-0.019665536739942));
#4255=CARTESIAN_POINT('',(-0.0184141547717196,-0.007,-0.0197689438120609));
#4256=CARTESIAN_POINT('',(-0.0185325943574061,-0.007,-0.0198957106937367));
#4257=CARTESIAN_POINT('',(-0.0185452394467948,-0.007,-0.0199107727553239));
#4258=CARTESIAN_POINT('',(-0.0185648508540939,-0.007,-0.0199338504569433));
#4259=CARTESIAN_POINT('',(-0.0185880357606094,-0.007,-0.0199626360468341));
#4260=CARTESIAN_POINT('',(-0.0186182762574165,-0.007,-0.0200015588957129));
#4261=CARTESIAN_POINT('',(-0.0186539189838492,-0.007,-0.0200494578150709));
#4262=CARTESIAN_POINT('',(-0.0186950125358953,-0.007,-0.0201070215059029));
#4263=CARTESIAN_POINT('',(-0.0187410585414556,-0.007,-0.0201743404908843));
#4264=CARTESIAN_POINT('',(-0.0187917177376455,-0.007,-0.0202516750125022));
#4265=CARTESIAN_POINT('',(-0.0188465944414808,-0.007,-0.0203392199586266));
#4266=CARTESIAN_POINT('',(-0.0189053013904137,-0.007,-0.0204371749210973));
#4267=CARTESIAN_POINT('',(-0.0189674409541569,-0.007,-0.0205457232454907));
#4268=CARTESIAN_POINT('',(-0.0190326109970862,-0.007,-0.0206650379119004));
#4269=CARTESIAN_POINT('',(-0.0191004035735211,-0.007,-0.0207952796194161));
#4270=CARTESIAN_POINT('',(-0.0191704057029492,-0.007,-0.0209365971379978));
#4271=CARTESIAN_POINT('',(-0.0192421995555032,-0.007,-0.0210891270225224));
#4272=CARTESIAN_POINT('',(-0.0193153628114043,-0.007,-0.0212529935203986));
#4273=CARTESIAN_POINT('',(-0.019389468975986,-0.007,-0.0214283084353278));
#4274=CARTESIAN_POINT('',(-0.0194640877116883,-0.007,-0.021615171014362));
#4275=CARTESIAN_POINT('',(-0.0195387851694035,-0.007,-0.0218136678390916));
#4276=CARTESIAN_POINT('',(-0.0196131243233022,-0.007,-0.0220238727267959));
#4277=CARTESIAN_POINT('',(-0.0196866653095925,-0.007,-0.0222458466381982));
#4278=CARTESIAN_POINT('',(-0.019758965761376,-0.007,-0.022479637599558));
#4279=CARTESIAN_POINT('',(-0.019829581170187,-0.007,-0.0227252806109078));
#4280=CARTESIAN_POINT('',(-0.0198980651548122,-0.007,-0.022982797648954));
#4281=CARTESIAN_POINT('',(-0.0199639700963822,-0.007,-0.0232521973469562));
#4282=CARTESIAN_POINT('',(-0.0200268463730255,-0.007,-0.0235334759585181));
#4283=CARTESIAN_POINT('',(-0.0200862469813101,-0.007,-0.0238266134311489));
#4284=CARTESIAN_POINT('',(-0.0201417114932972,-0.007,-0.0241315882868307));
#4285=CARTESIAN_POINT('',(-0.0201928292346905,-0.007,-0.0244483204488087));
#4286=CARTESIAN_POINT('',(-0.0202389990577513,-0.007,-0.0247768900696799));
#4287=CARTESIAN_POINT('',(-0.0202767099491916,-0.007,-0.0250867864053583));
#4288=CARTESIAN_POINT('',(-0.0202967954959426,-0.007,-0.025289119406581));
#4289=CARTESIAN_POINT('',(-0.0203052201672219,-0.007,-0.0253761311858338));
#4290=CARTESIAN_POINT('',(-0.0142545214857994,-0.007,-0.0227832008772008));
#4291=CARTESIAN_POINT('',(-0.0143293994321406,-0.007,-0.022903286823411));
#4292=CARTESIAN_POINT('',(-0.0144211924165997,-0.007,-0.0230505003613465));
#4293=CARTESIAN_POINT('',(-0.0144324684609231,-0.007,-0.0230666129281601));
#4294=CARTESIAN_POINT('',(-0.0144496840032184,-0.007,-0.0230915290416565));
#4295=CARTESIAN_POINT('',(-0.0144714880525537,-0.007,-0.0231213742005282));
#4296=CARTESIAN_POINT('',(-0.0145012578210114,-0.007,-0.0231606582519734));
#4297=CARTESIAN_POINT('',(-0.0145382996078505,-0.007,-0.0232074836345237));
#4298=CARTESIAN_POINT('',(-0.0145832660695813,-0.007,-0.0232620755372328));
#4299=CARTESIAN_POINT('',(-0.0146363736325845,-0.007,-0.0233239759986111));
#4300=CARTESIAN_POINT('',(-0.0146979614794953,-0.007,-0.0233929246715886));
#4301=CARTESIAN_POINT('',(-0.0147683202678329,-0.007,-0.0234685897964442));
#4302=CARTESIAN_POINT('',(-0.0148477430194329,-0.007,-0.0235506489644508));
#4303=CARTESIAN_POINT('',(-0.0149365097468138,-0.007,-0.0236387655475717));
#4304=CARTESIAN_POINT('',(-0.0150348916162738,-0.007,-0.0237325958831643));
#4305=CARTESIAN_POINT('',(-0.0151431494353253,-0.007,-0.0238317875179452));
#4306=CARTESIAN_POINT('',(-0.0152615337919367,-0.007,-0.0239359800478706));
#4307=CARTESIAN_POINT('',(-0.0153902847303176,-0.007,-0.0240448052232836));
#4308=CARTESIAN_POINT('',(-0.0155296315686509,-0.007,-0.0241578872721984));
#4309=CARTESIAN_POINT('',(-0.0156797926859614,-0.007,-0.0242748431693293));
#4310=CARTESIAN_POINT('',(-0.0158409753270963,-0.007,-0.0243952829275403));
#4311=CARTESIAN_POINT('',(-0.0160133754118615,-0.007,-0.0245188098897379));
#4312=CARTESIAN_POINT('',(-0.0161971773528816,-0.007,-0.0246450210267046));
#4313=CARTESIAN_POINT('',(-0.0163925538788198,-0.007,-0.02477350724044));
#4314=CARTESIAN_POINT('',(-0.0165996658724592,-0.007,-0.0249038536674428));
#4315=CARTESIAN_POINT('',(-0.0168186621884913,-0.007,-0.025035640004181));
#4316=CARTESIAN_POINT('',(-0.0170496795867441,-0.007,-0.0251684407675024));
#4317=CARTESIAN_POINT('',(-0.0172928422585942,-0.007,-0.0253018258252328));
#4318=CARTESIAN_POINT('',(-0.0175482629560042,-0.007,-0.0254353599063557));
#4319=CARTESIAN_POINT('',(-0.0178160380027566,-0.007,-0.0255686060487451));
#4320=CARTESIAN_POINT('',(-0.0180962658201989,-0.007,-0.0257011139542438));
#4321=CARTESIAN_POINT('',(-0.0183889753504547,-0.007,-0.0258324662165536));
#4322=CARTESIAN_POINT('',(-0.0186943996034711,-0.007,-0.0259621029165667));
#4323=CARTESIAN_POINT('',(-0.0189839761806625,-0.007,-0.0260787359142224));
#4324=CARTESIAN_POINT('',(-0.0191742163300237,-0.007,-0.0261505046967335));
#4325=CARTESIAN_POINT('',(-0.0192560827894195,-0.007,-0.026181162609919));
#4326=CARTESIAN_POINT('',(-0.0146020074843851,-0.007,-0.0232837970505369));
#4327=CARTESIAN_POINT('',(-0.0140516537209815,-0.007,-0.0237536435435381));
#4328=CARTESIAN_POINT('',(-0.0136832208743275,-0.007,-0.0231308255690187));
#4329=CARTESIAN_POINT('',(-9.64041434888626E-16,-0.007,-1.6628298519248E-15));
#4330=CARTESIAN_POINT('',(-0.0131902721161131,-0.007,-0.0234154296672704));
#4331=CARTESIAN_POINT('',(-0.0135454318806536,-0.007,-0.0240459108593212));
#4332=CARTESIAN_POINT('',(-0.0128633560001336,-0.007,-0.0242876079529965));
#4333=CARTESIAN_POINT('',(-0.0126035699962801,-0.007,-0.0237363781640938));
#4334=CARTESIAN_POINT('',(-0.0126701285031651,-0.007,-0.0238612673409135));
#4335=CARTESIAN_POINT('',(-0.0127517226745687,-0.007,-0.0240143691663121));
#4336=CARTESIAN_POINT('',(-0.0127600385445877,-0.007,-0.0240321907905571));
#4337=CARTESIAN_POINT('',(-0.0127730087606915,-0.007,-0.024059557944273));
#4338=CARTESIAN_POINT('',(-0.0127879534017867,-0.007,-0.0240933633843386));
#4339=CARTESIAN_POINT('',(-0.012807089504073,-0.007,-0.0241387867858104));
#4340=CARTESIAN_POINT('',(-0.012829120581484,-0.007,-0.0241942786054898));
#4341=CARTESIAN_POINT('',(-0.0128539153252056,-0.007,-0.0242605166550214));
#4342=CARTESIAN_POINT('',(-0.0128809689157635,-0.007,-0.0243374593844044));
#4343=CARTESIAN_POINT('',(-0.0129098862946638,-0.007,-0.0244252703608824));
#4344=CARTESIAN_POINT('',(-0.0129402348208005,-0.007,-0.02452403542139));
#4345=CARTESIAN_POINT('',(-0.0129715887691076,-0.007,-0.0246338471259174));
#4346=CARTESIAN_POINT('',(-0.0130035166048946,-0.007,-0.0247547796584004));
#4347=CARTESIAN_POINT('',(-0.0130355851244334,-0.007,-0.024886896024421));
#4348=CARTESIAN_POINT('',(-0.0130673586904708,-0.007,-0.0250302458632682));
#4349=CARTESIAN_POINT('',(-0.0130983998899651,-0.007,-0.0251848659884671));
#4350=CARTESIAN_POINT('',(-0.0131282697872536,-0.007,-0.0253507801595725));
#4351=CARTESIAN_POINT('',(-0.0131565282951592,-0.007,-0.0255279990859636));
#4352=CARTESIAN_POINT('',(-0.0131827345145417,-0.007,-0.0257165203767807));
#4353=CARTESIAN_POINT('',(-0.0132064470842105,-0.007,-0.025916328517758));
#4354=CARTESIAN_POINT('',(-0.0132272245291434,-0.007,-0.0261273948518781));
#4355=CARTESIAN_POINT('',(-0.0132446256094871,-0.007,-0.0263496775705497));
#4356=CARTESIAN_POINT('',(-0.0132582096716489,-0.007,-0.026583121712183));
#4357=CARTESIAN_POINT('',(-0.0132675369919061,-0.007,-0.0268276591736046));
#4358=CARTESIAN_POINT('',(-0.0132721691493771,-0.007,-0.0270832087149928));
#4359=CARTESIAN_POINT('',(-0.0132716692849289,-0.007,-0.0273496760322566));
#4360=CARTESIAN_POINT('',(-0.0132656027974837,-0.007,-0.0276269536121961));
#4361=CARTESIAN_POINT('',(-0.0132535363553021,-0.007,-0.0279149214653669));
#4362=CARTESIAN_POINT('',(-0.0132350433761914,-0.007,-0.0282134445295487));
#4363=CARTESIAN_POINT('',(-0.0132096846798345,-0.007,-0.0285223828910501));
#4364=CARTESIAN_POINT('',(-0.0131770843107113,-0.007,-0.0288415529113363));
#4365=CARTESIAN_POINT('',(-0.0131366408596773,-0.007,-0.029170876423387));
#4366=CARTESIAN_POINT('',(-0.013092859709971,-0.007,-0.0294799735944036));
#4367=CARTESIAN_POINT('',(-0.0130598932241437,-0.007,-0.0296806107878256));
#4368=CARTESIAN_POINT('',(-0.0130455105260914,-0.007,-0.0297668381779731));
#4369=CARTESIAN_POINT('',(-0.00787208414910999,-0.007,-0.025696223772168));
#4370=CARTESIAN_POINT('',(-0.00791333016137208,-0.007,-0.025831597727558));
#4371=CARTESIAN_POINT('',(-0.00796389370841867,-0.007,-0.0259975528584141));
#4372=CARTESIAN_POINT('',(-0.00797061529169218,-0.007,-0.0260160348578516));
#4373=CARTESIAN_POINT('',(-0.00798079546390598,-0.007,-0.0260445576855863));
#4374=CARTESIAN_POINT('',(-0.00799413206275658,-0.007,-0.0260790291985585));
#4375=CARTESIAN_POINT('',(-0.0080127199902697,-0.007,-0.0261246796614558));
#4376=CARTESIAN_POINT('',(-0.0080363803080312,-0.007,-0.0261794966276856));
#4377=CARTESIAN_POINT('',(-0.00806568515060429,-0.007,-0.0262438665331054));
#4378=CARTESIAN_POINT('',(-0.00810096209897504,-0.007,-0.026317403036154));
#4379=CARTESIAN_POINT('',(-0.00814260616119066,-0.007,-0.0263999424477987));
#4380=CARTESIAN_POINT('',(-0.00819098395658968,-0.007,-0.0264912395404583));
#4381=CARTESIAN_POINT('',(-0.00824646196804963,-0.007,-0.0265910587308482));
#4382=CARTESIAN_POINT('',(-0.00830939779264095,-0.007,-0.0266991473338266));
#4383=CARTESIAN_POINT('',(-0.00838014230333125,-0.007,-0.0268152435797739));
#4384=CARTESIAN_POINT('',(-0.00845903864245464,-0.007,-0.0269390745269124));
#4385=CARTESIAN_POINT('',(-0.00854642213883207,-0.007,-0.0270703569086069));
#4386=CARTESIAN_POINT('',(-0.00864261996738964,-0.007,-0.0272087971510167));
#4387=CARTESIAN_POINT('',(-0.00874795088942916,-0.007,-0.0273540916381886));
#4388=CARTESIAN_POINT('',(-0.00886272497712927,-0.007,-0.027505926916758));
#4389=CARTESIAN_POINT('',(-0.00898724334973843,-0.007,-0.0276639799269916));
#4390=CARTESIAN_POINT('',(-0.00912179791366719,-0.007,-0.0278279182353358));
#4391=CARTESIAN_POINT('',(-0.00926667110946942,-0.007,-0.0279974002749602));
#4392=CARTESIAN_POINT('',(-0.00942213566257599,-0.007,-0.028172075593008));
#4393=CARTESIAN_POINT('',(-0.00958845434839714,-0.007,-0.0283515851016375));
#4394=CARTESIAN_POINT('',(-0.00976587973208255,-0.007,-0.0285355613452414));
#4395=CARTESIAN_POINT('',(-0.00995465403662533,-0.007,-0.0287236287347023));
#4396=CARTESIAN_POINT('',(-0.0101550085480821,-0.007,-0.0289154039373379));
#4397=CARTESIAN_POINT('',(-0.0103671648329143,-0.007,-0.0291104956959875));
#4398=CARTESIAN_POINT('',(-0.0105913290268714,-0.007,-0.0293085068680774));
#4399=CARTESIAN_POINT('',(-0.0108277127434137,-0.007,-0.0295090279723077));
#4400=CARTESIAN_POINT('',(-0.0110764519711857,-0.007,-0.0297116633159274));
#4401=CARTESIAN_POINT('',(-0.0113379166982416,-0.007,-0.0299159323660219));
#4402=CARTESIAN_POINT('',(-0.0115874393517585,-0.007,-0.0301035391238478));
#4403=CARTESIAN_POINT('',(-0.0117526220974659,-0.007,-0.0302221002181943));
#4404=CARTESIAN_POINT('',(-0.0118237641730877,-0.007,-0.0302729020871671));
#4405=CARTESIAN_POINT('',(-0.00807816602585297,-0.007,-0.0262696985388753));
#4406=CARTESIAN_POINT('',(-0.00742495989152267,-0.007,-0.0265810933653438));
#4407=CARTESIAN_POINT('',(-0.00723027824312417,-0.007,-0.025884139961123));
#4408=CARTESIAN_POINT('',(-5.00820485128553E-16,-0.007,-1.85568258231572E-15));
#4409=CARTESIAN_POINT('',(-0.00668046534558604,-0.007,-0.0260314618830065));
#4410=CARTESIAN_POINT('',(-0.00686034279453271,-0.007,-0.0267323820605151));
#4411=CARTESIAN_POINT('',(-0.00613895227506057,-0.007,-0.0267893092973514));
#4412=CARTESIAN_POINT('',(-0.00603068703222593,-0.007,-0.026189624642582));
#4413=CARTESIAN_POINT('',(-0.00606265391549718,-0.007,-0.0263274849330917));
#4414=CARTESIAN_POINT('',(-0.00610184216467745,-0.007,-0.0264964880658247));
#4415=CARTESIAN_POINT('',(-0.00610526210252762,-0.007,-0.026515854738487));
#4416=CARTESIAN_POINT('',(-0.00611070722864293,-0.007,-0.0265456463179999));
#4417=CARTESIAN_POINT('',(-0.00611639315172432,-0.007,-0.026582167823366));
#4418=CARTESIAN_POINT('',(-0.00612312076574294,-0.007,-0.0266309962476863));
#4419=CARTESIAN_POINT('',(-0.00613003881261477,-0.007,-0.0266902992918804));
#4420=CARTESIAN_POINT('',(-0.00613684502720246,-0.007,-0.0267606976864997));
#4421=CARTESIAN_POINT('',(-0.00614306254526973,-0.007,-0.0268420206404306));
#4422=CARTESIAN_POINT('',(-0.00614826743529655,-0.007,-0.0269343238988362));
#4423=CARTESIAN_POINT('',(-0.00615201958183169,-0.007,-0.0270375783980705));
#4424=CARTESIAN_POINT('',(-0.00615388380975088,-0.007,-0.0271517633584633));
#4425=CARTESIAN_POINT('',(-0.00615342408833589,-0.007,-0.0272768387467979));
#4426=CARTESIAN_POINT('',(-0.00615020566787345,-0.007,-0.0274127533004174));
#4427=CARTESIAN_POINT('',(-0.00614379490749624,-0.007,-0.0275594422159757));
#4428=CARTESIAN_POINT('',(-0.00613375977060917,-0.007,-0.0277168278417812));
#4429=CARTESIAN_POINT('',(-0.00611967012849425,-0.007,-0.0278848195228929));
#4430=CARTESIAN_POINT('',(-0.00610109811778997,-0.007,-0.0280633137008334));
#4431=CARTESIAN_POINT('',(-0.00607761848143019,-0.007,-0.0282521939531152));
#4432=CARTESIAN_POINT('',(-0.00604880891262954,-0.007,-0.0284513310614267));
#4433=CARTESIAN_POINT('',(-0.00601425039624424,-0.007,-0.0286605830830707));
#4434=CARTESIAN_POINT('',(-0.00597352754816421,-0.007,-0.0288797954327716));
#4435=CARTESIAN_POINT('',(-0.00592622895480986,-0.007,-0.0291088009721685));
#4436=CARTESIAN_POINT('',(-0.00587194750207945,-0.007,-0.0293474201097731));
#4437=CARTESIAN_POINT('',(-0.00581028073433362,-0.007,-0.0295954609022695));
#4438=CARTESIAN_POINT('',(-0.00574083108574827,-0.007,-0.0298527191914375));
#4439=CARTESIAN_POINT('',(-0.00566320659038176,-0.007,-0.0301189786444643));
#4440=CARTESIAN_POINT('',(-0.00557701973746928,-0.007,-0.0303940112059398));
#4441=CARTESIAN_POINT('',(-0.00548189343692858,-0.007,-0.0306775760081815));
#4442=CARTESIAN_POINT('',(-0.00537743968547707,-0.007,-0.030969424236711));
#4443=CARTESIAN_POINT('',(-0.00526334286711865,-0.007,-0.0312692812058762));
#4444=CARTESIAN_POINT('',(-0.0051390422963419,-0.007,-0.0315769157559928));
#4445=CARTESIAN_POINT('',(-0.00501675271848946,-0.007,-0.0318641493009501));
#4446=CARTESIAN_POINT('',(-0.00493298081161338,-0.007,-0.0320494175934085));
#4447=CARTESIAN_POINT('',(-0.00489677090133335,-0.007,-0.0321289843403096));
#4448=CARTESIAN_POINT('',(-0.000953177286892941,-0.007,-0.0268580914820795));
#4449=CARTESIAN_POINT('',(-0.000957980517502524,-0.007,-0.0269995279353057));
#4450=CARTESIAN_POINT('',(-0.000963868804965564,-0.007,-0.0271729150911683));
#4451=CARTESIAN_POINT('',(-0.000965577862397031,-0.007,-0.0271925070055108));
#4452=CARTESIAN_POINT('',(-0.000968028902616485,-0.007,-0.0272226927639099));
#4453=CARTESIAN_POINT('',(-0.000971989183810437,-0.007,-0.0272594414543404));
#4454=CARTESIAN_POINT('',(-0.000978128533836964,-0.007,-0.0273083473250844));
#4455=CARTESIAN_POINT('',(-0.000986794970965986,-0.007,-0.0273674201893345));
#4456=CARTESIAN_POINT('',(-0.000998441117788589,-0.007,-0.0274371813947868));
#4457=CARTESIAN_POINT('',(-0.00101348338579332,-0.007,-0.027517342548348));
#4458=CARTESIAN_POINT('',(-0.00103234568929379,-0.007,-0.0276078477741591));
#4459=CARTESIAN_POINT('',(-0.00105544562494585,-0.007,-0.0277085550886334));
#4460=CARTESIAN_POINT('',(-0.00108319816146655,-0.007,-0.0278193317885405));
#4461=CARTESIAN_POINT('',(-0.00111601411082876,-0.007,-0.0279400263517083));
#4462=CARTESIAN_POINT('',(-0.00115430014125664,-0.007,-0.0280704767407072));
#4463=CARTESIAN_POINT('',(-0.00119845834532306,-0.007,-0.0282105081257961));
#4464=CARTESIAN_POINT('',(-0.00124888594059648,-0.007,-0.0283599336819018));
#4465=CARTESIAN_POINT('',(-0.00130597493628893,-0.007,-0.0285185545175712));
#4466=CARTESIAN_POINT('',(-0.00137011181376524,-0.007,-0.0286861598638101));
#4467=CARTESIAN_POINT('',(-0.00144167720745133,-0.007,-0.0288625272005031));
#4468=CARTESIAN_POINT('',(-0.00152104559021777,-0.007,-0.0290474224113068));
#4469=CARTESIAN_POINT('',(-0.00160858496214024,-0.007,-0.0292405999410049));
#4470=CARTESIAN_POINT('',(-0.00170465654384506,-0.007,-0.0294418029623686));
#4471=CARTESIAN_POINT('',(-0.00180961447174306,-0.007,-0.0296507635504686));
#4472=CARTESIAN_POINT('',(-0.00192380550616185,-0.007,-0.0298672028643653));
#4473=CARTESIAN_POINT('',(-0.00204756871081174,-0.007,-0.0300908313378683));
#4474=CARTESIAN_POINT('',(-0.00218123526475418,-0.007,-0.030321348871673));
#4475=CARTESIAN_POINT('',(-0.00232512778696327,-0.007,-0.0305584450560779));
#4476=CARTESIAN_POINT('',(-0.0024795615590112,-0.007,-0.0308017993113063));
#4477=CARTESIAN_POINT('',(-0.00264483848080368,-0.007,-0.031051081378948));
#4478=CARTESIAN_POINT('',(-0.00282126893680632,-0.007,-0.0313059505000333));
#4479=CARTESIAN_POINT('',(-0.00300908669478282,-0.007,-0.031566059661166));
#4480=CARTESIAN_POINT('',(-0.0032087735068203,-0.007,-0.0318310404631484));
#4481=CARTESIAN_POINT('',(-0.00340123768018121,-0.007,-0.0320768358906335));
#4482=CARTESIAN_POINT('',(-0.00353010609109214,-0.007,-0.0322341095541673));
#4483=CARTESIAN_POINT('',(-0.00358567556805408,-0.007,-0.0323015933155109));
#4484=CARTESIAN_POINT('',(-0.00100381090245953,-0.007,-0.0274653634845187));
#4485=CARTESIAN_POINT('',(-0.000292267315783004,-0.007,-0.027597085601635));
#4486=CARTESIAN_POINT('',(-0.00028460409825174,-0.007,-0.0268734929904406));
#4487=CARTESIAN_POINT('',(-3.46944695195396E-18,-0.007,-1.9220736113823E-15));
#4488=CARTESIAN_POINT('',(0.000284604098251734,-0.007,-0.0268734929904406));
#4489=CARTESIAN_POINT('',(0.000292267315782997,-0.007,-0.0275970856016351));
#4490=CARTESIAN_POINT('',(0.00100381090245952,-0.007,-0.0274653634845187));
#4491=CARTESIAN_POINT('',(0.000953177286892931,-0.007,-0.0268580914820795));
#4492=CARTESIAN_POINT('',(0.000957980517502514,-0.007,-0.0269995279353057));
#4493=CARTESIAN_POINT('',(0.000963868804965554,-0.007,-0.0271729150911683));
#4494=CARTESIAN_POINT('',(0.000965577862397021,-0.007,-0.0271925070055108));
#4495=CARTESIAN_POINT('',(0.000968028902616475,-0.007,-0.0272226927639099));
#4496=CARTESIAN_POINT('',(0.000971989183810428,-0.007,-0.0272594414543404));
#4497=CARTESIAN_POINT('',(0.000978128533836954,-0.007,-0.0273083473250844));
#4498=CARTESIAN_POINT('',(0.000986794970965976,-0.007,-0.0273674201893345));
#4499=CARTESIAN_POINT('',(0.000998441117788579,-0.007,-0.0274371813947868));
#4500=CARTESIAN_POINT('',(0.00101348338579331,-0.007,-0.027517342548348));
#4501=CARTESIAN_POINT('',(0.00103234568929378,-0.007,-0.0276078477741591));
#4502=CARTESIAN_POINT('',(0.00105544562494584,-0.007,-0.0277085550886334));
#4503=CARTESIAN_POINT('',(0.00108319816146654,-0.007,-0.0278193317885405));
#4504=CARTESIAN_POINT('',(0.00111601411082875,-0.007,-0.0279400263517083));
#4505=CARTESIAN_POINT('',(0.00115430014125663,-0.007,-0.0280704767407072));
#4506=CARTESIAN_POINT('',(0.00119845834532305,-0.007,-0.0282105081257961));
#4507=CARTESIAN_POINT('',(0.00124888594059647,-0.007,-0.0283599336819018));
#4508=CARTESIAN_POINT('',(0.00130597493628892,-0.007,-0.0285185545175712));
#4509=CARTESIAN_POINT('',(0.00137011181376523,-0.007,-0.0286861598638101));
#4510=CARTESIAN_POINT('',(0.00144167720745132,-0.007,-0.0288625272005031));
#4511=CARTESIAN_POINT('',(0.00152104559021777,-0.007,-0.0290474224113068));
#4512=CARTESIAN_POINT('',(0.00160858496214023,-0.007,-0.0292405999410049));
#4513=CARTESIAN_POINT('',(0.00170465654384505,-0.007,-0.0294418029623686));
#4514=CARTESIAN_POINT('',(0.00180961447174305,-0.007,-0.0296507635504686));
#4515=CARTESIAN_POINT('',(0.00192380550616184,-0.007,-0.0298672028643653));
#4516=CARTESIAN_POINT('',(0.00204756871081173,-0.007,-0.0300908313378683));
#4517=CARTESIAN_POINT('',(0.00218123526475417,-0.007,-0.030321348871673));
#4518=CARTESIAN_POINT('',(0.00232512778696325,-0.007,-0.0305584450560779));
#4519=CARTESIAN_POINT('',(0.00247956155901119,-0.007,-0.0308017993113063));
#4520=CARTESIAN_POINT('',(0.00264483848080366,-0.007,-0.031051081378948));
#4521=CARTESIAN_POINT('',(0.00282126893680631,-0.007,-0.0313059505000333));
#4522=CARTESIAN_POINT('',(0.00300908669478281,-0.007,-0.031566059661166));
#4523=CARTESIAN_POINT('',(0.00320877350682028,-0.007,-0.0318310404631484));
#4524=CARTESIAN_POINT('',(0.0034012376801812,-0.007,-0.0320768358906335));
#4525=CARTESIAN_POINT('',(0.00353010609109213,-0.007,-0.0322341095541673));
#4526=CARTESIAN_POINT('',(0.00358567556805406,-0.007,-0.0323015933155109));
#4527=CARTESIAN_POINT('',(0.00603068703222592,-0.007,-0.026189624642582));
#4528=CARTESIAN_POINT('',(0.00606265391549718,-0.007,-0.0263274849330917));
#4529=CARTESIAN_POINT('',(0.00610184216467744,-0.007,-0.0264964880658247));
#4530=CARTESIAN_POINT('',(0.00610526210252761,-0.007,-0.026515854738487));
#4531=CARTESIAN_POINT('',(0.00611070722864293,-0.007,-0.0265456463179999));
#4532=CARTESIAN_POINT('',(0.00611639315172431,-0.007,-0.026582167823366));
#4533=CARTESIAN_POINT('',(0.00612312076574293,-0.007,-0.0266309962476863));
#4534=CARTESIAN_POINT('',(0.00613003881261476,-0.007,-0.0266902992918804));
#4535=CARTESIAN_POINT('',(0.00613684502720245,-0.007,-0.0267606976864997));
#4536=CARTESIAN_POINT('',(0.00614306254526972,-0.007,-0.0268420206404306));
#4537=CARTESIAN_POINT('',(0.00614826743529654,-0.007,-0.0269343238988362));
#4538=CARTESIAN_POINT('',(0.00615201958183168,-0.007,-0.0270375783980705));
#4539=CARTESIAN_POINT('',(0.00615388380975087,-0.007,-0.0271517633584633));
#4540=CARTESIAN_POINT('',(0.00615342408833588,-0.007,-0.0272768387467979));
#4541=CARTESIAN_POINT('',(0.00615020566787344,-0.007,-0.0274127533004174));
#4542=CARTESIAN_POINT('',(0.00614379490749623,-0.007,-0.0275594422159757));
#4543=CARTESIAN_POINT('',(0.00613375977060916,-0.007,-0.0277168278417812));
#4544=CARTESIAN_POINT('',(0.00611967012849424,-0.007,-0.0278848195228929));
#4545=CARTESIAN_POINT('',(0.00610109811778996,-0.007,-0.0280633137008334));
#4546=CARTESIAN_POINT('',(0.00607761848143018,-0.007,-0.0282521939531152));
#4547=CARTESIAN_POINT('',(0.00604880891262953,-0.007,-0.0284513310614267));
#4548=CARTESIAN_POINT('',(0.00601425039624423,-0.007,-0.0286605830830707));
#4549=CARTESIAN_POINT('',(0.0059735275481642,-0.007,-0.0288797954327716));
#4550=CARTESIAN_POINT('',(0.00592622895480985,-0.007,-0.0291088009721685));
#4551=CARTESIAN_POINT('',(0.00587194750207944,-0.007,-0.0293474201097731));
#4552=CARTESIAN_POINT('',(0.00581028073433361,-0.007,-0.0295954609022695));
#4553=CARTESIAN_POINT('',(0.00574083108574826,-0.007,-0.0298527191914375));
#4554=CARTESIAN_POINT('',(0.00566320659038175,-0.007,-0.0301189786444643));
#4555=CARTESIAN_POINT('',(0.00557701973746927,-0.007,-0.0303940112059399));
#4556=CARTESIAN_POINT('',(0.00548189343692857,-0.007,-0.0306775760081815));
#4557=CARTESIAN_POINT('',(0.00537743968547706,-0.007,-0.030969424236711));
#4558=CARTESIAN_POINT('',(0.00526334286711864,-0.007,-0.0312692812058762));
#4559=CARTESIAN_POINT('',(0.00513904229634188,-0.007,-0.0315769157559928));
#4560=CARTESIAN_POINT('',(0.00501675271848945,-0.007,-0.0318641493009501));
#4561=CARTESIAN_POINT('',(0.00493298081161337,-0.007,-0.0320494175934085));
#4562=CARTESIAN_POINT('',(0.00489677090133333,-0.007,-0.0321289843403096));
#4563=CARTESIAN_POINT('',(0.00613895227506056,-0.007,-0.0267893092973514));
#4564=CARTESIAN_POINT('',(0.0068603427945327,-0.007,-0.0267323820605151));
#4565=CARTESIAN_POINT('',(0.00668046534558604,-0.007,-0.0260314618830066));
#4566=CARTESIAN_POINT('',(4.94118028300888E-16,-0.007,-1.85747850021E-15));
#4567=CARTESIAN_POINT('',(0.00723027824312417,-0.007,-0.025884139961123));
#4568=CARTESIAN_POINT('',(0.00742495989152267,-0.007,-0.0265810933653438));
#4569=CARTESIAN_POINT('',(0.00807816602585295,-0.007,-0.0262696985388753));
#4570=CARTESIAN_POINT('',(0.00787208414910998,-0.007,-0.025696223772168));
#4571=CARTESIAN_POINT('',(0.00791333016137208,-0.007,-0.025831597727558));
#4572=CARTESIAN_POINT('',(0.00796389370841867,-0.007,-0.0259975528584142));
#4573=CARTESIAN_POINT('',(0.00797061529169217,-0.007,-0.0260160348578516));
#4574=CARTESIAN_POINT('',(0.00798079546390597,-0.007,-0.0260445576855863));
#4575=CARTESIAN_POINT('',(0.00799413206275657,-0.007,-0.0260790291985585));
#4576=CARTESIAN_POINT('',(0.00801271999026969,-0.007,-0.0261246796614558));
#4577=CARTESIAN_POINT('',(0.00803638030803119,-0.007,-0.0261794966276856));
#4578=CARTESIAN_POINT('',(0.00806568515060429,-0.007,-0.0262438665331054));
#4579=CARTESIAN_POINT('',(0.00810096209897503,-0.007,-0.026317403036154));
#4580=CARTESIAN_POINT('',(0.00814260616119065,-0.007,-0.0263999424477988));
#4581=CARTESIAN_POINT('',(0.00819098395658967,-0.007,-0.0264912395404583));
#4582=CARTESIAN_POINT('',(0.00824646196804962,-0.007,-0.0265910587308482));
#4583=CARTESIAN_POINT('',(0.00830939779264094,-0.007,-0.0266991473338266));
#4584=CARTESIAN_POINT('',(0.00838014230333124,-0.007,-0.0268152435797739));
#4585=CARTESIAN_POINT('',(0.00845903864245463,-0.007,-0.0269390745269124));
#4586=CARTESIAN_POINT('',(0.00854642213883206,-0.007,-0.027070356908607));
#4587=CARTESIAN_POINT('',(0.00864261996738963,-0.007,-0.0272087971510167));
#4588=CARTESIAN_POINT('',(0.00874795088942915,-0.007,-0.0273540916381886));
#4589=CARTESIAN_POINT('',(0.00886272497712926,-0.007,-0.027505926916758));
#4590=CARTESIAN_POINT('',(0.00898724334973842,-0.007,-0.0276639799269916));
#4591=CARTESIAN_POINT('',(0.00912179791366718,-0.007,-0.0278279182353358));
#4592=CARTESIAN_POINT('',(0.00926667110946941,-0.007,-0.0279974002749602));
#4593=CARTESIAN_POINT('',(0.00942213566257598,-0.007,-0.028172075593008));
#4594=CARTESIAN_POINT('',(0.00958845434839713,-0.007,-0.0283515851016375));
#4595=CARTESIAN_POINT('',(0.00976587973208255,-0.007,-0.0285355613452414));
#4596=CARTESIAN_POINT('',(0.00995465403662532,-0.007,-0.0287236287347023));
#4597=CARTESIAN_POINT('',(0.0101550085480821,-0.007,-0.0289154039373379));
#4598=CARTESIAN_POINT('',(0.0103671648329143,-0.007,-0.0291104956959875));
#4599=CARTESIAN_POINT('',(0.0105913290268714,-0.007,-0.0293085068680775));
#4600=CARTESIAN_POINT('',(0.0108277127434137,-0.007,-0.0295090279723077));
#4601=CARTESIAN_POINT('',(0.0110764519711857,-0.007,-0.0297116633159274));
#4602=CARTESIAN_POINT('',(0.0113379166982416,-0.007,-0.0299159323660219));
#4603=CARTESIAN_POINT('',(0.0115874393517585,-0.007,-0.0301035391238478));
#4604=CARTESIAN_POINT('',(0.0117526220974658,-0.007,-0.0302221002181943));
#4605=CARTESIAN_POINT('',(0.0118237641730876,-0.007,-0.0302729020871671));
#4606=CARTESIAN_POINT('',(0.0126035699962801,-0.007,-0.0237363781640938));
#4607=CARTESIAN_POINT('',(0.0126701285031651,-0.007,-0.0238612673409135));
#4608=CARTESIAN_POINT('',(0.0127517226745686,-0.007,-0.0240143691663121));
#4609=CARTESIAN_POINT('',(0.0127600385445877,-0.007,-0.0240321907905571));
#4610=CARTESIAN_POINT('',(0.0127730087606915,-0.007,-0.0240595579442731));
#4611=CARTESIAN_POINT('',(0.0127879534017867,-0.007,-0.0240933633843386));
#4612=CARTESIAN_POINT('',(0.012807089504073,-0.007,-0.0241387867858104));
#4613=CARTESIAN_POINT('',(0.012829120581484,-0.007,-0.0241942786054898));
#4614=CARTESIAN_POINT('',(0.0128539153252056,-0.007,-0.0242605166550214));
#4615=CARTESIAN_POINT('',(0.0128809689157635,-0.007,-0.0243374593844044));
#4616=CARTESIAN_POINT('',(0.0129098862946638,-0.007,-0.0244252703608824));
#4617=CARTESIAN_POINT('',(0.0129402348208005,-0.007,-0.02452403542139));
#4618=CARTESIAN_POINT('',(0.0129715887691076,-0.007,-0.0246338471259174));
#4619=CARTESIAN_POINT('',(0.0130035166048946,-0.007,-0.0247547796584004));
#4620=CARTESIAN_POINT('',(0.0130355851244334,-0.007,-0.024886896024421));
#4621=CARTESIAN_POINT('',(0.0130673586904708,-0.007,-0.0250302458632682));
#4622=CARTESIAN_POINT('',(0.0130983998899651,-0.007,-0.0251848659884671));
#4623=CARTESIAN_POINT('',(0.0131282697872536,-0.007,-0.0253507801595725));
#4624=CARTESIAN_POINT('',(0.0131565282951591,-0.007,-0.0255279990859636));
#4625=CARTESIAN_POINT('',(0.0131827345145417,-0.007,-0.0257165203767807));
#4626=CARTESIAN_POINT('',(0.0132064470842105,-0.007,-0.025916328517758));
#4627=CARTESIAN_POINT('',(0.0132272245291434,-0.007,-0.0261273948518781));
#4628=CARTESIAN_POINT('',(0.0132446256094871,-0.007,-0.0263496775705497));
#4629=CARTESIAN_POINT('',(0.0132582096716489,-0.007,-0.026583121712183));
#4630=CARTESIAN_POINT('',(0.0132675369919061,-0.007,-0.0268276591736047));
#4631=CARTESIAN_POINT('',(0.0132721691493771,-0.007,-0.0270832087149928));
#4632=CARTESIAN_POINT('',(0.0132716692849289,-0.007,-0.0273496760322566));
#4633=CARTESIAN_POINT('',(0.0132656027974837,-0.007,-0.0276269536121961));
#4634=CARTESIAN_POINT('',(0.0132535363553021,-0.007,-0.0279149214653669));
#4635=CARTESIAN_POINT('',(0.0132350433761914,-0.007,-0.0282134445295487));
#4636=CARTESIAN_POINT('',(0.0132096846798345,-0.007,-0.0285223828910501));
#4637=CARTESIAN_POINT('',(0.0131770843107113,-0.007,-0.0288415529113363));
#4638=CARTESIAN_POINT('',(0.0131366408596773,-0.007,-0.029170876423387));
#4639=CARTESIAN_POINT('',(0.0130928597099709,-0.007,-0.0294799735944036));
#4640=CARTESIAN_POINT('',(0.0130598932241437,-0.007,-0.0296806107878256));
#4641=CARTESIAN_POINT('',(0.0130455105260914,-0.007,-0.0297668381779731));
#4642=CARTESIAN_POINT('',(0.0128633560001336,-0.007,-0.0242876079529965));
#4643=CARTESIAN_POINT('',(0.0135454318806535,-0.007,-0.0240459108593211));
#4644=CARTESIAN_POINT('',(0.0131902721161131,-0.007,-0.0234154296672704));
#4645=CARTESIAN_POINT('',(9.58032176493677E-16,-0.007,-1.66629929887675E-15));
#4646=CARTESIAN_POINT('',(0.0136832208743275,-0.007,-0.0231308255690187));
#4647=CARTESIAN_POINT('',(0.0140516537209815,-0.007,-0.0237536435435382));
#4648=CARTESIAN_POINT('',(0.0146020074843851,-0.007,-0.0232837970505369));
#4649=CARTESIAN_POINT('',(0.0142545214857994,-0.007,-0.0227832008772008));
#4650=CARTESIAN_POINT('',(0.0143293994321406,-0.007,-0.022903286823411));
#4651=CARTESIAN_POINT('',(0.0144211924165997,-0.007,-0.0230505003613465));
#4652=CARTESIAN_POINT('',(0.0144324684609231,-0.007,-0.0230666129281601));
#4653=CARTESIAN_POINT('',(0.0144496840032184,-0.007,-0.0230915290416565));
#4654=CARTESIAN_POINT('',(0.0144714880525537,-0.007,-0.0231213742005282));
#4655=CARTESIAN_POINT('',(0.0145012578210114,-0.007,-0.0231606582519734));
#4656=CARTESIAN_POINT('',(0.0145382996078505,-0.007,-0.0232074836345237));
#4657=CARTESIAN_POINT('',(0.0145832660695813,-0.007,-0.0232620755372328));
#4658=CARTESIAN_POINT('',(0.0146363736325845,-0.007,-0.0233239759986111));
#4659=CARTESIAN_POINT('',(0.0146979614794953,-0.007,-0.0233929246715886));
#4660=CARTESIAN_POINT('',(0.0147683202678329,-0.007,-0.0234685897964442));
#4661=CARTESIAN_POINT('',(0.0148477430194329,-0.007,-0.0235506489644508));
#4662=CARTESIAN_POINT('',(0.0149365097468138,-0.007,-0.0236387655475717));
#4663=CARTESIAN_POINT('',(0.0150348916162738,-0.007,-0.0237325958831643));
#4664=CARTESIAN_POINT('',(0.0151431494353253,-0.007,-0.0238317875179452));
#4665=CARTESIAN_POINT('',(0.0152615337919367,-0.007,-0.0239359800478706));
#4666=CARTESIAN_POINT('',(0.0153902847303176,-0.007,-0.0240448052232837));
#4667=CARTESIAN_POINT('',(0.0155296315686509,-0.007,-0.0241578872721984));
#4668=CARTESIAN_POINT('',(0.0156797926859614,-0.007,-0.0242748431693293));
#4669=CARTESIAN_POINT('',(0.0158409753270963,-0.007,-0.0243952829275403));
#4670=CARTESIAN_POINT('',(0.0160133754118615,-0.007,-0.0245188098897379));
#4671=CARTESIAN_POINT('',(0.0161971773528816,-0.007,-0.0246450210267046));
#4672=CARTESIAN_POINT('',(0.0163925538788198,-0.007,-0.02477350724044));
#4673=CARTESIAN_POINT('',(0.0165996658724592,-0.007,-0.0249038536674428));
#4674=CARTESIAN_POINT('',(0.0168186621884913,-0.007,-0.025035640004181));
#4675=CARTESIAN_POINT('',(0.0170496795867441,-0.007,-0.0251684407675024));
#4676=CARTESIAN_POINT('',(0.0172928422585942,-0.007,-0.0253018258252328));
#4677=CARTESIAN_POINT('',(0.0175482629560042,-0.007,-0.0254353599063557));
#4678=CARTESIAN_POINT('',(0.0178160380027566,-0.007,-0.0255686060487451));
#4679=CARTESIAN_POINT('',(0.0180962658201989,-0.007,-0.0257011139542438));
#4680=CARTESIAN_POINT('',(0.0183889753504546,-0.007,-0.0258324662165536));
#4681=CARTESIAN_POINT('',(0.0186943996034711,-0.007,-0.0259621029165667));
#4682=CARTESIAN_POINT('',(0.0189839761806625,-0.007,-0.0260787359142224));
#4683=CARTESIAN_POINT('',(0.0191742163300236,-0.007,-0.0261505046967335));
#4684=CARTESIAN_POINT('',(0.0192560827894195,-0.007,-0.0261811626099191));
#4685=CARTESIAN_POINT('',(0.018317540493472,-0.007,-0.019665536739942));
#4686=CARTESIAN_POINT('',(0.0184141547717196,-0.007,-0.0197689438120609));
#4687=CARTESIAN_POINT('',(0.0185325943574061,-0.007,-0.0198957106937367));
#4688=CARTESIAN_POINT('',(0.0185452394467948,-0.007,-0.0199107727553239));
#4689=CARTESIAN_POINT('',(0.0185648508540939,-0.007,-0.0199338504569433));
#4690=CARTESIAN_POINT('',(0.0185880357606094,-0.007,-0.0199626360468341));
#4691=CARTESIAN_POINT('',(0.0186182762574165,-0.007,-0.0200015588957129));
#4692=CARTESIAN_POINT('',(0.0186539189838492,-0.007,-0.0200494578150709));
#4693=CARTESIAN_POINT('',(0.0186950125358953,-0.007,-0.0201070215059029));
#4694=CARTESIAN_POINT('',(0.0187410585414556,-0.007,-0.0201743404908844));
#4695=CARTESIAN_POINT('',(0.0187917177376455,-0.007,-0.0202516750125022));
#4696=CARTESIAN_POINT('',(0.0188465944414808,-0.007,-0.0203392199586266));
#4697=CARTESIAN_POINT('',(0.0189053013904137,-0.007,-0.0204371749210973));
#4698=CARTESIAN_POINT('',(0.0189674409541569,-0.007,-0.0205457232454907));
#4699=CARTESIAN_POINT('',(0.0190326109970862,-0.007,-0.0206650379119004));
#4700=CARTESIAN_POINT('',(0.0191004035735211,-0.007,-0.0207952796194161));
#4701=CARTESIAN_POINT('',(0.0191704057029492,-0.007,-0.0209365971379978));
#4702=CARTESIAN_POINT('',(0.0192421995555032,-0.007,-0.0210891270225224));
#4703=CARTESIAN_POINT('',(0.0193153628114043,-0.007,-0.0212529935203986));
#4704=CARTESIAN_POINT('',(0.019389468975986,-0.007,-0.0214283084353279));
#4705=CARTESIAN_POINT('',(0.0194640877116883,-0.007,-0.021615171014362));
#4706=CARTESIAN_POINT('',(0.0195387851694034,-0.007,-0.0218136678390916));
#4707=CARTESIAN_POINT('',(0.0196131243233022,-0.007,-0.0220238727267959));
#4708=CARTESIAN_POINT('',(0.0196866653095925,-0.007,-0.0222458466381982));
#4709=CARTESIAN_POINT('',(0.0197589657613759,-0.007,-0.022479637599558));
#4710=CARTESIAN_POINT('',(0.019829581170187,-0.007,-0.0227252806109078));
#4711=CARTESIAN_POINT('',(0.0198980651548122,-0.007,-0.022982797648954));
#4712=CARTESIAN_POINT('',(0.0199639700963822,-0.007,-0.0232521973469562));
#4713=CARTESIAN_POINT('',(0.0200268463730255,-0.007,-0.0235334759585181));
#4714=CARTESIAN_POINT('',(0.02008624698131,-0.007,-0.0238266134311489));
#4715=CARTESIAN_POINT('',(0.0201417114932972,-0.007,-0.0241315882868307));
#4716=CARTESIAN_POINT('',(0.0201928292346905,-0.007,-0.0244483204488087));
#4717=CARTESIAN_POINT('',(0.0202389990577512,-0.007,-0.0247768900696799));
#4718=CARTESIAN_POINT('',(0.0202767099491916,-0.007,-0.0250867864053583));
#4719=CARTESIAN_POINT('',(0.0202967954959426,-0.007,-0.025289119406581));
#4720=CARTESIAN_POINT('',(0.0203052201672219,-0.007,-0.0253761311858338));
#4721=CARTESIAN_POINT('',(0.0187111432714985,-0.007,-0.0201307462638147));
#4722=CARTESIAN_POINT('',(0.0193074221689923,-0.007,-0.0197207505708111));
#4723=CARTESIAN_POINT('',(0.0188011836398824,-0.007,-0.0192036746155369));
#4724=CARTESIAN_POINT('',(1.35665801508145E-15,-0.007,-1.36156455401484E-15));
#4725=CARTESIAN_POINT('',(0.0192036746155369,-0.007,-0.0188011836398824));
#4726=CARTESIAN_POINT('',(0.0197207505708111,-0.007,-0.0193074221689924));
#4727=CARTESIAN_POINT('',(0.0201307462638146,-0.007,-0.0187111432714985));
#4728=CARTESIAN_POINT('',(0.019665536739942,-0.007,-0.0183175404934721));
#4729=CARTESIAN_POINT('',(0.0197689438120609,-0.007,-0.0184141547717196));
#4730=CARTESIAN_POINT('',(0.0198957106937367,-0.007,-0.0185325943574061));
#4731=CARTESIAN_POINT('',(0.0199107727553239,-0.007,-0.0185452394467948));
#4732=CARTESIAN_POINT('',(0.0199338504569433,-0.007,-0.0185648508540939));
#4733=CARTESIAN_POINT('',(0.0199626360468341,-0.007,-0.0185880357606094));
#4734=CARTESIAN_POINT('',(0.0200015588957129,-0.007,-0.0186182762574165));
#4735=CARTESIAN_POINT('',(0.0200494578150709,-0.007,-0.0186539189838492));
#4736=CARTESIAN_POINT('',(0.0201070215059029,-0.007,-0.0186950125358953));
#4737=CARTESIAN_POINT('',(0.0201743404908843,-0.007,-0.0187410585414556));
#4738=CARTESIAN_POINT('',(0.0202516750125022,-0.007,-0.0187917177376455));
#4739=CARTESIAN_POINT('',(0.0203392199586266,-0.007,-0.0188465944414808));
#4740=CARTESIAN_POINT('',(0.0204371749210973,-0.007,-0.0189053013904137));
#4741=CARTESIAN_POINT('',(0.0205457232454907,-0.007,-0.0189674409541569));
#4742=CARTESIAN_POINT('',(0.0206650379119004,-0.007,-0.0190326109970862));
#4743=CARTESIAN_POINT('',(0.0207952796194161,-0.007,-0.0191004035735211));
#4744=CARTESIAN_POINT('',(0.0209365971379978,-0.007,-0.0191704057029492));
#4745=CARTESIAN_POINT('',(0.0210891270225224,-0.007,-0.0192421995555032));
#4746=CARTESIAN_POINT('',(0.0212529935203986,-0.007,-0.0193153628114043));
#4747=CARTESIAN_POINT('',(0.0214283084353278,-0.007,-0.019389468975986));
#4748=CARTESIAN_POINT('',(0.021615171014362,-0.007,-0.0194640877116883));
#4749=CARTESIAN_POINT('',(0.0218136678390916,-0.007,-0.0195387851694035));
#4750=CARTESIAN_POINT('',(0.0220238727267959,-0.007,-0.0196131243233022));
#4751=CARTESIAN_POINT('',(0.0222458466381982,-0.007,-0.0196866653095925));
#4752=CARTESIAN_POINT('',(0.022479637599558,-0.007,-0.019758965761376));
#4753=CARTESIAN_POINT('',(0.0227252806109078,-0.007,-0.019829581170187));
#4754=CARTESIAN_POINT('',(0.0229827976489539,-0.007,-0.0198980651548122));
#4755=CARTESIAN_POINT('',(0.0232521973469562,-0.007,-0.0199639700963822));
#4756=CARTESIAN_POINT('',(0.0235334759585181,-0.007,-0.0200268463730255));
#4757=CARTESIAN_POINT('',(0.0238266134311489,-0.007,-0.0200862469813101));
#4758=CARTESIAN_POINT('',(0.0241315882868307,-0.007,-0.0201417114932972));
#4759=CARTESIAN_POINT('',(0.0244483204488087,-0.007,-0.0201928292346905));
#4760=CARTESIAN_POINT('',(0.0247768900696799,-0.007,-0.0202389990577513));
#4761=CARTESIAN_POINT('',(0.0250867864053583,-0.007,-0.0202767099491916));
#4762=CARTESIAN_POINT('',(0.025289119406581,-0.007,-0.0202967954959426));
#4763=CARTESIAN_POINT('',(0.0253761311858338,-0.007,-0.0203052201672219));
#4764=CARTESIAN_POINT('',(0.0227832008772008,-0.007,-0.0142545214857994));
#4765=CARTESIAN_POINT('',(0.022903286823411,-0.007,-0.0143293994321406));
#4766=CARTESIAN_POINT('',(0.0230505003613465,-0.007,-0.0144211924165997));
#4767=CARTESIAN_POINT('',(0.0230666129281601,-0.007,-0.0144324684609231));
#4768=CARTESIAN_POINT('',(0.0230915290416565,-0.007,-0.0144496840032184));
#4769=CARTESIAN_POINT('',(0.0231213742005282,-0.007,-0.0144714880525537));
#4770=CARTESIAN_POINT('',(0.0231606582519734,-0.007,-0.0145012578210114));
#4771=CARTESIAN_POINT('',(0.0232074836345237,-0.007,-0.0145382996078505));
#4772=CARTESIAN_POINT('',(0.0232620755372328,-0.007,-0.0145832660695813));
#4773=CARTESIAN_POINT('',(0.0233239759986111,-0.007,-0.0146363736325845));
#4774=CARTESIAN_POINT('',(0.0233929246715886,-0.007,-0.0146979614794953));
#4775=CARTESIAN_POINT('',(0.0234685897964442,-0.007,-0.0147683202678329));
#4776=CARTESIAN_POINT('',(0.0235506489644508,-0.007,-0.0148477430194329));
#4777=CARTESIAN_POINT('',(0.0236387655475717,-0.007,-0.0149365097468138));
#4778=CARTESIAN_POINT('',(0.0237325958831643,-0.007,-0.0150348916162738));
#4779=CARTESIAN_POINT('',(0.0238317875179452,-0.007,-0.0151431494353253));
#4780=CARTESIAN_POINT('',(0.0239359800478706,-0.007,-0.0152615337919367));
#4781=CARTESIAN_POINT('',(0.0240448052232836,-0.007,-0.0153902847303176));
#4782=CARTESIAN_POINT('',(0.0241578872721984,-0.007,-0.0155296315686509));
#4783=CARTESIAN_POINT('',(0.0242748431693293,-0.007,-0.0156797926859614));
#4784=CARTESIAN_POINT('',(0.0243952829275403,-0.007,-0.0158409753270963));
#4785=CARTESIAN_POINT('',(0.0245188098897379,-0.007,-0.0160133754118615));
#4786=CARTESIAN_POINT('',(0.0246450210267046,-0.007,-0.0161971773528816));
#4787=CARTESIAN_POINT('',(0.02477350724044,-0.007,-0.0163925538788198));
#4788=CARTESIAN_POINT('',(0.0249038536674428,-0.007,-0.0165996658724592));
#4789=CARTESIAN_POINT('',(0.025035640004181,-0.007,-0.0168186621884913));
#4790=CARTESIAN_POINT('',(0.0251684407675024,-0.007,-0.0170496795867441));
#4791=CARTESIAN_POINT('',(0.0253018258252328,-0.007,-0.0172928422585942));
#4792=CARTESIAN_POINT('',(0.0254353599063557,-0.007,-0.0175482629560042));
#4793=CARTESIAN_POINT('',(0.0255686060487451,-0.007,-0.0178160380027566));
#4794=CARTESIAN_POINT('',(0.0257011139542438,-0.007,-0.0180962658201989));
#4795=CARTESIAN_POINT('',(0.0258324662165536,-0.007,-0.0183889753504547));
#4796=CARTESIAN_POINT('',(0.0259621029165667,-0.007,-0.0186943996034711));
#4797=CARTESIAN_POINT('',(0.0260787359142224,-0.007,-0.0189839761806625));
#4798=CARTESIAN_POINT('',(0.0261505046967335,-0.007,-0.0191742163300237));
#4799=CARTESIAN_POINT('',(0.026181162609919,-0.007,-0.0192560827894195));
#4800=CARTESIAN_POINT('',(0.0232837970505369,-0.007,-0.0146020074843851));
#4801=CARTESIAN_POINT('',(0.0237536435435381,-0.007,-0.0140516537209815));
#4802=CARTESIAN_POINT('',(0.0231308255690187,-0.007,-0.0136832208743275));
#4803=CARTESIAN_POINT('',(1.6628298519248E-15,-0.007,-9.64041434888626E-16));
#4804=CARTESIAN_POINT('',(0.0234154296672704,-0.007,-0.0131902721161131));
#4805=CARTESIAN_POINT('',(0.0240459108593212,-0.007,-0.0135454318806536));
#4806=CARTESIAN_POINT('',(0.0242876079529965,-0.007,-0.0128633560001336));
#4807=CARTESIAN_POINT('',(0.0237363781640938,-0.007,-0.0126035699962801));
#4808=CARTESIAN_POINT('',(0.0238612673409135,-0.007,-0.0126701285031651));
#4809=CARTESIAN_POINT('',(0.0240143691663121,-0.007,-0.0127517226745687));
#4810=CARTESIAN_POINT('',(0.0240321907905571,-0.007,-0.0127600385445877));
#4811=CARTESIAN_POINT('',(0.024059557944273,-0.007,-0.0127730087606915));
#4812=CARTESIAN_POINT('',(0.0240933633843386,-0.007,-0.0127879534017867));
#4813=CARTESIAN_POINT('',(0.0241387867858104,-0.007,-0.012807089504073));
#4814=CARTESIAN_POINT('',(0.0241942786054898,-0.007,-0.012829120581484));
#4815=CARTESIAN_POINT('',(0.0242605166550214,-0.007,-0.0128539153252056));
#4816=CARTESIAN_POINT('',(0.0243374593844044,-0.007,-0.0128809689157635));
#4817=CARTESIAN_POINT('',(0.0244252703608824,-0.007,-0.0129098862946638));
#4818=CARTESIAN_POINT('',(0.02452403542139,-0.007,-0.0129402348208005));
#4819=CARTESIAN_POINT('',(0.0246338471259174,-0.007,-0.0129715887691076));
#4820=CARTESIAN_POINT('',(0.0247547796584004,-0.007,-0.0130035166048946));
#4821=CARTESIAN_POINT('',(0.024886896024421,-0.007,-0.0130355851244334));
#4822=CARTESIAN_POINT('',(0.0250302458632682,-0.007,-0.0130673586904708));
#4823=CARTESIAN_POINT('',(0.0251848659884671,-0.007,-0.0130983998899651));
#4824=CARTESIAN_POINT('',(0.0253507801595725,-0.007,-0.0131282697872536));
#4825=CARTESIAN_POINT('',(0.0255279990859636,-0.007,-0.0131565282951592));
#4826=CARTESIAN_POINT('',(0.0257165203767807,-0.007,-0.0131827345145417));
#4827=CARTESIAN_POINT('',(0.025916328517758,-0.007,-0.0132064470842105));
#4828=CARTESIAN_POINT('',(0.0261273948518781,-0.007,-0.0132272245291434));
#4829=CARTESIAN_POINT('',(0.0263496775705497,-0.007,-0.0132446256094871));
#4830=CARTESIAN_POINT('',(0.026583121712183,-0.007,-0.0132582096716489));
#4831=CARTESIAN_POINT('',(0.0268276591736046,-0.007,-0.0132675369919061));
#4832=CARTESIAN_POINT('',(0.0270832087149928,-0.007,-0.0132721691493771));
#4833=CARTESIAN_POINT('',(0.0273496760322566,-0.007,-0.0132716692849289));
#4834=CARTESIAN_POINT('',(0.0276269536121961,-0.007,-0.0132656027974837));
#4835=CARTESIAN_POINT('',(0.0279149214653669,-0.007,-0.0132535363553021));
#4836=CARTESIAN_POINT('',(0.0282134445295487,-0.007,-0.0132350433761914));
#4837=CARTESIAN_POINT('',(0.0285223828910501,-0.007,-0.0132096846798345));
#4838=CARTESIAN_POINT('',(0.0288415529113363,-0.007,-0.0131770843107113));
#4839=CARTESIAN_POINT('',(0.029170876423387,-0.007,-0.0131366408596773));
#4840=CARTESIAN_POINT('',(0.0294799735944036,-0.007,-0.013092859709971));
#4841=CARTESIAN_POINT('',(0.0296806107878256,-0.007,-0.0130598932241437));
#4842=CARTESIAN_POINT('',(0.0297668381779731,-0.007,-0.0130455105260914));
#4843=CARTESIAN_POINT('',(0.025696223772168,-0.007,-0.00787208414910999));
#4844=CARTESIAN_POINT('',(0.025831597727558,-0.007,-0.00791333016137209));
#4845=CARTESIAN_POINT('',(0.0259975528584141,-0.007,-0.00796389370841868));
#4846=CARTESIAN_POINT('',(0.0260160348578516,-0.007,-0.00797061529169218));
#4847=CARTESIAN_POINT('',(0.0260445576855863,-0.007,-0.00798079546390598));
#4848=CARTESIAN_POINT('',(0.0260790291985585,-0.007,-0.00799413206275658));
#4849=CARTESIAN_POINT('',(0.0261246796614558,-0.007,-0.0080127199902697));
#4850=CARTESIAN_POINT('',(0.0261794966276856,-0.007,-0.0080363803080312));
#4851=CARTESIAN_POINT('',(0.0262438665331054,-0.007,-0.0080656851506043));
#4852=CARTESIAN_POINT('',(0.026317403036154,-0.007,-0.00810096209897504));
#4853=CARTESIAN_POINT('',(0.0263999424477987,-0.007,-0.00814260616119066));
#4854=CARTESIAN_POINT('',(0.0264912395404583,-0.007,-0.00819098395658968));
#4855=CARTESIAN_POINT('',(0.0265910587308482,-0.007,-0.00824646196804963));
#4856=CARTESIAN_POINT('',(0.0266991473338266,-0.007,-0.00830939779264095));
#4857=CARTESIAN_POINT('',(0.0268152435797739,-0.007,-0.00838014230333125));
#4858=CARTESIAN_POINT('',(0.0269390745269124,-0.007,-0.00845903864245464));
#4859=CARTESIAN_POINT('',(0.0270703569086069,-0.007,-0.00854642213883207));
#4860=CARTESIAN_POINT('',(0.0272087971510167,-0.007,-0.00864261996738964));
#4861=CARTESIAN_POINT('',(0.0273540916381886,-0.007,-0.00874795088942917));
#4862=CARTESIAN_POINT('',(0.027505926916758,-0.007,-0.00886272497712928));
#4863=CARTESIAN_POINT('',(0.0276639799269916,-0.007,-0.00898724334973843));
#4864=CARTESIAN_POINT('',(0.0278279182353358,-0.007,-0.00912179791366719));
#4865=CARTESIAN_POINT('',(0.0279974002749602,-0.007,-0.00926667110946942));
#4866=CARTESIAN_POINT('',(0.028172075593008,-0.007,-0.00942213566257599));
#4867=CARTESIAN_POINT('',(0.0283515851016375,-0.007,-0.00958845434839714));
#4868=CARTESIAN_POINT('',(0.0285355613452414,-0.007,-0.00976587973208256));
#4869=CARTESIAN_POINT('',(0.0287236287347023,-0.007,-0.00995465403662533));
#4870=CARTESIAN_POINT('',(0.0289154039373379,-0.007,-0.0101550085480821));
#4871=CARTESIAN_POINT('',(0.0291104956959875,-0.007,-0.0103671648329143));
#4872=CARTESIAN_POINT('',(0.0293085068680774,-0.007,-0.0105913290268714));
#4873=CARTESIAN_POINT('',(0.0295090279723077,-0.007,-0.0108277127434137));
#4874=CARTESIAN_POINT('',(0.0297116633159274,-0.007,-0.0110764519711857));
#4875=CARTESIAN_POINT('',(0.0299159323660219,-0.007,-0.0113379166982416));
#4876=CARTESIAN_POINT('',(0.0301035391238478,-0.007,-0.0115874393517585));
#4877=CARTESIAN_POINT('',(0.0302221002181943,-0.007,-0.0117526220974659));
#4878=CARTESIAN_POINT('',(0.0302729020871671,-0.007,-0.0118237641730877));
#4879=CARTESIAN_POINT('',(0.0262696985388753,-0.007,-0.00807816602585297));
#4880=CARTESIAN_POINT('',(0.0265810933653438,-0.007,-0.00742495989152267));
#4881=CARTESIAN_POINT('',(0.025884139961123,-0.007,-0.00723027824312417));
#4882=CARTESIAN_POINT('',(1.85568258231572E-15,-0.007,-5.00820485128553E-16));
#4883=CARTESIAN_POINT('',(0.0260314618830066,-0.007,-0.00668046534558605));
#4884=CARTESIAN_POINT('',(0.0267323820605151,-0.007,-0.00686034279453271));
#4885=CARTESIAN_POINT('',(0.0267893092973514,-0.007,-0.00613895227506058));
#4886=CARTESIAN_POINT('',(0.026189624642582,-0.007,-0.00603068703222593));
#4887=CARTESIAN_POINT('',(0.0263274849330917,-0.007,-0.00606265391549719));
#4888=CARTESIAN_POINT('',(0.0264964880658247,-0.007,-0.00610184216467745));
#4889=CARTESIAN_POINT('',(0.026515854738487,-0.007,-0.00610526210252762));
#4890=CARTESIAN_POINT('',(0.0265456463179999,-0.007,-0.00611070722864294));
#4891=CARTESIAN_POINT('',(0.026582167823366,-0.007,-0.00611639315172432));
#4892=CARTESIAN_POINT('',(0.0266309962476863,-0.007,-0.00612312076574294));
#4893=CARTESIAN_POINT('',(0.0266902992918804,-0.007,-0.00613003881261477));
#4894=CARTESIAN_POINT('',(0.0267606976864997,-0.007,-0.00613684502720246));
#4895=CARTESIAN_POINT('',(0.0268420206404306,-0.007,-0.00614306254526973));
#4896=CARTESIAN_POINT('',(0.0269343238988362,-0.007,-0.00614826743529656));
#4897=CARTESIAN_POINT('',(0.0270375783980705,-0.007,-0.00615201958183169));
#4898=CARTESIAN_POINT('',(0.0271517633584633,-0.007,-0.00615388380975088));
#4899=CARTESIAN_POINT('',(0.0272768387467979,-0.007,-0.00615342408833589));
#4900=CARTESIAN_POINT('',(0.0274127533004174,-0.007,-0.00615020566787345));
#4901=CARTESIAN_POINT('',(0.0275594422159757,-0.007,-0.00614379490749625));
#4902=CARTESIAN_POINT('',(0.0277168278417812,-0.007,-0.00613375977060917));
#4903=CARTESIAN_POINT('',(0.0278848195228929,-0.007,-0.00611967012849425));
#4904=CARTESIAN_POINT('',(0.0280633137008334,-0.007,-0.00610109811778997));
#4905=CARTESIAN_POINT('',(0.0282521939531152,-0.007,-0.00607761848143019));
#4906=CARTESIAN_POINT('',(0.0284513310614267,-0.007,-0.00604880891262954));
#4907=CARTESIAN_POINT('',(0.0286605830830707,-0.007,-0.00601425039624424));
#4908=CARTESIAN_POINT('',(0.0288797954327716,-0.007,-0.00597352754816421));
#4909=CARTESIAN_POINT('',(0.0291088009721685,-0.007,-0.00592622895480986));
#4910=CARTESIAN_POINT('',(0.0293474201097731,-0.007,-0.00587194750207946));
#4911=CARTESIAN_POINT('',(0.0295954609022695,-0.007,-0.00581028073433362));
#4912=CARTESIAN_POINT('',(0.0298527191914375,-0.007,-0.00574083108574827));
#4913=CARTESIAN_POINT('',(0.0301189786444643,-0.007,-0.00566320659038176));
#4914=CARTESIAN_POINT('',(0.0303940112059398,-0.007,-0.00557701973746928));
#4915=CARTESIAN_POINT('',(0.0306775760081815,-0.007,-0.00548189343692858));
#4916=CARTESIAN_POINT('',(0.030969424236711,-0.007,-0.00537743968547707));
#4917=CARTESIAN_POINT('',(0.0312692812058762,-0.007,-0.00526334286711865));
#4918=CARTESIAN_POINT('',(0.0315769157559928,-0.007,-0.0051390422963419));
#4919=CARTESIAN_POINT('',(0.0318641493009501,-0.007,-0.00501675271848946));
#4920=CARTESIAN_POINT('',(0.0320494175934085,-0.007,-0.00493298081161338));
#4921=CARTESIAN_POINT('',(0.0321289843403096,-0.007,-0.00489677090133335));
#4922=CARTESIAN_POINT('',(0.0321289843403096,-0.007,-0.00489677090133335));
#4923=CARTESIAN_POINT('',(0.,-0.007,1.99005104861445E-18));
#4924=CARTESIAN_POINT('',(0.0323015933155109,-0.007,-0.00358567556805408));
#4925=CARTESIAN_POINT('',(0.0268580914820795,-0.007,-0.000953177286892936));
#4926=CARTESIAN_POINT('',(0.0269995279353057,-0.007,-0.000957980517502519));
#4927=CARTESIAN_POINT('',(0.0271729150911683,-0.007,-0.000963868804965559));
#4928=CARTESIAN_POINT('',(0.0271925070055108,-0.007,-0.000965577862397026));
#4929=CARTESIAN_POINT('',(0.0272226927639099,-0.007,-0.00096802890261648));
#4930=CARTESIAN_POINT('',(0.0272594414543404,-0.007,-0.000971989183810433));
#4931=CARTESIAN_POINT('',(0.0273083473250844,-0.007,-0.000978128533836959));
#4932=CARTESIAN_POINT('',(0.0273674201893345,-0.007,-0.000986794970965981));
#4933=CARTESIAN_POINT('',(0.0274371813947868,-0.007,-0.000998441117788584));
#4934=CARTESIAN_POINT('',(0.027517342548348,-0.007,-0.00101348338579332));
#4935=CARTESIAN_POINT('',(0.0276078477741591,-0.007,-0.00103234568929378));
#4936=CARTESIAN_POINT('',(0.0277085550886334,-0.007,-0.00105544562494584));
#4937=CARTESIAN_POINT('',(0.0278193317885405,-0.007,-0.00108319816146654));
#4938=CARTESIAN_POINT('',(0.0279400263517083,-0.007,-0.00111601411082876));
#4939=CARTESIAN_POINT('',(0.0280704767407072,-0.007,-0.00115430014125663));
#4940=CARTESIAN_POINT('',(0.0282105081257961,-0.007,-0.00119845834532305));
#4941=CARTESIAN_POINT('',(0.0283599336819018,-0.007,-0.00124888594059647));
#4942=CARTESIAN_POINT('',(0.0285185545175712,-0.007,-0.00130597493628893));
#4943=CARTESIAN_POINT('',(0.0286861598638101,-0.007,-0.00137011181376523));
#4944=CARTESIAN_POINT('',(0.0288625272005031,-0.007,-0.00144167720745133));
#4945=CARTESIAN_POINT('',(0.0290474224113068,-0.007,-0.00152104559021777));
#4946=CARTESIAN_POINT('',(0.0292405999410049,-0.007,-0.00160858496214024));
#4947=CARTESIAN_POINT('',(0.0294418029623686,-0.007,-0.00170465654384506));
#4948=CARTESIAN_POINT('',(0.0296507635504686,-0.007,-0.00180961447174305));
#4949=CARTESIAN_POINT('',(0.0298672028643653,-0.007,-0.00192380550616185));
#4950=CARTESIAN_POINT('',(0.0300908313378683,-0.007,-0.00204756871081173));
#4951=CARTESIAN_POINT('',(0.030321348871673,-0.007,-0.00218123526475417));
#4952=CARTESIAN_POINT('',(0.0305584450560779,-0.007,-0.00232512778696326));
#4953=CARTESIAN_POINT('',(0.0308017993113063,-0.007,-0.00247956155901119));
#4954=CARTESIAN_POINT('',(0.031051081378948,-0.007,-0.00264483848080367));
#4955=CARTESIAN_POINT('',(0.0313059505000333,-0.007,-0.00282126893680632));
#4956=CARTESIAN_POINT('',(0.031566059661166,-0.007,-0.00300908669478282));
#4957=CARTESIAN_POINT('',(0.0318310404631484,-0.007,-0.00320877350682028));
#4958=CARTESIAN_POINT('',(0.0320768358906335,-0.007,-0.0034012376801812));
#4959=CARTESIAN_POINT('',(0.0322341095541673,-0.007,-0.00353010609109213));
#4960=CARTESIAN_POINT('',(0.0323015933155109,-0.007,-0.00358567556805408));
#4961=CARTESIAN_POINT('',(0.0274653634845187,-0.007,-0.00100381090245953));
#4962=CARTESIAN_POINT('',(0.027597085601635,-0.007,-0.000292267315782999));
#4963=CARTESIAN_POINT('',(0.0268734929904406,-0.007,-0.000284604098251735));
#4964=CARTESIAN_POINT('',(1.9220736113823E-15,-0.007,-3.46944695195361E-18));
#4965=CARTESIAN_POINT('',(0.0268734929904406,-0.007,0.000284604098251738));
#4966=CARTESIAN_POINT('',(0.0275970856016351,-0.007,0.000292267315783003));
#4967=CARTESIAN_POINT('',(0.0274653634845187,-0.007,0.00100381090245953));
#4968=CARTESIAN_POINT('',(0.0268580914820795,-0.007,0.000953177286892936));
#4969=CARTESIAN_POINT('',(0.0269995279353057,-0.007,0.000957980517502519));
#4970=CARTESIAN_POINT('',(0.0271729150911683,-0.007,0.000963868804965559));
#4971=CARTESIAN_POINT('',(0.0271925070055108,-0.007,0.000965577862397026));
#4972=CARTESIAN_POINT('',(0.0272226927639099,-0.007,0.00096802890261648));
#4973=CARTESIAN_POINT('',(0.0272594414543404,-0.007,0.000971989183810433));
#4974=CARTESIAN_POINT('',(0.0273083473250844,-0.007,0.000978128533836959));
#4975=CARTESIAN_POINT('',(0.0273674201893345,-0.007,0.000986794970965981));
#4976=CARTESIAN_POINT('',(0.0274371813947868,-0.007,0.000998441117788584));
#4977=CARTESIAN_POINT('',(0.027517342548348,-0.007,0.00101348338579332));
#4978=CARTESIAN_POINT('',(0.0276078477741591,-0.007,0.00103234568929378));
#4979=CARTESIAN_POINT('',(0.0277085550886334,-0.007,0.00105544562494584));
#4980=CARTESIAN_POINT('',(0.0278193317885405,-0.007,0.00108319816146654));
#4981=CARTESIAN_POINT('',(0.0279400263517083,-0.007,0.00111601411082876));
#4982=CARTESIAN_POINT('',(0.0280704767407072,-0.007,0.00115430014125663));
#4983=CARTESIAN_POINT('',(0.0282105081257961,-0.007,0.00119845834532305));
#4984=CARTESIAN_POINT('',(0.0283599336819018,-0.007,0.00124888594059647));
#4985=CARTESIAN_POINT('',(0.0285185545175712,-0.007,0.00130597493628893));
#4986=CARTESIAN_POINT('',(0.0286861598638101,-0.007,0.00137011181376523));
#4987=CARTESIAN_POINT('',(0.0288625272005031,-0.007,0.00144167720745133));
#4988=CARTESIAN_POINT('',(0.0290474224113068,-0.007,0.00152104559021777));
#4989=CARTESIAN_POINT('',(0.0292405999410049,-0.007,0.00160858496214024));
#4990=CARTESIAN_POINT('',(0.0294418029623686,-0.007,0.00170465654384506));
#4991=CARTESIAN_POINT('',(0.0296507635504686,-0.007,0.00180961447174305));
#4992=CARTESIAN_POINT('',(0.0298672028643653,-0.007,0.00192380550616185));
#4993=CARTESIAN_POINT('',(0.0300908313378683,-0.007,0.00204756871081173));
#4994=CARTESIAN_POINT('',(0.030321348871673,-0.007,0.00218123526475417));
#4995=CARTESIAN_POINT('',(0.0305584450560779,-0.007,0.00232512778696326));
#4996=CARTESIAN_POINT('',(0.0308017993113063,-0.007,0.00247956155901119));
#4997=CARTESIAN_POINT('',(0.031051081378948,-0.007,0.00264483848080367));
#4998=CARTESIAN_POINT('',(0.0313059505000333,-0.007,0.00282126893680632));
#4999=CARTESIAN_POINT('',(0.031566059661166,-0.007,0.00300908669478282));
#5000=CARTESIAN_POINT('',(0.0318310404631484,-0.007,0.00320877350682028));
#5001=CARTESIAN_POINT('',(0.0320768358906335,-0.007,0.0034012376801812));
#5002=CARTESIAN_POINT('',(0.0322341095541673,-0.007,0.00353010609109213));
#5003=CARTESIAN_POINT('',(0.0323015933155109,-0.007,0.00358567556805408));
#5004=CARTESIAN_POINT('',(0.026189624642582,-0.007,0.00603068703222593));
#5005=CARTESIAN_POINT('',(0.0263274849330917,-0.007,0.00606265391549719));
#5006=CARTESIAN_POINT('',(0.0264964880658247,-0.007,0.00610184216467745));
#5007=CARTESIAN_POINT('',(0.026515854738487,-0.007,0.00610526210252762));
#5008=CARTESIAN_POINT('',(0.0265456463179999,-0.007,0.00611070722864294));
#5009=CARTESIAN_POINT('',(0.026582167823366,-0.007,0.00611639315172432));
#5010=CARTESIAN_POINT('',(0.0266309962476863,-0.007,0.00612312076574294));
#5011=CARTESIAN_POINT('',(0.0266902992918804,-0.007,0.00613003881261477));
#5012=CARTESIAN_POINT('',(0.0267606976864997,-0.007,0.00613684502720246));
#5013=CARTESIAN_POINT('',(0.0268420206404306,-0.007,0.00614306254526973));
#5014=CARTESIAN_POINT('',(0.0269343238988362,-0.007,0.00614826743529656));
#5015=CARTESIAN_POINT('',(0.0270375783980705,-0.007,0.00615201958183169));
#5016=CARTESIAN_POINT('',(0.0271517633584633,-0.007,0.00615388380975088));
#5017=CARTESIAN_POINT('',(0.0272768387467979,-0.007,0.0061534240883359));
#5018=CARTESIAN_POINT('',(0.0274127533004174,-0.007,0.00615020566787345));
#5019=CARTESIAN_POINT('',(0.0275594422159757,-0.007,0.00614379490749625));
#5020=CARTESIAN_POINT('',(0.0277168278417812,-0.007,0.00613375977060918));
#5021=CARTESIAN_POINT('',(0.0278848195228929,-0.007,0.00611967012849425));
#5022=CARTESIAN_POINT('',(0.0280633137008334,-0.007,0.00610109811778997));
#5023=CARTESIAN_POINT('',(0.0282521939531152,-0.007,0.00607761848143019));
#5024=CARTESIAN_POINT('',(0.0284513310614267,-0.007,0.00604880891262954));
#5025=CARTESIAN_POINT('',(0.0286605830830707,-0.007,0.00601425039624424));
#5026=CARTESIAN_POINT('',(0.0288797954327716,-0.007,0.00597352754816422));
#5027=CARTESIAN_POINT('',(0.0291088009721685,-0.007,0.00592622895480986));
#5028=CARTESIAN_POINT('',(0.0293474201097731,-0.007,0.00587194750207946));
#5029=CARTESIAN_POINT('',(0.0295954609022695,-0.007,0.00581028073433362));
#5030=CARTESIAN_POINT('',(0.0298527191914375,-0.007,0.00574083108574828));
#5031=CARTESIAN_POINT('',(0.0301189786444643,-0.007,0.00566320659038176));
#5032=CARTESIAN_POINT('',(0.0303940112059398,-0.007,0.00557701973746929));
#5033=CARTESIAN_POINT('',(0.0306775760081815,-0.007,0.00548189343692858));
#5034=CARTESIAN_POINT('',(0.030969424236711,-0.007,0.00537743968547708));
#5035=CARTESIAN_POINT('',(0.0312692812058762,-0.007,0.00526334286711865));
#5036=CARTESIAN_POINT('',(0.0315769157559928,-0.007,0.0051390422963419));
#5037=CARTESIAN_POINT('',(0.0318641493009501,-0.007,0.00501675271848947));
#5038=CARTESIAN_POINT('',(0.0320494175934085,-0.007,0.00493298081161338));
#5039=CARTESIAN_POINT('',(0.0321289843403096,-0.007,0.00489677090133335));
#5040=CARTESIAN_POINT('',(0.0267893092973514,-0.007,0.00613895227506058));
#5041=CARTESIAN_POINT('',(0.0267323820605151,-0.007,0.00686034279453271));
#5042=CARTESIAN_POINT('',(0.0260314618830065,-0.007,0.00668046534558605));
#5043=CARTESIAN_POINT('',(1.85747850021E-15,-0.007,4.94118028300889E-16));
#5044=CARTESIAN_POINT('',(0.025884139961123,-0.007,0.00723027824312418));
#5045=CARTESIAN_POINT('',(0.0265810933653438,-0.007,0.00742495989152269));
#5046=CARTESIAN_POINT('',(0.0262696985388753,-0.007,0.00807816602585297));
#5047=CARTESIAN_POINT('',(0.025696223772168,-0.007,0.00787208414910999));
#5048=CARTESIAN_POINT('',(0.025831597727558,-0.007,0.00791333016137209));
#5049=CARTESIAN_POINT('',(0.0259975528584141,-0.007,0.00796389370841868));
#5050=CARTESIAN_POINT('',(0.0260160348578516,-0.007,0.00797061529169218));
#5051=CARTESIAN_POINT('',(0.0260445576855863,-0.007,0.00798079546390598));
#5052=CARTESIAN_POINT('',(0.0260790291985585,-0.007,0.00799413206275658));
#5053=CARTESIAN_POINT('',(0.0261246796614558,-0.007,0.0080127199902697));
#5054=CARTESIAN_POINT('',(0.0261794966276856,-0.007,0.0080363803080312));
#5055=CARTESIAN_POINT('',(0.0262438665331054,-0.007,0.0080656851506043));
#5056=CARTESIAN_POINT('',(0.026317403036154,-0.007,0.00810096209897504));
#5057=CARTESIAN_POINT('',(0.0263999424477987,-0.007,0.00814260616119066));
#5058=CARTESIAN_POINT('',(0.0264912395404583,-0.007,0.00819098395658969));
#5059=CARTESIAN_POINT('',(0.0265910587308482,-0.007,0.00824646196804963));
#5060=CARTESIAN_POINT('',(0.0266991473338266,-0.007,0.00830939779264095));
#5061=CARTESIAN_POINT('',(0.0268152435797739,-0.007,0.00838014230333125));
#5062=CARTESIAN_POINT('',(0.0269390745269124,-0.007,0.00845903864245464));
#5063=CARTESIAN_POINT('',(0.0270703569086069,-0.007,0.00854642213883207));
#5064=CARTESIAN_POINT('',(0.0272087971510167,-0.007,0.00864261996738965));
#5065=CARTESIAN_POINT('',(0.0273540916381886,-0.007,0.00874795088942917));
#5066=CARTESIAN_POINT('',(0.027505926916758,-0.007,0.00886272497712928));
#5067=CARTESIAN_POINT('',(0.0276639799269916,-0.007,0.00898724334973843));
#5068=CARTESIAN_POINT('',(0.0278279182353358,-0.007,0.00912179791366719));
#5069=CARTESIAN_POINT('',(0.0279974002749602,-0.007,0.00926667110946943));
#5070=CARTESIAN_POINT('',(0.028172075593008,-0.007,0.00942213566257599));
#5071=CARTESIAN_POINT('',(0.0283515851016375,-0.007,0.00958845434839714));
#5072=CARTESIAN_POINT('',(0.0285355613452414,-0.007,0.00976587973208256));
#5073=CARTESIAN_POINT('',(0.0287236287347023,-0.007,0.00995465403662533));
#5074=CARTESIAN_POINT('',(0.0289154039373379,-0.007,0.0101550085480821));
#5075=CARTESIAN_POINT('',(0.0291104956959875,-0.007,0.0103671648329143));
#5076=CARTESIAN_POINT('',(0.0293085068680774,-0.007,0.0105913290268714));
#5077=CARTESIAN_POINT('',(0.0295090279723077,-0.007,0.0108277127434137));
#5078=CARTESIAN_POINT('',(0.0297116633159274,-0.007,0.0110764519711857));
#5079=CARTESIAN_POINT('',(0.0299159323660219,-0.007,0.0113379166982416));
#5080=CARTESIAN_POINT('',(0.0301035391238478,-0.007,0.0115874393517586));
#5081=CARTESIAN_POINT('',(0.0302221002181943,-0.007,0.0117526220974659));
#5082=CARTESIAN_POINT('',(0.0302729020871671,-0.007,0.0118237641730877));
#5083=CARTESIAN_POINT('',(0.0237363781640938,-0.007,0.0126035699962801));
#5084=CARTESIAN_POINT('',(0.0238612673409135,-0.007,0.0126701285031651));
#5085=CARTESIAN_POINT('',(0.0240143691663121,-0.007,0.0127517226745686));
#5086=CARTESIAN_POINT('',(0.0240321907905571,-0.007,0.0127600385445877));
#5087=CARTESIAN_POINT('',(0.0240595579442731,-0.007,0.0127730087606915));
#5088=CARTESIAN_POINT('',(0.0240933633843387,-0.007,0.0127879534017867));
#5089=CARTESIAN_POINT('',(0.0241387867858104,-0.007,0.012807089504073));
#5090=CARTESIAN_POINT('',(0.0241942786054898,-0.007,0.0128291205814839));
#5091=CARTESIAN_POINT('',(0.0242605166550214,-0.007,0.0128539153252056));
#5092=CARTESIAN_POINT('',(0.0243374593844044,-0.007,0.0128809689157635));
#5093=CARTESIAN_POINT('',(0.0244252703608824,-0.007,0.0129098862946638));
#5094=CARTESIAN_POINT('',(0.02452403542139,-0.007,0.0129402348208004));
#5095=CARTESIAN_POINT('',(0.0246338471259174,-0.007,0.0129715887691076));
#5096=CARTESIAN_POINT('',(0.0247547796584004,-0.007,0.0130035166048946));
#5097=CARTESIAN_POINT('',(0.024886896024421,-0.007,0.0130355851244334));
#5098=CARTESIAN_POINT('',(0.0250302458632682,-0.007,0.0130673586904708));
#5099=CARTESIAN_POINT('',(0.0251848659884671,-0.007,0.0130983998899651));
#5100=CARTESIAN_POINT('',(0.0253507801595725,-0.007,0.0131282697872536));
#5101=CARTESIAN_POINT('',(0.0255279990859636,-0.007,0.0131565282951591));
#5102=CARTESIAN_POINT('',(0.0257165203767807,-0.007,0.0131827345145417));
#5103=CARTESIAN_POINT('',(0.025916328517758,-0.007,0.0132064470842105));
#5104=CARTESIAN_POINT('',(0.0261273948518781,-0.007,0.0132272245291434));
#5105=CARTESIAN_POINT('',(0.0263496775705498,-0.007,0.0132446256094871));
#5106=CARTESIAN_POINT('',(0.0265831217121831,-0.007,0.0132582096716489));
#5107=CARTESIAN_POINT('',(0.0268276591736047,-0.007,0.0132675369919061));
#5108=CARTESIAN_POINT('',(0.0270832087149928,-0.007,0.013272169149377));
#5109=CARTESIAN_POINT('',(0.0273496760322566,-0.007,0.0132716692849289));
#5110=CARTESIAN_POINT('',(0.0276269536121961,-0.007,0.0132656027974836));
#5111=CARTESIAN_POINT('',(0.0279149214653669,-0.007,0.0132535363553021));
#5112=CARTESIAN_POINT('',(0.0282134445295487,-0.007,0.0132350433761914));
#5113=CARTESIAN_POINT('',(0.0285223828910501,-0.007,0.0132096846798345));
#5114=CARTESIAN_POINT('',(0.0288415529113364,-0.007,0.0131770843107113));
#5115=CARTESIAN_POINT('',(0.029170876423387,-0.007,0.0131366408596773));
#5116=CARTESIAN_POINT('',(0.0294799735944036,-0.007,0.0130928597099709));
#5117=CARTESIAN_POINT('',(0.0296806107878256,-0.007,0.0130598932241437));
#5118=CARTESIAN_POINT('',(0.0297668381779731,-0.007,0.0130455105260914));
#5119=CARTESIAN_POINT('',(0.0242876079529965,-0.007,0.0128633560001336));
#5120=CARTESIAN_POINT('',(0.0240459108593211,-0.007,0.0135454318806535));
#5121=CARTESIAN_POINT('',(0.0234154296672704,-0.007,0.0131902721161131));
#5122=CARTESIAN_POINT('',(1.66629929887675E-15,-0.007,9.58032176493677E-16));
#5123=CARTESIAN_POINT('',(0.0231308255690187,-0.007,0.0136832208743274));
#5124=CARTESIAN_POINT('',(0.0237536435435382,-0.007,0.0140516537209815));
#5125=CARTESIAN_POINT('',(0.0232837970505369,-0.007,0.0146020074843851));
#5126=CARTESIAN_POINT('',(0.0227832008772009,-0.007,0.0142545214857994));
#5127=CARTESIAN_POINT('',(0.022903286823411,-0.007,0.0143293994321406));
#5128=CARTESIAN_POINT('',(0.0230505003613465,-0.007,0.0144211924165997));
#5129=CARTESIAN_POINT('',(0.0230666129281601,-0.007,0.0144324684609231));
#5130=CARTESIAN_POINT('',(0.0230915290416565,-0.007,0.0144496840032184));
#5131=CARTESIAN_POINT('',(0.0231213742005282,-0.007,0.0144714880525537));
#5132=CARTESIAN_POINT('',(0.0231606582519734,-0.007,0.0145012578210114));
#5133=CARTESIAN_POINT('',(0.0232074836345237,-0.007,0.0145382996078505));
#5134=CARTESIAN_POINT('',(0.0232620755372329,-0.007,0.0145832660695813));
#5135=CARTESIAN_POINT('',(0.0233239759986111,-0.007,0.0146363736325845));
#5136=CARTESIAN_POINT('',(0.0233929246715886,-0.007,0.0146979614794953));
#5137=CARTESIAN_POINT('',(0.0234685897964442,-0.007,0.0147683202678329));
#5138=CARTESIAN_POINT('',(0.0235506489644508,-0.007,0.0148477430194329));
#5139=CARTESIAN_POINT('',(0.0236387655475717,-0.007,0.0149365097468138));
#5140=CARTESIAN_POINT('',(0.0237325958831643,-0.007,0.0150348916162738));
#5141=CARTESIAN_POINT('',(0.0238317875179452,-0.007,0.0151431494353253));
#5142=CARTESIAN_POINT('',(0.0239359800478706,-0.007,0.0152615337919367));
#5143=CARTESIAN_POINT('',(0.0240448052232837,-0.007,0.0153902847303176));
#5144=CARTESIAN_POINT('',(0.0241578872721984,-0.007,0.0155296315686509));
#5145=CARTESIAN_POINT('',(0.0242748431693293,-0.007,0.0156797926859614));
#5146=CARTESIAN_POINT('',(0.0243952829275403,-0.007,0.0158409753270963));
#5147=CARTESIAN_POINT('',(0.0245188098897379,-0.007,0.0160133754118615));
#5148=CARTESIAN_POINT('',(0.0246450210267046,-0.007,0.0161971773528816));
#5149=CARTESIAN_POINT('',(0.02477350724044,-0.007,0.0163925538788198));
#5150=CARTESIAN_POINT('',(0.0249038536674428,-0.007,0.0165996658724592));
#5151=CARTESIAN_POINT('',(0.025035640004181,-0.007,0.0168186621884913));
#5152=CARTESIAN_POINT('',(0.0251684407675024,-0.007,0.0170496795867441));
#5153=CARTESIAN_POINT('',(0.0253018258252328,-0.007,0.0172928422585942));
#5154=CARTESIAN_POINT('',(0.0254353599063557,-0.007,0.0175482629560042));
#5155=CARTESIAN_POINT('',(0.0255686060487451,-0.007,0.0178160380027566));
#5156=CARTESIAN_POINT('',(0.0257011139542438,-0.007,0.0180962658201989));
#5157=CARTESIAN_POINT('',(0.0258324662165536,-0.007,0.0183889753504546));
#5158=CARTESIAN_POINT('',(0.0259621029165667,-0.007,0.018694399603471));
#5159=CARTESIAN_POINT('',(0.0260787359142224,-0.007,0.0189839761806625));
#5160=CARTESIAN_POINT('',(0.0261505046967335,-0.007,0.0191742163300236));
#5161=CARTESIAN_POINT('',(0.0261811626099191,-0.007,0.0192560827894195));
#5162=CARTESIAN_POINT('',(0.019665536739942,-0.007,0.018317540493472));
#5163=CARTESIAN_POINT('',(0.0197689438120609,-0.007,0.0184141547717196));
#5164=CARTESIAN_POINT('',(0.0198957106937367,-0.007,0.0185325943574061));
#5165=CARTESIAN_POINT('',(0.0199107727553239,-0.007,0.0185452394467948));
#5166=CARTESIAN_POINT('',(0.0199338504569433,-0.007,0.0185648508540939));
#5167=CARTESIAN_POINT('',(0.0199626360468341,-0.007,0.0185880357606094));
#5168=CARTESIAN_POINT('',(0.0200015588957129,-0.007,0.0186182762574165));
#5169=CARTESIAN_POINT('',(0.0200494578150709,-0.007,0.0186539189838492));
#5170=CARTESIAN_POINT('',(0.0201070215059029,-0.007,0.0186950125358953));
#5171=CARTESIAN_POINT('',(0.0201743404908843,-0.007,0.0187410585414556));
#5172=CARTESIAN_POINT('',(0.0202516750125022,-0.007,0.0187917177376455));
#5173=CARTESIAN_POINT('',(0.0203392199586266,-0.007,0.0188465944414808));
#5174=CARTESIAN_POINT('',(0.0204371749210973,-0.007,0.0189053013904137));
#5175=CARTESIAN_POINT('',(0.0205457232454907,-0.007,0.0189674409541569));
#5176=CARTESIAN_POINT('',(0.0206650379119004,-0.007,0.0190326109970862));
#5177=CARTESIAN_POINT('',(0.0207952796194161,-0.007,0.0191004035735211));
#5178=CARTESIAN_POINT('',(0.0209365971379978,-0.007,0.0191704057029492));
#5179=CARTESIAN_POINT('',(0.0210891270225224,-0.007,0.0192421995555032));
#5180=CARTESIAN_POINT('',(0.0212529935203986,-0.007,0.0193153628114043));
#5181=CARTESIAN_POINT('',(0.0214283084353278,-0.007,0.019389468975986));
#5182=CARTESIAN_POINT('',(0.021615171014362,-0.007,0.0194640877116883));
#5183=CARTESIAN_POINT('',(0.0218136678390916,-0.007,0.0195387851694034));
#5184=CARTESIAN_POINT('',(0.0220238727267959,-0.007,0.0196131243233022));
#5185=CARTESIAN_POINT('',(0.0222458466381982,-0.007,0.0196866653095925));
#5186=CARTESIAN_POINT('',(0.022479637599558,-0.007,0.0197589657613759));
#5187=CARTESIAN_POINT('',(0.0227252806109078,-0.007,0.019829581170187));
#5188=CARTESIAN_POINT('',(0.022982797648954,-0.007,0.0198980651548122));
#5189=CARTESIAN_POINT('',(0.0232521973469562,-0.007,0.0199639700963822));
#5190=CARTESIAN_POINT('',(0.0235334759585181,-0.007,0.0200268463730255));
#5191=CARTESIAN_POINT('',(0.0238266134311489,-0.007,0.0200862469813101));
#5192=CARTESIAN_POINT('',(0.0241315882868307,-0.007,0.0201417114932972));
#5193=CARTESIAN_POINT('',(0.0244483204488087,-0.007,0.0201928292346905));
#5194=CARTESIAN_POINT('',(0.0247768900696799,-0.007,0.0202389990577512));
#5195=CARTESIAN_POINT('',(0.0250867864053583,-0.007,0.0202767099491916));
#5196=CARTESIAN_POINT('',(0.025289119406581,-0.007,0.0202967954959426));
#5197=CARTESIAN_POINT('',(0.0253761311858338,-0.007,0.0203052201672219));
#5198=CARTESIAN_POINT('',(0.0201307462638147,-0.007,0.0187111432714985));
#5199=CARTESIAN_POINT('',(0.0197207505708111,-0.007,0.0193074221689924));
#5200=CARTESIAN_POINT('',(0.0192036746155369,-0.007,0.0188011836398824));
#5201=CARTESIAN_POINT('',(1.36156455401484E-15,-0.007,1.35665801508145E-15));
#5202=CARTESIAN_POINT('',(0.0188011836398824,-0.007,0.0192036746155369));
#5203=CARTESIAN_POINT('',(0.0193074221689924,-0.007,0.0197207505708111));
#5204=CARTESIAN_POINT('',(0.0187111432714985,-0.007,0.0201307462638146));
#5205=CARTESIAN_POINT('',(0.0183175404934721,-0.007,0.019665536739942));
#5206=CARTESIAN_POINT('',(0.0184141547717196,-0.007,0.0197689438120609));
#5207=CARTESIAN_POINT('',(0.0185325943574061,-0.007,0.0198957106937367));
#5208=CARTESIAN_POINT('',(0.0185452394467948,-0.007,0.0199107727553239));
#5209=CARTESIAN_POINT('',(0.0185648508540939,-0.007,0.0199338504569433));
#5210=CARTESIAN_POINT('',(0.0185880357606094,-0.007,0.0199626360468341));
#5211=CARTESIAN_POINT('',(0.0186182762574165,-0.007,0.0200015588957129));
#5212=CARTESIAN_POINT('',(0.0186539189838492,-0.007,0.0200494578150709));
#5213=CARTESIAN_POINT('',(0.0186950125358953,-0.007,0.0201070215059029));
#5214=CARTESIAN_POINT('',(0.0187410585414556,-0.007,0.0201743404908843));
#5215=CARTESIAN_POINT('',(0.0187917177376455,-0.007,0.0202516750125022));
#5216=CARTESIAN_POINT('',(0.0188465944414808,-0.007,0.0203392199586266));
#5217=CARTESIAN_POINT('',(0.0189053013904137,-0.007,0.0204371749210973));
#5218=CARTESIAN_POINT('',(0.0189674409541569,-0.007,0.0205457232454907));
#5219=CARTESIAN_POINT('',(0.0190326109970862,-0.007,0.0206650379119004));
#5220=CARTESIAN_POINT('',(0.0191004035735211,-0.007,0.0207952796194161));
#5221=CARTESIAN_POINT('',(0.0191704057029492,-0.007,0.0209365971379978));
#5222=CARTESIAN_POINT('',(0.0192421995555032,-0.007,0.0210891270225224));
#5223=CARTESIAN_POINT('',(0.0193153628114043,-0.007,0.0212529935203986));
#5224=CARTESIAN_POINT('',(0.019389468975986,-0.007,0.0214283084353278));
#5225=CARTESIAN_POINT('',(0.0194640877116883,-0.007,0.021615171014362));
#5226=CARTESIAN_POINT('',(0.0195387851694035,-0.007,0.0218136678390916));
#5227=CARTESIAN_POINT('',(0.0196131243233022,-0.007,0.0220238727267959));
#5228=CARTESIAN_POINT('',(0.0196866653095925,-0.007,0.0222458466381982));
#5229=CARTESIAN_POINT('',(0.019758965761376,-0.007,0.022479637599558));
#5230=CARTESIAN_POINT('',(0.019829581170187,-0.007,0.0227252806109078));
#5231=CARTESIAN_POINT('',(0.0198980651548122,-0.007,0.0229827976489539));
#5232=CARTESIAN_POINT('',(0.0199639700963822,-0.007,0.0232521973469562));
#5233=CARTESIAN_POINT('',(0.0200268463730255,-0.007,0.0235334759585181));
#5234=CARTESIAN_POINT('',(0.0200862469813101,-0.007,0.0238266134311489));
#5235=CARTESIAN_POINT('',(0.0201417114932972,-0.007,0.0241315882868307));
#5236=CARTESIAN_POINT('',(0.0201928292346905,-0.007,0.0244483204488087));
#5237=CARTESIAN_POINT('',(0.0202389990577512,-0.007,0.0247768900696799));
#5238=CARTESIAN_POINT('',(0.0202767099491916,-0.007,0.0250867864053583));
#5239=CARTESIAN_POINT('',(0.0202967954959426,-0.007,0.025289119406581));
#5240=CARTESIAN_POINT('',(0.0203052201672219,-0.007,0.0253761311858338));
#5241=CARTESIAN_POINT('',(0.0142545214857994,-0.007,0.0227832008772008));
#5242=CARTESIAN_POINT('',(0.0143293994321406,-0.007,0.022903286823411));
#5243=CARTESIAN_POINT('',(0.0144211924165997,-0.007,0.0230505003613465));
#5244=CARTESIAN_POINT('',(0.0144324684609231,-0.007,0.0230666129281601));
#5245=CARTESIAN_POINT('',(0.0144496840032184,-0.007,0.0230915290416565));
#5246=CARTESIAN_POINT('',(0.0144714880525537,-0.007,0.0231213742005282));
#5247=CARTESIAN_POINT('',(0.0145012578210114,-0.007,0.0231606582519734));
#5248=CARTESIAN_POINT('',(0.0145382996078505,-0.007,0.0232074836345237));
#5249=CARTESIAN_POINT('',(0.0145832660695813,-0.007,0.0232620755372328));
#5250=CARTESIAN_POINT('',(0.0146363736325845,-0.007,0.0233239759986111));
#5251=CARTESIAN_POINT('',(0.0146979614794953,-0.007,0.0233929246715886));
#5252=CARTESIAN_POINT('',(0.0147683202678329,-0.007,0.0234685897964442));
#5253=CARTESIAN_POINT('',(0.0148477430194329,-0.007,0.0235506489644508));
#5254=CARTESIAN_POINT('',(0.0149365097468138,-0.007,0.0236387655475717));
#5255=CARTESIAN_POINT('',(0.0150348916162738,-0.007,0.0237325958831643));
#5256=CARTESIAN_POINT('',(0.0151431494353253,-0.007,0.0238317875179452));
#5257=CARTESIAN_POINT('',(0.0152615337919367,-0.007,0.0239359800478706));
#5258=CARTESIAN_POINT('',(0.0153902847303176,-0.007,0.0240448052232837));
#5259=CARTESIAN_POINT('',(0.0155296315686509,-0.007,0.0241578872721984));
#5260=CARTESIAN_POINT('',(0.0156797926859614,-0.007,0.0242748431693293));
#5261=CARTESIAN_POINT('',(0.0158409753270963,-0.007,0.0243952829275403));
#5262=CARTESIAN_POINT('',(0.0160133754118615,-0.007,0.0245188098897379));
#5263=CARTESIAN_POINT('',(0.0161971773528816,-0.007,0.0246450210267046));
#5264=CARTESIAN_POINT('',(0.0163925538788198,-0.007,0.02477350724044));
#5265=CARTESIAN_POINT('',(0.0165996658724592,-0.007,0.0249038536674428));
#5266=CARTESIAN_POINT('',(0.0168186621884913,-0.007,0.025035640004181));
#5267=CARTESIAN_POINT('',(0.0170496795867441,-0.007,0.0251684407675024));
#5268=CARTESIAN_POINT('',(0.0172928422585942,-0.007,0.0253018258252328));
#5269=CARTESIAN_POINT('',(0.0175482629560042,-0.007,0.0254353599063557));
#5270=CARTESIAN_POINT('',(0.0178160380027566,-0.007,0.0255686060487451));
#5271=CARTESIAN_POINT('',(0.0180962658201989,-0.007,0.0257011139542438));
#5272=CARTESIAN_POINT('',(0.0183889753504546,-0.007,0.0258324662165536));
#5273=CARTESIAN_POINT('',(0.0186943996034711,-0.007,0.0259621029165667));
#5274=CARTESIAN_POINT('',(0.0189839761806625,-0.007,0.0260787359142224));
#5275=CARTESIAN_POINT('',(0.0191742163300236,-0.007,0.0261505046967335));
#5276=CARTESIAN_POINT('',(0.0192560827894195,-0.007,0.0261811626099191));
#5277=CARTESIAN_POINT('',(0.0146020074843851,-0.007,0.0232837970505369));
#5278=CARTESIAN_POINT('',(0.0140516537209815,-0.007,0.0237536435435381));
#5279=CARTESIAN_POINT('',(0.0136832208743274,-0.007,0.0231308255690187));
#5280=CARTESIAN_POINT('',(9.64041434888626E-16,-0.007,1.6628298519248E-15));
#5281=CARTESIAN_POINT('',(0.0131902721161131,-0.007,0.0234154296672704));
#5282=CARTESIAN_POINT('',(0.0135454318806535,-0.007,0.0240459108593212));
#5283=CARTESIAN_POINT('',(0.0128633560001336,-0.007,0.0242876079529965));
#5284=CARTESIAN_POINT('',(0.0126035699962801,-0.007,0.0237363781640938));
#5285=CARTESIAN_POINT('',(0.0126701285031651,-0.007,0.0238612673409135));
#5286=CARTESIAN_POINT('',(0.0127517226745686,-0.007,0.0240143691663121));
#5287=CARTESIAN_POINT('',(0.0127600385445877,-0.007,0.0240321907905571));
#5288=CARTESIAN_POINT('',(0.0127730087606915,-0.007,0.0240595579442731));
#5289=CARTESIAN_POINT('',(0.0127879534017867,-0.007,0.0240933633843386));
#5290=CARTESIAN_POINT('',(0.012807089504073,-0.007,0.0241387867858104));
#5291=CARTESIAN_POINT('',(0.012829120581484,-0.007,0.0241942786054898));
#5292=CARTESIAN_POINT('',(0.0128539153252056,-0.007,0.0242605166550214));
#5293=CARTESIAN_POINT('',(0.0128809689157635,-0.007,0.0243374593844044));
#5294=CARTESIAN_POINT('',(0.0129098862946638,-0.007,0.0244252703608824));
#5295=CARTESIAN_POINT('',(0.0129402348208005,-0.007,0.02452403542139));
#5296=CARTESIAN_POINT('',(0.0129715887691076,-0.007,0.0246338471259174));
#5297=CARTESIAN_POINT('',(0.0130035166048946,-0.007,0.0247547796584004));
#5298=CARTESIAN_POINT('',(0.0130355851244334,-0.007,0.024886896024421));
#5299=CARTESIAN_POINT('',(0.0130673586904708,-0.007,0.0250302458632682));
#5300=CARTESIAN_POINT('',(0.0130983998899651,-0.007,0.0251848659884671));
#5301=CARTESIAN_POINT('',(0.0131282697872536,-0.007,0.0253507801595725));
#5302=CARTESIAN_POINT('',(0.0131565282951591,-0.007,0.0255279990859636));
#5303=CARTESIAN_POINT('',(0.0131827345145417,-0.007,0.0257165203767807));
#5304=CARTESIAN_POINT('',(0.0132064470842105,-0.007,0.025916328517758));
#5305=CARTESIAN_POINT('',(0.0132272245291434,-0.007,0.0261273948518781));
#5306=CARTESIAN_POINT('',(0.0132446256094871,-0.007,0.0263496775705497));
#5307=CARTESIAN_POINT('',(0.0132582096716489,-0.007,0.026583121712183));
#5308=CARTESIAN_POINT('',(0.0132675369919061,-0.007,0.0268276591736047));
#5309=CARTESIAN_POINT('',(0.0132721691493771,-0.007,0.0270832087149928));
#5310=CARTESIAN_POINT('',(0.0132716692849289,-0.007,0.0273496760322566));
#5311=CARTESIAN_POINT('',(0.0132656027974837,-0.007,0.0276269536121961));
#5312=CARTESIAN_POINT('',(0.0132535363553021,-0.007,0.0279149214653669));
#5313=CARTESIAN_POINT('',(0.0132350433761914,-0.007,0.0282134445295487));
#5314=CARTESIAN_POINT('',(0.0132096846798345,-0.007,0.0285223828910501));
#5315=CARTESIAN_POINT('',(0.0131770843107113,-0.007,0.0288415529113363));
#5316=CARTESIAN_POINT('',(0.0131366408596773,-0.007,0.029170876423387));
#5317=CARTESIAN_POINT('',(0.0130928597099709,-0.007,0.0294799735944036));
#5318=CARTESIAN_POINT('',(0.0130598932241437,-0.007,0.0296806107878256));
#5319=CARTESIAN_POINT('',(0.0130455105260914,-0.007,0.0297668381779731));
#5320=CARTESIAN_POINT('',(0.00787208414910999,-0.007,0.025696223772168));
#5321=CARTESIAN_POINT('',(0.00791333016137209,-0.007,0.025831597727558));
#5322=CARTESIAN_POINT('',(0.00796389370841868,-0.007,0.0259975528584141));
#5323=CARTESIAN_POINT('',(0.00797061529169218,-0.007,0.0260160348578516));
#5324=CARTESIAN_POINT('',(0.00798079546390598,-0.007,0.0260445576855863));
#5325=CARTESIAN_POINT('',(0.00799413206275658,-0.007,0.0260790291985585));
#5326=CARTESIAN_POINT('',(0.0080127199902697,-0.007,0.0261246796614558));
#5327=CARTESIAN_POINT('',(0.0080363803080312,-0.007,0.0261794966276856));
#5328=CARTESIAN_POINT('',(0.0080656851506043,-0.007,0.0262438665331054));
#5329=CARTESIAN_POINT('',(0.00810096209897504,-0.007,0.026317403036154));
#5330=CARTESIAN_POINT('',(0.00814260616119066,-0.007,0.0263999424477987));
#5331=CARTESIAN_POINT('',(0.00819098395658969,-0.007,0.0264912395404583));
#5332=CARTESIAN_POINT('',(0.00824646196804963,-0.007,0.0265910587308482));
#5333=CARTESIAN_POINT('',(0.00830939779264095,-0.007,0.0266991473338266));
#5334=CARTESIAN_POINT('',(0.00838014230333125,-0.007,0.0268152435797739));
#5335=CARTESIAN_POINT('',(0.00845903864245464,-0.007,0.0269390745269124));
#5336=CARTESIAN_POINT('',(0.00854642213883207,-0.007,0.0270703569086069));
#5337=CARTESIAN_POINT('',(0.00864261996738965,-0.007,0.0272087971510167));
#5338=CARTESIAN_POINT('',(0.00874795088942917,-0.007,0.0273540916381886));
#5339=CARTESIAN_POINT('',(0.00886272497712928,-0.007,0.027505926916758));
#5340=CARTESIAN_POINT('',(0.00898724334973843,-0.007,0.0276639799269916));
#5341=CARTESIAN_POINT('',(0.00912179791366719,-0.007,0.0278279182353358));
#5342=CARTESIAN_POINT('',(0.00926667110946943,-0.007,0.0279974002749602));
#5343=CARTESIAN_POINT('',(0.00942213566257599,-0.007,0.028172075593008));
#5344=CARTESIAN_POINT('',(0.00958845434839714,-0.007,0.0283515851016375));
#5345=CARTESIAN_POINT('',(0.00976587973208256,-0.007,0.0285355613452414));
#5346=CARTESIAN_POINT('',(0.00995465403662533,-0.007,0.0287236287347023));
#5347=CARTESIAN_POINT('',(0.0101550085480821,-0.007,0.0289154039373379));
#5348=CARTESIAN_POINT('',(0.0103671648329143,-0.007,0.0291104956959875));
#5349=CARTESIAN_POINT('',(0.0105913290268714,-0.007,0.0293085068680774));
#5350=CARTESIAN_POINT('',(0.0108277127434137,-0.007,0.0295090279723077));
#5351=CARTESIAN_POINT('',(0.0110764519711857,-0.007,0.0297116633159274));
#5352=CARTESIAN_POINT('',(0.0113379166982416,-0.007,0.0299159323660219));
#5353=CARTESIAN_POINT('',(0.0115874393517586,-0.007,0.0301035391238478));
#5354=CARTESIAN_POINT('',(0.0117526220974659,-0.007,0.0302221002181943));
#5355=CARTESIAN_POINT('',(0.0118237641730877,-0.007,0.0302729020871671));
#5356=CARTESIAN_POINT('',(0.00807816602585297,-0.007,0.0262696985388753));
#5357=CARTESIAN_POINT('',(0.00742495989152267,-0.007,0.0265810933653438));
#5358=CARTESIAN_POINT('',(0.00723027824312418,-0.007,0.025884139961123));
#5359=CARTESIAN_POINT('',(5.00820485128553E-16,-0.007,1.85568258231572E-15));
#5360=CARTESIAN_POINT('',(0.00668046534558605,-0.007,0.0260314618830066));
#5361=CARTESIAN_POINT('',(0.00686034279453272,-0.007,0.0267323820605151));
#5362=CARTESIAN_POINT('',(0.00613895227506058,-0.007,0.0267893092973514));
#5363=CARTESIAN_POINT('',(0.00603068703222593,-0.007,0.026189624642582));
#5364=CARTESIAN_POINT('',(0.00606265391549719,-0.007,0.0263274849330917));
#5365=CARTESIAN_POINT('',(0.00610184216467745,-0.007,0.0264964880658247));
#5366=CARTESIAN_POINT('',(0.00610526210252762,-0.007,0.026515854738487));
#5367=CARTESIAN_POINT('',(0.00611070722864294,-0.007,0.0265456463179999));
#5368=CARTESIAN_POINT('',(0.00611639315172432,-0.007,0.026582167823366));
#5369=CARTESIAN_POINT('',(0.00612312076574294,-0.007,0.0266309962476863));
#5370=CARTESIAN_POINT('',(0.00613003881261477,-0.007,0.0266902992918804));
#5371=CARTESIAN_POINT('',(0.00613684502720246,-0.007,0.0267606976864997));
#5372=CARTESIAN_POINT('',(0.00614306254526973,-0.007,0.0268420206404306));
#5373=CARTESIAN_POINT('',(0.00614826743529656,-0.007,0.0269343238988362));
#5374=CARTESIAN_POINT('',(0.00615201958183169,-0.007,0.0270375783980705));
#5375=CARTESIAN_POINT('',(0.00615388380975088,-0.007,0.0271517633584633));
#5376=CARTESIAN_POINT('',(0.0061534240883359,-0.007,0.0272768387467979));
#5377=CARTESIAN_POINT('',(0.00615020566787345,-0.007,0.0274127533004174));
#5378=CARTESIAN_POINT('',(0.00614379490749625,-0.007,0.0275594422159757));
#5379=CARTESIAN_POINT('',(0.00613375977060918,-0.007,0.0277168278417812));
#5380=CARTESIAN_POINT('',(0.00611967012849425,-0.007,0.0278848195228929));
#5381=CARTESIAN_POINT('',(0.00610109811778997,-0.007,0.0280633137008334));
#5382=CARTESIAN_POINT('',(0.00607761848143019,-0.007,0.0282521939531152));
#5383=CARTESIAN_POINT('',(0.00604880891262954,-0.007,0.0284513310614267));
#5384=CARTESIAN_POINT('',(0.00601425039624424,-0.007,0.0286605830830707));
#5385=CARTESIAN_POINT('',(0.00597352754816422,-0.007,0.0288797954327716));
#5386=CARTESIAN_POINT('',(0.00592622895480986,-0.007,0.0291088009721685));
#5387=CARTESIAN_POINT('',(0.00587194750207946,-0.007,0.0293474201097731));
#5388=CARTESIAN_POINT('',(0.00581028073433362,-0.007,0.0295954609022695));
#5389=CARTESIAN_POINT('',(0.00574083108574828,-0.007,0.0298527191914375));
#5390=CARTESIAN_POINT('',(0.00566320659038176,-0.007,0.0301189786444643));
#5391=CARTESIAN_POINT('',(0.00557701973746929,-0.007,0.0303940112059398));
#5392=CARTESIAN_POINT('',(0.00548189343692858,-0.007,0.0306775760081815));
#5393=CARTESIAN_POINT('',(0.00537743968547708,-0.007,0.030969424236711));
#5394=CARTESIAN_POINT('',(0.00526334286711865,-0.007,0.0312692812058762));
#5395=CARTESIAN_POINT('',(0.0051390422963419,-0.007,0.0315769157559928));
#5396=CARTESIAN_POINT('',(0.00501675271848947,-0.007,0.0318641493009501));
#5397=CARTESIAN_POINT('',(0.00493298081161338,-0.007,0.0320494175934085));
#5398=CARTESIAN_POINT('',(0.00489677090133335,-0.007,0.0321289843403096));
#5399=CARTESIAN_POINT('',(0.000953177286892938,-0.007,0.0268580914820795));
#5400=CARTESIAN_POINT('',(0.000957980517502521,-0.007,0.0269995279353057));
#5401=CARTESIAN_POINT('',(0.00096386880496556,-0.007,0.0271729150911683));
#5402=CARTESIAN_POINT('',(0.000965577862397027,-0.007,0.0271925070055108));
#5403=CARTESIAN_POINT('',(0.000968028902616481,-0.007,0.0272226927639099));
#5404=CARTESIAN_POINT('',(0.000971989183810434,-0.007,0.0272594414543404));
#5405=CARTESIAN_POINT('',(0.000978128533836961,-0.007,0.0273083473250844));
#5406=CARTESIAN_POINT('',(0.000986794970965982,-0.007,0.0273674201893345));
#5407=CARTESIAN_POINT('',(0.000998441117788585,-0.007,0.0274371813947868));
#5408=CARTESIAN_POINT('',(0.00101348338579332,-0.007,0.027517342548348));
#5409=CARTESIAN_POINT('',(0.00103234568929378,-0.007,0.0276078477741591));
#5410=CARTESIAN_POINT('',(0.00105544562494585,-0.007,0.0277085550886334));
#5411=CARTESIAN_POINT('',(0.00108319816146655,-0.007,0.0278193317885405));
#5412=CARTESIAN_POINT('',(0.00111601411082876,-0.007,0.0279400263517083));
#5413=CARTESIAN_POINT('',(0.00115430014125663,-0.007,0.0280704767407072));
#5414=CARTESIAN_POINT('',(0.00119845834532305,-0.007,0.0282105081257961));
#5415=CARTESIAN_POINT('',(0.00124888594059647,-0.007,0.0283599336819018));
#5416=CARTESIAN_POINT('',(0.00130597493628893,-0.007,0.0285185545175712));
#5417=CARTESIAN_POINT('',(0.00137011181376524,-0.007,0.0286861598638101));
#5418=CARTESIAN_POINT('',(0.00144167720745133,-0.007,0.0288625272005031));
#5419=CARTESIAN_POINT('',(0.00152104559021777,-0.007,0.0290474224113068));
#5420=CARTESIAN_POINT('',(0.00160858496214024,-0.007,0.0292405999410049));
#5421=CARTESIAN_POINT('',(0.00170465654384506,-0.007,0.0294418029623686));
#5422=CARTESIAN_POINT('',(0.00180961447174305,-0.007,0.0296507635504686));
#5423=CARTESIAN_POINT('',(0.00192380550616185,-0.007,0.0298672028643653));
#5424=CARTESIAN_POINT('',(0.00204756871081174,-0.007,0.0300908313378683));
#5425=CARTESIAN_POINT('',(0.00218123526475417,-0.007,0.030321348871673));
#5426=CARTESIAN_POINT('',(0.00232512778696326,-0.007,0.0305584450560779));
#5427=CARTESIAN_POINT('',(0.0024795615590112,-0.007,0.0308017993113063));
#5428=CARTESIAN_POINT('',(0.00264483848080367,-0.007,0.031051081378948));
#5429=CARTESIAN_POINT('',(0.00282126893680632,-0.007,0.0313059505000333));
#5430=CARTESIAN_POINT('',(0.00300908669478282,-0.007,0.031566059661166));
#5431=CARTESIAN_POINT('',(0.00320877350682029,-0.007,0.0318310404631484));
#5432=CARTESIAN_POINT('',(0.0034012376801812,-0.007,0.0320768358906335));
#5433=CARTESIAN_POINT('',(0.00353010609109214,-0.007,0.0322341095541673));
#5434=CARTESIAN_POINT('',(0.00358567556805408,-0.007,0.0323015933155109));
#5435=CARTESIAN_POINT('',(0.00100381090245953,-0.007,0.0274653634845187));
#5436=CARTESIAN_POINT('',(0.000292267315783,-0.007,0.027597085601635));
#5437=CARTESIAN_POINT('',(0.000284604098251737,-0.007,0.0268734929904406));
#5438=CARTESIAN_POINT('',(3.46944695195373E-18,-0.007,1.9220736113823E-15));
#5439=CARTESIAN_POINT('',(-0.000284604098251737,-0.007,0.0268734929904406));
#5440=CARTESIAN_POINT('',(-0.000292267315783001,-0.007,0.0275970856016351));
#5441=CARTESIAN_POINT('',(-0.00100381090245953,-0.007,0.0274653634845187));
#5442=CARTESIAN_POINT('',(-0.000953177286892934,-0.007,0.0268580914820795));
#5443=CARTESIAN_POINT('',(-0.000957980517502517,-0.007,0.0269995279353057));
#5444=CARTESIAN_POINT('',(-0.000963868804965557,-0.007,0.0271729150911683));
#5445=CARTESIAN_POINT('',(-0.000965577862397024,-0.007,0.0271925070055108));
#5446=CARTESIAN_POINT('',(-0.000968028902616478,-0.007,0.0272226927639099));
#5447=CARTESIAN_POINT('',(-0.000971989183810431,-0.007,0.0272594414543404));
#5448=CARTESIAN_POINT('',(-0.000978128533836957,-0.007,0.0273083473250844));
#5449=CARTESIAN_POINT('',(-0.000986794970965979,-0.007,0.0273674201893345));
#5450=CARTESIAN_POINT('',(-0.000998441117788582,-0.007,0.0274371813947868));
#5451=CARTESIAN_POINT('',(-0.00101348338579332,-0.007,0.027517342548348));
#5452=CARTESIAN_POINT('',(-0.00103234568929378,-0.007,0.0276078477741591));
#5453=CARTESIAN_POINT('',(-0.00105544562494584,-0.007,0.0277085550886334));
#5454=CARTESIAN_POINT('',(-0.00108319816146654,-0.007,0.0278193317885405));
#5455=CARTESIAN_POINT('',(-0.00111601411082876,-0.007,0.0279400263517083));
#5456=CARTESIAN_POINT('',(-0.00115430014125663,-0.007,0.0280704767407072));
#5457=CARTESIAN_POINT('',(-0.00119845834532305,-0.007,0.0282105081257961));
#5458=CARTESIAN_POINT('',(-0.00124888594059647,-0.007,0.0283599336819018));
#5459=CARTESIAN_POINT('',(-0.00130597493628893,-0.007,0.0285185545175712));
#5460=CARTESIAN_POINT('',(-0.00137011181376523,-0.007,0.0286861598638101));
#5461=CARTESIAN_POINT('',(-0.00144167720745133,-0.007,0.0288625272005031));
#5462=CARTESIAN_POINT('',(-0.00152104559021777,-0.007,0.0290474224113068));
#5463=CARTESIAN_POINT('',(-0.00160858496214023,-0.007,0.0292405999410049));
#5464=CARTESIAN_POINT('',(-0.00170465654384505,-0.007,0.0294418029623686));
#5465=CARTESIAN_POINT('',(-0.00180961447174305,-0.007,0.0296507635504686));
#5466=CARTESIAN_POINT('',(-0.00192380550616185,-0.007,0.0298672028643653));
#5467=CARTESIAN_POINT('',(-0.00204756871081173,-0.007,0.0300908313378683));
#5468=CARTESIAN_POINT('',(-0.00218123526475417,-0.007,0.030321348871673));
#5469=CARTESIAN_POINT('',(-0.00232512778696326,-0.007,0.0305584450560779));
#5470=CARTESIAN_POINT('',(-0.00247956155901119,-0.007,0.0308017993113063));
#5471=CARTESIAN_POINT('',(-0.00264483848080367,-0.007,0.031051081378948));
#5472=CARTESIAN_POINT('',(-0.00282126893680631,-0.007,0.0313059505000333));
#5473=CARTESIAN_POINT('',(-0.00300908669478282,-0.007,0.031566059661166));
#5474=CARTESIAN_POINT('',(-0.00320877350682028,-0.007,0.0318310404631484));
#5475=CARTESIAN_POINT('',(-0.0034012376801812,-0.007,0.0320768358906335));
#5476=CARTESIAN_POINT('',(-0.00353010609109213,-0.007,0.0322341095541673));
#5477=CARTESIAN_POINT('',(-0.00358567556805407,-0.007,0.0323015933155109));
#5478=CARTESIAN_POINT('',(-0.00603068703222593,-0.007,0.026189624642582));
#5479=CARTESIAN_POINT('',(-0.00606265391549719,-0.007,0.0263274849330917));
#5480=CARTESIAN_POINT('',(-0.00610184216467745,-0.007,0.0264964880658247));
#5481=CARTESIAN_POINT('',(-0.00610526210252763,-0.007,0.026515854738487));
#5482=CARTESIAN_POINT('',(-0.00611070722864294,-0.007,0.0265456463179999));
#5483=CARTESIAN_POINT('',(-0.00611639315172432,-0.007,0.026582167823366));
#5484=CARTESIAN_POINT('',(-0.00612312076574295,-0.007,0.0266309962476863));
#5485=CARTESIAN_POINT('',(-0.00613003881261478,-0.007,0.0266902992918804));
#5486=CARTESIAN_POINT('',(-0.00613684502720246,-0.007,0.0267606976864997));
#5487=CARTESIAN_POINT('',(-0.00614306254526974,-0.007,0.0268420206404306));
#5488=CARTESIAN_POINT('',(-0.00614826743529656,-0.007,0.0269343238988362));
#5489=CARTESIAN_POINT('',(-0.00615201958183169,-0.007,0.0270375783980705));
#5490=CARTESIAN_POINT('',(-0.00615388380975089,-0.007,0.0271517633584633));
#5491=CARTESIAN_POINT('',(-0.0061534240883359,-0.007,0.0272768387467979));
#5492=CARTESIAN_POINT('',(-0.00615020566787345,-0.007,0.0274127533004174));
#5493=CARTESIAN_POINT('',(-0.00614379490749625,-0.007,0.0275594422159757));
#5494=CARTESIAN_POINT('',(-0.00613375977060918,-0.007,0.0277168278417812));
#5495=CARTESIAN_POINT('',(-0.00611967012849425,-0.007,0.0278848195228929));
#5496=CARTESIAN_POINT('',(-0.00610109811778998,-0.007,0.0280633137008334));
#5497=CARTESIAN_POINT('',(-0.0060776184814302,-0.007,0.0282521939531152));
#5498=CARTESIAN_POINT('',(-0.00604880891262954,-0.007,0.0284513310614267));
#5499=CARTESIAN_POINT('',(-0.00601425039624425,-0.007,0.0286605830830707));
#5500=CARTESIAN_POINT('',(-0.00597352754816422,-0.007,0.0288797954327716));
#5501=CARTESIAN_POINT('',(-0.00592622895480987,-0.007,0.0291088009721685));
#5502=CARTESIAN_POINT('',(-0.00587194750207946,-0.007,0.0293474201097731));
#5503=CARTESIAN_POINT('',(-0.00581028073433362,-0.007,0.0295954609022695));
#5504=CARTESIAN_POINT('',(-0.00574083108574828,-0.007,0.0298527191914375));
#5505=CARTESIAN_POINT('',(-0.00566320659038176,-0.007,0.0301189786444643));
#5506=CARTESIAN_POINT('',(-0.00557701973746929,-0.007,0.0303940112059398));
#5507=CARTESIAN_POINT('',(-0.00548189343692858,-0.007,0.0306775760081815));
#5508=CARTESIAN_POINT('',(-0.00537743968547708,-0.007,0.030969424236711));
#5509=CARTESIAN_POINT('',(-0.00526334286711865,-0.007,0.0312692812058762));
#5510=CARTESIAN_POINT('',(-0.0051390422963419,-0.007,0.0315769157559928));
#5511=CARTESIAN_POINT('',(-0.00501675271848947,-0.007,0.0318641493009501));
#5512=CARTESIAN_POINT('',(-0.00493298081161339,-0.007,0.0320494175934085));
#5513=CARTESIAN_POINT('',(-0.00489677090133335,-0.007,0.0321289843403096));
#5514=CARTESIAN_POINT('',(-0.00613895227506058,-0.007,0.0267893092973514));
#5515=CARTESIAN_POINT('',(-0.00686034279453271,-0.007,0.0267323820605151));
#5516=CARTESIAN_POINT('',(-0.00668046534558605,-0.007,0.0260314618830065));
#5517=CARTESIAN_POINT('',(-4.94118028300889E-16,-0.007,1.85747850021E-15));
#5518=CARTESIAN_POINT('',(-0.00723027824312418,-0.007,0.025884139961123));
#5519=CARTESIAN_POINT('',(-0.00742495989152269,-0.007,0.0265810933653438));
#5520=CARTESIAN_POINT('',(-0.00807816602585297,-0.007,0.0262696985388753));
#5521=CARTESIAN_POINT('',(-0.00787208414911,-0.007,0.025696223772168));
#5522=CARTESIAN_POINT('',(-0.00791333016137209,-0.007,0.025831597727558));
#5523=CARTESIAN_POINT('',(-0.00796389370841868,-0.007,0.0259975528584141));
#5524=CARTESIAN_POINT('',(-0.00797061529169219,-0.007,0.0260160348578516));
#5525=CARTESIAN_POINT('',(-0.00798079546390599,-0.007,0.0260445576855863));
#5526=CARTESIAN_POINT('',(-0.00799413206275658,-0.007,0.0260790291985585));
#5527=CARTESIAN_POINT('',(-0.00801271999026971,-0.007,0.0261246796614558));
#5528=CARTESIAN_POINT('',(-0.0080363803080312,-0.007,0.0261794966276856));
#5529=CARTESIAN_POINT('',(-0.0080656851506043,-0.007,0.0262438665331054));
#5530=CARTESIAN_POINT('',(-0.00810096209897505,-0.007,0.026317403036154));
#5531=CARTESIAN_POINT('',(-0.00814260616119067,-0.007,0.0263999424477987));
#5532=CARTESIAN_POINT('',(-0.00819098395658969,-0.007,0.0264912395404583));
#5533=CARTESIAN_POINT('',(-0.00824646196804963,-0.007,0.0265910587308482));
#5534=CARTESIAN_POINT('',(-0.00830939779264095,-0.007,0.0266991473338266));
#5535=CARTESIAN_POINT('',(-0.00838014230333125,-0.007,0.0268152435797739));
#5536=CARTESIAN_POINT('',(-0.00845903864245465,-0.007,0.0269390745269124));
#5537=CARTESIAN_POINT('',(-0.00854642213883207,-0.007,0.0270703569086069));
#5538=CARTESIAN_POINT('',(-0.00864261996738965,-0.007,0.0272087971510167));
#5539=CARTESIAN_POINT('',(-0.00874795088942917,-0.007,0.0273540916381886));
#5540=CARTESIAN_POINT('',(-0.00886272497712928,-0.007,0.027505926916758));
#5541=CARTESIAN_POINT('',(-0.00898724334973843,-0.007,0.0276639799269916));
#5542=CARTESIAN_POINT('',(-0.00912179791366719,-0.007,0.0278279182353358));
#5543=CARTESIAN_POINT('',(-0.00926667110946943,-0.007,0.0279974002749602));
#5544=CARTESIAN_POINT('',(-0.009422135662576,-0.007,0.028172075593008));
#5545=CARTESIAN_POINT('',(-0.00958845434839715,-0.007,0.0283515851016375));
#5546=CARTESIAN_POINT('',(-0.00976587973208256,-0.007,0.0285355613452414));
#5547=CARTESIAN_POINT('',(-0.00995465403662534,-0.007,0.0287236287347023));
#5548=CARTESIAN_POINT('',(-0.0101550085480821,-0.007,0.0289154039373379));
#5549=CARTESIAN_POINT('',(-0.0103671648329143,-0.007,0.0291104956959875));
#5550=CARTESIAN_POINT('',(-0.0105913290268714,-0.007,0.0293085068680774));
#5551=CARTESIAN_POINT('',(-0.0108277127434137,-0.007,0.0295090279723077));
#5552=CARTESIAN_POINT('',(-0.0110764519711857,-0.007,0.0297116633159274));
#5553=CARTESIAN_POINT('',(-0.0113379166982416,-0.007,0.0299159323660219));
#5554=CARTESIAN_POINT('',(-0.0115874393517586,-0.007,0.0301035391238478));
#5555=CARTESIAN_POINT('',(-0.0117526220974659,-0.007,0.0302221002181943));
#5556=CARTESIAN_POINT('',(-0.0118237641730877,-0.007,0.0302729020871671));
#5557=CARTESIAN_POINT('',(-0.0126035699962801,-0.007,0.0237363781640938));
#5558=CARTESIAN_POINT('',(-0.0126701285031651,-0.007,0.0238612673409135));
#5559=CARTESIAN_POINT('',(-0.0127517226745686,-0.007,0.0240143691663121));
#5560=CARTESIAN_POINT('',(-0.0127600385445877,-0.007,0.0240321907905571));
#5561=CARTESIAN_POINT('',(-0.0127730087606915,-0.007,0.0240595579442731));
#5562=CARTESIAN_POINT('',(-0.0127879534017867,-0.007,0.0240933633843387));
#5563=CARTESIAN_POINT('',(-0.012807089504073,-0.007,0.0241387867858104));
#5564=CARTESIAN_POINT('',(-0.0128291205814839,-0.007,0.0241942786054898));
#5565=CARTESIAN_POINT('',(-0.0128539153252056,-0.007,0.0242605166550214));
#5566=CARTESIAN_POINT('',(-0.0128809689157635,-0.007,0.0243374593844044));
#5567=CARTESIAN_POINT('',(-0.0129098862946638,-0.007,0.0244252703608824));
#5568=CARTESIAN_POINT('',(-0.0129402348208004,-0.007,0.02452403542139));
#5569=CARTESIAN_POINT('',(-0.0129715887691076,-0.007,0.0246338471259174));
#5570=CARTESIAN_POINT('',(-0.0130035166048946,-0.007,0.0247547796584004));
#5571=CARTESIAN_POINT('',(-0.0130355851244334,-0.007,0.024886896024421));
#5572=CARTESIAN_POINT('',(-0.0130673586904708,-0.007,0.0250302458632682));
#5573=CARTESIAN_POINT('',(-0.0130983998899651,-0.007,0.0251848659884671));
#5574=CARTESIAN_POINT('',(-0.0131282697872536,-0.007,0.0253507801595725));
#5575=CARTESIAN_POINT('',(-0.0131565282951591,-0.007,0.0255279990859636));
#5576=CARTESIAN_POINT('',(-0.0131827345145417,-0.007,0.0257165203767807));
#5577=CARTESIAN_POINT('',(-0.0132064470842105,-0.007,0.025916328517758));
#5578=CARTESIAN_POINT('',(-0.0132272245291434,-0.007,0.0261273948518781));
#5579=CARTESIAN_POINT('',(-0.0132446256094871,-0.007,0.0263496775705498));
#5580=CARTESIAN_POINT('',(-0.0132582096716489,-0.007,0.0265831217121831));
#5581=CARTESIAN_POINT('',(-0.0132675369919061,-0.007,0.0268276591736047));
#5582=CARTESIAN_POINT('',(-0.013272169149377,-0.007,0.0270832087149928));
#5583=CARTESIAN_POINT('',(-0.0132716692849289,-0.007,0.0273496760322566));
#5584=CARTESIAN_POINT('',(-0.0132656027974836,-0.007,0.0276269536121961));
#5585=CARTESIAN_POINT('',(-0.0132535363553021,-0.007,0.0279149214653669));
#5586=CARTESIAN_POINT('',(-0.0132350433761914,-0.007,0.0282134445295487));
#5587=CARTESIAN_POINT('',(-0.0132096846798345,-0.007,0.0285223828910501));
#5588=CARTESIAN_POINT('',(-0.0131770843107113,-0.007,0.0288415529113364));
#5589=CARTESIAN_POINT('',(-0.0131366408596773,-0.007,0.029170876423387));
#5590=CARTESIAN_POINT('',(-0.0130928597099709,-0.007,0.0294799735944036));
#5591=CARTESIAN_POINT('',(-0.0130598932241437,-0.007,0.0296806107878256));
#5592=CARTESIAN_POINT('',(-0.0130455105260914,-0.007,0.0297668381779731));
#5593=CARTESIAN_POINT('',(-0.0128633560001336,-0.007,0.0242876079529965));
#5594=CARTESIAN_POINT('',(-0.0135454318806535,-0.007,0.0240459108593211));
#5595=CARTESIAN_POINT('',(-0.0131902721161131,-0.007,0.0234154296672704));
#5596=CARTESIAN_POINT('',(-9.58032176493676E-16,-0.007,1.66629929887675E-15));
#5597=CARTESIAN_POINT('',(-0.0136832208743274,-0.007,0.0231308255690187));
#5598=CARTESIAN_POINT('',(-0.0140516537209815,-0.007,0.0237536435435382));
#5599=CARTESIAN_POINT('',(-0.0146020074843851,-0.007,0.0232837970505369));
#5600=CARTESIAN_POINT('',(-0.0142545214857994,-0.007,0.0227832008772009));
#5601=CARTESIAN_POINT('',(-0.0143293994321406,-0.007,0.022903286823411));
#5602=CARTESIAN_POINT('',(-0.0144211924165997,-0.007,0.0230505003613465));
#5603=CARTESIAN_POINT('',(-0.0144324684609231,-0.007,0.0230666129281601));
#5604=CARTESIAN_POINT('',(-0.0144496840032184,-0.007,0.0230915290416565));
#5605=CARTESIAN_POINT('',(-0.0144714880525537,-0.007,0.0231213742005282));
#5606=CARTESIAN_POINT('',(-0.0145012578210114,-0.007,0.0231606582519734));
#5607=CARTESIAN_POINT('',(-0.0145382996078505,-0.007,0.0232074836345237));
#5608=CARTESIAN_POINT('',(-0.0145832660695813,-0.007,0.0232620755372329));
#5609=CARTESIAN_POINT('',(-0.0146363736325845,-0.007,0.0233239759986111));
#5610=CARTESIAN_POINT('',(-0.0146979614794953,-0.007,0.0233929246715886));
#5611=CARTESIAN_POINT('',(-0.0147683202678329,-0.007,0.0234685897964442));
#5612=CARTESIAN_POINT('',(-0.0148477430194329,-0.007,0.0235506489644508));
#5613=CARTESIAN_POINT('',(-0.0149365097468138,-0.007,0.0236387655475717));
#5614=CARTESIAN_POINT('',(-0.0150348916162738,-0.007,0.0237325958831643));
#5615=CARTESIAN_POINT('',(-0.0151431494353253,-0.007,0.0238317875179452));
#5616=CARTESIAN_POINT('',(-0.0152615337919367,-0.007,0.0239359800478706));
#5617=CARTESIAN_POINT('',(-0.0153902847303176,-0.007,0.0240448052232837));
#5618=CARTESIAN_POINT('',(-0.0155296315686509,-0.007,0.0241578872721984));
#5619=CARTESIAN_POINT('',(-0.0156797926859614,-0.007,0.0242748431693293));
#5620=CARTESIAN_POINT('',(-0.0158409753270963,-0.007,0.0243952829275403));
#5621=CARTESIAN_POINT('',(-0.0160133754118615,-0.007,0.0245188098897379));
#5622=CARTESIAN_POINT('',(-0.0161971773528815,-0.007,0.0246450210267046));
#5623=CARTESIAN_POINT('',(-0.0163925538788198,-0.007,0.02477350724044));
#5624=CARTESIAN_POINT('',(-0.0165996658724592,-0.007,0.0249038536674428));
#5625=CARTESIAN_POINT('',(-0.0168186621884913,-0.007,0.025035640004181));
#5626=CARTESIAN_POINT('',(-0.0170496795867441,-0.007,0.0251684407675024));
#5627=CARTESIAN_POINT('',(-0.0172928422585942,-0.007,0.0253018258252328));
#5628=CARTESIAN_POINT('',(-0.0175482629560042,-0.007,0.0254353599063557));
#5629=CARTESIAN_POINT('',(-0.0178160380027566,-0.007,0.0255686060487451));
#5630=CARTESIAN_POINT('',(-0.0180962658201989,-0.007,0.0257011139542438));
#5631=CARTESIAN_POINT('',(-0.0183889753504546,-0.007,0.0258324662165536));
#5632=CARTESIAN_POINT('',(-0.018694399603471,-0.007,0.0259621029165667));
#5633=CARTESIAN_POINT('',(-0.0189839761806625,-0.007,0.0260787359142224));
#5634=CARTESIAN_POINT('',(-0.0191742163300236,-0.007,0.0261505046967335));
#5635=CARTESIAN_POINT('',(-0.0192560827894195,-0.007,0.0261811626099191));
#5636=CARTESIAN_POINT('',(-0.018317540493472,-0.007,0.019665536739942));
#5637=CARTESIAN_POINT('',(-0.0184141547717196,-0.007,0.0197689438120609));
#5638=CARTESIAN_POINT('',(-0.0185325943574061,-0.007,0.0198957106937367));
#5639=CARTESIAN_POINT('',(-0.0185452394467948,-0.007,0.0199107727553239));
#5640=CARTESIAN_POINT('',(-0.0185648508540939,-0.007,0.0199338504569433));
#5641=CARTESIAN_POINT('',(-0.0185880357606094,-0.007,0.0199626360468341));
#5642=CARTESIAN_POINT('',(-0.0186182762574165,-0.007,0.0200015588957129));
#5643=CARTESIAN_POINT('',(-0.0186539189838492,-0.007,0.0200494578150709));
#5644=CARTESIAN_POINT('',(-0.0186950125358953,-0.007,0.0201070215059029));
#5645=CARTESIAN_POINT('',(-0.0187410585414556,-0.007,0.0201743404908843));
#5646=CARTESIAN_POINT('',(-0.0187917177376455,-0.007,0.0202516750125022));
#5647=CARTESIAN_POINT('',(-0.0188465944414808,-0.007,0.0203392199586266));
#5648=CARTESIAN_POINT('',(-0.0189053013904137,-0.007,0.0204371749210973));
#5649=CARTESIAN_POINT('',(-0.0189674409541569,-0.007,0.0205457232454907));
#5650=CARTESIAN_POINT('',(-0.0190326109970862,-0.007,0.0206650379119004));
#5651=CARTESIAN_POINT('',(-0.0191004035735211,-0.007,0.0207952796194161));
#5652=CARTESIAN_POINT('',(-0.0191704057029492,-0.007,0.0209365971379978));
#5653=CARTESIAN_POINT('',(-0.0192421995555032,-0.007,0.0210891270225224));
#5654=CARTESIAN_POINT('',(-0.0193153628114043,-0.007,0.0212529935203986));
#5655=CARTESIAN_POINT('',(-0.019389468975986,-0.007,0.0214283084353278));
#5656=CARTESIAN_POINT('',(-0.0194640877116883,-0.007,0.021615171014362));
#5657=CARTESIAN_POINT('',(-0.0195387851694034,-0.007,0.0218136678390916));
#5658=CARTESIAN_POINT('',(-0.0196131243233022,-0.007,0.0220238727267959));
#5659=CARTESIAN_POINT('',(-0.0196866653095925,-0.007,0.0222458466381982));
#5660=CARTESIAN_POINT('',(-0.0197589657613759,-0.007,0.022479637599558));
#5661=CARTESIAN_POINT('',(-0.019829581170187,-0.007,0.0227252806109078));
#5662=CARTESIAN_POINT('',(-0.0198980651548122,-0.007,0.022982797648954));
#5663=CARTESIAN_POINT('',(-0.0199639700963822,-0.007,0.0232521973469562));
#5664=CARTESIAN_POINT('',(-0.0200268463730255,-0.007,0.0235334759585181));
#5665=CARTESIAN_POINT('',(-0.0200862469813101,-0.007,0.0238266134311489));
#5666=CARTESIAN_POINT('',(-0.0201417114932972,-0.007,0.0241315882868307));
#5667=CARTESIAN_POINT('',(-0.0201928292346905,-0.007,0.0244483204488087));
#5668=CARTESIAN_POINT('',(-0.0202389990577512,-0.007,0.0247768900696799));
#5669=CARTESIAN_POINT('',(-0.0202767099491916,-0.007,0.0250867864053583));
#5670=CARTESIAN_POINT('',(-0.0202967954959426,-0.007,0.025289119406581));
#5671=CARTESIAN_POINT('',(-0.0203052201672219,-0.007,0.0253761311858338));
#5672=CARTESIAN_POINT('',(-0.0187111432714985,-0.007,0.0201307462638147));
#5673=CARTESIAN_POINT('',(-0.0193074221689924,-0.007,0.0197207505708111));
#5674=CARTESIAN_POINT('',(-0.0188011836398824,-0.007,0.0192036746155369));
#5675=CARTESIAN_POINT('',(-1.35665801508145E-15,-0.007,1.36156455401484E-15));
#5676=CARTESIAN_POINT('',(-0.0192036746155369,-0.007,0.0188011836398824));
#5677=CARTESIAN_POINT('',(-0.0197207505708111,-0.007,0.0193074221689924));
#5678=CARTESIAN_POINT('',(-0.0201307462638146,-0.007,0.0187111432714985));
#5679=CARTESIAN_POINT('',(-0.019665536739942,-0.007,0.0183175404934721));
#5680=CARTESIAN_POINT('',(-0.0197689438120609,-0.007,0.0184141547717196));
#5681=CARTESIAN_POINT('',(-0.0198957106937367,-0.007,0.0185325943574061));
#5682=CARTESIAN_POINT('',(-0.0199107727553239,-0.007,0.0185452394467948));
#5683=CARTESIAN_POINT('',(-0.0199338504569433,-0.007,0.0185648508540939));
#5684=CARTESIAN_POINT('',(-0.0199626360468341,-0.007,0.0185880357606094));
#5685=CARTESIAN_POINT('',(-0.0200015588957129,-0.007,0.0186182762574165));
#5686=CARTESIAN_POINT('',(-0.0200494578150709,-0.007,0.0186539189838492));
#5687=CARTESIAN_POINT('',(-0.0201070215059029,-0.007,0.0186950125358953));
#5688=CARTESIAN_POINT('',(-0.0201743404908843,-0.007,0.0187410585414556));
#5689=CARTESIAN_POINT('',(-0.0202516750125022,-0.007,0.0187917177376455));
#5690=CARTESIAN_POINT('',(-0.0203392199586266,-0.007,0.0188465944414808));
#5691=CARTESIAN_POINT('',(-0.0204371749210973,-0.007,0.0189053013904137));
#5692=CARTESIAN_POINT('',(-0.0205457232454907,-0.007,0.0189674409541569));
#5693=CARTESIAN_POINT('',(-0.0206650379119004,-0.007,0.0190326109970862));
#5694=CARTESIAN_POINT('',(-0.0207952796194161,-0.007,0.0191004035735211));
#5695=CARTESIAN_POINT('',(-0.0209365971379978,-0.007,0.0191704057029492));
#5696=CARTESIAN_POINT('',(-0.0210891270225224,-0.007,0.0192421995555032));
#5697=CARTESIAN_POINT('',(-0.0212529935203986,-0.007,0.0193153628114043));
#5698=CARTESIAN_POINT('',(-0.0214283084353278,-0.007,0.019389468975986));
#5699=CARTESIAN_POINT('',(-0.021615171014362,-0.007,0.0194640877116883));
#5700=CARTESIAN_POINT('',(-0.0218136678390916,-0.007,0.0195387851694035));
#5701=CARTESIAN_POINT('',(-0.0220238727267959,-0.007,0.0196131243233022));
#5702=CARTESIAN_POINT('',(-0.0222458466381982,-0.007,0.0196866653095925));
#5703=CARTESIAN_POINT('',(-0.022479637599558,-0.007,0.019758965761376));
#5704=CARTESIAN_POINT('',(-0.0227252806109078,-0.007,0.019829581170187));
#5705=CARTESIAN_POINT('',(-0.0229827976489539,-0.007,0.0198980651548122));
#5706=CARTESIAN_POINT('',(-0.0232521973469562,-0.007,0.0199639700963822));
#5707=CARTESIAN_POINT('',(-0.0235334759585181,-0.007,0.0200268463730255));
#5708=CARTESIAN_POINT('',(-0.0238266134311489,-0.007,0.0200862469813101));
#5709=CARTESIAN_POINT('',(-0.0241315882868307,-0.007,0.0201417114932972));
#5710=CARTESIAN_POINT('',(-0.0244483204488087,-0.007,0.0201928292346905));
#5711=CARTESIAN_POINT('',(-0.0247768900696799,-0.007,0.0202389990577512));
#5712=CARTESIAN_POINT('',(-0.0250867864053583,-0.007,0.0202767099491916));
#5713=CARTESIAN_POINT('',(-0.025289119406581,-0.007,0.0202967954959426));
#5714=CARTESIAN_POINT('',(-0.0253761311858338,-0.007,0.0203052201672219));
#5715=CARTESIAN_POINT('',(-0.0227832008772009,-0.007,0.0142545214857994));
#5716=CARTESIAN_POINT('',(-0.022903286823411,-0.007,0.0143293994321406));
#5717=CARTESIAN_POINT('',(-0.0230505003613465,-0.007,0.0144211924165997));
#5718=CARTESIAN_POINT('',(-0.0230666129281601,-0.007,0.0144324684609231));
#5719=CARTESIAN_POINT('',(-0.0230915290416565,-0.007,0.0144496840032184));
#5720=CARTESIAN_POINT('',(-0.0231213742005282,-0.007,0.0144714880525537));
#5721=CARTESIAN_POINT('',(-0.0231606582519734,-0.007,0.0145012578210114));
#5722=CARTESIAN_POINT('',(-0.0232074836345237,-0.007,0.0145382996078505));
#5723=CARTESIAN_POINT('',(-0.0232620755372329,-0.007,0.0145832660695813));
#5724=CARTESIAN_POINT('',(-0.0233239759986111,-0.007,0.0146363736325845));
#5725=CARTESIAN_POINT('',(-0.0233929246715886,-0.007,0.0146979614794953));
#5726=CARTESIAN_POINT('',(-0.0234685897964442,-0.007,0.0147683202678329));
#5727=CARTESIAN_POINT('',(-0.0235506489644508,-0.007,0.0148477430194329));
#5728=CARTESIAN_POINT('',(-0.0236387655475717,-0.007,0.0149365097468138));
#5729=CARTESIAN_POINT('',(-0.0237325958831643,-0.007,0.0150348916162738));
#5730=CARTESIAN_POINT('',(-0.0238317875179452,-0.007,0.0151431494353253));
#5731=CARTESIAN_POINT('',(-0.0239359800478706,-0.007,0.0152615337919367));
#5732=CARTESIAN_POINT('',(-0.0240448052232837,-0.007,0.0153902847303176));
#5733=CARTESIAN_POINT('',(-0.0241578872721984,-0.007,0.0155296315686509));
#5734=CARTESIAN_POINT('',(-0.0242748431693293,-0.007,0.0156797926859614));
#5735=CARTESIAN_POINT('',(-0.0243952829275403,-0.007,0.0158409753270963));
#5736=CARTESIAN_POINT('',(-0.0245188098897379,-0.007,0.0160133754118615));
#5737=CARTESIAN_POINT('',(-0.0246450210267046,-0.007,0.0161971773528816));
#5738=CARTESIAN_POINT('',(-0.02477350724044,-0.007,0.0163925538788198));
#5739=CARTESIAN_POINT('',(-0.0249038536674428,-0.007,0.0165996658724592));
#5740=CARTESIAN_POINT('',(-0.025035640004181,-0.007,0.0168186621884913));
#5741=CARTESIAN_POINT('',(-0.0251684407675024,-0.007,0.0170496795867441));
#5742=CARTESIAN_POINT('',(-0.0253018258252328,-0.007,0.0172928422585942));
#5743=CARTESIAN_POINT('',(-0.0254353599063557,-0.007,0.0175482629560042));
#5744=CARTESIAN_POINT('',(-0.0255686060487451,-0.007,0.0178160380027566));
#5745=CARTESIAN_POINT('',(-0.0257011139542438,-0.007,0.0180962658201989));
#5746=CARTESIAN_POINT('',(-0.0258324662165536,-0.007,0.0183889753504546));
#5747=CARTESIAN_POINT('',(-0.0259621029165667,-0.007,0.018694399603471));
#5748=CARTESIAN_POINT('',(-0.0260787359142224,-0.007,0.0189839761806625));
#5749=CARTESIAN_POINT('',(-0.0261505046967335,-0.007,0.0191742163300236));
#5750=CARTESIAN_POINT('',(-0.0261811626099191,-0.007,0.0192560827894195));
#5751=CARTESIAN_POINT('',(-0.0232837970505369,-0.007,0.0146020074843851));
#5752=CARTESIAN_POINT('',(-0.0237536435435381,-0.007,0.0140516537209814));
#5753=CARTESIAN_POINT('',(-0.0231308255690187,-0.007,0.0136832208743274));
#5754=CARTESIAN_POINT('',(-1.6628298519248E-15,-0.007,9.64041434888625E-16));
#5755=CARTESIAN_POINT('',(-0.0234154296672704,-0.007,0.0131902721161131));
#5756=CARTESIAN_POINT('',(-0.0240459108593212,-0.007,0.0135454318806535));
#5757=CARTESIAN_POINT('',(-0.0242876079529965,-0.007,0.0128633560001336));
#5758=CARTESIAN_POINT('',(-0.0237363781640938,-0.007,0.0126035699962801));
#5759=CARTESIAN_POINT('',(-0.0238612673409135,-0.007,0.0126701285031651));
#5760=CARTESIAN_POINT('',(-0.0240143691663121,-0.007,0.0127517226745686));
#5761=CARTESIAN_POINT('',(-0.0240321907905571,-0.007,0.0127600385445877));
#5762=CARTESIAN_POINT('',(-0.0240595579442731,-0.007,0.0127730087606915));
#5763=CARTESIAN_POINT('',(-0.0240933633843387,-0.007,0.0127879534017867));
#5764=CARTESIAN_POINT('',(-0.0241387867858104,-0.007,0.012807089504073));
#5765=CARTESIAN_POINT('',(-0.0241942786054898,-0.007,0.0128291205814839));
#5766=CARTESIAN_POINT('',(-0.0242605166550214,-0.007,0.0128539153252056));
#5767=CARTESIAN_POINT('',(-0.0243374593844044,-0.007,0.0128809689157635));
#5768=CARTESIAN_POINT('',(-0.0244252703608824,-0.007,0.0129098862946638));
#5769=CARTESIAN_POINT('',(-0.02452403542139,-0.007,0.0129402348208004));
#5770=CARTESIAN_POINT('',(-0.0246338471259174,-0.007,0.0129715887691076));
#5771=CARTESIAN_POINT('',(-0.0247547796584004,-0.007,0.0130035166048946));
#5772=CARTESIAN_POINT('',(-0.024886896024421,-0.007,0.0130355851244334));
#5773=CARTESIAN_POINT('',(-0.0250302458632682,-0.007,0.0130673586904708));
#5774=CARTESIAN_POINT('',(-0.0251848659884671,-0.007,0.0130983998899651));
#5775=CARTESIAN_POINT('',(-0.0253507801595725,-0.007,0.0131282697872536));
#5776=CARTESIAN_POINT('',(-0.0255279990859636,-0.007,0.0131565282951591));
#5777=CARTESIAN_POINT('',(-0.0257165203767807,-0.007,0.0131827345145417));
#5778=CARTESIAN_POINT('',(-0.025916328517758,-0.007,0.0132064470842105));
#5779=CARTESIAN_POINT('',(-0.0261273948518781,-0.007,0.0132272245291434));
#5780=CARTESIAN_POINT('',(-0.0263496775705498,-0.007,0.0132446256094871));
#5781=CARTESIAN_POINT('',(-0.0265831217121831,-0.007,0.0132582096716489));
#5782=CARTESIAN_POINT('',(-0.0268276591736047,-0.007,0.0132675369919061));
#5783=CARTESIAN_POINT('',(-0.0270832087149928,-0.007,0.013272169149377));
#5784=CARTESIAN_POINT('',(-0.0273496760322566,-0.007,0.0132716692849289));
#5785=CARTESIAN_POINT('',(-0.0276269536121961,-0.007,0.0132656027974836));
#5786=CARTESIAN_POINT('',(-0.0279149214653669,-0.007,0.0132535363553021));
#5787=CARTESIAN_POINT('',(-0.0282134445295487,-0.007,0.0132350433761914));
#5788=CARTESIAN_POINT('',(-0.0285223828910501,-0.007,0.0132096846798345));
#5789=CARTESIAN_POINT('',(-0.0288415529113364,-0.007,0.0131770843107113));
#5790=CARTESIAN_POINT('',(-0.029170876423387,-0.007,0.0131366408596773));
#5791=CARTESIAN_POINT('',(-0.0294799735944036,-0.007,0.0130928597099709));
#5792=CARTESIAN_POINT('',(-0.0296806107878256,-0.007,0.0130598932241437));
#5793=CARTESIAN_POINT('',(-0.0297668381779731,-0.007,0.0130455105260914));
#5794=CARTESIAN_POINT('',(-0.025696223772168,-0.007,0.00787208414911));
#5795=CARTESIAN_POINT('',(-0.025831597727558,-0.007,0.0079133301613721));
#5796=CARTESIAN_POINT('',(-0.0259975528584141,-0.007,0.00796389370841868));
#5797=CARTESIAN_POINT('',(-0.0260160348578516,-0.007,0.00797061529169219));
#5798=CARTESIAN_POINT('',(-0.0260445576855863,-0.007,0.00798079546390599));
#5799=CARTESIAN_POINT('',(-0.0260790291985585,-0.007,0.00799413206275659));
#5800=CARTESIAN_POINT('',(-0.0261246796614558,-0.007,0.00801271999026971));
#5801=CARTESIAN_POINT('',(-0.0261794966276856,-0.007,0.00803638030803121));
#5802=CARTESIAN_POINT('',(-0.0262438665331054,-0.007,0.00806568515060431));
#5803=CARTESIAN_POINT('',(-0.026317403036154,-0.007,0.00810096209897505));
#5804=CARTESIAN_POINT('',(-0.0263999424477987,-0.007,0.00814260616119067));
#5805=CARTESIAN_POINT('',(-0.0264912395404583,-0.007,0.00819098395658969));
#5806=CARTESIAN_POINT('',(-0.0265910587308482,-0.007,0.00824646196804964));
#5807=CARTESIAN_POINT('',(-0.0266991473338266,-0.007,0.00830939779264096));
#5808=CARTESIAN_POINT('',(-0.0268152435797739,-0.007,0.00838014230333126));
#5809=CARTESIAN_POINT('',(-0.0269390745269124,-0.007,0.00845903864245465));
#5810=CARTESIAN_POINT('',(-0.0270703569086069,-0.007,0.00854642213883208));
#5811=CARTESIAN_POINT('',(-0.0272087971510167,-0.007,0.00864261996738965));
#5812=CARTESIAN_POINT('',(-0.0273540916381886,-0.007,0.00874795088942917));
#5813=CARTESIAN_POINT('',(-0.027505926916758,-0.007,0.00886272497712928));
#5814=CARTESIAN_POINT('',(-0.0276639799269916,-0.007,0.00898724334973844));
#5815=CARTESIAN_POINT('',(-0.0278279182353358,-0.007,0.0091217979136672));
#5816=CARTESIAN_POINT('',(-0.0279974002749602,-0.007,0.00926667110946943));
#5817=CARTESIAN_POINT('',(-0.028172075593008,-0.007,0.009422135662576));
#5818=CARTESIAN_POINT('',(-0.0283515851016375,-0.007,0.00958845434839715));
#5819=CARTESIAN_POINT('',(-0.0285355613452414,-0.007,0.00976587973208257));
#5820=CARTESIAN_POINT('',(-0.0287236287347023,-0.007,0.00995465403662534));
#5821=CARTESIAN_POINT('',(-0.0289154039373379,-0.007,0.0101550085480821));
#5822=CARTESIAN_POINT('',(-0.0291104956959875,-0.007,0.0103671648329143));
#5823=CARTESIAN_POINT('',(-0.0293085068680774,-0.007,0.0105913290268714));
#5824=CARTESIAN_POINT('',(-0.0295090279723077,-0.007,0.0108277127434137));
#5825=CARTESIAN_POINT('',(-0.0297116633159274,-0.007,0.0110764519711857));
#5826=CARTESIAN_POINT('',(-0.0299159323660219,-0.007,0.0113379166982416));
#5827=CARTESIAN_POINT('',(-0.0301035391238478,-0.007,0.0115874393517586));
#5828=CARTESIAN_POINT('',(-0.0302221002181943,-0.007,0.0117526220974659));
#5829=CARTESIAN_POINT('',(-0.0302729020871671,-0.007,0.0118237641730877));
#5830=CARTESIAN_POINT('',(-0.0262696985388753,-0.007,0.00807816602585298));
#5831=CARTESIAN_POINT('',(-0.0265810933653438,-0.007,0.00742495989152268));
#5832=CARTESIAN_POINT('',(-0.025884139961123,-0.007,0.00723027824312418));
#5833=CARTESIAN_POINT('',(-1.85568258231572E-15,-0.007,5.00820485128553E-16));
#5834=CARTESIAN_POINT('',(-0.0260314618830065,-0.007,0.00668046534558606));
#5835=CARTESIAN_POINT('',(-0.0267323820605151,-0.007,0.00686034279453272));
#5836=CARTESIAN_POINT('',(-0.0267893092973514,-0.007,0.00613895227506058));
#5837=CARTESIAN_POINT('',(-0.026189624642582,-0.007,0.00603068703222594));
#5838=CARTESIAN_POINT('',(-0.0263274849330917,-0.007,0.0060626539154972));
#5839=CARTESIAN_POINT('',(-0.0264964880658247,-0.007,0.00610184216467746));
#5840=CARTESIAN_POINT('',(-0.026515854738487,-0.007,0.00610526210252763));
#5841=CARTESIAN_POINT('',(-0.0265456463179999,-0.007,0.00611070722864295));
#5842=CARTESIAN_POINT('',(-0.026582167823366,-0.007,0.00611639315172433));
#5843=CARTESIAN_POINT('',(-0.0266309962476863,-0.007,0.00612312076574295));
#5844=CARTESIAN_POINT('',(-0.0266902992918804,-0.007,0.00613003881261478));
#5845=CARTESIAN_POINT('',(-0.0267606976864997,-0.007,0.00613684502720247));
#5846=CARTESIAN_POINT('',(-0.0268420206404306,-0.007,0.00614306254526974));
#5847=CARTESIAN_POINT('',(-0.0269343238988362,-0.007,0.00614826743529656));
#5848=CARTESIAN_POINT('',(-0.0270375783980705,-0.007,0.0061520195818317));
#5849=CARTESIAN_POINT('',(-0.0271517633584633,-0.007,0.00615388380975089));
#5850=CARTESIAN_POINT('',(-0.0272768387467979,-0.007,0.0061534240883359));
#5851=CARTESIAN_POINT('',(-0.0274127533004174,-0.007,0.00615020566787346));
#5852=CARTESIAN_POINT('',(-0.0275594422159757,-0.007,0.00614379490749626));
#5853=CARTESIAN_POINT('',(-0.0277168278417812,-0.007,0.00613375977060918));
#5854=CARTESIAN_POINT('',(-0.0278848195228929,-0.007,0.00611967012849426));
#5855=CARTESIAN_POINT('',(-0.0280633137008334,-0.007,0.00610109811778998));
#5856=CARTESIAN_POINT('',(-0.0282521939531152,-0.007,0.0060776184814302));
#5857=CARTESIAN_POINT('',(-0.0284513310614267,-0.007,0.00604880891262955));
#5858=CARTESIAN_POINT('',(-0.0286605830830707,-0.007,0.00601425039624425));
#5859=CARTESIAN_POINT('',(-0.0288797954327716,-0.007,0.00597352754816422));
#5860=CARTESIAN_POINT('',(-0.0291088009721684,-0.007,0.00592622895480987));
#5861=CARTESIAN_POINT('',(-0.0293474201097731,-0.007,0.00587194750207947));
#5862=CARTESIAN_POINT('',(-0.0295954609022695,-0.007,0.00581028073433363));
#5863=CARTESIAN_POINT('',(-0.0298527191914375,-0.007,0.00574083108574828));
#5864=CARTESIAN_POINT('',(-0.0301189786444643,-0.007,0.00566320659038177));
#5865=CARTESIAN_POINT('',(-0.0303940112059398,-0.007,0.00557701973746929));
#5866=CARTESIAN_POINT('',(-0.0306775760081815,-0.007,0.00548189343692859));
#5867=CARTESIAN_POINT('',(-0.030969424236711,-0.007,0.00537743968547708));
#5868=CARTESIAN_POINT('',(-0.0312692812058762,-0.007,0.00526334286711866));
#5869=CARTESIAN_POINT('',(-0.0315769157559928,-0.007,0.00513904229634191));
#5870=CARTESIAN_POINT('',(-0.0318641493009501,-0.007,0.00501675271848948));
#5871=CARTESIAN_POINT('',(-0.0320494175934085,-0.007,0.00493298081161339));
#5872=CARTESIAN_POINT('',(-0.0321289843403096,-0.007,0.00489677090133336));
#5873=CARTESIAN_POINT('',(-0.0268580914820795,-0.007,0.000953177286892939));
#5874=CARTESIAN_POINT('',(-0.0269995279353057,-0.007,0.000957980517502522));
#5875=CARTESIAN_POINT('',(-0.0271729150911683,-0.007,0.000963868804965562));
#5876=CARTESIAN_POINT('',(-0.0271925070055108,-0.007,0.000965577862397029));
#5877=CARTESIAN_POINT('',(-0.0272226927639099,-0.007,0.000968028902616483));
#5878=CARTESIAN_POINT('',(-0.0272594414543404,-0.007,0.000971989183810436));
#5879=CARTESIAN_POINT('',(-0.0273083473250844,-0.007,0.000978128533836962));
#5880=CARTESIAN_POINT('',(-0.0273674201893345,-0.007,0.000986794970965984));
#5881=CARTESIAN_POINT('',(-0.0274371813947868,-0.007,0.000998441117788587));
#5882=CARTESIAN_POINT('',(-0.027517342548348,-0.007,0.00101348338579332));
#5883=CARTESIAN_POINT('',(-0.0276078477741591,-0.007,0.00103234568929378));
#5884=CARTESIAN_POINT('',(-0.0277085550886334,-0.007,0.00105544562494585));
#5885=CARTESIAN_POINT('',(-0.0278193317885405,-0.007,0.00108319816146655));
#5886=CARTESIAN_POINT('',(-0.0279400263517083,-0.007,0.00111601411082876));
#5887=CARTESIAN_POINT('',(-0.0280704767407072,-0.007,0.00115430014125664));
#5888=CARTESIAN_POINT('',(-0.0282105081257961,-0.007,0.00119845834532305));
#5889=CARTESIAN_POINT('',(-0.0283599336819018,-0.007,0.00124888594059647));
#5890=CARTESIAN_POINT('',(-0.0285185545175712,-0.007,0.00130597493628893));
#5891=CARTESIAN_POINT('',(-0.0286861598638101,-0.007,0.00137011181376524));
#5892=CARTESIAN_POINT('',(-0.0288625272005031,-0.007,0.00144167720745133));
#5893=CARTESIAN_POINT('',(-0.0290474224113068,-0.007,0.00152104559021777));
#5894=CARTESIAN_POINT('',(-0.0292405999410049,-0.007,0.00160858496214024));
#5895=CARTESIAN_POINT('',(-0.0294418029623686,-0.007,0.00170465654384506));
#5896=CARTESIAN_POINT('',(-0.0296507635504686,-0.007,0.00180961447174306));
#5897=CARTESIAN_POINT('',(-0.0298672028643653,-0.007,0.00192380550616185));
#5898=CARTESIAN_POINT('',(-0.0300908313378683,-0.007,0.00204756871081174));
#5899=CARTESIAN_POINT('',(-0.030321348871673,-0.007,0.00218123526475417));
#5900=CARTESIAN_POINT('',(-0.0305584450560779,-0.007,0.00232512778696326));
#5901=CARTESIAN_POINT('',(-0.0308017993113063,-0.007,0.0024795615590112));
#5902=CARTESIAN_POINT('',(-0.031051081378948,-0.007,0.00264483848080367));
#5903=CARTESIAN_POINT('',(-0.0313059505000333,-0.007,0.00282126893680632));
#5904=CARTESIAN_POINT('',(-0.031566059661166,-0.007,0.00300908669478282));
#5905=CARTESIAN_POINT('',(-0.0318310404631484,-0.007,0.00320877350682029));
#5906=CARTESIAN_POINT('',(-0.0320768358906335,-0.007,0.00340123768018121));
#5907=CARTESIAN_POINT('',(-0.0322341095541673,-0.007,0.00353010609109214));
#5908=CARTESIAN_POINT('',(-0.0323015933155109,-0.007,0.00358567556805408));
#5909=CARTESIAN_POINT('',(-0.0274653634845187,-0.007,0.00100381090245953));
#5910=CARTESIAN_POINT('',(-0.027597085601635,-0.007,0.000292267315783002));
#5911=CARTESIAN_POINT('',(-0.0268734929904406,-0.007,0.000284604098251739));
#5912=CARTESIAN_POINT('',(-1.9220736113823E-15,-0.007,3.46944695195385E-18));
#5913=CARTESIAN_POINT('',(-0.0268734929904406,-0.007,-0.000284604098251735));
#5914=CARTESIAN_POINT('',(-0.0275970856016351,-0.007,-0.000292267315782999));
#5915=CARTESIAN_POINT('',(-0.0274653634845187,-0.007,-0.00100381090245952));
#5916=CARTESIAN_POINT('',(-0.0268580914820795,-0.007,-0.000953177286892933));
#5917=CARTESIAN_POINT('',(-0.0269995279353057,-0.007,-0.000957980517502516));
#5918=CARTESIAN_POINT('',(-0.0271729150911683,-0.007,-0.000963868804965555));
#5919=CARTESIAN_POINT('',(-0.0271925070055108,-0.007,-0.000965577862397022));
#5920=CARTESIAN_POINT('',(-0.0272226927639099,-0.007,-0.000968028902616476));
#5921=CARTESIAN_POINT('',(-0.0272594414543404,-0.007,-0.000971989183810429));
#5922=CARTESIAN_POINT('',(-0.0273083473250844,-0.007,-0.000978128533836956));
#5923=CARTESIAN_POINT('',(-0.0273674201893345,-0.007,-0.000986794970965977));
#5924=CARTESIAN_POINT('',(-0.0274371813947868,-0.007,-0.00099844111778858));
#5925=CARTESIAN_POINT('',(-0.027517342548348,-0.007,-0.00101348338579332));
#5926=CARTESIAN_POINT('',(-0.0276078477741591,-0.007,-0.00103234568929378));
#5927=CARTESIAN_POINT('',(-0.0277085550886334,-0.007,-0.00105544562494584));
#5928=CARTESIAN_POINT('',(-0.0278193317885405,-0.007,-0.00108319816146654));
#5929=CARTESIAN_POINT('',(-0.0279400263517083,-0.007,-0.00111601411082875));
#5930=CARTESIAN_POINT('',(-0.0280704767407072,-0.007,-0.00115430014125663));
#5931=CARTESIAN_POINT('',(-0.0282105081257961,-0.007,-0.00119845834532305));
#5932=CARTESIAN_POINT('',(-0.0283599336819018,-0.007,-0.00124888594059647));
#5933=CARTESIAN_POINT('',(-0.0285185545175712,-0.007,-0.00130597493628893));
#5934=CARTESIAN_POINT('',(-0.0286861598638101,-0.007,-0.00137011181376523));
#5935=CARTESIAN_POINT('',(-0.0288625272005031,-0.007,-0.00144167720745133));
#5936=CARTESIAN_POINT('',(-0.0290474224113068,-0.007,-0.00152104559021777));
#5937=CARTESIAN_POINT('',(-0.0292405999410049,-0.007,-0.00160858496214023));
#5938=CARTESIAN_POINT('',(-0.0294418029623686,-0.007,-0.00170465654384505));
#5939=CARTESIAN_POINT('',(-0.0296507635504686,-0.007,-0.00180961447174305));
#5940=CARTESIAN_POINT('',(-0.0298672028643653,-0.007,-0.00192380550616184));
#5941=CARTESIAN_POINT('',(-0.0300908313378683,-0.007,-0.00204756871081173));
#5942=CARTESIAN_POINT('',(-0.030321348871673,-0.007,-0.00218123526475417));
#5943=CARTESIAN_POINT('',(-0.0305584450560779,-0.007,-0.00232512778696326));
#5944=CARTESIAN_POINT('',(-0.0308017993113063,-0.007,-0.00247956155901119));
#5945=CARTESIAN_POINT('',(-0.031051081378948,-0.007,-0.00264483848080367));
#5946=CARTESIAN_POINT('',(-0.0313059505000333,-0.007,-0.00282126893680631));
#5947=CARTESIAN_POINT('',(-0.031566059661166,-0.007,-0.00300908669478281));
#5948=CARTESIAN_POINT('',(-0.0318310404631484,-0.007,-0.00320877350682028));
#5949=CARTESIAN_POINT('',(-0.0320768358906335,-0.007,-0.0034012376801812));
#5950=CARTESIAN_POINT('',(-0.0322341095541673,-0.007,-0.00353010609109213));
#5951=CARTESIAN_POINT('',(-0.0323015933155109,-0.007,-0.00358567556805407));
#5952=CARTESIAN_POINT('',(-0.026189624642582,-0.007,-0.00603068703222593));
#5953=CARTESIAN_POINT('',(-0.0263274849330917,-0.007,-0.00606265391549719));
#5954=CARTESIAN_POINT('',(-0.0264964880658247,-0.007,-0.00610184216467745));
#5955=CARTESIAN_POINT('',(-0.026515854738487,-0.007,-0.00610526210252763));
#5956=CARTESIAN_POINT('',(-0.0265456463179999,-0.007,-0.00611070722864294));
#5957=CARTESIAN_POINT('',(-0.026582167823366,-0.007,-0.00611639315172432));
#5958=CARTESIAN_POINT('',(-0.0266309962476863,-0.007,-0.00612312076574294));
#5959=CARTESIAN_POINT('',(-0.0266902992918804,-0.007,-0.00613003881261478));
#5960=CARTESIAN_POINT('',(-0.0267606976864997,-0.007,-0.00613684502720246));
#5961=CARTESIAN_POINT('',(-0.0268420206404306,-0.007,-0.00614306254526973));
#5962=CARTESIAN_POINT('',(-0.0269343238988362,-0.007,-0.00614826743529656));
#5963=CARTESIAN_POINT('',(-0.0270375783980705,-0.007,-0.00615201958183169));
#5964=CARTESIAN_POINT('',(-0.0271517633584633,-0.007,-0.00615388380975089));
#5965=CARTESIAN_POINT('',(-0.0272768387467979,-0.007,-0.0061534240883359));
#5966=CARTESIAN_POINT('',(-0.0274127533004174,-0.007,-0.00615020566787345));
#5967=CARTESIAN_POINT('',(-0.0275594422159757,-0.007,-0.00614379490749625));
#5968=CARTESIAN_POINT('',(-0.0277168278417812,-0.007,-0.00613375977060918));
#5969=CARTESIAN_POINT('',(-0.0278848195228929,-0.007,-0.00611967012849425));
#5970=CARTESIAN_POINT('',(-0.0280633137008334,-0.007,-0.00610109811778997));
#5971=CARTESIAN_POINT('',(-0.0282521939531152,-0.007,-0.00607761848143019));
#5972=CARTESIAN_POINT('',(-0.0284513310614267,-0.007,-0.00604880891262954));
#5973=CARTESIAN_POINT('',(-0.0286605830830707,-0.007,-0.00601425039624425));
#5974=CARTESIAN_POINT('',(-0.0288797954327716,-0.007,-0.00597352754816422));
#5975=CARTESIAN_POINT('',(-0.0291088009721685,-0.007,-0.00592622895480986));
#5976=CARTESIAN_POINT('',(-0.0293474201097731,-0.007,-0.00587194750207946));
#5977=CARTESIAN_POINT('',(-0.0295954609022695,-0.007,-0.00581028073433362));
#5978=CARTESIAN_POINT('',(-0.0298527191914375,-0.007,-0.00574083108574828));
#5979=CARTESIAN_POINT('',(-0.0301189786444643,-0.007,-0.00566320659038176));
#5980=CARTESIAN_POINT('',(-0.0303940112059398,-0.007,-0.00557701973746929));
#5981=CARTESIAN_POINT('',(-0.0306775760081815,-0.007,-0.00548189343692858));
#5982=CARTESIAN_POINT('',(-0.030969424236711,-0.007,-0.00537743968547708));
#5983=CARTESIAN_POINT('',(-0.0312692812058762,-0.007,-0.00526334286711865));
#5984=CARTESIAN_POINT('',(-0.0315769157559928,-0.007,-0.0051390422963419));
#5985=CARTESIAN_POINT('',(-0.0318641493009501,-0.007,-0.00501675271848947));
#5986=CARTESIAN_POINT('',(-0.0320494175934085,-0.007,-0.00493298081161338));
#5987=CARTESIAN_POINT('',(-0.0321289843403096,-0.007,-0.00489677090133335));
#5988=CARTESIAN_POINT('',(-0.0267893092973514,-0.007,-0.00613895227506058));
#5989=CARTESIAN_POINT('',(-0.0267323820605151,-0.007,-0.00686034279453271));
#5990=CARTESIAN_POINT('',(-0.0260314618830065,-0.007,-0.00668046534558605));
#5991=CARTESIAN_POINT('',(-1.85747850021E-15,-0.007,-4.94118028300889E-16));
#5992=CARTESIAN_POINT('',(0.,-0.007,1.99005104861445E-18));
#5993=CARTESIAN_POINT('',(0.0321289843403096,-0.007,-0.00489677090133335));
#5994=CARTESIAN_POINT('',(0.0321289843403096,0.,-0.00489677090133335));
#5995=CARTESIAN_POINT('',(0.,0.,1.99005104861445E-18));
#5996=CARTESIAN_POINT('',(0.0323015933155109,0.,-0.00358567556805408));
#5997=CARTESIAN_POINT('',(0.0323015933155109,-0.007,-0.00358567556805408));
#5998=CARTESIAN_POINT('',(0.,0.,0.));
#5999=CARTESIAN_POINT('',(0.,0.,1.30118722409406E-19));
#6000=CARTESIAN_POINT('',(0.,0.,-0.002125));
#6001=CARTESIAN_POINT('',(-0.0267323820605151,0.,-0.00686034279453271));
#6002=CARTESIAN_POINT('',(-0.0267893092973514,0.,-0.00613895227506058));
#6003=CARTESIAN_POINT('',(-0.0260314618830065,0.,-0.00668046534558605));
#6004=CARTESIAN_POINT('',(-0.026189624642582,0.,-0.00603068703222593));
#6005=CARTESIAN_POINT('',(-0.0263274849330917,0.,-0.00606265391549719));
#6006=CARTESIAN_POINT('',(-0.0264964880658247,0.,-0.00610184216467745));
#6007=CARTESIAN_POINT('',(-0.026515854738487,0.,-0.00610526210252763));
#6008=CARTESIAN_POINT('',(-0.0265456463179999,0.,-0.00611070722864294));
#6009=CARTESIAN_POINT('',(-0.026582167823366,0.,-0.00611639315172432));
#6010=CARTESIAN_POINT('',(-0.0266309962476863,0.,-0.00612312076574294));
#6011=CARTESIAN_POINT('',(-0.0266902992918804,0.,-0.00613003881261478));
#6012=CARTESIAN_POINT('',(-0.0267606976864997,0.,-0.00613684502720246));
#6013=CARTESIAN_POINT('',(-0.0268420206404306,0.,-0.00614306254526973));
#6014=CARTESIAN_POINT('',(-0.0269343238988362,0.,-0.00614826743529656));
#6015=CARTESIAN_POINT('',(-0.0270375783980705,0.,-0.00615201958183169));
#6016=CARTESIAN_POINT('',(-0.0271517633584633,0.,-0.00615388380975089));
#6017=CARTESIAN_POINT('',(-0.0272768387467979,0.,-0.0061534240883359));
#6018=CARTESIAN_POINT('',(-0.0274127533004174,0.,-0.00615020566787345));
#6019=CARTESIAN_POINT('',(-0.0275594422159757,0.,-0.00614379490749625));
#6020=CARTESIAN_POINT('',(-0.0277168278417812,0.,-0.00613375977060918));
#6021=CARTESIAN_POINT('',(-0.0278848195228929,0.,-0.00611967012849425));
#6022=CARTESIAN_POINT('',(-0.0280633137008334,0.,-0.00610109811778997));
#6023=CARTESIAN_POINT('',(-0.0282521939531152,0.,-0.00607761848143019));
#6024=CARTESIAN_POINT('',(-0.0284513310614267,0.,-0.00604880891262954));
#6025=CARTESIAN_POINT('',(-0.0286605830830707,0.,-0.00601425039624425));
#6026=CARTESIAN_POINT('',(-0.0288797954327716,0.,-0.00597352754816422));
#6027=CARTESIAN_POINT('',(-0.0291088009721685,0.,-0.00592622895480986));
#6028=CARTESIAN_POINT('',(-0.0293474201097731,0.,-0.00587194750207946));
#6029=CARTESIAN_POINT('',(-0.0295954609022695,0.,-0.00581028073433362));
#6030=CARTESIAN_POINT('',(-0.0298527191914375,0.,-0.00574083108574828));
#6031=CARTESIAN_POINT('',(-0.0301189786444643,0.,-0.00566320659038176));
#6032=CARTESIAN_POINT('',(-0.0303940112059398,0.,-0.00557701973746929));
#6033=CARTESIAN_POINT('',(-0.0306775760081815,0.,-0.00548189343692858));
#6034=CARTESIAN_POINT('',(-0.030969424236711,0.,-0.00537743968547708));
#6035=CARTESIAN_POINT('',(-0.0312692812058762,0.,-0.00526334286711865));
#6036=CARTESIAN_POINT('',(-0.0315769157559928,0.,-0.0051390422963419));
#6037=CARTESIAN_POINT('',(-0.0318641493009501,0.,-0.00501675271848947));
#6038=CARTESIAN_POINT('',(-0.0320494175934085,0.,-0.00493298081161338));
#6039=CARTESIAN_POINT('',(-0.0321289843403096,0.,-0.00489677090133335));
#6040=CARTESIAN_POINT('',(-0.0268580914820795,0.,-0.000953177286892933));
#6041=CARTESIAN_POINT('',(-0.0269995279353057,0.,-0.000957980517502516));
#6042=CARTESIAN_POINT('',(-0.0271729150911683,0.,-0.000963868804965555));
#6043=CARTESIAN_POINT('',(-0.0271925070055108,0.,-0.000965577862397022));
#6044=CARTESIAN_POINT('',(-0.0272226927639099,0.,-0.000968028902616476));
#6045=CARTESIAN_POINT('',(-0.0272594414543404,0.,-0.000971989183810429));
#6046=CARTESIAN_POINT('',(-0.0273083473250844,0.,-0.000978128533836956));
#6047=CARTESIAN_POINT('',(-0.0273674201893345,0.,-0.000986794970965977));
#6048=CARTESIAN_POINT('',(-0.0274371813947868,0.,-0.00099844111778858));
#6049=CARTESIAN_POINT('',(-0.027517342548348,0.,-0.00101348338579332));
#6050=CARTESIAN_POINT('',(-0.0276078477741591,0.,-0.00103234568929378));
#6051=CARTESIAN_POINT('',(-0.0277085550886334,0.,-0.00105544562494584));
#6052=CARTESIAN_POINT('',(-0.0278193317885405,0.,-0.00108319816146654));
#6053=CARTESIAN_POINT('',(-0.0279400263517083,0.,-0.00111601411082875));
#6054=CARTESIAN_POINT('',(-0.0280704767407072,0.,-0.00115430014125663));
#6055=CARTESIAN_POINT('',(-0.0282105081257961,0.,-0.00119845834532305));
#6056=CARTESIAN_POINT('',(-0.0283599336819018,0.,-0.00124888594059647));
#6057=CARTESIAN_POINT('',(-0.0285185545175712,0.,-0.00130597493628893));
#6058=CARTESIAN_POINT('',(-0.0286861598638101,0.,-0.00137011181376523));
#6059=CARTESIAN_POINT('',(-0.0288625272005031,0.,-0.00144167720745133));
#6060=CARTESIAN_POINT('',(-0.0290474224113068,0.,-0.00152104559021777));
#6061=CARTESIAN_POINT('',(-0.0292405999410049,0.,-0.00160858496214023));
#6062=CARTESIAN_POINT('',(-0.0294418029623686,0.,-0.00170465654384505));
#6063=CARTESIAN_POINT('',(-0.0296507635504686,0.,-0.00180961447174305));
#6064=CARTESIAN_POINT('',(-0.0298672028643653,0.,-0.00192380550616184));
#6065=CARTESIAN_POINT('',(-0.0300908313378683,0.,-0.00204756871081173));
#6066=CARTESIAN_POINT('',(-0.030321348871673,0.,-0.00218123526475417));
#6067=CARTESIAN_POINT('',(-0.0305584450560779,0.,-0.00232512778696326));
#6068=CARTESIAN_POINT('',(-0.0308017993113063,0.,-0.00247956155901119));
#6069=CARTESIAN_POINT('',(-0.031051081378948,0.,-0.00264483848080367));
#6070=CARTESIAN_POINT('',(-0.0313059505000333,0.,-0.00282126893680631));
#6071=CARTESIAN_POINT('',(-0.031566059661166,0.,-0.00300908669478281));
#6072=CARTESIAN_POINT('',(-0.0318310404631484,0.,-0.00320877350682028));
#6073=CARTESIAN_POINT('',(-0.0320768358906335,0.,-0.0034012376801812));
#6074=CARTESIAN_POINT('',(-0.0322341095541673,0.,-0.00353010609109213));
#6075=CARTESIAN_POINT('',(-0.0323015933155109,0.,-0.00358567556805407));
#6076=CARTESIAN_POINT('',(-0.0274653634845187,0.,-0.00100381090245952));
#6077=CARTESIAN_POINT('',(-0.0275970856016351,0.,-0.000292267315782999));
#6078=CARTESIAN_POINT('',(-0.0268734929904406,0.,-0.000284604098251736));
#6079=CARTESIAN_POINT('',(-1.9220736113823E-15,0.,3.46944695195385E-18));
#6080=CARTESIAN_POINT('',(-0.0268734929904406,0.,0.000284604098251739));
#6081=CARTESIAN_POINT('',(-0.027597085601635,0.,0.000292267315783002));
#6082=CARTESIAN_POINT('',(-0.0274653634845187,0.,0.00100381090245953));
#6083=CARTESIAN_POINT('',(-0.0268580914820795,0.,0.000953177286892939));
#6084=CARTESIAN_POINT('',(-0.0269995279353057,0.,0.000957980517502522));
#6085=CARTESIAN_POINT('',(-0.0271729150911683,0.,0.000963868804965562));
#6086=CARTESIAN_POINT('',(-0.0271925070055108,0.,0.000965577862397029));
#6087=CARTESIAN_POINT('',(-0.0272226927639099,0.,0.000968028902616483));
#6088=CARTESIAN_POINT('',(-0.0272594414543404,0.,0.000971989183810436));
#6089=CARTESIAN_POINT('',(-0.0273083473250844,0.,0.000978128533836962));
#6090=CARTESIAN_POINT('',(-0.0273674201893345,0.,0.000986794970965984));
#6091=CARTESIAN_POINT('',(-0.0274371813947868,0.,0.000998441117788587));
#6092=CARTESIAN_POINT('',(-0.027517342548348,0.,0.00101348338579332));
#6093=CARTESIAN_POINT('',(-0.0276078477741591,0.,0.00103234568929378));
#6094=CARTESIAN_POINT('',(-0.0277085550886334,0.,0.00105544562494585));
#6095=CARTESIAN_POINT('',(-0.0278193317885405,0.,0.00108319816146655));
#6096=CARTESIAN_POINT('',(-0.0279400263517083,0.,0.00111601411082876));
#6097=CARTESIAN_POINT('',(-0.0280704767407072,0.,0.00115430014125664));
#6098=CARTESIAN_POINT('',(-0.0282105081257961,0.,0.00119845834532305));
#6099=CARTESIAN_POINT('',(-0.0283599336819018,0.,0.00124888594059647));
#6100=CARTESIAN_POINT('',(-0.0285185545175712,0.,0.00130597493628893));
#6101=CARTESIAN_POINT('',(-0.0286861598638101,0.,0.00137011181376524));
#6102=CARTESIAN_POINT('',(-0.0288625272005031,0.,0.00144167720745133));
#6103=CARTESIAN_POINT('',(-0.0290474224113068,0.,0.00152104559021777));
#6104=CARTESIAN_POINT('',(-0.0292405999410049,0.,0.00160858496214024));
#6105=CARTESIAN_POINT('',(-0.0294418029623686,0.,0.00170465654384506));
#6106=CARTESIAN_POINT('',(-0.0296507635504686,0.,0.00180961447174306));
#6107=CARTESIAN_POINT('',(-0.0298672028643653,0.,0.00192380550616185));
#6108=CARTESIAN_POINT('',(-0.0300908313378683,0.,0.00204756871081174));
#6109=CARTESIAN_POINT('',(-0.030321348871673,0.,0.00218123526475417));
#6110=CARTESIAN_POINT('',(-0.0305584450560779,0.,0.00232512778696326));
#6111=CARTESIAN_POINT('',(-0.0308017993113063,0.,0.0024795615590112));
#6112=CARTESIAN_POINT('',(-0.031051081378948,0.,0.00264483848080367));
#6113=CARTESIAN_POINT('',(-0.0313059505000333,0.,0.00282126893680632));
#6114=CARTESIAN_POINT('',(-0.031566059661166,0.,0.00300908669478282));
#6115=CARTESIAN_POINT('',(-0.0318310404631484,0.,0.00320877350682029));
#6116=CARTESIAN_POINT('',(-0.0320768358906335,0.,0.00340123768018121));
#6117=CARTESIAN_POINT('',(-0.0322341095541673,0.,0.00353010609109214));
#6118=CARTESIAN_POINT('',(-0.0323015933155109,0.,0.00358567556805408));
#6119=CARTESIAN_POINT('',(-0.026189624642582,0.,0.00603068703222594));
#6120=CARTESIAN_POINT('',(-0.0263274849330917,0.,0.0060626539154972));
#6121=CARTESIAN_POINT('',(-0.0264964880658247,0.,0.00610184216467746));
#6122=CARTESIAN_POINT('',(-0.026515854738487,0.,0.00610526210252763));
#6123=CARTESIAN_POINT('',(-0.0265456463179999,0.,0.00611070722864295));
#6124=CARTESIAN_POINT('',(-0.026582167823366,0.,0.00611639315172433));
#6125=CARTESIAN_POINT('',(-0.0266309962476863,0.,0.00612312076574295));
#6126=CARTESIAN_POINT('',(-0.0266902992918804,0.,0.00613003881261478));
#6127=CARTESIAN_POINT('',(-0.0267606976864997,0.,0.00613684502720247));
#6128=CARTESIAN_POINT('',(-0.0268420206404306,0.,0.00614306254526974));
#6129=CARTESIAN_POINT('',(-0.0269343238988362,0.,0.00614826743529656));
#6130=CARTESIAN_POINT('',(-0.0270375783980705,0.,0.0061520195818317));
#6131=CARTESIAN_POINT('',(-0.0271517633584633,0.,0.00615388380975089));
#6132=CARTESIAN_POINT('',(-0.0272768387467979,0.,0.0061534240883359));
#6133=CARTESIAN_POINT('',(-0.0274127533004174,0.,0.00615020566787346));
#6134=CARTESIAN_POINT('',(-0.0275594422159757,0.,0.00614379490749626));
#6135=CARTESIAN_POINT('',(-0.0277168278417812,0.,0.00613375977060918));
#6136=CARTESIAN_POINT('',(-0.0278848195228929,0.,0.00611967012849426));
#6137=CARTESIAN_POINT('',(-0.0280633137008334,0.,0.00610109811778998));
#6138=CARTESIAN_POINT('',(-0.0282521939531152,0.,0.0060776184814302));
#6139=CARTESIAN_POINT('',(-0.0284513310614267,0.,0.00604880891262955));
#6140=CARTESIAN_POINT('',(-0.0286605830830707,0.,0.00601425039624425));
#6141=CARTESIAN_POINT('',(-0.0288797954327716,0.,0.00597352754816422));
#6142=CARTESIAN_POINT('',(-0.0291088009721684,0.,0.00592622895480987));
#6143=CARTESIAN_POINT('',(-0.0293474201097731,0.,0.00587194750207947));
#6144=CARTESIAN_POINT('',(-0.0295954609022695,0.,0.00581028073433363));
#6145=CARTESIAN_POINT('',(-0.0298527191914375,0.,0.00574083108574828));
#6146=CARTESIAN_POINT('',(-0.0301189786444643,0.,0.00566320659038177));
#6147=CARTESIAN_POINT('',(-0.0303940112059398,0.,0.00557701973746929));
#6148=CARTESIAN_POINT('',(-0.0306775760081815,0.,0.00548189343692859));
#6149=CARTESIAN_POINT('',(-0.030969424236711,0.,0.00537743968547708));
#6150=CARTESIAN_POINT('',(-0.0312692812058762,0.,0.00526334286711866));
#6151=CARTESIAN_POINT('',(-0.0315769157559928,0.,0.00513904229634191));
#6152=CARTESIAN_POINT('',(-0.0318641493009501,0.,0.00501675271848948));
#6153=CARTESIAN_POINT('',(-0.0320494175934085,0.,0.00493298081161339));
#6154=CARTESIAN_POINT('',(-0.0321289843403096,0.,0.00489677090133336));
#6155=CARTESIAN_POINT('',(-0.0267893092973514,0.,0.00613895227506058));
#6156=CARTESIAN_POINT('',(-0.0267323820605151,0.,0.00686034279453272));
#6157=CARTESIAN_POINT('',(-0.0260314618830066,0.,0.00668046534558606));
#6158=CARTESIAN_POINT('',(-1.85568258231572E-15,0.,5.00820485128553E-16));
#6159=CARTESIAN_POINT('',(-0.025884139961123,0.,0.00723027824312418));
#6160=CARTESIAN_POINT('',(-0.0265810933653438,0.,0.00742495989152268));
#6161=CARTESIAN_POINT('',(-0.0262696985388753,0.,0.00807816602585298));
#6162=CARTESIAN_POINT('',(-0.025696223772168,0.,0.00787208414911));
#6163=CARTESIAN_POINT('',(-0.025831597727558,0.,0.0079133301613721));
#6164=CARTESIAN_POINT('',(-0.0259975528584141,0.,0.00796389370841868));
#6165=CARTESIAN_POINT('',(-0.0260160348578516,0.,0.00797061529169219));
#6166=CARTESIAN_POINT('',(-0.0260445576855863,0.,0.00798079546390599));
#6167=CARTESIAN_POINT('',(-0.0260790291985585,0.,0.00799413206275659));
#6168=CARTESIAN_POINT('',(-0.0261246796614558,0.,0.00801271999026971));
#6169=CARTESIAN_POINT('',(-0.0261794966276856,0.,0.00803638030803121));
#6170=CARTESIAN_POINT('',(-0.0262438665331054,0.,0.00806568515060431));
#6171=CARTESIAN_POINT('',(-0.026317403036154,0.,0.00810096209897505));
#6172=CARTESIAN_POINT('',(-0.0263999424477987,0.,0.00814260616119067));
#6173=CARTESIAN_POINT('',(-0.0264912395404583,0.,0.00819098395658969));
#6174=CARTESIAN_POINT('',(-0.0265910587308482,0.,0.00824646196804964));
#6175=CARTESIAN_POINT('',(-0.0266991473338266,0.,0.00830939779264096));
#6176=CARTESIAN_POINT('',(-0.0268152435797739,0.,0.00838014230333126));
#6177=CARTESIAN_POINT('',(-0.0269390745269124,0.,0.00845903864245465));
#6178=CARTESIAN_POINT('',(-0.0270703569086069,0.,0.00854642213883208));
#6179=CARTESIAN_POINT('',(-0.0272087971510167,0.,0.00864261996738965));
#6180=CARTESIAN_POINT('',(-0.0273540916381886,0.,0.00874795088942917));
#6181=CARTESIAN_POINT('',(-0.027505926916758,0.,0.00886272497712928));
#6182=CARTESIAN_POINT('',(-0.0276639799269916,0.,0.00898724334973844));
#6183=CARTESIAN_POINT('',(-0.0278279182353358,0.,0.0091217979136672));
#6184=CARTESIAN_POINT('',(-0.0279974002749602,0.,0.00926667110946943));
#6185=CARTESIAN_POINT('',(-0.028172075593008,0.,0.009422135662576));
#6186=CARTESIAN_POINT('',(-0.0283515851016375,0.,0.00958845434839715));
#6187=CARTESIAN_POINT('',(-0.0285355613452414,0.,0.00976587973208257));
#6188=CARTESIAN_POINT('',(-0.0287236287347023,0.,0.00995465403662534));
#6189=CARTESIAN_POINT('',(-0.0289154039373379,0.,0.0101550085480821));
#6190=CARTESIAN_POINT('',(-0.0291104956959875,0.,0.0103671648329143));
#6191=CARTESIAN_POINT('',(-0.0293085068680774,0.,0.0105913290268714));
#6192=CARTESIAN_POINT('',(-0.0295090279723077,0.,0.0108277127434137));
#6193=CARTESIAN_POINT('',(-0.0297116633159274,0.,0.0110764519711857));
#6194=CARTESIAN_POINT('',(-0.0299159323660219,0.,0.0113379166982416));
#6195=CARTESIAN_POINT('',(-0.0301035391238478,0.,0.0115874393517586));
#6196=CARTESIAN_POINT('',(-0.0302221002181943,0.,0.0117526220974659));
#6197=CARTESIAN_POINT('',(-0.0302729020871671,0.,0.0118237641730877));
#6198=CARTESIAN_POINT('',(-0.0237363781640938,0.,0.0126035699962801));
#6199=CARTESIAN_POINT('',(-0.0238612673409135,0.,0.0126701285031651));
#6200=CARTESIAN_POINT('',(-0.0240143691663121,0.,0.0127517226745686));
#6201=CARTESIAN_POINT('',(-0.0240321907905571,0.,0.0127600385445877));
#6202=CARTESIAN_POINT('',(-0.0240595579442731,0.,0.0127730087606915));
#6203=CARTESIAN_POINT('',(-0.0240933633843387,0.,0.0127879534017867));
#6204=CARTESIAN_POINT('',(-0.0241387867858104,0.,0.012807089504073));
#6205=CARTESIAN_POINT('',(-0.0241942786054898,0.,0.0128291205814839));
#6206=CARTESIAN_POINT('',(-0.0242605166550214,0.,0.0128539153252056));
#6207=CARTESIAN_POINT('',(-0.0243374593844044,0.,0.0128809689157635));
#6208=CARTESIAN_POINT('',(-0.0244252703608824,0.,0.0129098862946638));
#6209=CARTESIAN_POINT('',(-0.02452403542139,0.,0.0129402348208004));
#6210=CARTESIAN_POINT('',(-0.0246338471259174,0.,0.0129715887691076));
#6211=CARTESIAN_POINT('',(-0.0247547796584004,0.,0.0130035166048946));
#6212=CARTESIAN_POINT('',(-0.024886896024421,0.,0.0130355851244334));
#6213=CARTESIAN_POINT('',(-0.0250302458632682,0.,0.0130673586904708));
#6214=CARTESIAN_POINT('',(-0.0251848659884671,0.,0.0130983998899651));
#6215=CARTESIAN_POINT('',(-0.0253507801595725,0.,0.0131282697872536));
#6216=CARTESIAN_POINT('',(-0.0255279990859636,0.,0.0131565282951591));
#6217=CARTESIAN_POINT('',(-0.0257165203767807,0.,0.0131827345145417));
#6218=CARTESIAN_POINT('',(-0.025916328517758,0.,0.0132064470842105));
#6219=CARTESIAN_POINT('',(-0.0261273948518781,0.,0.0132272245291434));
#6220=CARTESIAN_POINT('',(-0.0263496775705498,0.,0.0132446256094871));
#6221=CARTESIAN_POINT('',(-0.0265831217121831,0.,0.0132582096716489));
#6222=CARTESIAN_POINT('',(-0.0268276591736047,0.,0.0132675369919061));
#6223=CARTESIAN_POINT('',(-0.0270832087149928,0.,0.013272169149377));
#6224=CARTESIAN_POINT('',(-0.0273496760322566,0.,0.0132716692849289));
#6225=CARTESIAN_POINT('',(-0.0276269536121961,0.,0.0132656027974836));
#6226=CARTESIAN_POINT('',(-0.0279149214653669,0.,0.0132535363553021));
#6227=CARTESIAN_POINT('',(-0.0282134445295487,0.,0.0132350433761914));
#6228=CARTESIAN_POINT('',(-0.0285223828910501,0.,0.0132096846798345));
#6229=CARTESIAN_POINT('',(-0.0288415529113364,0.,0.0131770843107113));
#6230=CARTESIAN_POINT('',(-0.029170876423387,0.,0.0131366408596773));
#6231=CARTESIAN_POINT('',(-0.0294799735944036,0.,0.0130928597099709));
#6232=CARTESIAN_POINT('',(-0.0296806107878256,0.,0.0130598932241437));
#6233=CARTESIAN_POINT('',(-0.0297668381779731,0.,0.0130455105260914));
#6234=CARTESIAN_POINT('',(-0.0242876079529965,0.,0.0128633560001336));
#6235=CARTESIAN_POINT('',(-0.0240459108593212,0.,0.0135454318806535));
#6236=CARTESIAN_POINT('',(-0.0234154296672705,0.,0.0131902721161131));
#6237=CARTESIAN_POINT('',(-1.6628298519248E-15,0.,9.64041434888625E-16));
#6238=CARTESIAN_POINT('',(-0.0231308255690187,0.,0.0136832208743274));
#6239=CARTESIAN_POINT('',(-0.0237536435435381,0.,0.0140516537209814));
#6240=CARTESIAN_POINT('',(-0.0232837970505369,0.,0.0146020074843851));
#6241=CARTESIAN_POINT('',(-0.0227832008772009,0.,0.0142545214857994));
#6242=CARTESIAN_POINT('',(-0.022903286823411,0.,0.0143293994321406));
#6243=CARTESIAN_POINT('',(-0.0230505003613465,0.,0.0144211924165997));
#6244=CARTESIAN_POINT('',(-0.0230666129281601,0.,0.0144324684609231));
#6245=CARTESIAN_POINT('',(-0.0230915290416565,0.,0.0144496840032184));
#6246=CARTESIAN_POINT('',(-0.0231213742005282,0.,0.0144714880525537));
#6247=CARTESIAN_POINT('',(-0.0231606582519734,0.,0.0145012578210114));
#6248=CARTESIAN_POINT('',(-0.0232074836345237,0.,0.0145382996078505));
#6249=CARTESIAN_POINT('',(-0.0232620755372329,0.,0.0145832660695813));
#6250=CARTESIAN_POINT('',(-0.0233239759986111,0.,0.0146363736325845));
#6251=CARTESIAN_POINT('',(-0.0233929246715886,0.,0.0146979614794953));
#6252=CARTESIAN_POINT('',(-0.0234685897964442,0.,0.0147683202678329));
#6253=CARTESIAN_POINT('',(-0.0235506489644508,0.,0.0148477430194329));
#6254=CARTESIAN_POINT('',(-0.0236387655475717,0.,0.0149365097468138));
#6255=CARTESIAN_POINT('',(-0.0237325958831643,0.,0.0150348916162738));
#6256=CARTESIAN_POINT('',(-0.0238317875179452,0.,0.0151431494353253));
#6257=CARTESIAN_POINT('',(-0.0239359800478706,0.,0.0152615337919367));
#6258=CARTESIAN_POINT('',(-0.0240448052232837,0.,0.0153902847303176));
#6259=CARTESIAN_POINT('',(-0.0241578872721984,0.,0.0155296315686509));
#6260=CARTESIAN_POINT('',(-0.0242748431693293,0.,0.0156797926859614));
#6261=CARTESIAN_POINT('',(-0.0243952829275403,0.,0.0158409753270963));
#6262=CARTESIAN_POINT('',(-0.0245188098897379,0.,0.0160133754118615));
#6263=CARTESIAN_POINT('',(-0.0246450210267046,0.,0.0161971773528816));
#6264=CARTESIAN_POINT('',(-0.02477350724044,0.,0.0163925538788198));
#6265=CARTESIAN_POINT('',(-0.0249038536674428,0.,0.0165996658724592));
#6266=CARTESIAN_POINT('',(-0.025035640004181,0.,0.0168186621884913));
#6267=CARTESIAN_POINT('',(-0.0251684407675024,0.,0.0170496795867441));
#6268=CARTESIAN_POINT('',(-0.0253018258252328,0.,0.0172928422585942));
#6269=CARTESIAN_POINT('',(-0.0254353599063557,0.,0.0175482629560042));
#6270=CARTESIAN_POINT('',(-0.0255686060487451,0.,0.0178160380027566));
#6271=CARTESIAN_POINT('',(-0.0257011139542438,0.,0.0180962658201989));
#6272=CARTESIAN_POINT('',(-0.0258324662165536,0.,0.0183889753504546));
#6273=CARTESIAN_POINT('',(-0.0259621029165667,0.,0.018694399603471));
#6274=CARTESIAN_POINT('',(-0.0260787359142224,0.,0.0189839761806625));
#6275=CARTESIAN_POINT('',(-0.0261505046967335,0.,0.0191742163300236));
#6276=CARTESIAN_POINT('',(-0.0261811626099191,0.,0.0192560827894195));
#6277=CARTESIAN_POINT('',(-0.019665536739942,0.,0.0183175404934721));
#6278=CARTESIAN_POINT('',(-0.0197689438120609,0.,0.0184141547717196));
#6279=CARTESIAN_POINT('',(-0.0198957106937367,0.,0.0185325943574061));
#6280=CARTESIAN_POINT('',(-0.0199107727553239,0.,0.0185452394467948));
#6281=CARTESIAN_POINT('',(-0.0199338504569433,0.,0.0185648508540939));
#6282=CARTESIAN_POINT('',(-0.0199626360468341,0.,0.0185880357606094));
#6283=CARTESIAN_POINT('',(-0.0200015588957129,0.,0.0186182762574165));
#6284=CARTESIAN_POINT('',(-0.0200494578150709,0.,0.0186539189838492));
#6285=CARTESIAN_POINT('',(-0.0201070215059029,0.,0.0186950125358953));
#6286=CARTESIAN_POINT('',(-0.0201743404908843,0.,0.0187410585414556));
#6287=CARTESIAN_POINT('',(-0.0202516750125022,0.,0.0187917177376455));
#6288=CARTESIAN_POINT('',(-0.0203392199586266,0.,0.0188465944414808));
#6289=CARTESIAN_POINT('',(-0.0204371749210973,0.,0.0189053013904137));
#6290=CARTESIAN_POINT('',(-0.0205457232454907,0.,0.0189674409541569));
#6291=CARTESIAN_POINT('',(-0.0206650379119004,0.,0.0190326109970862));
#6292=CARTESIAN_POINT('',(-0.0207952796194161,0.,0.0191004035735211));
#6293=CARTESIAN_POINT('',(-0.0209365971379978,0.,0.0191704057029492));
#6294=CARTESIAN_POINT('',(-0.0210891270225224,0.,0.0192421995555032));
#6295=CARTESIAN_POINT('',(-0.0212529935203986,0.,0.0193153628114043));
#6296=CARTESIAN_POINT('',(-0.0214283084353278,0.,0.019389468975986));
#6297=CARTESIAN_POINT('',(-0.021615171014362,0.,0.0194640877116883));
#6298=CARTESIAN_POINT('',(-0.0218136678390916,0.,0.0195387851694035));
#6299=CARTESIAN_POINT('',(-0.0220238727267959,0.,0.0196131243233022));
#6300=CARTESIAN_POINT('',(-0.0222458466381982,0.,0.0196866653095925));
#6301=CARTESIAN_POINT('',(-0.022479637599558,0.,0.019758965761376));
#6302=CARTESIAN_POINT('',(-0.0227252806109078,0.,0.019829581170187));
#6303=CARTESIAN_POINT('',(-0.0229827976489539,0.,0.0198980651548122));
#6304=CARTESIAN_POINT('',(-0.0232521973469562,0.,0.0199639700963822));
#6305=CARTESIAN_POINT('',(-0.0235334759585181,0.,0.0200268463730255));
#6306=CARTESIAN_POINT('',(-0.0238266134311489,0.,0.0200862469813101));
#6307=CARTESIAN_POINT('',(-0.0241315882868307,0.,0.0201417114932972));
#6308=CARTESIAN_POINT('',(-0.0244483204488087,0.,0.0201928292346905));
#6309=CARTESIAN_POINT('',(-0.0247768900696799,0.,0.0202389990577512));
#6310=CARTESIAN_POINT('',(-0.0250867864053583,0.,0.0202767099491916));
#6311=CARTESIAN_POINT('',(-0.025289119406581,0.,0.0202967954959426));
#6312=CARTESIAN_POINT('',(-0.0253761311858338,0.,0.0203052201672219));
#6313=CARTESIAN_POINT('',(-0.0201307462638146,0.,0.0187111432714985));
#6314=CARTESIAN_POINT('',(-0.0197207505708111,0.,0.0193074221689924));
#6315=CARTESIAN_POINT('',(-0.019203674615537,0.,0.0188011836398824));
#6316=CARTESIAN_POINT('',(-1.35665801508145E-15,0.,1.36156455401484E-15));
#6317=CARTESIAN_POINT('',(-0.0188011836398824,0.,0.0192036746155369));
#6318=CARTESIAN_POINT('',(-0.0193074221689924,0.,0.0197207505708111));
#6319=CARTESIAN_POINT('',(-0.0187111432714985,0.,0.0201307462638147));
#6320=CARTESIAN_POINT('',(-0.018317540493472,0.,0.019665536739942));
#6321=CARTESIAN_POINT('',(-0.0184141547717196,0.,0.0197689438120609));
#6322=CARTESIAN_POINT('',(-0.0185325943574061,0.,0.0198957106937367));
#6323=CARTESIAN_POINT('',(-0.0185452394467948,0.,0.0199107727553239));
#6324=CARTESIAN_POINT('',(-0.0185648508540939,0.,0.0199338504569433));
#6325=CARTESIAN_POINT('',(-0.0185880357606094,0.,0.0199626360468341));
#6326=CARTESIAN_POINT('',(-0.0186182762574165,0.,0.0200015588957129));
#6327=CARTESIAN_POINT('',(-0.0186539189838492,0.,0.0200494578150709));
#6328=CARTESIAN_POINT('',(-0.0186950125358953,0.,0.0201070215059029));
#6329=CARTESIAN_POINT('',(-0.0187410585414556,0.,0.0201743404908843));
#6330=CARTESIAN_POINT('',(-0.0187917177376455,0.,0.0202516750125022));
#6331=CARTESIAN_POINT('',(-0.0188465944414808,0.,0.0203392199586266));
#6332=CARTESIAN_POINT('',(-0.0189053013904137,0.,0.0204371749210973));
#6333=CARTESIAN_POINT('',(-0.0189674409541569,0.,0.0205457232454907));
#6334=CARTESIAN_POINT('',(-0.0190326109970862,0.,0.0206650379119004));
#6335=CARTESIAN_POINT('',(-0.0191004035735211,0.,0.0207952796194161));
#6336=CARTESIAN_POINT('',(-0.0191704057029492,0.,0.0209365971379978));
#6337=CARTESIAN_POINT('',(-0.0192421995555032,0.,0.0210891270225224));
#6338=CARTESIAN_POINT('',(-0.0193153628114043,0.,0.0212529935203986));
#6339=CARTESIAN_POINT('',(-0.019389468975986,0.,0.0214283084353278));
#6340=CARTESIAN_POINT('',(-0.0194640877116883,0.,0.021615171014362));
#6341=CARTESIAN_POINT('',(-0.0195387851694034,0.,0.0218136678390916));
#6342=CARTESIAN_POINT('',(-0.0196131243233022,0.,0.0220238727267959));
#6343=CARTESIAN_POINT('',(-0.0196866653095925,0.,0.0222458466381982));
#6344=CARTESIAN_POINT('',(-0.0197589657613759,0.,0.022479637599558));
#6345=CARTESIAN_POINT('',(-0.019829581170187,0.,0.0227252806109078));
#6346=CARTESIAN_POINT('',(-0.0198980651548122,0.,0.022982797648954));
#6347=CARTESIAN_POINT('',(-0.0199639700963822,0.,0.0232521973469562));
#6348=CARTESIAN_POINT('',(-0.0200268463730255,0.,0.0235334759585181));
#6349=CARTESIAN_POINT('',(-0.0200862469813101,0.,0.0238266134311489));
#6350=CARTESIAN_POINT('',(-0.0201417114932972,0.,0.0241315882868307));
#6351=CARTESIAN_POINT('',(-0.0201928292346905,0.,0.0244483204488087));
#6352=CARTESIAN_POINT('',(-0.0202389990577512,0.,0.0247768900696799));
#6353=CARTESIAN_POINT('',(-0.0202767099491916,0.,0.0250867864053583));
#6354=CARTESIAN_POINT('',(-0.0202967954959426,0.,0.025289119406581));
#6355=CARTESIAN_POINT('',(-0.0203052201672219,0.,0.0253761311858338));
#6356=CARTESIAN_POINT('',(-0.0142545214857994,0.,0.0227832008772009));
#6357=CARTESIAN_POINT('',(-0.0143293994321406,0.,0.022903286823411));
#6358=CARTESIAN_POINT('',(-0.0144211924165997,0.,0.0230505003613465));
#6359=CARTESIAN_POINT('',(-0.0144324684609231,0.,0.0230666129281601));
#6360=CARTESIAN_POINT('',(-0.0144496840032184,0.,0.0230915290416565));
#6361=CARTESIAN_POINT('',(-0.0144714880525537,0.,0.0231213742005282));
#6362=CARTESIAN_POINT('',(-0.0145012578210114,0.,0.0231606582519734));
#6363=CARTESIAN_POINT('',(-0.0145382996078505,0.,0.0232074836345237));
#6364=CARTESIAN_POINT('',(-0.0145832660695813,0.,0.0232620755372329));
#6365=CARTESIAN_POINT('',(-0.0146363736325845,0.,0.0233239759986111));
#6366=CARTESIAN_POINT('',(-0.0146979614794953,0.,0.0233929246715886));
#6367=CARTESIAN_POINT('',(-0.0147683202678329,0.,0.0234685897964442));
#6368=CARTESIAN_POINT('',(-0.0148477430194329,0.,0.0235506489644508));
#6369=CARTESIAN_POINT('',(-0.0149365097468138,0.,0.0236387655475717));
#6370=CARTESIAN_POINT('',(-0.0150348916162738,0.,0.0237325958831643));
#6371=CARTESIAN_POINT('',(-0.0151431494353253,0.,0.0238317875179452));
#6372=CARTESIAN_POINT('',(-0.0152615337919367,0.,0.0239359800478706));
#6373=CARTESIAN_POINT('',(-0.0153902847303176,0.,0.0240448052232837));
#6374=CARTESIAN_POINT('',(-0.0155296315686509,0.,0.0241578872721984));
#6375=CARTESIAN_POINT('',(-0.0156797926859614,0.,0.0242748431693293));
#6376=CARTESIAN_POINT('',(-0.0158409753270963,0.,0.0243952829275403));
#6377=CARTESIAN_POINT('',(-0.0160133754118615,0.,0.0245188098897379));
#6378=CARTESIAN_POINT('',(-0.0161971773528815,0.,0.0246450210267046));
#6379=CARTESIAN_POINT('',(-0.0163925538788198,0.,0.02477350724044));
#6380=CARTESIAN_POINT('',(-0.0165996658724592,0.,0.0249038536674428));
#6381=CARTESIAN_POINT('',(-0.0168186621884913,0.,0.025035640004181));
#6382=CARTESIAN_POINT('',(-0.0170496795867441,0.,0.0251684407675024));
#6383=CARTESIAN_POINT('',(-0.0172928422585942,0.,0.0253018258252328));
#6384=CARTESIAN_POINT('',(-0.0175482629560042,0.,0.0254353599063557));
#6385=CARTESIAN_POINT('',(-0.0178160380027566,0.,0.0255686060487451));
#6386=CARTESIAN_POINT('',(-0.0180962658201989,0.,0.0257011139542438));
#6387=CARTESIAN_POINT('',(-0.0183889753504546,0.,0.0258324662165536));
#6388=CARTESIAN_POINT('',(-0.018694399603471,0.,0.0259621029165667));
#6389=CARTESIAN_POINT('',(-0.0189839761806625,0.,0.0260787359142224));
#6390=CARTESIAN_POINT('',(-0.0191742163300236,0.,0.0261505046967335));
#6391=CARTESIAN_POINT('',(-0.0192560827894195,0.,0.0261811626099191));
#6392=CARTESIAN_POINT('',(-0.0146020074843851,0.,0.0232837970505369));
#6393=CARTESIAN_POINT('',(-0.0140516537209815,0.,0.0237536435435382));
#6394=CARTESIAN_POINT('',(-0.0136832208743275,0.,0.0231308255690187));
#6395=CARTESIAN_POINT('',(-9.58032176493676E-16,0.,1.66629929887675E-15));
#6396=CARTESIAN_POINT('',(-0.0131902721161131,0.,0.0234154296672704));
#6397=CARTESIAN_POINT('',(-0.0135454318806535,0.,0.0240459108593211));
#6398=CARTESIAN_POINT('',(-0.0128633560001336,0.,0.0242876079529965));
#6399=CARTESIAN_POINT('',(-0.0126035699962801,0.,0.0237363781640938));
#6400=CARTESIAN_POINT('',(-0.0126701285031651,0.,0.0238612673409135));
#6401=CARTESIAN_POINT('',(-0.0127517226745686,0.,0.0240143691663121));
#6402=CARTESIAN_POINT('',(-0.0127600385445877,0.,0.0240321907905571));
#6403=CARTESIAN_POINT('',(-0.0127730087606915,0.,0.0240595579442731));
#6404=CARTESIAN_POINT('',(-0.0127879534017867,0.,0.0240933633843387));
#6405=CARTESIAN_POINT('',(-0.012807089504073,0.,0.0241387867858104));
#6406=CARTESIAN_POINT('',(-0.0128291205814839,0.,0.0241942786054898));
#6407=CARTESIAN_POINT('',(-0.0128539153252056,0.,0.0242605166550214));
#6408=CARTESIAN_POINT('',(-0.0128809689157635,0.,0.0243374593844044));
#6409=CARTESIAN_POINT('',(-0.0129098862946638,0.,0.0244252703608824));
#6410=CARTESIAN_POINT('',(-0.0129402348208004,0.,0.02452403542139));
#6411=CARTESIAN_POINT('',(-0.0129715887691076,0.,0.0246338471259174));
#6412=CARTESIAN_POINT('',(-0.0130035166048946,0.,0.0247547796584004));
#6413=CARTESIAN_POINT('',(-0.0130355851244334,0.,0.024886896024421));
#6414=CARTESIAN_POINT('',(-0.0130673586904708,0.,0.0250302458632682));
#6415=CARTESIAN_POINT('',(-0.0130983998899651,0.,0.0251848659884671));
#6416=CARTESIAN_POINT('',(-0.0131282697872536,0.,0.0253507801595725));
#6417=CARTESIAN_POINT('',(-0.0131565282951591,0.,0.0255279990859636));
#6418=CARTESIAN_POINT('',(-0.0131827345145417,0.,0.0257165203767807));
#6419=CARTESIAN_POINT('',(-0.0132064470842105,0.,0.025916328517758));
#6420=CARTESIAN_POINT('',(-0.0132272245291434,0.,0.0261273948518781));
#6421=CARTESIAN_POINT('',(-0.0132446256094871,0.,0.0263496775705498));
#6422=CARTESIAN_POINT('',(-0.0132582096716489,0.,0.0265831217121831));
#6423=CARTESIAN_POINT('',(-0.0132675369919061,0.,0.0268276591736047));
#6424=CARTESIAN_POINT('',(-0.013272169149377,0.,0.0270832087149928));
#6425=CARTESIAN_POINT('',(-0.0132716692849289,0.,0.0273496760322566));
#6426=CARTESIAN_POINT('',(-0.0132656027974836,0.,0.0276269536121961));
#6427=CARTESIAN_POINT('',(-0.0132535363553021,0.,0.0279149214653669));
#6428=CARTESIAN_POINT('',(-0.0132350433761914,0.,0.0282134445295487));
#6429=CARTESIAN_POINT('',(-0.0132096846798345,0.,0.0285223828910501));
#6430=CARTESIAN_POINT('',(-0.0131770843107113,0.,0.0288415529113364));
#6431=CARTESIAN_POINT('',(-0.0131366408596773,0.,0.029170876423387));
#6432=CARTESIAN_POINT('',(-0.0130928597099709,0.,0.0294799735944036));
#6433=CARTESIAN_POINT('',(-0.0130598932241437,0.,0.0296806107878256));
#6434=CARTESIAN_POINT('',(-0.0130455105260914,0.,0.0297668381779731));
#6435=CARTESIAN_POINT('',(-0.00787208414911,0.,0.025696223772168));
#6436=CARTESIAN_POINT('',(-0.00791333016137209,0.,0.025831597727558));
#6437=CARTESIAN_POINT('',(-0.00796389370841868,0.,0.0259975528584141));
#6438=CARTESIAN_POINT('',(-0.00797061529169219,0.,0.0260160348578516));
#6439=CARTESIAN_POINT('',(-0.00798079546390599,0.,0.0260445576855863));
#6440=CARTESIAN_POINT('',(-0.00799413206275658,0.,0.0260790291985585));
#6441=CARTESIAN_POINT('',(-0.00801271999026971,0.,0.0261246796614558));
#6442=CARTESIAN_POINT('',(-0.0080363803080312,0.,0.0261794966276856));
#6443=CARTESIAN_POINT('',(-0.0080656851506043,0.,0.0262438665331054));
#6444=CARTESIAN_POINT('',(-0.00810096209897505,0.,0.026317403036154));
#6445=CARTESIAN_POINT('',(-0.00814260616119067,0.,0.0263999424477987));
#6446=CARTESIAN_POINT('',(-0.00819098395658969,0.,0.0264912395404583));
#6447=CARTESIAN_POINT('',(-0.00824646196804963,0.,0.0265910587308482));
#6448=CARTESIAN_POINT('',(-0.00830939779264095,0.,0.0266991473338266));
#6449=CARTESIAN_POINT('',(-0.00838014230333125,0.,0.0268152435797739));
#6450=CARTESIAN_POINT('',(-0.00845903864245465,0.,0.0269390745269124));
#6451=CARTESIAN_POINT('',(-0.00854642213883207,0.,0.0270703569086069));
#6452=CARTESIAN_POINT('',(-0.00864261996738965,0.,0.0272087971510167));
#6453=CARTESIAN_POINT('',(-0.00874795088942917,0.,0.0273540916381886));
#6454=CARTESIAN_POINT('',(-0.00886272497712928,0.,0.027505926916758));
#6455=CARTESIAN_POINT('',(-0.00898724334973843,0.,0.0276639799269916));
#6456=CARTESIAN_POINT('',(-0.00912179791366719,0.,0.0278279182353358));
#6457=CARTESIAN_POINT('',(-0.00926667110946943,0.,0.0279974002749602));
#6458=CARTESIAN_POINT('',(-0.009422135662576,0.,0.028172075593008));
#6459=CARTESIAN_POINT('',(-0.00958845434839715,0.,0.0283515851016375));
#6460=CARTESIAN_POINT('',(-0.00976587973208256,0.,0.0285355613452414));
#6461=CARTESIAN_POINT('',(-0.00995465403662534,0.,0.0287236287347023));
#6462=CARTESIAN_POINT('',(-0.0101550085480821,0.,0.0289154039373379));
#6463=CARTESIAN_POINT('',(-0.0103671648329143,0.,0.0291104956959875));
#6464=CARTESIAN_POINT('',(-0.0105913290268714,0.,0.0293085068680774));
#6465=CARTESIAN_POINT('',(-0.0108277127434137,0.,0.0295090279723077));
#6466=CARTESIAN_POINT('',(-0.0110764519711857,0.,0.0297116633159274));
#6467=CARTESIAN_POINT('',(-0.0113379166982416,0.,0.0299159323660219));
#6468=CARTESIAN_POINT('',(-0.0115874393517586,0.,0.0301035391238478));
#6469=CARTESIAN_POINT('',(-0.0117526220974659,0.,0.0302221002181943));
#6470=CARTESIAN_POINT('',(-0.0118237641730877,0.,0.0302729020871671));
#6471=CARTESIAN_POINT('',(-0.00807816602585297,0.,0.0262696985388753));
#6472=CARTESIAN_POINT('',(-0.00742495989152269,0.,0.0265810933653438));
#6473=CARTESIAN_POINT('',(-0.00723027824312419,0.,0.025884139961123));
#6474=CARTESIAN_POINT('',(-4.94118028300889E-16,0.,1.85747850021E-15));
#6475=CARTESIAN_POINT('',(-0.00668046534558605,0.,0.0260314618830065));
#6476=CARTESIAN_POINT('',(-0.00686034279453271,0.,0.0267323820605151));
#6477=CARTESIAN_POINT('',(-0.00613895227506058,0.,0.0267893092973514));
#6478=CARTESIAN_POINT('',(-0.00603068703222593,0.,0.026189624642582));
#6479=CARTESIAN_POINT('',(-0.00606265391549719,0.,0.0263274849330917));
#6480=CARTESIAN_POINT('',(-0.00610184216467745,0.,0.0264964880658247));
#6481=CARTESIAN_POINT('',(-0.00610526210252763,0.,0.026515854738487));
#6482=CARTESIAN_POINT('',(-0.00611070722864294,0.,0.0265456463179999));
#6483=CARTESIAN_POINT('',(-0.00611639315172432,0.,0.026582167823366));
#6484=CARTESIAN_POINT('',(-0.00612312076574295,0.,0.0266309962476863));
#6485=CARTESIAN_POINT('',(-0.00613003881261478,0.,0.0266902992918804));
#6486=CARTESIAN_POINT('',(-0.00613684502720246,0.,0.0267606976864997));
#6487=CARTESIAN_POINT('',(-0.00614306254526974,0.,0.0268420206404306));
#6488=CARTESIAN_POINT('',(-0.00614826743529656,0.,0.0269343238988362));
#6489=CARTESIAN_POINT('',(-0.00615201958183169,0.,0.0270375783980705));
#6490=CARTESIAN_POINT('',(-0.00615388380975089,0.,0.0271517633584633));
#6491=CARTESIAN_POINT('',(-0.0061534240883359,0.,0.0272768387467979));
#6492=CARTESIAN_POINT('',(-0.00615020566787345,0.,0.0274127533004174));
#6493=CARTESIAN_POINT('',(-0.00614379490749625,0.,0.0275594422159757));
#6494=CARTESIAN_POINT('',(-0.00613375977060918,0.,0.0277168278417812));
#6495=CARTESIAN_POINT('',(-0.00611967012849425,0.,0.0278848195228929));
#6496=CARTESIAN_POINT('',(-0.00610109811778998,0.,0.0280633137008334));
#6497=CARTESIAN_POINT('',(-0.0060776184814302,0.,0.0282521939531152));
#6498=CARTESIAN_POINT('',(-0.00604880891262954,0.,0.0284513310614267));
#6499=CARTESIAN_POINT('',(-0.00601425039624425,0.,0.0286605830830707));
#6500=CARTESIAN_POINT('',(-0.00597352754816422,0.,0.0288797954327716));
#6501=CARTESIAN_POINT('',(-0.00592622895480987,0.,0.0291088009721685));
#6502=CARTESIAN_POINT('',(-0.00587194750207946,0.,0.0293474201097731));
#6503=CARTESIAN_POINT('',(-0.00581028073433362,0.,0.0295954609022695));
#6504=CARTESIAN_POINT('',(-0.00574083108574828,0.,0.0298527191914375));
#6505=CARTESIAN_POINT('',(-0.00566320659038176,0.,0.0301189786444643));
#6506=CARTESIAN_POINT('',(-0.00557701973746929,0.,0.0303940112059398));
#6507=CARTESIAN_POINT('',(-0.00548189343692858,0.,0.0306775760081815));
#6508=CARTESIAN_POINT('',(-0.00537743968547708,0.,0.030969424236711));
#6509=CARTESIAN_POINT('',(-0.00526334286711865,0.,0.0312692812058762));
#6510=CARTESIAN_POINT('',(-0.0051390422963419,0.,0.0315769157559928));
#6511=CARTESIAN_POINT('',(-0.00501675271848947,0.,0.0318641493009501));
#6512=CARTESIAN_POINT('',(-0.00493298081161339,0.,0.0320494175934085));
#6513=CARTESIAN_POINT('',(-0.00489677090133335,0.,0.0321289843403096));
#6514=CARTESIAN_POINT('',(-0.000953177286892934,0.,0.0268580914820795));
#6515=CARTESIAN_POINT('',(-0.000957980517502517,0.,0.0269995279353057));
#6516=CARTESIAN_POINT('',(-0.000963868804965557,0.,0.0271729150911683));
#6517=CARTESIAN_POINT('',(-0.000965577862397024,0.,0.0271925070055108));
#6518=CARTESIAN_POINT('',(-0.000968028902616478,0.,0.0272226927639099));
#6519=CARTESIAN_POINT('',(-0.000971989183810431,0.,0.0272594414543404));
#6520=CARTESIAN_POINT('',(-0.000978128533836957,0.,0.0273083473250844));
#6521=CARTESIAN_POINT('',(-0.000986794970965979,0.,0.0273674201893345));
#6522=CARTESIAN_POINT('',(-0.000998441117788582,0.,0.0274371813947868));
#6523=CARTESIAN_POINT('',(-0.00101348338579332,0.,0.027517342548348));
#6524=CARTESIAN_POINT('',(-0.00103234568929378,0.,0.0276078477741591));
#6525=CARTESIAN_POINT('',(-0.00105544562494584,0.,0.0277085550886334));
#6526=CARTESIAN_POINT('',(-0.00108319816146654,0.,0.0278193317885405));
#6527=CARTESIAN_POINT('',(-0.00111601411082876,0.,0.0279400263517083));
#6528=CARTESIAN_POINT('',(-0.00115430014125663,0.,0.0280704767407072));
#6529=CARTESIAN_POINT('',(-0.00119845834532305,0.,0.0282105081257961));
#6530=CARTESIAN_POINT('',(-0.00124888594059647,0.,0.0283599336819018));
#6531=CARTESIAN_POINT('',(-0.00130597493628893,0.,0.0285185545175712));
#6532=CARTESIAN_POINT('',(-0.00137011181376523,0.,0.0286861598638101));
#6533=CARTESIAN_POINT('',(-0.00144167720745133,0.,0.0288625272005031));
#6534=CARTESIAN_POINT('',(-0.00152104559021777,0.,0.0290474224113068));
#6535=CARTESIAN_POINT('',(-0.00160858496214023,0.,0.0292405999410049));
#6536=CARTESIAN_POINT('',(-0.00170465654384505,0.,0.0294418029623686));
#6537=CARTESIAN_POINT('',(-0.00180961447174305,0.,0.0296507635504686));
#6538=CARTESIAN_POINT('',(-0.00192380550616185,0.,0.0298672028643653));
#6539=CARTESIAN_POINT('',(-0.00204756871081173,0.,0.0300908313378683));
#6540=CARTESIAN_POINT('',(-0.00218123526475417,0.,0.030321348871673));
#6541=CARTESIAN_POINT('',(-0.00232512778696326,0.,0.0305584450560779));
#6542=CARTESIAN_POINT('',(-0.00247956155901119,0.,0.0308017993113063));
#6543=CARTESIAN_POINT('',(-0.00264483848080367,0.,0.031051081378948));
#6544=CARTESIAN_POINT('',(-0.00282126893680631,0.,0.0313059505000333));
#6545=CARTESIAN_POINT('',(-0.00300908669478282,0.,0.031566059661166));
#6546=CARTESIAN_POINT('',(-0.00320877350682028,0.,0.0318310404631484));
#6547=CARTESIAN_POINT('',(-0.0034012376801812,0.,0.0320768358906335));
#6548=CARTESIAN_POINT('',(-0.00353010609109213,0.,0.0322341095541673));
#6549=CARTESIAN_POINT('',(-0.00358567556805407,0.,0.0323015933155109));
#6550=CARTESIAN_POINT('',(-0.00100381090245953,0.,0.0274653634845187));
#6551=CARTESIAN_POINT('',(-0.000292267315783001,0.,0.0275970856016351));
#6552=CARTESIAN_POINT('',(-0.000284604098251737,0.,0.0268734929904406));
#6553=CARTESIAN_POINT('',(3.46944695195373E-18,0.,1.9220736113823E-15));
#6554=CARTESIAN_POINT('',(0.000284604098251737,0.,0.0268734929904406));
#6555=CARTESIAN_POINT('',(0.000292267315783,0.,0.027597085601635));
#6556=CARTESIAN_POINT('',(0.00100381090245953,0.,0.0274653634845187));
#6557=CARTESIAN_POINT('',(0.000953177286892938,0.,0.0268580914820795));
#6558=CARTESIAN_POINT('',(0.000957980517502521,0.,0.0269995279353057));
#6559=CARTESIAN_POINT('',(0.00096386880496556,0.,0.0271729150911683));
#6560=CARTESIAN_POINT('',(0.000965577862397027,0.,0.0271925070055108));
#6561=CARTESIAN_POINT('',(0.000968028902616481,0.,0.0272226927639099));
#6562=CARTESIAN_POINT('',(0.000971989183810434,0.,0.0272594414543404));
#6563=CARTESIAN_POINT('',(0.000978128533836961,0.,0.0273083473250844));
#6564=CARTESIAN_POINT('',(0.000986794970965982,0.,0.0273674201893345));
#6565=CARTESIAN_POINT('',(0.000998441117788585,0.,0.0274371813947868));
#6566=CARTESIAN_POINT('',(0.00101348338579332,0.,0.027517342548348));
#6567=CARTESIAN_POINT('',(0.00103234568929378,0.,0.0276078477741591));
#6568=CARTESIAN_POINT('',(0.00105544562494585,0.,0.0277085550886334));
#6569=CARTESIAN_POINT('',(0.00108319816146655,0.,0.0278193317885405));
#6570=CARTESIAN_POINT('',(0.00111601411082876,0.,0.0279400263517083));
#6571=CARTESIAN_POINT('',(0.00115430014125663,0.,0.0280704767407072));
#6572=CARTESIAN_POINT('',(0.00119845834532305,0.,0.0282105081257961));
#6573=CARTESIAN_POINT('',(0.00124888594059647,0.,0.0283599336819018));
#6574=CARTESIAN_POINT('',(0.00130597493628893,0.,0.0285185545175712));
#6575=CARTESIAN_POINT('',(0.00137011181376524,0.,0.0286861598638101));
#6576=CARTESIAN_POINT('',(0.00144167720745133,0.,0.0288625272005031));
#6577=CARTESIAN_POINT('',(0.00152104559021777,0.,0.0290474224113068));
#6578=CARTESIAN_POINT('',(0.00160858496214024,0.,0.0292405999410049));
#6579=CARTESIAN_POINT('',(0.00170465654384506,0.,0.0294418029623686));
#6580=CARTESIAN_POINT('',(0.00180961447174305,0.,0.0296507635504686));
#6581=CARTESIAN_POINT('',(0.00192380550616185,0.,0.0298672028643653));
#6582=CARTESIAN_POINT('',(0.00204756871081174,0.,0.0300908313378683));
#6583=CARTESIAN_POINT('',(0.00218123526475417,0.,0.030321348871673));
#6584=CARTESIAN_POINT('',(0.00232512778696326,0.,0.0305584450560779));
#6585=CARTESIAN_POINT('',(0.0024795615590112,0.,0.0308017993113063));
#6586=CARTESIAN_POINT('',(0.00264483848080367,0.,0.031051081378948));
#6587=CARTESIAN_POINT('',(0.00282126893680632,0.,0.0313059505000333));
#6588=CARTESIAN_POINT('',(0.00300908669478282,0.,0.031566059661166));
#6589=CARTESIAN_POINT('',(0.00320877350682029,0.,0.0318310404631484));
#6590=CARTESIAN_POINT('',(0.0034012376801812,0.,0.0320768358906335));
#6591=CARTESIAN_POINT('',(0.00353010609109214,0.,0.0322341095541673));
#6592=CARTESIAN_POINT('',(0.00358567556805408,0.,0.0323015933155109));
#6593=CARTESIAN_POINT('',(0.00603068703222593,0.,0.026189624642582));
#6594=CARTESIAN_POINT('',(0.00606265391549719,0.,0.0263274849330917));
#6595=CARTESIAN_POINT('',(0.00610184216467745,0.,0.0264964880658247));
#6596=CARTESIAN_POINT('',(0.00610526210252762,0.,0.026515854738487));
#6597=CARTESIAN_POINT('',(0.00611070722864294,0.,0.0265456463179999));
#6598=CARTESIAN_POINT('',(0.00611639315172432,0.,0.026582167823366));
#6599=CARTESIAN_POINT('',(0.00612312076574294,0.,0.0266309962476863));
#6600=CARTESIAN_POINT('',(0.00613003881261477,0.,0.0266902992918804));
#6601=CARTESIAN_POINT('',(0.00613684502720246,0.,0.0267606976864997));
#6602=CARTESIAN_POINT('',(0.00614306254526973,0.,0.0268420206404306));
#6603=CARTESIAN_POINT('',(0.00614826743529656,0.,0.0269343238988362));
#6604=CARTESIAN_POINT('',(0.00615201958183169,0.,0.0270375783980705));
#6605=CARTESIAN_POINT('',(0.00615388380975088,0.,0.0271517633584633));
#6606=CARTESIAN_POINT('',(0.0061534240883359,0.,0.0272768387467979));
#6607=CARTESIAN_POINT('',(0.00615020566787345,0.,0.0274127533004174));
#6608=CARTESIAN_POINT('',(0.00614379490749625,0.,0.0275594422159757));
#6609=CARTESIAN_POINT('',(0.00613375977060918,0.,0.0277168278417812));
#6610=CARTESIAN_POINT('',(0.00611967012849425,0.,0.0278848195228929));
#6611=CARTESIAN_POINT('',(0.00610109811778997,0.,0.0280633137008334));
#6612=CARTESIAN_POINT('',(0.00607761848143019,0.,0.0282521939531152));
#6613=CARTESIAN_POINT('',(0.00604880891262954,0.,0.0284513310614267));
#6614=CARTESIAN_POINT('',(0.00601425039624424,0.,0.0286605830830707));
#6615=CARTESIAN_POINT('',(0.00597352754816422,0.,0.0288797954327716));
#6616=CARTESIAN_POINT('',(0.00592622895480986,0.,0.0291088009721685));
#6617=CARTESIAN_POINT('',(0.00587194750207946,0.,0.0293474201097731));
#6618=CARTESIAN_POINT('',(0.00581028073433362,0.,0.0295954609022695));
#6619=CARTESIAN_POINT('',(0.00574083108574828,0.,0.0298527191914375));
#6620=CARTESIAN_POINT('',(0.00566320659038176,0.,0.0301189786444643));
#6621=CARTESIAN_POINT('',(0.00557701973746929,0.,0.0303940112059398));
#6622=CARTESIAN_POINT('',(0.00548189343692858,0.,0.0306775760081815));
#6623=CARTESIAN_POINT('',(0.00537743968547708,0.,0.030969424236711));
#6624=CARTESIAN_POINT('',(0.00526334286711865,0.,0.0312692812058762));
#6625=CARTESIAN_POINT('',(0.0051390422963419,0.,0.0315769157559928));
#6626=CARTESIAN_POINT('',(0.00501675271848947,0.,0.0318641493009501));
#6627=CARTESIAN_POINT('',(0.00493298081161338,0.,0.0320494175934085));
#6628=CARTESIAN_POINT('',(0.00489677090133335,0.,0.0321289843403096));
#6629=CARTESIAN_POINT('',(0.00613895227506058,0.,0.0267893092973514));
#6630=CARTESIAN_POINT('',(0.00686034279453272,0.,0.0267323820605151));
#6631=CARTESIAN_POINT('',(0.00668046534558605,0.,0.0260314618830066));
#6632=CARTESIAN_POINT('',(5.00820485128553E-16,0.,1.85568258231572E-15));
#6633=CARTESIAN_POINT('',(0.00723027824312418,0.,0.025884139961123));
#6634=CARTESIAN_POINT('',(0.00742495989152267,0.,0.0265810933653438));
#6635=CARTESIAN_POINT('',(0.00807816602585297,0.,0.0262696985388753));
#6636=CARTESIAN_POINT('',(0.00787208414910999,0.,0.025696223772168));
#6637=CARTESIAN_POINT('',(0.00791333016137209,0.,0.025831597727558));
#6638=CARTESIAN_POINT('',(0.00796389370841868,0.,0.0259975528584141));
#6639=CARTESIAN_POINT('',(0.00797061529169218,0.,0.0260160348578516));
#6640=CARTESIAN_POINT('',(0.00798079546390598,0.,0.0260445576855863));
#6641=CARTESIAN_POINT('',(0.00799413206275658,0.,0.0260790291985585));
#6642=CARTESIAN_POINT('',(0.0080127199902697,0.,0.0261246796614558));
#6643=CARTESIAN_POINT('',(0.0080363803080312,0.,0.0261794966276856));
#6644=CARTESIAN_POINT('',(0.0080656851506043,0.,0.0262438665331054));
#6645=CARTESIAN_POINT('',(0.00810096209897504,0.,0.026317403036154));
#6646=CARTESIAN_POINT('',(0.00814260616119066,0.,0.0263999424477987));
#6647=CARTESIAN_POINT('',(0.00819098395658969,0.,0.0264912395404583));
#6648=CARTESIAN_POINT('',(0.00824646196804963,0.,0.0265910587308482));
#6649=CARTESIAN_POINT('',(0.00830939779264095,0.,0.0266991473338266));
#6650=CARTESIAN_POINT('',(0.00838014230333125,0.,0.0268152435797739));
#6651=CARTESIAN_POINT('',(0.00845903864245464,0.,0.0269390745269124));
#6652=CARTESIAN_POINT('',(0.00854642213883207,0.,0.0270703569086069));
#6653=CARTESIAN_POINT('',(0.00864261996738965,0.,0.0272087971510167));
#6654=CARTESIAN_POINT('',(0.00874795088942917,0.,0.0273540916381886));
#6655=CARTESIAN_POINT('',(0.00886272497712928,0.,0.027505926916758));
#6656=CARTESIAN_POINT('',(0.00898724334973843,0.,0.0276639799269916));
#6657=CARTESIAN_POINT('',(0.00912179791366719,0.,0.0278279182353358));
#6658=CARTESIAN_POINT('',(0.00926667110946943,0.,0.0279974002749602));
#6659=CARTESIAN_POINT('',(0.00942213566257599,0.,0.028172075593008));
#6660=CARTESIAN_POINT('',(0.00958845434839714,0.,0.0283515851016375));
#6661=CARTESIAN_POINT('',(0.00976587973208256,0.,0.0285355613452414));
#6662=CARTESIAN_POINT('',(0.00995465403662533,0.,0.0287236287347023));
#6663=CARTESIAN_POINT('',(0.0101550085480821,0.,0.0289154039373379));
#6664=CARTESIAN_POINT('',(0.0103671648329143,0.,0.0291104956959875));
#6665=CARTESIAN_POINT('',(0.0105913290268714,0.,0.0293085068680774));
#6666=CARTESIAN_POINT('',(0.0108277127434137,0.,0.0295090279723077));
#6667=CARTESIAN_POINT('',(0.0110764519711857,0.,0.0297116633159274));
#6668=CARTESIAN_POINT('',(0.0113379166982416,0.,0.0299159323660219));
#6669=CARTESIAN_POINT('',(0.0115874393517586,0.,0.0301035391238478));
#6670=CARTESIAN_POINT('',(0.0117526220974659,0.,0.0302221002181943));
#6671=CARTESIAN_POINT('',(0.0118237641730877,0.,0.0302729020871671));
#6672=CARTESIAN_POINT('',(0.0126035699962801,0.,0.0237363781640938));
#6673=CARTESIAN_POINT('',(0.0126701285031651,0.,0.0238612673409135));
#6674=CARTESIAN_POINT('',(0.0127517226745686,0.,0.0240143691663121));
#6675=CARTESIAN_POINT('',(0.0127600385445877,0.,0.0240321907905571));
#6676=CARTESIAN_POINT('',(0.0127730087606915,0.,0.0240595579442731));
#6677=CARTESIAN_POINT('',(0.0127879534017867,0.,0.0240933633843386));
#6678=CARTESIAN_POINT('',(0.012807089504073,0.,0.0241387867858104));
#6679=CARTESIAN_POINT('',(0.012829120581484,0.,0.0241942786054898));
#6680=CARTESIAN_POINT('',(0.0128539153252056,0.,0.0242605166550214));
#6681=CARTESIAN_POINT('',(0.0128809689157635,0.,0.0243374593844044));
#6682=CARTESIAN_POINT('',(0.0129098862946638,0.,0.0244252703608824));
#6683=CARTESIAN_POINT('',(0.0129402348208005,0.,0.02452403542139));
#6684=CARTESIAN_POINT('',(0.0129715887691076,0.,0.0246338471259174));
#6685=CARTESIAN_POINT('',(0.0130035166048946,0.,0.0247547796584004));
#6686=CARTESIAN_POINT('',(0.0130355851244334,0.,0.024886896024421));
#6687=CARTESIAN_POINT('',(0.0130673586904708,0.,0.0250302458632682));
#6688=CARTESIAN_POINT('',(0.0130983998899651,0.,0.0251848659884671));
#6689=CARTESIAN_POINT('',(0.0131282697872536,0.,0.0253507801595725));
#6690=CARTESIAN_POINT('',(0.0131565282951591,0.,0.0255279990859636));
#6691=CARTESIAN_POINT('',(0.0131827345145417,0.,0.0257165203767807));
#6692=CARTESIAN_POINT('',(0.0132064470842105,0.,0.025916328517758));
#6693=CARTESIAN_POINT('',(0.0132272245291434,0.,0.0261273948518781));
#6694=CARTESIAN_POINT('',(0.0132446256094871,0.,0.0263496775705497));
#6695=CARTESIAN_POINT('',(0.0132582096716489,0.,0.026583121712183));
#6696=CARTESIAN_POINT('',(0.0132675369919061,0.,0.0268276591736047));
#6697=CARTESIAN_POINT('',(0.0132721691493771,0.,0.0270832087149928));
#6698=CARTESIAN_POINT('',(0.0132716692849289,0.,0.0273496760322566));
#6699=CARTESIAN_POINT('',(0.0132656027974837,0.,0.0276269536121961));
#6700=CARTESIAN_POINT('',(0.0132535363553021,0.,0.0279149214653669));
#6701=CARTESIAN_POINT('',(0.0132350433761914,0.,0.0282134445295487));
#6702=CARTESIAN_POINT('',(0.0132096846798345,0.,0.0285223828910501));
#6703=CARTESIAN_POINT('',(0.0131770843107113,0.,0.0288415529113363));
#6704=CARTESIAN_POINT('',(0.0131366408596773,0.,0.029170876423387));
#6705=CARTESIAN_POINT('',(0.0130928597099709,0.,0.0294799735944036));
#6706=CARTESIAN_POINT('',(0.0130598932241437,0.,0.0296806107878256));
#6707=CARTESIAN_POINT('',(0.0130455105260914,0.,0.0297668381779731));
#6708=CARTESIAN_POINT('',(0.0128633560001336,0.,0.0242876079529965));
#6709=CARTESIAN_POINT('',(0.0135454318806535,0.,0.0240459108593212));
#6710=CARTESIAN_POINT('',(0.0131902721161131,0.,0.0234154296672704));
#6711=CARTESIAN_POINT('',(9.64041434888626E-16,0.,1.6628298519248E-15));
#6712=CARTESIAN_POINT('',(0.0136832208743274,0.,0.0231308255690187));
#6713=CARTESIAN_POINT('',(0.0140516537209815,0.,0.0237536435435381));
#6714=CARTESIAN_POINT('',(0.0146020074843851,0.,0.0232837970505369));
#6715=CARTESIAN_POINT('',(0.0142545214857994,0.,0.0227832008772008));
#6716=CARTESIAN_POINT('',(0.0143293994321406,0.,0.022903286823411));
#6717=CARTESIAN_POINT('',(0.0144211924165997,0.,0.0230505003613465));
#6718=CARTESIAN_POINT('',(0.0144324684609231,0.,0.0230666129281601));
#6719=CARTESIAN_POINT('',(0.0144496840032184,0.,0.0230915290416565));
#6720=CARTESIAN_POINT('',(0.0144714880525537,0.,0.0231213742005282));
#6721=CARTESIAN_POINT('',(0.0145012578210114,0.,0.0231606582519734));
#6722=CARTESIAN_POINT('',(0.0145382996078505,0.,0.0232074836345237));
#6723=CARTESIAN_POINT('',(0.0145832660695813,0.,0.0232620755372328));
#6724=CARTESIAN_POINT('',(0.0146363736325845,0.,0.0233239759986111));
#6725=CARTESIAN_POINT('',(0.0146979614794953,0.,0.0233929246715886));
#6726=CARTESIAN_POINT('',(0.0147683202678329,0.,0.0234685897964442));
#6727=CARTESIAN_POINT('',(0.0148477430194329,0.,0.0235506489644508));
#6728=CARTESIAN_POINT('',(0.0149365097468138,0.,0.0236387655475717));
#6729=CARTESIAN_POINT('',(0.0150348916162738,0.,0.0237325958831643));
#6730=CARTESIAN_POINT('',(0.0151431494353253,0.,0.0238317875179452));
#6731=CARTESIAN_POINT('',(0.0152615337919367,0.,0.0239359800478706));
#6732=CARTESIAN_POINT('',(0.0153902847303176,0.,0.0240448052232837));
#6733=CARTESIAN_POINT('',(0.0155296315686509,0.,0.0241578872721984));
#6734=CARTESIAN_POINT('',(0.0156797926859614,0.,0.0242748431693293));
#6735=CARTESIAN_POINT('',(0.0158409753270963,0.,0.0243952829275403));
#6736=CARTESIAN_POINT('',(0.0160133754118615,0.,0.0245188098897379));
#6737=CARTESIAN_POINT('',(0.0161971773528816,0.,0.0246450210267046));
#6738=CARTESIAN_POINT('',(0.0163925538788198,0.,0.02477350724044));
#6739=CARTESIAN_POINT('',(0.0165996658724592,0.,0.0249038536674428));
#6740=CARTESIAN_POINT('',(0.0168186621884913,0.,0.025035640004181));
#6741=CARTESIAN_POINT('',(0.0170496795867441,0.,0.0251684407675024));
#6742=CARTESIAN_POINT('',(0.0172928422585942,0.,0.0253018258252328));
#6743=CARTESIAN_POINT('',(0.0175482629560042,0.,0.0254353599063557));
#6744=CARTESIAN_POINT('',(0.0178160380027566,0.,0.0255686060487451));
#6745=CARTESIAN_POINT('',(0.0180962658201989,0.,0.0257011139542438));
#6746=CARTESIAN_POINT('',(0.0183889753504546,0.,0.0258324662165536));
#6747=CARTESIAN_POINT('',(0.0186943996034711,0.,0.0259621029165667));
#6748=CARTESIAN_POINT('',(0.0189839761806625,0.,0.0260787359142224));
#6749=CARTESIAN_POINT('',(0.0191742163300236,0.,0.0261505046967335));
#6750=CARTESIAN_POINT('',(0.0192560827894195,0.,0.0261811626099191));
#6751=CARTESIAN_POINT('',(0.0183175404934721,0.,0.019665536739942));
#6752=CARTESIAN_POINT('',(0.0184141547717196,0.,0.0197689438120609));
#6753=CARTESIAN_POINT('',(0.0185325943574061,0.,0.0198957106937367));
#6754=CARTESIAN_POINT('',(0.0185452394467948,0.,0.0199107727553239));
#6755=CARTESIAN_POINT('',(0.0185648508540939,0.,0.0199338504569433));
#6756=CARTESIAN_POINT('',(0.0185880357606094,0.,0.0199626360468341));
#6757=CARTESIAN_POINT('',(0.0186182762574165,0.,0.0200015588957129));
#6758=CARTESIAN_POINT('',(0.0186539189838492,0.,0.0200494578150709));
#6759=CARTESIAN_POINT('',(0.0186950125358953,0.,0.0201070215059029));
#6760=CARTESIAN_POINT('',(0.0187410585414556,0.,0.0201743404908843));
#6761=CARTESIAN_POINT('',(0.0187917177376455,0.,0.0202516750125022));
#6762=CARTESIAN_POINT('',(0.0188465944414808,0.,0.0203392199586266));
#6763=CARTESIAN_POINT('',(0.0189053013904137,0.,0.0204371749210973));
#6764=CARTESIAN_POINT('',(0.0189674409541569,0.,0.0205457232454907));
#6765=CARTESIAN_POINT('',(0.0190326109970862,0.,0.0206650379119004));
#6766=CARTESIAN_POINT('',(0.0191004035735211,0.,0.0207952796194161));
#6767=CARTESIAN_POINT('',(0.0191704057029492,0.,0.0209365971379978));
#6768=CARTESIAN_POINT('',(0.0192421995555032,0.,0.0210891270225224));
#6769=CARTESIAN_POINT('',(0.0193153628114043,0.,0.0212529935203986));
#6770=CARTESIAN_POINT('',(0.019389468975986,0.,0.0214283084353278));
#6771=CARTESIAN_POINT('',(0.0194640877116883,0.,0.021615171014362));
#6772=CARTESIAN_POINT('',(0.0195387851694035,0.,0.0218136678390916));
#6773=CARTESIAN_POINT('',(0.0196131243233022,0.,0.0220238727267959));
#6774=CARTESIAN_POINT('',(0.0196866653095925,0.,0.0222458466381982));
#6775=CARTESIAN_POINT('',(0.019758965761376,0.,0.022479637599558));
#6776=CARTESIAN_POINT('',(0.019829581170187,0.,0.0227252806109078));
#6777=CARTESIAN_POINT('',(0.0198980651548122,0.,0.0229827976489539));
#6778=CARTESIAN_POINT('',(0.0199639700963822,0.,0.0232521973469562));
#6779=CARTESIAN_POINT('',(0.0200268463730255,0.,0.0235334759585181));
#6780=CARTESIAN_POINT('',(0.0200862469813101,0.,0.0238266134311489));
#6781=CARTESIAN_POINT('',(0.0201417114932972,0.,0.0241315882868307));
#6782=CARTESIAN_POINT('',(0.0201928292346905,0.,0.0244483204488087));
#6783=CARTESIAN_POINT('',(0.0202389990577512,0.,0.0247768900696799));
#6784=CARTESIAN_POINT('',(0.0202767099491916,0.,0.0250867864053583));
#6785=CARTESIAN_POINT('',(0.0202967954959426,0.,0.025289119406581));
#6786=CARTESIAN_POINT('',(0.0203052201672219,0.,0.0253761311858338));
#6787=CARTESIAN_POINT('',(0.0187111432714985,0.,0.0201307462638146));
#6788=CARTESIAN_POINT('',(0.0193074221689924,0.,0.0197207505708111));
#6789=CARTESIAN_POINT('',(0.0188011836398824,0.,0.019203674615537));
#6790=CARTESIAN_POINT('',(1.36156455401484E-15,0.,1.35665801508145E-15));
#6791=CARTESIAN_POINT('',(0.0192036746155369,0.,0.0188011836398824));
#6792=CARTESIAN_POINT('',(0.0197207505708111,0.,0.0193074221689924));
#6793=CARTESIAN_POINT('',(0.0201307462638147,0.,0.0187111432714985));
#6794=CARTESIAN_POINT('',(0.019665536739942,0.,0.018317540493472));
#6795=CARTESIAN_POINT('',(0.0197689438120609,0.,0.0184141547717196));
#6796=CARTESIAN_POINT('',(0.0198957106937367,0.,0.0185325943574061));
#6797=CARTESIAN_POINT('',(0.0199107727553239,0.,0.0185452394467948));
#6798=CARTESIAN_POINT('',(0.0199338504569433,0.,0.0185648508540939));
#6799=CARTESIAN_POINT('',(0.0199626360468341,0.,0.0185880357606094));
#6800=CARTESIAN_POINT('',(0.0200015588957129,0.,0.0186182762574165));
#6801=CARTESIAN_POINT('',(0.0200494578150709,0.,0.0186539189838492));
#6802=CARTESIAN_POINT('',(0.0201070215059029,0.,0.0186950125358953));
#6803=CARTESIAN_POINT('',(0.0201743404908843,0.,0.0187410585414556));
#6804=CARTESIAN_POINT('',(0.0202516750125022,0.,0.0187917177376455));
#6805=CARTESIAN_POINT('',(0.0203392199586266,0.,0.0188465944414808));
#6806=CARTESIAN_POINT('',(0.0204371749210973,0.,0.0189053013904137));
#6807=CARTESIAN_POINT('',(0.0205457232454907,0.,0.0189674409541569));
#6808=CARTESIAN_POINT('',(0.0206650379119004,0.,0.0190326109970862));
#6809=CARTESIAN_POINT('',(0.0207952796194161,0.,0.0191004035735211));
#6810=CARTESIAN_POINT('',(0.0209365971379978,0.,0.0191704057029492));
#6811=CARTESIAN_POINT('',(0.0210891270225224,0.,0.0192421995555032));
#6812=CARTESIAN_POINT('',(0.0212529935203986,0.,0.0193153628114043));
#6813=CARTESIAN_POINT('',(0.0214283084353278,0.,0.019389468975986));
#6814=CARTESIAN_POINT('',(0.021615171014362,0.,0.0194640877116883));
#6815=CARTESIAN_POINT('',(0.0218136678390916,0.,0.0195387851694034));
#6816=CARTESIAN_POINT('',(0.0220238727267959,0.,0.0196131243233022));
#6817=CARTESIAN_POINT('',(0.0222458466381982,0.,0.0196866653095925));
#6818=CARTESIAN_POINT('',(0.022479637599558,0.,0.0197589657613759));
#6819=CARTESIAN_POINT('',(0.0227252806109078,0.,0.019829581170187));
#6820=CARTESIAN_POINT('',(0.022982797648954,0.,0.0198980651548122));
#6821=CARTESIAN_POINT('',(0.0232521973469562,0.,0.0199639700963822));
#6822=CARTESIAN_POINT('',(0.0235334759585181,0.,0.0200268463730255));
#6823=CARTESIAN_POINT('',(0.0238266134311489,0.,0.0200862469813101));
#6824=CARTESIAN_POINT('',(0.0241315882868307,0.,0.0201417114932972));
#6825=CARTESIAN_POINT('',(0.0244483204488087,0.,0.0201928292346905));
#6826=CARTESIAN_POINT('',(0.0247768900696799,0.,0.0202389990577512));
#6827=CARTESIAN_POINT('',(0.0250867864053583,0.,0.0202767099491916));
#6828=CARTESIAN_POINT('',(0.025289119406581,0.,0.0202967954959426));
#6829=CARTESIAN_POINT('',(0.0253761311858338,0.,0.0203052201672219));
#6830=CARTESIAN_POINT('',(0.0227832008772009,0.,0.0142545214857994));
#6831=CARTESIAN_POINT('',(0.022903286823411,0.,0.0143293994321406));
#6832=CARTESIAN_POINT('',(0.0230505003613465,0.,0.0144211924165997));
#6833=CARTESIAN_POINT('',(0.0230666129281601,0.,0.0144324684609231));
#6834=CARTESIAN_POINT('',(0.0230915290416565,0.,0.0144496840032184));
#6835=CARTESIAN_POINT('',(0.0231213742005282,0.,0.0144714880525537));
#6836=CARTESIAN_POINT('',(0.0231606582519734,0.,0.0145012578210114));
#6837=CARTESIAN_POINT('',(0.0232074836345237,0.,0.0145382996078505));
#6838=CARTESIAN_POINT('',(0.0232620755372329,0.,0.0145832660695813));
#6839=CARTESIAN_POINT('',(0.0233239759986111,0.,0.0146363736325845));
#6840=CARTESIAN_POINT('',(0.0233929246715886,0.,0.0146979614794953));
#6841=CARTESIAN_POINT('',(0.0234685897964442,0.,0.0147683202678329));
#6842=CARTESIAN_POINT('',(0.0235506489644508,0.,0.0148477430194329));
#6843=CARTESIAN_POINT('',(0.0236387655475717,0.,0.0149365097468138));
#6844=CARTESIAN_POINT('',(0.0237325958831643,0.,0.0150348916162738));
#6845=CARTESIAN_POINT('',(0.0238317875179452,0.,0.0151431494353253));
#6846=CARTESIAN_POINT('',(0.0239359800478706,0.,0.0152615337919367));
#6847=CARTESIAN_POINT('',(0.0240448052232837,0.,0.0153902847303176));
#6848=CARTESIAN_POINT('',(0.0241578872721984,0.,0.0155296315686509));
#6849=CARTESIAN_POINT('',(0.0242748431693293,0.,0.0156797926859614));
#6850=CARTESIAN_POINT('',(0.0243952829275403,0.,0.0158409753270963));
#6851=CARTESIAN_POINT('',(0.0245188098897379,0.,0.0160133754118615));
#6852=CARTESIAN_POINT('',(0.0246450210267046,0.,0.0161971773528816));
#6853=CARTESIAN_POINT('',(0.02477350724044,0.,0.0163925538788198));
#6854=CARTESIAN_POINT('',(0.0249038536674428,0.,0.0165996658724592));
#6855=CARTESIAN_POINT('',(0.025035640004181,0.,0.0168186621884913));
#6856=CARTESIAN_POINT('',(0.0251684407675024,0.,0.0170496795867441));
#6857=CARTESIAN_POINT('',(0.0253018258252328,0.,0.0172928422585942));
#6858=CARTESIAN_POINT('',(0.0254353599063557,0.,0.0175482629560042));
#6859=CARTESIAN_POINT('',(0.0255686060487451,0.,0.0178160380027566));
#6860=CARTESIAN_POINT('',(0.0257011139542438,0.,0.0180962658201989));
#6861=CARTESIAN_POINT('',(0.0258324662165536,0.,0.0183889753504546));
#6862=CARTESIAN_POINT('',(0.0259621029165667,0.,0.018694399603471));
#6863=CARTESIAN_POINT('',(0.0260787359142224,0.,0.0189839761806625));
#6864=CARTESIAN_POINT('',(0.0261505046967335,0.,0.0191742163300236));
#6865=CARTESIAN_POINT('',(0.0261811626099191,0.,0.0192560827894195));
#6866=CARTESIAN_POINT('',(0.0232837970505369,0.,0.0146020074843851));
#6867=CARTESIAN_POINT('',(0.0237536435435382,0.,0.0140516537209815));
#6868=CARTESIAN_POINT('',(0.0231308255690187,0.,0.0136832208743275));
#6869=CARTESIAN_POINT('',(1.66629929887675E-15,0.,9.58032176493677E-16));
#6870=CARTESIAN_POINT('',(0.0234154296672704,0.,0.0131902721161131));
#6871=CARTESIAN_POINT('',(0.0240459108593211,0.,0.0135454318806535));
#6872=CARTESIAN_POINT('',(0.0242876079529965,0.,0.0128633560001336));
#6873=CARTESIAN_POINT('',(0.0237363781640938,0.,0.0126035699962801));
#6874=CARTESIAN_POINT('',(0.0238612673409135,0.,0.0126701285031651));
#6875=CARTESIAN_POINT('',(0.0240143691663121,0.,0.0127517226745686));
#6876=CARTESIAN_POINT('',(0.0240321907905571,0.,0.0127600385445877));
#6877=CARTESIAN_POINT('',(0.0240595579442731,0.,0.0127730087606915));
#6878=CARTESIAN_POINT('',(0.0240933633843387,0.,0.0127879534017867));
#6879=CARTESIAN_POINT('',(0.0241387867858104,0.,0.012807089504073));
#6880=CARTESIAN_POINT('',(0.0241942786054898,0.,0.0128291205814839));
#6881=CARTESIAN_POINT('',(0.0242605166550214,0.,0.0128539153252056));
#6882=CARTESIAN_POINT('',(0.0243374593844044,0.,0.0128809689157635));
#6883=CARTESIAN_POINT('',(0.0244252703608824,0.,0.0129098862946638));
#6884=CARTESIAN_POINT('',(0.02452403542139,0.,0.0129402348208004));
#6885=CARTESIAN_POINT('',(0.0246338471259174,0.,0.0129715887691076));
#6886=CARTESIAN_POINT('',(0.0247547796584004,0.,0.0130035166048946));
#6887=CARTESIAN_POINT('',(0.024886896024421,0.,0.0130355851244334));
#6888=CARTESIAN_POINT('',(0.0250302458632682,0.,0.0130673586904708));
#6889=CARTESIAN_POINT('',(0.0251848659884671,0.,0.0130983998899651));
#6890=CARTESIAN_POINT('',(0.0253507801595725,0.,0.0131282697872536));
#6891=CARTESIAN_POINT('',(0.0255279990859636,0.,0.0131565282951591));
#6892=CARTESIAN_POINT('',(0.0257165203767807,0.,0.0131827345145417));
#6893=CARTESIAN_POINT('',(0.025916328517758,0.,0.0132064470842105));
#6894=CARTESIAN_POINT('',(0.0261273948518781,0.,0.0132272245291434));
#6895=CARTESIAN_POINT('',(0.0263496775705498,0.,0.0132446256094871));
#6896=CARTESIAN_POINT('',(0.0265831217121831,0.,0.0132582096716489));
#6897=CARTESIAN_POINT('',(0.0268276591736047,0.,0.0132675369919061));
#6898=CARTESIAN_POINT('',(0.0270832087149928,0.,0.013272169149377));
#6899=CARTESIAN_POINT('',(0.0273496760322566,0.,0.0132716692849289));
#6900=CARTESIAN_POINT('',(0.0276269536121961,0.,0.0132656027974836));
#6901=CARTESIAN_POINT('',(0.0279149214653669,0.,0.0132535363553021));
#6902=CARTESIAN_POINT('',(0.0282134445295487,0.,0.0132350433761914));
#6903=CARTESIAN_POINT('',(0.0285223828910501,0.,0.0132096846798345));
#6904=CARTESIAN_POINT('',(0.0288415529113364,0.,0.0131770843107113));
#6905=CARTESIAN_POINT('',(0.029170876423387,0.,0.0131366408596773));
#6906=CARTESIAN_POINT('',(0.0294799735944036,0.,0.0130928597099709));
#6907=CARTESIAN_POINT('',(0.0296806107878256,0.,0.0130598932241437));
#6908=CARTESIAN_POINT('',(0.0297668381779731,0.,0.0130455105260914));
#6909=CARTESIAN_POINT('',(0.025696223772168,0.,0.00787208414910999));
#6910=CARTESIAN_POINT('',(0.025831597727558,0.,0.00791333016137209));
#6911=CARTESIAN_POINT('',(0.0259975528584141,0.,0.00796389370841868));
#6912=CARTESIAN_POINT('',(0.0260160348578516,0.,0.00797061529169218));
#6913=CARTESIAN_POINT('',(0.0260445576855863,0.,0.00798079546390598));
#6914=CARTESIAN_POINT('',(0.0260790291985585,0.,0.00799413206275658));
#6915=CARTESIAN_POINT('',(0.0261246796614558,0.,0.0080127199902697));
#6916=CARTESIAN_POINT('',(0.0261794966276856,0.,0.0080363803080312));
#6917=CARTESIAN_POINT('',(0.0262438665331054,0.,0.0080656851506043));
#6918=CARTESIAN_POINT('',(0.026317403036154,0.,0.00810096209897504));
#6919=CARTESIAN_POINT('',(0.0263999424477987,0.,0.00814260616119066));
#6920=CARTESIAN_POINT('',(0.0264912395404583,0.,0.00819098395658969));
#6921=CARTESIAN_POINT('',(0.0265910587308482,0.,0.00824646196804963));
#6922=CARTESIAN_POINT('',(0.0266991473338266,0.,0.00830939779264095));
#6923=CARTESIAN_POINT('',(0.0268152435797739,0.,0.00838014230333125));
#6924=CARTESIAN_POINT('',(0.0269390745269124,0.,0.00845903864245464));
#6925=CARTESIAN_POINT('',(0.0270703569086069,0.,0.00854642213883207));
#6926=CARTESIAN_POINT('',(0.0272087971510167,0.,0.00864261996738965));
#6927=CARTESIAN_POINT('',(0.0273540916381886,0.,0.00874795088942917));
#6928=CARTESIAN_POINT('',(0.027505926916758,0.,0.00886272497712928));
#6929=CARTESIAN_POINT('',(0.0276639799269916,0.,0.00898724334973843));
#6930=CARTESIAN_POINT('',(0.0278279182353358,0.,0.00912179791366719));
#6931=CARTESIAN_POINT('',(0.0279974002749602,0.,0.00926667110946943));
#6932=CARTESIAN_POINT('',(0.028172075593008,0.,0.00942213566257599));
#6933=CARTESIAN_POINT('',(0.0283515851016375,0.,0.00958845434839714));
#6934=CARTESIAN_POINT('',(0.0285355613452414,0.,0.00976587973208256));
#6935=CARTESIAN_POINT('',(0.0287236287347023,0.,0.00995465403662533));
#6936=CARTESIAN_POINT('',(0.0289154039373379,0.,0.0101550085480821));
#6937=CARTESIAN_POINT('',(0.0291104956959875,0.,0.0103671648329143));
#6938=CARTESIAN_POINT('',(0.0293085068680774,0.,0.0105913290268714));
#6939=CARTESIAN_POINT('',(0.0295090279723077,0.,0.0108277127434137));
#6940=CARTESIAN_POINT('',(0.0297116633159274,0.,0.0110764519711857));
#6941=CARTESIAN_POINT('',(0.0299159323660219,0.,0.0113379166982416));
#6942=CARTESIAN_POINT('',(0.0301035391238478,0.,0.0115874393517586));
#6943=CARTESIAN_POINT('',(0.0302221002181943,0.,0.0117526220974659));
#6944=CARTESIAN_POINT('',(0.0302729020871671,0.,0.0118237641730877));
#6945=CARTESIAN_POINT('',(0.0262696985388753,0.,0.00807816602585297));
#6946=CARTESIAN_POINT('',(0.0265810933653438,0.,0.00742495989152269));
#6947=CARTESIAN_POINT('',(0.025884139961123,0.,0.00723027824312419));
#6948=CARTESIAN_POINT('',(1.85747850021E-15,0.,4.94118028300889E-16));
#6949=CARTESIAN_POINT('',(0.0260314618830065,0.,0.00668046534558605));
#6950=CARTESIAN_POINT('',(0.0267323820605151,0.,0.00686034279453271));
#6951=CARTESIAN_POINT('',(0.0267893092973514,0.,0.00613895227506058));
#6952=CARTESIAN_POINT('',(0.026189624642582,0.,0.00603068703222593));
#6953=CARTESIAN_POINT('',(0.0263274849330917,0.,0.00606265391549719));
#6954=CARTESIAN_POINT('',(0.0264964880658247,0.,0.00610184216467745));
#6955=CARTESIAN_POINT('',(0.026515854738487,0.,0.00610526210252762));
#6956=CARTESIAN_POINT('',(0.0265456463179999,0.,0.00611070722864294));
#6957=CARTESIAN_POINT('',(0.026582167823366,0.,0.00611639315172432));
#6958=CARTESIAN_POINT('',(0.0266309962476863,0.,0.00612312076574294));
#6959=CARTESIAN_POINT('',(0.0266902992918804,0.,0.00613003881261477));
#6960=CARTESIAN_POINT('',(0.0267606976864997,0.,0.00613684502720246));
#6961=CARTESIAN_POINT('',(0.0268420206404306,0.,0.00614306254526973));
#6962=CARTESIAN_POINT('',(0.0269343238988362,0.,0.00614826743529656));
#6963=CARTESIAN_POINT('',(0.0270375783980705,0.,0.00615201958183169));
#6964=CARTESIAN_POINT('',(0.0271517633584633,0.,0.00615388380975088));
#6965=CARTESIAN_POINT('',(0.0272768387467979,0.,0.0061534240883359));
#6966=CARTESIAN_POINT('',(0.0274127533004174,0.,0.00615020566787345));
#6967=CARTESIAN_POINT('',(0.0275594422159757,0.,0.00614379490749625));
#6968=CARTESIAN_POINT('',(0.0277168278417812,0.,0.00613375977060918));
#6969=CARTESIAN_POINT('',(0.0278848195228929,0.,0.00611967012849425));
#6970=CARTESIAN_POINT('',(0.0280633137008334,0.,0.00610109811778997));
#6971=CARTESIAN_POINT('',(0.0282521939531152,0.,0.00607761848143019));
#6972=CARTESIAN_POINT('',(0.0284513310614267,0.,0.00604880891262954));
#6973=CARTESIAN_POINT('',(0.0286605830830707,0.,0.00601425039624424));
#6974=CARTESIAN_POINT('',(0.0288797954327716,0.,0.00597352754816422));
#6975=CARTESIAN_POINT('',(0.0291088009721685,0.,0.00592622895480986));
#6976=CARTESIAN_POINT('',(0.0293474201097731,0.,0.00587194750207946));
#6977=CARTESIAN_POINT('',(0.0295954609022695,0.,0.00581028073433362));
#6978=CARTESIAN_POINT('',(0.0298527191914375,0.,0.00574083108574828));
#6979=CARTESIAN_POINT('',(0.0301189786444643,0.,0.00566320659038176));
#6980=CARTESIAN_POINT('',(0.0303940112059398,0.,0.00557701973746929));
#6981=CARTESIAN_POINT('',(0.0306775760081815,0.,0.00548189343692858));
#6982=CARTESIAN_POINT('',(0.030969424236711,0.,0.00537743968547708));
#6983=CARTESIAN_POINT('',(0.0312692812058762,0.,0.00526334286711865));
#6984=CARTESIAN_POINT('',(0.0315769157559928,0.,0.0051390422963419));
#6985=CARTESIAN_POINT('',(0.0318641493009501,0.,0.00501675271848947));
#6986=CARTESIAN_POINT('',(0.0320494175934085,0.,0.00493298081161338));
#6987=CARTESIAN_POINT('',(0.0321289843403096,0.,0.00489677090133335));
#6988=CARTESIAN_POINT('',(0.0268580914820795,0.,0.000953177286892936));
#6989=CARTESIAN_POINT('',(0.0269995279353057,0.,0.000957980517502519));
#6990=CARTESIAN_POINT('',(0.0271729150911683,0.,0.000963868804965559));
#6991=CARTESIAN_POINT('',(0.0271925070055108,0.,0.000965577862397026));
#6992=CARTESIAN_POINT('',(0.0272226927639099,0.,0.00096802890261648));
#6993=CARTESIAN_POINT('',(0.0272594414543404,0.,0.000971989183810433));
#6994=CARTESIAN_POINT('',(0.0273083473250844,0.,0.000978128533836959));
#6995=CARTESIAN_POINT('',(0.0273674201893345,0.,0.000986794970965981));
#6996=CARTESIAN_POINT('',(0.0274371813947868,0.,0.000998441117788584));
#6997=CARTESIAN_POINT('',(0.027517342548348,0.,0.00101348338579332));
#6998=CARTESIAN_POINT('',(0.0276078477741591,0.,0.00103234568929378));
#6999=CARTESIAN_POINT('',(0.0277085550886334,0.,0.00105544562494584));
#7000=CARTESIAN_POINT('',(0.0278193317885405,0.,0.00108319816146654));
#7001=CARTESIAN_POINT('',(0.0279400263517083,0.,0.00111601411082876));
#7002=CARTESIAN_POINT('',(0.0280704767407072,0.,0.00115430014125663));
#7003=CARTESIAN_POINT('',(0.0282105081257961,0.,0.00119845834532305));
#7004=CARTESIAN_POINT('',(0.0283599336819018,0.,0.00124888594059647));
#7005=CARTESIAN_POINT('',(0.0285185545175712,0.,0.00130597493628893));
#7006=CARTESIAN_POINT('',(0.0286861598638101,0.,0.00137011181376523));
#7007=CARTESIAN_POINT('',(0.0288625272005031,0.,0.00144167720745133));
#7008=CARTESIAN_POINT('',(0.0290474224113068,0.,0.00152104559021777));
#7009=CARTESIAN_POINT('',(0.0292405999410049,0.,0.00160858496214024));
#7010=CARTESIAN_POINT('',(0.0294418029623686,0.,0.00170465654384506));
#7011=CARTESIAN_POINT('',(0.0296507635504686,0.,0.00180961447174305));
#7012=CARTESIAN_POINT('',(0.0298672028643653,0.,0.00192380550616185));
#7013=CARTESIAN_POINT('',(0.0300908313378683,0.,0.00204756871081173));
#7014=CARTESIAN_POINT('',(0.030321348871673,0.,0.00218123526475417));
#7015=CARTESIAN_POINT('',(0.0305584450560779,0.,0.00232512778696326));
#7016=CARTESIAN_POINT('',(0.0308017993113063,0.,0.00247956155901119));
#7017=CARTESIAN_POINT('',(0.031051081378948,0.,0.00264483848080367));
#7018=CARTESIAN_POINT('',(0.0313059505000333,0.,0.00282126893680632));
#7019=CARTESIAN_POINT('',(0.031566059661166,0.,0.00300908669478282));
#7020=CARTESIAN_POINT('',(0.0318310404631484,0.,0.00320877350682028));
#7021=CARTESIAN_POINT('',(0.0320768358906335,0.,0.0034012376801812));
#7022=CARTESIAN_POINT('',(0.0322341095541673,0.,0.00353010609109213));
#7023=CARTESIAN_POINT('',(0.0323015933155109,0.,0.00358567556805408));
#7024=CARTESIAN_POINT('',(0.0274653634845187,0.,0.00100381090245953));
#7025=CARTESIAN_POINT('',(0.0275970856016351,0.,0.000292267315783003));
#7026=CARTESIAN_POINT('',(0.0268734929904406,0.,0.000284604098251739));
#7027=CARTESIAN_POINT('',(1.9220736113823E-15,0.,-3.46944695195361E-18));
#7028=CARTESIAN_POINT('',(0.0268734929904406,0.,-0.000284604098251735));
#7029=CARTESIAN_POINT('',(0.027597085601635,0.,-0.000292267315782999));
#7030=CARTESIAN_POINT('',(0.0274653634845187,0.,-0.00100381090245953));
#7031=CARTESIAN_POINT('',(0.0268580914820795,0.,-0.000953177286892936));
#7032=CARTESIAN_POINT('',(0.0269995279353057,0.,-0.000957980517502519));
#7033=CARTESIAN_POINT('',(0.0271729150911683,0.,-0.000963868804965559));
#7034=CARTESIAN_POINT('',(0.0271925070055108,0.,-0.000965577862397026));
#7035=CARTESIAN_POINT('',(0.0272226927639099,0.,-0.00096802890261648));
#7036=CARTESIAN_POINT('',(0.0272594414543404,0.,-0.000971989183810433));
#7037=CARTESIAN_POINT('',(0.0273083473250844,0.,-0.000978128533836959));
#7038=CARTESIAN_POINT('',(0.0273674201893345,0.,-0.000986794970965981));
#7039=CARTESIAN_POINT('',(0.0274371813947868,0.,-0.000998441117788584));
#7040=CARTESIAN_POINT('',(0.027517342548348,0.,-0.00101348338579332));
#7041=CARTESIAN_POINT('',(0.0276078477741591,0.,-0.00103234568929378));
#7042=CARTESIAN_POINT('',(0.0277085550886334,0.,-0.00105544562494584));
#7043=CARTESIAN_POINT('',(0.0278193317885405,0.,-0.00108319816146654));
#7044=CARTESIAN_POINT('',(0.0279400263517083,0.,-0.00111601411082876));
#7045=CARTESIAN_POINT('',(0.0280704767407072,0.,-0.00115430014125663));
#7046=CARTESIAN_POINT('',(0.0282105081257961,0.,-0.00119845834532305));
#7047=CARTESIAN_POINT('',(0.0283599336819018,0.,-0.00124888594059647));
#7048=CARTESIAN_POINT('',(0.0285185545175712,0.,-0.00130597493628893));
#7049=CARTESIAN_POINT('',(0.0286861598638101,0.,-0.00137011181376523));
#7050=CARTESIAN_POINT('',(0.0288625272005031,0.,-0.00144167720745133));
#7051=CARTESIAN_POINT('',(0.0290474224113068,0.,-0.00152104559021777));
#7052=CARTESIAN_POINT('',(0.0292405999410049,0.,-0.00160858496214024));
#7053=CARTESIAN_POINT('',(0.0294418029623686,0.,-0.00170465654384506));
#7054=CARTESIAN_POINT('',(0.0296507635504686,0.,-0.00180961447174305));
#7055=CARTESIAN_POINT('',(0.0298672028643653,0.,-0.00192380550616185));
#7056=CARTESIAN_POINT('',(0.0300908313378683,0.,-0.00204756871081173));
#7057=CARTESIAN_POINT('',(0.030321348871673,0.,-0.00218123526475417));
#7058=CARTESIAN_POINT('',(0.0305584450560779,0.,-0.00232512778696326));
#7059=CARTESIAN_POINT('',(0.0308017993113063,0.,-0.00247956155901119));
#7060=CARTESIAN_POINT('',(0.031051081378948,0.,-0.00264483848080367));
#7061=CARTESIAN_POINT('',(0.0313059505000333,0.,-0.00282126893680632));
#7062=CARTESIAN_POINT('',(0.031566059661166,0.,-0.00300908669478282));
#7063=CARTESIAN_POINT('',(0.0318310404631484,0.,-0.00320877350682028));
#7064=CARTESIAN_POINT('',(0.0320768358906335,0.,-0.0034012376801812));
#7065=CARTESIAN_POINT('',(0.0322341095541673,0.,-0.00353010609109213));
#7066=CARTESIAN_POINT('',(0.0323015933155109,0.,-0.00358567556805408));
#7067=CARTESIAN_POINT('',(0.026189624642582,0.,-0.00603068703222593));
#7068=CARTESIAN_POINT('',(0.0263274849330917,0.,-0.00606265391549719));
#7069=CARTESIAN_POINT('',(0.0264964880658247,0.,-0.00610184216467745));
#7070=CARTESIAN_POINT('',(0.026515854738487,0.,-0.00610526210252762));
#7071=CARTESIAN_POINT('',(0.0265456463179999,0.,-0.00611070722864294));
#7072=CARTESIAN_POINT('',(0.026582167823366,0.,-0.00611639315172432));
#7073=CARTESIAN_POINT('',(0.0266309962476863,0.,-0.00612312076574294));
#7074=CARTESIAN_POINT('',(0.0266902992918804,0.,-0.00613003881261477));
#7075=CARTESIAN_POINT('',(0.0267606976864997,0.,-0.00613684502720246));
#7076=CARTESIAN_POINT('',(0.0268420206404306,0.,-0.00614306254526973));
#7077=CARTESIAN_POINT('',(0.0269343238988362,0.,-0.00614826743529656));
#7078=CARTESIAN_POINT('',(0.0270375783980705,0.,-0.00615201958183169));
#7079=CARTESIAN_POINT('',(0.0271517633584633,0.,-0.00615388380975088));
#7080=CARTESIAN_POINT('',(0.0272768387467979,0.,-0.00615342408833589));
#7081=CARTESIAN_POINT('',(0.0274127533004174,0.,-0.00615020566787345));
#7082=CARTESIAN_POINT('',(0.0275594422159757,0.,-0.00614379490749625));
#7083=CARTESIAN_POINT('',(0.0277168278417812,0.,-0.00613375977060917));
#7084=CARTESIAN_POINT('',(0.0278848195228929,0.,-0.00611967012849425));
#7085=CARTESIAN_POINT('',(0.0280633137008334,0.,-0.00610109811778997));
#7086=CARTESIAN_POINT('',(0.0282521939531152,0.,-0.00607761848143019));
#7087=CARTESIAN_POINT('',(0.0284513310614267,0.,-0.00604880891262954));
#7088=CARTESIAN_POINT('',(0.0286605830830707,0.,-0.00601425039624424));
#7089=CARTESIAN_POINT('',(0.0288797954327716,0.,-0.00597352754816421));
#7090=CARTESIAN_POINT('',(0.0291088009721685,0.,-0.00592622895480986));
#7091=CARTESIAN_POINT('',(0.0293474201097731,0.,-0.00587194750207946));
#7092=CARTESIAN_POINT('',(0.0295954609022695,0.,-0.00581028073433362));
#7093=CARTESIAN_POINT('',(0.0298527191914375,0.,-0.00574083108574827));
#7094=CARTESIAN_POINT('',(0.0301189786444643,0.,-0.00566320659038176));
#7095=CARTESIAN_POINT('',(0.0303940112059398,0.,-0.00557701973746928));
#7096=CARTESIAN_POINT('',(0.0306775760081815,0.,-0.00548189343692858));
#7097=CARTESIAN_POINT('',(0.030969424236711,0.,-0.00537743968547707));
#7098=CARTESIAN_POINT('',(0.0312692812058762,0.,-0.00526334286711865));
#7099=CARTESIAN_POINT('',(0.0315769157559928,0.,-0.0051390422963419));
#7100=CARTESIAN_POINT('',(0.0318641493009501,0.,-0.00501675271848946));
#7101=CARTESIAN_POINT('',(0.0320494175934085,0.,-0.00493298081161338));
#7102=CARTESIAN_POINT('',(0.0321289843403096,0.,-0.00489677090133335));
#7103=CARTESIAN_POINT('',(0.0267893092973514,0.,-0.00613895227506058));
#7104=CARTESIAN_POINT('',(0.0267323820605151,0.,-0.00686034279453271));
#7105=CARTESIAN_POINT('',(0.0260314618830066,0.,-0.00668046534558605));
#7106=CARTESIAN_POINT('',(1.85568258231572E-15,0.,-5.00820485128553E-16));
#7107=CARTESIAN_POINT('',(0.025884139961123,0.,-0.00723027824312417));
#7108=CARTESIAN_POINT('',(0.0265810933653438,0.,-0.00742495989152267));
#7109=CARTESIAN_POINT('',(0.0262696985388753,0.,-0.00807816602585297));
#7110=CARTESIAN_POINT('',(0.025696223772168,0.,-0.00787208414910999));
#7111=CARTESIAN_POINT('',(0.025831597727558,0.,-0.00791333016137209));
#7112=CARTESIAN_POINT('',(0.0259975528584141,0.,-0.00796389370841868));
#7113=CARTESIAN_POINT('',(0.0260160348578516,0.,-0.00797061529169218));
#7114=CARTESIAN_POINT('',(0.0260445576855863,0.,-0.00798079546390598));
#7115=CARTESIAN_POINT('',(0.0260790291985585,0.,-0.00799413206275658));
#7116=CARTESIAN_POINT('',(0.0261246796614558,0.,-0.0080127199902697));
#7117=CARTESIAN_POINT('',(0.0261794966276856,0.,-0.0080363803080312));
#7118=CARTESIAN_POINT('',(0.0262438665331054,0.,-0.0080656851506043));
#7119=CARTESIAN_POINT('',(0.026317403036154,0.,-0.00810096209897504));
#7120=CARTESIAN_POINT('',(0.0263999424477987,0.,-0.00814260616119066));
#7121=CARTESIAN_POINT('',(0.0264912395404583,0.,-0.00819098395658968));
#7122=CARTESIAN_POINT('',(0.0265910587308482,0.,-0.00824646196804963));
#7123=CARTESIAN_POINT('',(0.0266991473338266,0.,-0.00830939779264095));
#7124=CARTESIAN_POINT('',(0.0268152435797739,0.,-0.00838014230333125));
#7125=CARTESIAN_POINT('',(0.0269390745269124,0.,-0.00845903864245464));
#7126=CARTESIAN_POINT('',(0.0270703569086069,0.,-0.00854642213883207));
#7127=CARTESIAN_POINT('',(0.0272087971510167,0.,-0.00864261996738964));
#7128=CARTESIAN_POINT('',(0.0273540916381886,0.,-0.00874795088942917));
#7129=CARTESIAN_POINT('',(0.027505926916758,0.,-0.00886272497712928));
#7130=CARTESIAN_POINT('',(0.0276639799269916,0.,-0.00898724334973843));
#7131=CARTESIAN_POINT('',(0.0278279182353358,0.,-0.00912179791366719));
#7132=CARTESIAN_POINT('',(0.0279974002749602,0.,-0.00926667110946942));
#7133=CARTESIAN_POINT('',(0.028172075593008,0.,-0.00942213566257599));
#7134=CARTESIAN_POINT('',(0.0283515851016375,0.,-0.00958845434839714));
#7135=CARTESIAN_POINT('',(0.0285355613452414,0.,-0.00976587973208256));
#7136=CARTESIAN_POINT('',(0.0287236287347023,0.,-0.00995465403662533));
#7137=CARTESIAN_POINT('',(0.0289154039373379,0.,-0.0101550085480821));
#7138=CARTESIAN_POINT('',(0.0291104956959875,0.,-0.0103671648329143));
#7139=CARTESIAN_POINT('',(0.0293085068680774,0.,-0.0105913290268714));
#7140=CARTESIAN_POINT('',(0.0295090279723077,0.,-0.0108277127434137));
#7141=CARTESIAN_POINT('',(0.0297116633159274,0.,-0.0110764519711857));
#7142=CARTESIAN_POINT('',(0.0299159323660219,0.,-0.0113379166982416));
#7143=CARTESIAN_POINT('',(0.0301035391238478,0.,-0.0115874393517585));
#7144=CARTESIAN_POINT('',(0.0302221002181943,0.,-0.0117526220974659));
#7145=CARTESIAN_POINT('',(0.0302729020871671,0.,-0.0118237641730877));
#7146=CARTESIAN_POINT('',(0.0237363781640938,0.,-0.0126035699962801));
#7147=CARTESIAN_POINT('',(0.0238612673409135,0.,-0.0126701285031651));
#7148=CARTESIAN_POINT('',(0.0240143691663121,0.,-0.0127517226745687));
#7149=CARTESIAN_POINT('',(0.0240321907905571,0.,-0.0127600385445877));
#7150=CARTESIAN_POINT('',(0.024059557944273,0.,-0.0127730087606915));
#7151=CARTESIAN_POINT('',(0.0240933633843386,0.,-0.0127879534017867));
#7152=CARTESIAN_POINT('',(0.0241387867858104,0.,-0.012807089504073));
#7153=CARTESIAN_POINT('',(0.0241942786054898,0.,-0.012829120581484));
#7154=CARTESIAN_POINT('',(0.0242605166550214,0.,-0.0128539153252056));
#7155=CARTESIAN_POINT('',(0.0243374593844044,0.,-0.0128809689157635));
#7156=CARTESIAN_POINT('',(0.0244252703608824,0.,-0.0129098862946638));
#7157=CARTESIAN_POINT('',(0.02452403542139,0.,-0.0129402348208005));
#7158=CARTESIAN_POINT('',(0.0246338471259174,0.,-0.0129715887691076));
#7159=CARTESIAN_POINT('',(0.0247547796584004,0.,-0.0130035166048946));
#7160=CARTESIAN_POINT('',(0.024886896024421,0.,-0.0130355851244334));
#7161=CARTESIAN_POINT('',(0.0250302458632682,0.,-0.0130673586904708));
#7162=CARTESIAN_POINT('',(0.0251848659884671,0.,-0.0130983998899651));
#7163=CARTESIAN_POINT('',(0.0253507801595725,0.,-0.0131282697872536));
#7164=CARTESIAN_POINT('',(0.0255279990859636,0.,-0.0131565282951592));
#7165=CARTESIAN_POINT('',(0.0257165203767807,0.,-0.0131827345145417));
#7166=CARTESIAN_POINT('',(0.025916328517758,0.,-0.0132064470842105));
#7167=CARTESIAN_POINT('',(0.0261273948518781,0.,-0.0132272245291434));
#7168=CARTESIAN_POINT('',(0.0263496775705497,0.,-0.0132446256094871));
#7169=CARTESIAN_POINT('',(0.026583121712183,0.,-0.0132582096716489));
#7170=CARTESIAN_POINT('',(0.0268276591736046,0.,-0.0132675369919061));
#7171=CARTESIAN_POINT('',(0.0270832087149928,0.,-0.0132721691493771));
#7172=CARTESIAN_POINT('',(0.0273496760322566,0.,-0.0132716692849289));
#7173=CARTESIAN_POINT('',(0.0276269536121961,0.,-0.0132656027974837));
#7174=CARTESIAN_POINT('',(0.0279149214653669,0.,-0.0132535363553021));
#7175=CARTESIAN_POINT('',(0.0282134445295487,0.,-0.0132350433761914));
#7176=CARTESIAN_POINT('',(0.0285223828910501,0.,-0.0132096846798345));
#7177=CARTESIAN_POINT('',(0.0288415529113363,0.,-0.0131770843107113));
#7178=CARTESIAN_POINT('',(0.029170876423387,0.,-0.0131366408596773));
#7179=CARTESIAN_POINT('',(0.0294799735944036,0.,-0.013092859709971));
#7180=CARTESIAN_POINT('',(0.0296806107878256,0.,-0.0130598932241437));
#7181=CARTESIAN_POINT('',(0.0297668381779731,0.,-0.0130455105260914));
#7182=CARTESIAN_POINT('',(0.0242876079529965,0.,-0.0128633560001336));
#7183=CARTESIAN_POINT('',(0.0240459108593212,0.,-0.0135454318806536));
#7184=CARTESIAN_POINT('',(0.0234154296672704,0.,-0.0131902721161131));
#7185=CARTESIAN_POINT('',(1.6628298519248E-15,0.,-9.64041434888626E-16));
#7186=CARTESIAN_POINT('',(0.0231308255690187,0.,-0.0136832208743275));
#7187=CARTESIAN_POINT('',(0.0237536435435381,0.,-0.0140516537209815));
#7188=CARTESIAN_POINT('',(0.0232837970505369,0.,-0.0146020074843851));
#7189=CARTESIAN_POINT('',(0.0227832008772008,0.,-0.0142545214857994));
#7190=CARTESIAN_POINT('',(0.022903286823411,0.,-0.0143293994321406));
#7191=CARTESIAN_POINT('',(0.0230505003613465,0.,-0.0144211924165997));
#7192=CARTESIAN_POINT('',(0.0230666129281601,0.,-0.0144324684609231));
#7193=CARTESIAN_POINT('',(0.0230915290416565,0.,-0.0144496840032184));
#7194=CARTESIAN_POINT('',(0.0231213742005282,0.,-0.0144714880525537));
#7195=CARTESIAN_POINT('',(0.0231606582519734,0.,-0.0145012578210114));
#7196=CARTESIAN_POINT('',(0.0232074836345237,0.,-0.0145382996078505));
#7197=CARTESIAN_POINT('',(0.0232620755372328,0.,-0.0145832660695813));
#7198=CARTESIAN_POINT('',(0.0233239759986111,0.,-0.0146363736325845));
#7199=CARTESIAN_POINT('',(0.0233929246715886,0.,-0.0146979614794953));
#7200=CARTESIAN_POINT('',(0.0234685897964442,0.,-0.0147683202678329));
#7201=CARTESIAN_POINT('',(0.0235506489644508,0.,-0.0148477430194329));
#7202=CARTESIAN_POINT('',(0.0236387655475717,0.,-0.0149365097468138));
#7203=CARTESIAN_POINT('',(0.0237325958831643,0.,-0.0150348916162738));
#7204=CARTESIAN_POINT('',(0.0238317875179452,0.,-0.0151431494353253));
#7205=CARTESIAN_POINT('',(0.0239359800478706,0.,-0.0152615337919367));
#7206=CARTESIAN_POINT('',(0.0240448052232836,0.,-0.0153902847303176));
#7207=CARTESIAN_POINT('',(0.0241578872721984,0.,-0.0155296315686509));
#7208=CARTESIAN_POINT('',(0.0242748431693293,0.,-0.0156797926859614));
#7209=CARTESIAN_POINT('',(0.0243952829275403,0.,-0.0158409753270963));
#7210=CARTESIAN_POINT('',(0.0245188098897379,0.,-0.0160133754118615));
#7211=CARTESIAN_POINT('',(0.0246450210267046,0.,-0.0161971773528816));
#7212=CARTESIAN_POINT('',(0.02477350724044,0.,-0.0163925538788198));
#7213=CARTESIAN_POINT('',(0.0249038536674428,0.,-0.0165996658724592));
#7214=CARTESIAN_POINT('',(0.025035640004181,0.,-0.0168186621884913));
#7215=CARTESIAN_POINT('',(0.0251684407675024,0.,-0.0170496795867441));
#7216=CARTESIAN_POINT('',(0.0253018258252328,0.,-0.0172928422585942));
#7217=CARTESIAN_POINT('',(0.0254353599063557,0.,-0.0175482629560042));
#7218=CARTESIAN_POINT('',(0.0255686060487451,0.,-0.0178160380027566));
#7219=CARTESIAN_POINT('',(0.0257011139542438,0.,-0.0180962658201989));
#7220=CARTESIAN_POINT('',(0.0258324662165536,0.,-0.0183889753504547));
#7221=CARTESIAN_POINT('',(0.0259621029165667,0.,-0.0186943996034711));
#7222=CARTESIAN_POINT('',(0.0260787359142224,0.,-0.0189839761806625));
#7223=CARTESIAN_POINT('',(0.0261505046967335,0.,-0.0191742163300237));
#7224=CARTESIAN_POINT('',(0.026181162609919,0.,-0.0192560827894195));
#7225=CARTESIAN_POINT('',(0.019665536739942,0.,-0.0183175404934721));
#7226=CARTESIAN_POINT('',(0.0197689438120609,0.,-0.0184141547717196));
#7227=CARTESIAN_POINT('',(0.0198957106937367,0.,-0.0185325943574061));
#7228=CARTESIAN_POINT('',(0.0199107727553239,0.,-0.0185452394467948));
#7229=CARTESIAN_POINT('',(0.0199338504569433,0.,-0.0185648508540939));
#7230=CARTESIAN_POINT('',(0.0199626360468341,0.,-0.0185880357606094));
#7231=CARTESIAN_POINT('',(0.0200015588957129,0.,-0.0186182762574165));
#7232=CARTESIAN_POINT('',(0.0200494578150709,0.,-0.0186539189838492));
#7233=CARTESIAN_POINT('',(0.0201070215059029,0.,-0.0186950125358953));
#7234=CARTESIAN_POINT('',(0.0201743404908843,0.,-0.0187410585414556));
#7235=CARTESIAN_POINT('',(0.0202516750125022,0.,-0.0187917177376455));
#7236=CARTESIAN_POINT('',(0.0203392199586266,0.,-0.0188465944414808));
#7237=CARTESIAN_POINT('',(0.0204371749210973,0.,-0.0189053013904137));
#7238=CARTESIAN_POINT('',(0.0205457232454907,0.,-0.0189674409541569));
#7239=CARTESIAN_POINT('',(0.0206650379119004,0.,-0.0190326109970862));
#7240=CARTESIAN_POINT('',(0.0207952796194161,0.,-0.0191004035735211));
#7241=CARTESIAN_POINT('',(0.0209365971379978,0.,-0.0191704057029492));
#7242=CARTESIAN_POINT('',(0.0210891270225224,0.,-0.0192421995555032));
#7243=CARTESIAN_POINT('',(0.0212529935203986,0.,-0.0193153628114043));
#7244=CARTESIAN_POINT('',(0.0214283084353278,0.,-0.019389468975986));
#7245=CARTESIAN_POINT('',(0.021615171014362,0.,-0.0194640877116883));
#7246=CARTESIAN_POINT('',(0.0218136678390916,0.,-0.0195387851694035));
#7247=CARTESIAN_POINT('',(0.0220238727267959,0.,-0.0196131243233022));
#7248=CARTESIAN_POINT('',(0.0222458466381982,0.,-0.0196866653095925));
#7249=CARTESIAN_POINT('',(0.022479637599558,0.,-0.019758965761376));
#7250=CARTESIAN_POINT('',(0.0227252806109078,0.,-0.019829581170187));
#7251=CARTESIAN_POINT('',(0.0229827976489539,0.,-0.0198980651548122));
#7252=CARTESIAN_POINT('',(0.0232521973469562,0.,-0.0199639700963822));
#7253=CARTESIAN_POINT('',(0.0235334759585181,0.,-0.0200268463730255));
#7254=CARTESIAN_POINT('',(0.0238266134311489,0.,-0.0200862469813101));
#7255=CARTESIAN_POINT('',(0.0241315882868307,0.,-0.0201417114932972));
#7256=CARTESIAN_POINT('',(0.0244483204488087,0.,-0.0201928292346905));
#7257=CARTESIAN_POINT('',(0.0247768900696799,0.,-0.0202389990577513));
#7258=CARTESIAN_POINT('',(0.0250867864053583,0.,-0.0202767099491916));
#7259=CARTESIAN_POINT('',(0.025289119406581,0.,-0.0202967954959426));
#7260=CARTESIAN_POINT('',(0.0253761311858338,0.,-0.0203052201672219));
#7261=CARTESIAN_POINT('',(0.0201307462638146,0.,-0.0187111432714985));
#7262=CARTESIAN_POINT('',(0.0197207505708111,0.,-0.0193074221689924));
#7263=CARTESIAN_POINT('',(0.019203674615537,0.,-0.0188011836398824));
#7264=CARTESIAN_POINT('',(1.35665801508145E-15,0.,-1.36156455401484E-15));
#7265=CARTESIAN_POINT('',(0.0188011836398824,0.,-0.0192036746155369));
#7266=CARTESIAN_POINT('',(0.0193074221689923,0.,-0.0197207505708111));
#7267=CARTESIAN_POINT('',(0.0187111432714985,0.,-0.0201307462638147));
#7268=CARTESIAN_POINT('',(0.018317540493472,0.,-0.019665536739942));
#7269=CARTESIAN_POINT('',(0.0184141547717196,0.,-0.0197689438120609));
#7270=CARTESIAN_POINT('',(0.0185325943574061,0.,-0.0198957106937367));
#7271=CARTESIAN_POINT('',(0.0185452394467948,0.,-0.0199107727553239));
#7272=CARTESIAN_POINT('',(0.0185648508540939,0.,-0.0199338504569433));
#7273=CARTESIAN_POINT('',(0.0185880357606094,0.,-0.0199626360468341));
#7274=CARTESIAN_POINT('',(0.0186182762574165,0.,-0.0200015588957129));
#7275=CARTESIAN_POINT('',(0.0186539189838492,0.,-0.0200494578150709));
#7276=CARTESIAN_POINT('',(0.0186950125358953,0.,-0.0201070215059029));
#7277=CARTESIAN_POINT('',(0.0187410585414556,0.,-0.0201743404908844));
#7278=CARTESIAN_POINT('',(0.0187917177376455,0.,-0.0202516750125022));
#7279=CARTESIAN_POINT('',(0.0188465944414808,0.,-0.0203392199586266));
#7280=CARTESIAN_POINT('',(0.0189053013904137,0.,-0.0204371749210973));
#7281=CARTESIAN_POINT('',(0.0189674409541569,0.,-0.0205457232454907));
#7282=CARTESIAN_POINT('',(0.0190326109970862,0.,-0.0206650379119004));
#7283=CARTESIAN_POINT('',(0.0191004035735211,0.,-0.0207952796194161));
#7284=CARTESIAN_POINT('',(0.0191704057029492,0.,-0.0209365971379978));
#7285=CARTESIAN_POINT('',(0.0192421995555032,0.,-0.0210891270225224));
#7286=CARTESIAN_POINT('',(0.0193153628114043,0.,-0.0212529935203986));
#7287=CARTESIAN_POINT('',(0.019389468975986,0.,-0.0214283084353279));
#7288=CARTESIAN_POINT('',(0.0194640877116883,0.,-0.021615171014362));
#7289=CARTESIAN_POINT('',(0.0195387851694034,0.,-0.0218136678390916));
#7290=CARTESIAN_POINT('',(0.0196131243233022,0.,-0.0220238727267959));
#7291=CARTESIAN_POINT('',(0.0196866653095925,0.,-0.0222458466381982));
#7292=CARTESIAN_POINT('',(0.0197589657613759,0.,-0.022479637599558));
#7293=CARTESIAN_POINT('',(0.019829581170187,0.,-0.0227252806109078));
#7294=CARTESIAN_POINT('',(0.0198980651548122,0.,-0.022982797648954));
#7295=CARTESIAN_POINT('',(0.0199639700963822,0.,-0.0232521973469562));
#7296=CARTESIAN_POINT('',(0.0200268463730255,0.,-0.0235334759585181));
#7297=CARTESIAN_POINT('',(0.02008624698131,0.,-0.0238266134311489));
#7298=CARTESIAN_POINT('',(0.0201417114932972,0.,-0.0241315882868307));
#7299=CARTESIAN_POINT('',(0.0201928292346905,0.,-0.0244483204488087));
#7300=CARTESIAN_POINT('',(0.0202389990577512,0.,-0.0247768900696799));
#7301=CARTESIAN_POINT('',(0.0202767099491916,0.,-0.0250867864053583));
#7302=CARTESIAN_POINT('',(0.0202967954959426,0.,-0.025289119406581));
#7303=CARTESIAN_POINT('',(0.0203052201672219,0.,-0.0253761311858338));
#7304=CARTESIAN_POINT('',(0.0142545214857994,0.,-0.0227832008772008));
#7305=CARTESIAN_POINT('',(0.0143293994321406,0.,-0.022903286823411));
#7306=CARTESIAN_POINT('',(0.0144211924165997,0.,-0.0230505003613465));
#7307=CARTESIAN_POINT('',(0.0144324684609231,0.,-0.0230666129281601));
#7308=CARTESIAN_POINT('',(0.0144496840032184,0.,-0.0230915290416565));
#7309=CARTESIAN_POINT('',(0.0144714880525537,0.,-0.0231213742005282));
#7310=CARTESIAN_POINT('',(0.0145012578210114,0.,-0.0231606582519734));
#7311=CARTESIAN_POINT('',(0.0145382996078505,0.,-0.0232074836345237));
#7312=CARTESIAN_POINT('',(0.0145832660695813,0.,-0.0232620755372328));
#7313=CARTESIAN_POINT('',(0.0146363736325845,0.,-0.0233239759986111));
#7314=CARTESIAN_POINT('',(0.0146979614794953,0.,-0.0233929246715886));
#7315=CARTESIAN_POINT('',(0.0147683202678329,0.,-0.0234685897964442));
#7316=CARTESIAN_POINT('',(0.0148477430194329,0.,-0.0235506489644508));
#7317=CARTESIAN_POINT('',(0.0149365097468138,0.,-0.0236387655475717));
#7318=CARTESIAN_POINT('',(0.0150348916162738,0.,-0.0237325958831643));
#7319=CARTESIAN_POINT('',(0.0151431494353253,0.,-0.0238317875179452));
#7320=CARTESIAN_POINT('',(0.0152615337919367,0.,-0.0239359800478706));
#7321=CARTESIAN_POINT('',(0.0153902847303176,0.,-0.0240448052232837));
#7322=CARTESIAN_POINT('',(0.0155296315686509,0.,-0.0241578872721984));
#7323=CARTESIAN_POINT('',(0.0156797926859614,0.,-0.0242748431693293));
#7324=CARTESIAN_POINT('',(0.0158409753270963,0.,-0.0243952829275403));
#7325=CARTESIAN_POINT('',(0.0160133754118615,0.,-0.0245188098897379));
#7326=CARTESIAN_POINT('',(0.0161971773528816,0.,-0.0246450210267046));
#7327=CARTESIAN_POINT('',(0.0163925538788198,0.,-0.02477350724044));
#7328=CARTESIAN_POINT('',(0.0165996658724592,0.,-0.0249038536674428));
#7329=CARTESIAN_POINT('',(0.0168186621884913,0.,-0.025035640004181));
#7330=CARTESIAN_POINT('',(0.0170496795867441,0.,-0.0251684407675024));
#7331=CARTESIAN_POINT('',(0.0172928422585942,0.,-0.0253018258252328));
#7332=CARTESIAN_POINT('',(0.0175482629560042,0.,-0.0254353599063557));
#7333=CARTESIAN_POINT('',(0.0178160380027566,0.,-0.0255686060487451));
#7334=CARTESIAN_POINT('',(0.0180962658201989,0.,-0.0257011139542438));
#7335=CARTESIAN_POINT('',(0.0183889753504546,0.,-0.0258324662165536));
#7336=CARTESIAN_POINT('',(0.0186943996034711,0.,-0.0259621029165667));
#7337=CARTESIAN_POINT('',(0.0189839761806625,0.,-0.0260787359142224));
#7338=CARTESIAN_POINT('',(0.0191742163300236,0.,-0.0261505046967335));
#7339=CARTESIAN_POINT('',(0.0192560827894195,0.,-0.0261811626099191));
#7340=CARTESIAN_POINT('',(0.0146020074843851,0.,-0.0232837970505369));
#7341=CARTESIAN_POINT('',(0.0140516537209815,0.,-0.0237536435435382));
#7342=CARTESIAN_POINT('',(0.0136832208743275,0.,-0.0231308255690187));
#7343=CARTESIAN_POINT('',(9.58032176493677E-16,0.,-1.66629929887675E-15));
#7344=CARTESIAN_POINT('',(0.0131902721161131,0.,-0.0234154296672704));
#7345=CARTESIAN_POINT('',(0.0135454318806535,0.,-0.0240459108593211));
#7346=CARTESIAN_POINT('',(0.0128633560001336,0.,-0.0242876079529965));
#7347=CARTESIAN_POINT('',(0.0126035699962801,0.,-0.0237363781640938));
#7348=CARTESIAN_POINT('',(0.0126701285031651,0.,-0.0238612673409135));
#7349=CARTESIAN_POINT('',(0.0127517226745686,0.,-0.0240143691663121));
#7350=CARTESIAN_POINT('',(0.0127600385445877,0.,-0.0240321907905571));
#7351=CARTESIAN_POINT('',(0.0127730087606915,0.,-0.0240595579442731));
#7352=CARTESIAN_POINT('',(0.0127879534017867,0.,-0.0240933633843386));
#7353=CARTESIAN_POINT('',(0.012807089504073,0.,-0.0241387867858104));
#7354=CARTESIAN_POINT('',(0.012829120581484,0.,-0.0241942786054898));
#7355=CARTESIAN_POINT('',(0.0128539153252056,0.,-0.0242605166550214));
#7356=CARTESIAN_POINT('',(0.0128809689157635,0.,-0.0243374593844044));
#7357=CARTESIAN_POINT('',(0.0129098862946638,0.,-0.0244252703608824));
#7358=CARTESIAN_POINT('',(0.0129402348208005,0.,-0.02452403542139));
#7359=CARTESIAN_POINT('',(0.0129715887691076,0.,-0.0246338471259174));
#7360=CARTESIAN_POINT('',(0.0130035166048946,0.,-0.0247547796584004));
#7361=CARTESIAN_POINT('',(0.0130355851244334,0.,-0.024886896024421));
#7362=CARTESIAN_POINT('',(0.0130673586904708,0.,-0.0250302458632682));
#7363=CARTESIAN_POINT('',(0.0130983998899651,0.,-0.0251848659884671));
#7364=CARTESIAN_POINT('',(0.0131282697872536,0.,-0.0253507801595725));
#7365=CARTESIAN_POINT('',(0.0131565282951591,0.,-0.0255279990859636));
#7366=CARTESIAN_POINT('',(0.0131827345145417,0.,-0.0257165203767807));
#7367=CARTESIAN_POINT('',(0.0132064470842105,0.,-0.025916328517758));
#7368=CARTESIAN_POINT('',(0.0132272245291434,0.,-0.0261273948518781));
#7369=CARTESIAN_POINT('',(0.0132446256094871,0.,-0.0263496775705497));
#7370=CARTESIAN_POINT('',(0.0132582096716489,0.,-0.026583121712183));
#7371=CARTESIAN_POINT('',(0.0132675369919061,0.,-0.0268276591736047));
#7372=CARTESIAN_POINT('',(0.0132721691493771,0.,-0.0270832087149928));
#7373=CARTESIAN_POINT('',(0.0132716692849289,0.,-0.0273496760322566));
#7374=CARTESIAN_POINT('',(0.0132656027974837,0.,-0.0276269536121961));
#7375=CARTESIAN_POINT('',(0.0132535363553021,0.,-0.0279149214653669));
#7376=CARTESIAN_POINT('',(0.0132350433761914,0.,-0.0282134445295487));
#7377=CARTESIAN_POINT('',(0.0132096846798345,0.,-0.0285223828910501));
#7378=CARTESIAN_POINT('',(0.0131770843107113,0.,-0.0288415529113363));
#7379=CARTESIAN_POINT('',(0.0131366408596773,0.,-0.029170876423387));
#7380=CARTESIAN_POINT('',(0.0130928597099709,0.,-0.0294799735944036));
#7381=CARTESIAN_POINT('',(0.0130598932241437,0.,-0.0296806107878256));
#7382=CARTESIAN_POINT('',(0.0130455105260914,0.,-0.0297668381779731));
#7383=CARTESIAN_POINT('',(0.00787208414910998,0.,-0.025696223772168));
#7384=CARTESIAN_POINT('',(0.00791333016137208,0.,-0.025831597727558));
#7385=CARTESIAN_POINT('',(0.00796389370841867,0.,-0.0259975528584142));
#7386=CARTESIAN_POINT('',(0.00797061529169217,0.,-0.0260160348578516));
#7387=CARTESIAN_POINT('',(0.00798079546390597,0.,-0.0260445576855863));
#7388=CARTESIAN_POINT('',(0.00799413206275657,0.,-0.0260790291985585));
#7389=CARTESIAN_POINT('',(0.00801271999026969,0.,-0.0261246796614558));
#7390=CARTESIAN_POINT('',(0.00803638030803119,0.,-0.0261794966276856));
#7391=CARTESIAN_POINT('',(0.00806568515060429,0.,-0.0262438665331054));
#7392=CARTESIAN_POINT('',(0.00810096209897503,0.,-0.026317403036154));
#7393=CARTESIAN_POINT('',(0.00814260616119065,0.,-0.0263999424477988));
#7394=CARTESIAN_POINT('',(0.00819098395658967,0.,-0.0264912395404583));
#7395=CARTESIAN_POINT('',(0.00824646196804962,0.,-0.0265910587308482));
#7396=CARTESIAN_POINT('',(0.00830939779264094,0.,-0.0266991473338266));
#7397=CARTESIAN_POINT('',(0.00838014230333124,0.,-0.0268152435797739));
#7398=CARTESIAN_POINT('',(0.00845903864245463,0.,-0.0269390745269124));
#7399=CARTESIAN_POINT('',(0.00854642213883206,0.,-0.027070356908607));
#7400=CARTESIAN_POINT('',(0.00864261996738963,0.,-0.0272087971510167));
#7401=CARTESIAN_POINT('',(0.00874795088942915,0.,-0.0273540916381886));
#7402=CARTESIAN_POINT('',(0.00886272497712926,0.,-0.027505926916758));
#7403=CARTESIAN_POINT('',(0.00898724334973842,0.,-0.0276639799269916));
#7404=CARTESIAN_POINT('',(0.00912179791366718,0.,-0.0278279182353358));
#7405=CARTESIAN_POINT('',(0.00926667110946941,0.,-0.0279974002749602));
#7406=CARTESIAN_POINT('',(0.00942213566257598,0.,-0.028172075593008));
#7407=CARTESIAN_POINT('',(0.00958845434839713,0.,-0.0283515851016375));
#7408=CARTESIAN_POINT('',(0.00976587973208255,0.,-0.0285355613452414));
#7409=CARTESIAN_POINT('',(0.00995465403662532,0.,-0.0287236287347023));
#7410=CARTESIAN_POINT('',(0.0101550085480821,0.,-0.0289154039373379));
#7411=CARTESIAN_POINT('',(0.0103671648329143,0.,-0.0291104956959875));
#7412=CARTESIAN_POINT('',(0.0105913290268714,0.,-0.0293085068680775));
#7413=CARTESIAN_POINT('',(0.0108277127434137,0.,-0.0295090279723077));
#7414=CARTESIAN_POINT('',(0.0110764519711857,0.,-0.0297116633159274));
#7415=CARTESIAN_POINT('',(0.0113379166982416,0.,-0.0299159323660219));
#7416=CARTESIAN_POINT('',(0.0115874393517585,0.,-0.0301035391238478));
#7417=CARTESIAN_POINT('',(0.0117526220974658,0.,-0.0302221002181943));
#7418=CARTESIAN_POINT('',(0.0118237641730876,0.,-0.0302729020871671));
#7419=CARTESIAN_POINT('',(0.00807816602585295,0.,-0.0262696985388753));
#7420=CARTESIAN_POINT('',(0.00742495989152267,0.,-0.0265810933653438));
#7421=CARTESIAN_POINT('',(0.00723027824312417,0.,-0.025884139961123));
#7422=CARTESIAN_POINT('',(4.94118028300888E-16,0.,-1.85747850021E-15));
#7423=CARTESIAN_POINT('',(0.00668046534558604,0.,-0.0260314618830066));
#7424=CARTESIAN_POINT('',(0.0068603427945327,0.,-0.0267323820605151));
#7425=CARTESIAN_POINT('',(0.00613895227506056,0.,-0.0267893092973514));
#7426=CARTESIAN_POINT('',(0.00603068703222592,0.,-0.026189624642582));
#7427=CARTESIAN_POINT('',(0.00606265391549718,0.,-0.0263274849330917));
#7428=CARTESIAN_POINT('',(0.00610184216467744,0.,-0.0264964880658247));
#7429=CARTESIAN_POINT('',(0.00610526210252761,0.,-0.026515854738487));
#7430=CARTESIAN_POINT('',(0.00611070722864293,0.,-0.0265456463179999));
#7431=CARTESIAN_POINT('',(0.00611639315172431,0.,-0.026582167823366));
#7432=CARTESIAN_POINT('',(0.00612312076574293,0.,-0.0266309962476863));
#7433=CARTESIAN_POINT('',(0.00613003881261476,0.,-0.0266902992918804));
#7434=CARTESIAN_POINT('',(0.00613684502720245,0.,-0.0267606976864997));
#7435=CARTESIAN_POINT('',(0.00614306254526972,0.,-0.0268420206404306));
#7436=CARTESIAN_POINT('',(0.00614826743529654,0.,-0.0269343238988362));
#7437=CARTESIAN_POINT('',(0.00615201958183168,0.,-0.0270375783980705));
#7438=CARTESIAN_POINT('',(0.00615388380975087,0.,-0.0271517633584633));
#7439=CARTESIAN_POINT('',(0.00615342408833588,0.,-0.0272768387467979));
#7440=CARTESIAN_POINT('',(0.00615020566787344,0.,-0.0274127533004174));
#7441=CARTESIAN_POINT('',(0.00614379490749623,0.,-0.0275594422159757));
#7442=CARTESIAN_POINT('',(0.00613375977060916,0.,-0.0277168278417812));
#7443=CARTESIAN_POINT('',(0.00611967012849424,0.,-0.0278848195228929));
#7444=CARTESIAN_POINT('',(0.00610109811778996,0.,-0.0280633137008334));
#7445=CARTESIAN_POINT('',(0.00607761848143018,0.,-0.0282521939531152));
#7446=CARTESIAN_POINT('',(0.00604880891262953,0.,-0.0284513310614267));
#7447=CARTESIAN_POINT('',(0.00601425039624423,0.,-0.0286605830830707));
#7448=CARTESIAN_POINT('',(0.0059735275481642,0.,-0.0288797954327716));
#7449=CARTESIAN_POINT('',(0.00592622895480985,0.,-0.0291088009721685));
#7450=CARTESIAN_POINT('',(0.00587194750207944,0.,-0.0293474201097731));
#7451=CARTESIAN_POINT('',(0.00581028073433361,0.,-0.0295954609022695));
#7452=CARTESIAN_POINT('',(0.00574083108574826,0.,-0.0298527191914375));
#7453=CARTESIAN_POINT('',(0.00566320659038175,0.,-0.0301189786444643));
#7454=CARTESIAN_POINT('',(0.00557701973746927,0.,-0.0303940112059399));
#7455=CARTESIAN_POINT('',(0.00548189343692857,0.,-0.0306775760081815));
#7456=CARTESIAN_POINT('',(0.00537743968547706,0.,-0.030969424236711));
#7457=CARTESIAN_POINT('',(0.00526334286711864,0.,-0.0312692812058762));
#7458=CARTESIAN_POINT('',(0.00513904229634188,0.,-0.0315769157559928));
#7459=CARTESIAN_POINT('',(0.00501675271848945,0.,-0.0318641493009501));
#7460=CARTESIAN_POINT('',(0.00493298081161337,0.,-0.0320494175934085));
#7461=CARTESIAN_POINT('',(0.00489677090133333,0.,-0.0321289843403096));
#7462=CARTESIAN_POINT('',(0.000953177286892931,0.,-0.0268580914820795));
#7463=CARTESIAN_POINT('',(0.000957980517502514,0.,-0.0269995279353057));
#7464=CARTESIAN_POINT('',(0.000963868804965554,0.,-0.0271729150911683));
#7465=CARTESIAN_POINT('',(0.000965577862397021,0.,-0.0271925070055108));
#7466=CARTESIAN_POINT('',(0.000968028902616475,0.,-0.0272226927639099));
#7467=CARTESIAN_POINT('',(0.000971989183810428,0.,-0.0272594414543404));
#7468=CARTESIAN_POINT('',(0.000978128533836954,0.,-0.0273083473250844));
#7469=CARTESIAN_POINT('',(0.000986794970965976,0.,-0.0273674201893345));
#7470=CARTESIAN_POINT('',(0.000998441117788579,0.,-0.0274371813947868));
#7471=CARTESIAN_POINT('',(0.00101348338579331,0.,-0.027517342548348));
#7472=CARTESIAN_POINT('',(0.00103234568929378,0.,-0.0276078477741591));
#7473=CARTESIAN_POINT('',(0.00105544562494584,0.,-0.0277085550886334));
#7474=CARTESIAN_POINT('',(0.00108319816146654,0.,-0.0278193317885405));
#7475=CARTESIAN_POINT('',(0.00111601411082875,0.,-0.0279400263517083));
#7476=CARTESIAN_POINT('',(0.00115430014125663,0.,-0.0280704767407072));
#7477=CARTESIAN_POINT('',(0.00119845834532305,0.,-0.0282105081257961));
#7478=CARTESIAN_POINT('',(0.00124888594059647,0.,-0.0283599336819018));
#7479=CARTESIAN_POINT('',(0.00130597493628892,0.,-0.0285185545175712));
#7480=CARTESIAN_POINT('',(0.00137011181376523,0.,-0.0286861598638101));
#7481=CARTESIAN_POINT('',(0.00144167720745132,0.,-0.0288625272005031));
#7482=CARTESIAN_POINT('',(0.00152104559021777,0.,-0.0290474224113068));
#7483=CARTESIAN_POINT('',(0.00160858496214023,0.,-0.0292405999410049));
#7484=CARTESIAN_POINT('',(0.00170465654384505,0.,-0.0294418029623686));
#7485=CARTESIAN_POINT('',(0.00180961447174305,0.,-0.0296507635504686));
#7486=CARTESIAN_POINT('',(0.00192380550616184,0.,-0.0298672028643653));
#7487=CARTESIAN_POINT('',(0.00204756871081173,0.,-0.0300908313378683));
#7488=CARTESIAN_POINT('',(0.00218123526475417,0.,-0.030321348871673));
#7489=CARTESIAN_POINT('',(0.00232512778696325,0.,-0.0305584450560779));
#7490=CARTESIAN_POINT('',(0.00247956155901119,0.,-0.0308017993113063));
#7491=CARTESIAN_POINT('',(0.00264483848080366,0.,-0.031051081378948));
#7492=CARTESIAN_POINT('',(0.00282126893680631,0.,-0.0313059505000333));
#7493=CARTESIAN_POINT('',(0.00300908669478281,0.,-0.031566059661166));
#7494=CARTESIAN_POINT('',(0.00320877350682028,0.,-0.0318310404631484));
#7495=CARTESIAN_POINT('',(0.0034012376801812,0.,-0.0320768358906335));
#7496=CARTESIAN_POINT('',(0.00353010609109213,0.,-0.0322341095541673));
#7497=CARTESIAN_POINT('',(0.00358567556805406,0.,-0.0323015933155109));
#7498=CARTESIAN_POINT('',(0.00100381090245952,0.,-0.0274653634845187));
#7499=CARTESIAN_POINT('',(0.000292267315782997,0.,-0.0275970856016351));
#7500=CARTESIAN_POINT('',(0.000284604098251734,0.,-0.0268734929904406));
#7501=CARTESIAN_POINT('',(-3.46944695195396E-18,0.,-1.9220736113823E-15));
#7502=CARTESIAN_POINT('',(-0.00028460409825174,0.,-0.0268734929904406));
#7503=CARTESIAN_POINT('',(-0.000292267315783004,0.,-0.027597085601635));
#7504=CARTESIAN_POINT('',(-0.00100381090245953,0.,-0.0274653634845187));
#7505=CARTESIAN_POINT('',(-0.000953177286892941,0.,-0.0268580914820795));
#7506=CARTESIAN_POINT('',(-0.000957980517502524,0.,-0.0269995279353057));
#7507=CARTESIAN_POINT('',(-0.000963868804965564,0.,-0.0271729150911683));
#7508=CARTESIAN_POINT('',(-0.000965577862397031,0.,-0.0271925070055108));
#7509=CARTESIAN_POINT('',(-0.000968028902616485,0.,-0.0272226927639099));
#7510=CARTESIAN_POINT('',(-0.000971989183810437,0.,-0.0272594414543404));
#7511=CARTESIAN_POINT('',(-0.000978128533836964,0.,-0.0273083473250844));
#7512=CARTESIAN_POINT('',(-0.000986794970965986,0.,-0.0273674201893345));
#7513=CARTESIAN_POINT('',(-0.000998441117788589,0.,-0.0274371813947868));
#7514=CARTESIAN_POINT('',(-0.00101348338579332,0.,-0.027517342548348));
#7515=CARTESIAN_POINT('',(-0.00103234568929379,0.,-0.0276078477741591));
#7516=CARTESIAN_POINT('',(-0.00105544562494585,0.,-0.0277085550886334));
#7517=CARTESIAN_POINT('',(-0.00108319816146655,0.,-0.0278193317885405));
#7518=CARTESIAN_POINT('',(-0.00111601411082876,0.,-0.0279400263517083));
#7519=CARTESIAN_POINT('',(-0.00115430014125664,0.,-0.0280704767407072));
#7520=CARTESIAN_POINT('',(-0.00119845834532306,0.,-0.0282105081257961));
#7521=CARTESIAN_POINT('',(-0.00124888594059648,0.,-0.0283599336819018));
#7522=CARTESIAN_POINT('',(-0.00130597493628893,0.,-0.0285185545175712));
#7523=CARTESIAN_POINT('',(-0.00137011181376524,0.,-0.0286861598638101));
#7524=CARTESIAN_POINT('',(-0.00144167720745133,0.,-0.0288625272005031));
#7525=CARTESIAN_POINT('',(-0.00152104559021777,0.,-0.0290474224113068));
#7526=CARTESIAN_POINT('',(-0.00160858496214024,0.,-0.0292405999410049));
#7527=CARTESIAN_POINT('',(-0.00170465654384506,0.,-0.0294418029623686));
#7528=CARTESIAN_POINT('',(-0.00180961447174306,0.,-0.0296507635504686));
#7529=CARTESIAN_POINT('',(-0.00192380550616185,0.,-0.0298672028643653));
#7530=CARTESIAN_POINT('',(-0.00204756871081174,0.,-0.0300908313378683));
#7531=CARTESIAN_POINT('',(-0.00218123526475418,0.,-0.030321348871673));
#7532=CARTESIAN_POINT('',(-0.00232512778696327,0.,-0.0305584450560779));
#7533=CARTESIAN_POINT('',(-0.0024795615590112,0.,-0.0308017993113063));
#7534=CARTESIAN_POINT('',(-0.00264483848080368,0.,-0.031051081378948));
#7535=CARTESIAN_POINT('',(-0.00282126893680632,0.,-0.0313059505000333));
#7536=CARTESIAN_POINT('',(-0.00300908669478282,0.,-0.031566059661166));
#7537=CARTESIAN_POINT('',(-0.0032087735068203,0.,-0.0318310404631484));
#7538=CARTESIAN_POINT('',(-0.00340123768018121,0.,-0.0320768358906335));
#7539=CARTESIAN_POINT('',(-0.00353010609109214,0.,-0.0322341095541673));
#7540=CARTESIAN_POINT('',(-0.00358567556805408,0.,-0.0323015933155109));
#7541=CARTESIAN_POINT('',(-0.00603068703222593,0.,-0.026189624642582));
#7542=CARTESIAN_POINT('',(-0.00606265391549718,0.,-0.0263274849330917));
#7543=CARTESIAN_POINT('',(-0.00610184216467745,0.,-0.0264964880658247));
#7544=CARTESIAN_POINT('',(-0.00610526210252762,0.,-0.026515854738487));
#7545=CARTESIAN_POINT('',(-0.00611070722864293,0.,-0.0265456463179999));
#7546=CARTESIAN_POINT('',(-0.00611639315172432,0.,-0.026582167823366));
#7547=CARTESIAN_POINT('',(-0.00612312076574294,0.,-0.0266309962476863));
#7548=CARTESIAN_POINT('',(-0.00613003881261477,0.,-0.0266902992918804));
#7549=CARTESIAN_POINT('',(-0.00613684502720246,0.,-0.0267606976864997));
#7550=CARTESIAN_POINT('',(-0.00614306254526973,0.,-0.0268420206404306));
#7551=CARTESIAN_POINT('',(-0.00614826743529655,0.,-0.0269343238988362));
#7552=CARTESIAN_POINT('',(-0.00615201958183169,0.,-0.0270375783980705));
#7553=CARTESIAN_POINT('',(-0.00615388380975088,0.,-0.0271517633584633));
#7554=CARTESIAN_POINT('',(-0.00615342408833589,0.,-0.0272768387467979));
#7555=CARTESIAN_POINT('',(-0.00615020566787345,0.,-0.0274127533004174));
#7556=CARTESIAN_POINT('',(-0.00614379490749624,0.,-0.0275594422159757));
#7557=CARTESIAN_POINT('',(-0.00613375977060917,0.,-0.0277168278417812));
#7558=CARTESIAN_POINT('',(-0.00611967012849425,0.,-0.0278848195228929));
#7559=CARTESIAN_POINT('',(-0.00610109811778997,0.,-0.0280633137008334));
#7560=CARTESIAN_POINT('',(-0.00607761848143019,0.,-0.0282521939531152));
#7561=CARTESIAN_POINT('',(-0.00604880891262954,0.,-0.0284513310614267));
#7562=CARTESIAN_POINT('',(-0.00601425039624424,0.,-0.0286605830830707));
#7563=CARTESIAN_POINT('',(-0.00597352754816421,0.,-0.0288797954327716));
#7564=CARTESIAN_POINT('',(-0.00592622895480986,0.,-0.0291088009721685));
#7565=CARTESIAN_POINT('',(-0.00587194750207945,0.,-0.0293474201097731));
#7566=CARTESIAN_POINT('',(-0.00581028073433362,0.,-0.0295954609022695));
#7567=CARTESIAN_POINT('',(-0.00574083108574827,0.,-0.0298527191914375));
#7568=CARTESIAN_POINT('',(-0.00566320659038176,0.,-0.0301189786444643));
#7569=CARTESIAN_POINT('',(-0.00557701973746928,0.,-0.0303940112059398));
#7570=CARTESIAN_POINT('',(-0.00548189343692858,0.,-0.0306775760081815));
#7571=CARTESIAN_POINT('',(-0.00537743968547707,0.,-0.030969424236711));
#7572=CARTESIAN_POINT('',(-0.00526334286711865,0.,-0.0312692812058762));
#7573=CARTESIAN_POINT('',(-0.0051390422963419,0.,-0.0315769157559928));
#7574=CARTESIAN_POINT('',(-0.00501675271848946,0.,-0.0318641493009501));
#7575=CARTESIAN_POINT('',(-0.00493298081161338,0.,-0.0320494175934085));
#7576=CARTESIAN_POINT('',(-0.00489677090133335,0.,-0.0321289843403096));
#7577=CARTESIAN_POINT('',(-0.00613895227506057,0.,-0.0267893092973514));
#7578=CARTESIAN_POINT('',(-0.00686034279453271,0.,-0.0267323820605151));
#7579=CARTESIAN_POINT('',(-0.00668046534558605,0.,-0.0260314618830066));
#7580=CARTESIAN_POINT('',(-5.00820485128553E-16,0.,-1.85568258231572E-15));
#7581=CARTESIAN_POINT('',(-0.00723027824312417,0.,-0.025884139961123));
#7582=CARTESIAN_POINT('',(-0.00742495989152267,0.,-0.0265810933653438));
#7583=CARTESIAN_POINT('',(-0.00807816602585297,0.,-0.0262696985388753));
#7584=CARTESIAN_POINT('',(-0.00787208414910999,0.,-0.025696223772168));
#7585=CARTESIAN_POINT('',(-0.00791333016137208,0.,-0.025831597727558));
#7586=CARTESIAN_POINT('',(-0.00796389370841867,0.,-0.0259975528584141));
#7587=CARTESIAN_POINT('',(-0.00797061529169218,0.,-0.0260160348578516));
#7588=CARTESIAN_POINT('',(-0.00798079546390598,0.,-0.0260445576855863));
#7589=CARTESIAN_POINT('',(-0.00799413206275658,0.,-0.0260790291985585));
#7590=CARTESIAN_POINT('',(-0.0080127199902697,0.,-0.0261246796614558));
#7591=CARTESIAN_POINT('',(-0.0080363803080312,0.,-0.0261794966276856));
#7592=CARTESIAN_POINT('',(-0.00806568515060429,0.,-0.0262438665331054));
#7593=CARTESIAN_POINT('',(-0.00810096209897504,0.,-0.026317403036154));
#7594=CARTESIAN_POINT('',(-0.00814260616119066,0.,-0.0263999424477987));
#7595=CARTESIAN_POINT('',(-0.00819098395658968,0.,-0.0264912395404583));
#7596=CARTESIAN_POINT('',(-0.00824646196804963,0.,-0.0265910587308482));
#7597=CARTESIAN_POINT('',(-0.00830939779264095,0.,-0.0266991473338266));
#7598=CARTESIAN_POINT('',(-0.00838014230333125,0.,-0.0268152435797739));
#7599=CARTESIAN_POINT('',(-0.00845903864245464,0.,-0.0269390745269124));
#7600=CARTESIAN_POINT('',(-0.00854642213883207,0.,-0.0270703569086069));
#7601=CARTESIAN_POINT('',(-0.00864261996738964,0.,-0.0272087971510167));
#7602=CARTESIAN_POINT('',(-0.00874795088942916,0.,-0.0273540916381886));
#7603=CARTESIAN_POINT('',(-0.00886272497712927,0.,-0.027505926916758));
#7604=CARTESIAN_POINT('',(-0.00898724334973843,0.,-0.0276639799269916));
#7605=CARTESIAN_POINT('',(-0.00912179791366719,0.,-0.0278279182353358));
#7606=CARTESIAN_POINT('',(-0.00926667110946942,0.,-0.0279974002749602));
#7607=CARTESIAN_POINT('',(-0.00942213566257599,0.,-0.028172075593008));
#7608=CARTESIAN_POINT('',(-0.00958845434839714,0.,-0.0283515851016375));
#7609=CARTESIAN_POINT('',(-0.00976587973208255,0.,-0.0285355613452414));
#7610=CARTESIAN_POINT('',(-0.00995465403662533,0.,-0.0287236287347023));
#7611=CARTESIAN_POINT('',(-0.0101550085480821,0.,-0.0289154039373379));
#7612=CARTESIAN_POINT('',(-0.0103671648329143,0.,-0.0291104956959875));
#7613=CARTESIAN_POINT('',(-0.0105913290268714,0.,-0.0293085068680774));
#7614=CARTESIAN_POINT('',(-0.0108277127434137,0.,-0.0295090279723077));
#7615=CARTESIAN_POINT('',(-0.0110764519711857,0.,-0.0297116633159274));
#7616=CARTESIAN_POINT('',(-0.0113379166982416,0.,-0.0299159323660219));
#7617=CARTESIAN_POINT('',(-0.0115874393517585,0.,-0.0301035391238478));
#7618=CARTESIAN_POINT('',(-0.0117526220974659,0.,-0.0302221002181943));
#7619=CARTESIAN_POINT('',(-0.0118237641730877,0.,-0.0302729020871671));
#7620=CARTESIAN_POINT('',(-0.0126035699962801,0.,-0.0237363781640938));
#7621=CARTESIAN_POINT('',(-0.0126701285031651,0.,-0.0238612673409135));
#7622=CARTESIAN_POINT('',(-0.0127517226745687,0.,-0.0240143691663121));
#7623=CARTESIAN_POINT('',(-0.0127600385445877,0.,-0.0240321907905571));
#7624=CARTESIAN_POINT('',(-0.0127730087606915,0.,-0.024059557944273));
#7625=CARTESIAN_POINT('',(-0.0127879534017867,0.,-0.0240933633843386));
#7626=CARTESIAN_POINT('',(-0.012807089504073,0.,-0.0241387867858104));
#7627=CARTESIAN_POINT('',(-0.012829120581484,0.,-0.0241942786054898));
#7628=CARTESIAN_POINT('',(-0.0128539153252056,0.,-0.0242605166550214));
#7629=CARTESIAN_POINT('',(-0.0128809689157635,0.,-0.0243374593844044));
#7630=CARTESIAN_POINT('',(-0.0129098862946638,0.,-0.0244252703608824));
#7631=CARTESIAN_POINT('',(-0.0129402348208005,0.,-0.02452403542139));
#7632=CARTESIAN_POINT('',(-0.0129715887691076,0.,-0.0246338471259174));
#7633=CARTESIAN_POINT('',(-0.0130035166048946,0.,-0.0247547796584004));
#7634=CARTESIAN_POINT('',(-0.0130355851244334,0.,-0.024886896024421));
#7635=CARTESIAN_POINT('',(-0.0130673586904708,0.,-0.0250302458632682));
#7636=CARTESIAN_POINT('',(-0.0130983998899651,0.,-0.0251848659884671));
#7637=CARTESIAN_POINT('',(-0.0131282697872536,0.,-0.0253507801595725));
#7638=CARTESIAN_POINT('',(-0.0131565282951592,0.,-0.0255279990859636));
#7639=CARTESIAN_POINT('',(-0.0131827345145417,0.,-0.0257165203767807));
#7640=CARTESIAN_POINT('',(-0.0132064470842105,0.,-0.025916328517758));
#7641=CARTESIAN_POINT('',(-0.0132272245291434,0.,-0.0261273948518781));
#7642=CARTESIAN_POINT('',(-0.0132446256094871,0.,-0.0263496775705497));
#7643=CARTESIAN_POINT('',(-0.0132582096716489,0.,-0.026583121712183));
#7644=CARTESIAN_POINT('',(-0.0132675369919061,0.,-0.0268276591736046));
#7645=CARTESIAN_POINT('',(-0.0132721691493771,0.,-0.0270832087149928));
#7646=CARTESIAN_POINT('',(-0.0132716692849289,0.,-0.0273496760322566));
#7647=CARTESIAN_POINT('',(-0.0132656027974837,0.,-0.0276269536121961));
#7648=CARTESIAN_POINT('',(-0.0132535363553021,0.,-0.0279149214653669));
#7649=CARTESIAN_POINT('',(-0.0132350433761914,0.,-0.0282134445295487));
#7650=CARTESIAN_POINT('',(-0.0132096846798345,0.,-0.0285223828910501));
#7651=CARTESIAN_POINT('',(-0.0131770843107113,0.,-0.0288415529113363));
#7652=CARTESIAN_POINT('',(-0.0131366408596773,0.,-0.029170876423387));
#7653=CARTESIAN_POINT('',(-0.013092859709971,0.,-0.0294799735944036));
#7654=CARTESIAN_POINT('',(-0.0130598932241437,0.,-0.0296806107878256));
#7655=CARTESIAN_POINT('',(-0.0130455105260914,0.,-0.0297668381779731));
#7656=CARTESIAN_POINT('',(-0.0128633560001336,0.,-0.0242876079529965));
#7657=CARTESIAN_POINT('',(-0.0135454318806536,0.,-0.0240459108593212));
#7658=CARTESIAN_POINT('',(-0.0131902721161131,0.,-0.0234154296672704));
#7659=CARTESIAN_POINT('',(-9.64041434888626E-16,0.,-1.6628298519248E-15));
#7660=CARTESIAN_POINT('',(-0.0136832208743275,0.,-0.0231308255690187));
#7661=CARTESIAN_POINT('',(-0.0140516537209815,0.,-0.0237536435435381));
#7662=CARTESIAN_POINT('',(-0.0146020074843851,0.,-0.0232837970505369));
#7663=CARTESIAN_POINT('',(-0.0142545214857994,0.,-0.0227832008772008));
#7664=CARTESIAN_POINT('',(-0.0143293994321406,0.,-0.022903286823411));
#7665=CARTESIAN_POINT('',(-0.0144211924165997,0.,-0.0230505003613465));
#7666=CARTESIAN_POINT('',(-0.0144324684609231,0.,-0.0230666129281601));
#7667=CARTESIAN_POINT('',(-0.0144496840032184,0.,-0.0230915290416565));
#7668=CARTESIAN_POINT('',(-0.0144714880525537,0.,-0.0231213742005282));
#7669=CARTESIAN_POINT('',(-0.0145012578210114,0.,-0.0231606582519734));
#7670=CARTESIAN_POINT('',(-0.0145382996078505,0.,-0.0232074836345237));
#7671=CARTESIAN_POINT('',(-0.0145832660695813,0.,-0.0232620755372328));
#7672=CARTESIAN_POINT('',(-0.0146363736325845,0.,-0.0233239759986111));
#7673=CARTESIAN_POINT('',(-0.0146979614794953,0.,-0.0233929246715886));
#7674=CARTESIAN_POINT('',(-0.0147683202678329,0.,-0.0234685897964442));
#7675=CARTESIAN_POINT('',(-0.0148477430194329,0.,-0.0235506489644508));
#7676=CARTESIAN_POINT('',(-0.0149365097468138,0.,-0.0236387655475717));
#7677=CARTESIAN_POINT('',(-0.0150348916162738,0.,-0.0237325958831643));
#7678=CARTESIAN_POINT('',(-0.0151431494353253,0.,-0.0238317875179452));
#7679=CARTESIAN_POINT('',(-0.0152615337919367,0.,-0.0239359800478706));
#7680=CARTESIAN_POINT('',(-0.0153902847303176,0.,-0.0240448052232836));
#7681=CARTESIAN_POINT('',(-0.0155296315686509,0.,-0.0241578872721984));
#7682=CARTESIAN_POINT('',(-0.0156797926859614,0.,-0.0242748431693293));
#7683=CARTESIAN_POINT('',(-0.0158409753270963,0.,-0.0243952829275403));
#7684=CARTESIAN_POINT('',(-0.0160133754118615,0.,-0.0245188098897379));
#7685=CARTESIAN_POINT('',(-0.0161971773528816,0.,-0.0246450210267046));
#7686=CARTESIAN_POINT('',(-0.0163925538788198,0.,-0.02477350724044));
#7687=CARTESIAN_POINT('',(-0.0165996658724592,0.,-0.0249038536674428));
#7688=CARTESIAN_POINT('',(-0.0168186621884913,0.,-0.025035640004181));
#7689=CARTESIAN_POINT('',(-0.0170496795867441,0.,-0.0251684407675024));
#7690=CARTESIAN_POINT('',(-0.0172928422585942,0.,-0.0253018258252328));
#7691=CARTESIAN_POINT('',(-0.0175482629560042,0.,-0.0254353599063557));
#7692=CARTESIAN_POINT('',(-0.0178160380027566,0.,-0.0255686060487451));
#7693=CARTESIAN_POINT('',(-0.0180962658201989,0.,-0.0257011139542438));
#7694=CARTESIAN_POINT('',(-0.0183889753504547,0.,-0.0258324662165536));
#7695=CARTESIAN_POINT('',(-0.0186943996034711,0.,-0.0259621029165667));
#7696=CARTESIAN_POINT('',(-0.0189839761806625,0.,-0.0260787359142224));
#7697=CARTESIAN_POINT('',(-0.0191742163300237,0.,-0.0261505046967335));
#7698=CARTESIAN_POINT('',(-0.0192560827894195,0.,-0.026181162609919));
#7699=CARTESIAN_POINT('',(-0.0183175404934721,0.,-0.019665536739942));
#7700=CARTESIAN_POINT('',(-0.0184141547717196,0.,-0.0197689438120609));
#7701=CARTESIAN_POINT('',(-0.0185325943574061,0.,-0.0198957106937367));
#7702=CARTESIAN_POINT('',(-0.0185452394467948,0.,-0.0199107727553239));
#7703=CARTESIAN_POINT('',(-0.0185648508540939,0.,-0.0199338504569433));
#7704=CARTESIAN_POINT('',(-0.0185880357606094,0.,-0.0199626360468341));
#7705=CARTESIAN_POINT('',(-0.0186182762574165,0.,-0.0200015588957129));
#7706=CARTESIAN_POINT('',(-0.0186539189838492,0.,-0.0200494578150709));
#7707=CARTESIAN_POINT('',(-0.0186950125358953,0.,-0.0201070215059029));
#7708=CARTESIAN_POINT('',(-0.0187410585414556,0.,-0.0201743404908843));
#7709=CARTESIAN_POINT('',(-0.0187917177376455,0.,-0.0202516750125022));
#7710=CARTESIAN_POINT('',(-0.0188465944414808,0.,-0.0203392199586266));
#7711=CARTESIAN_POINT('',(-0.0189053013904137,0.,-0.0204371749210973));
#7712=CARTESIAN_POINT('',(-0.0189674409541569,0.,-0.0205457232454907));
#7713=CARTESIAN_POINT('',(-0.0190326109970862,0.,-0.0206650379119004));
#7714=CARTESIAN_POINT('',(-0.0191004035735211,0.,-0.0207952796194161));
#7715=CARTESIAN_POINT('',(-0.0191704057029492,0.,-0.0209365971379978));
#7716=CARTESIAN_POINT('',(-0.0192421995555032,0.,-0.0210891270225224));
#7717=CARTESIAN_POINT('',(-0.0193153628114043,0.,-0.0212529935203986));
#7718=CARTESIAN_POINT('',(-0.019389468975986,0.,-0.0214283084353278));
#7719=CARTESIAN_POINT('',(-0.0194640877116883,0.,-0.021615171014362));
#7720=CARTESIAN_POINT('',(-0.0195387851694035,0.,-0.0218136678390916));
#7721=CARTESIAN_POINT('',(-0.0196131243233022,0.,-0.0220238727267959));
#7722=CARTESIAN_POINT('',(-0.0196866653095925,0.,-0.0222458466381982));
#7723=CARTESIAN_POINT('',(-0.019758965761376,0.,-0.022479637599558));
#7724=CARTESIAN_POINT('',(-0.019829581170187,0.,-0.0227252806109078));
#7725=CARTESIAN_POINT('',(-0.0198980651548122,0.,-0.022982797648954));
#7726=CARTESIAN_POINT('',(-0.0199639700963822,0.,-0.0232521973469562));
#7727=CARTESIAN_POINT('',(-0.0200268463730255,0.,-0.0235334759585181));
#7728=CARTESIAN_POINT('',(-0.0200862469813101,0.,-0.0238266134311489));
#7729=CARTESIAN_POINT('',(-0.0201417114932972,0.,-0.0241315882868307));
#7730=CARTESIAN_POINT('',(-0.0201928292346905,0.,-0.0244483204488087));
#7731=CARTESIAN_POINT('',(-0.0202389990577513,0.,-0.0247768900696799));
#7732=CARTESIAN_POINT('',(-0.0202767099491916,0.,-0.0250867864053583));
#7733=CARTESIAN_POINT('',(-0.0202967954959426,0.,-0.025289119406581));
#7734=CARTESIAN_POINT('',(-0.0203052201672219,0.,-0.0253761311858338));
#7735=CARTESIAN_POINT('',(-0.0187111432714985,0.,-0.0201307462638146));
#7736=CARTESIAN_POINT('',(-0.0193074221689924,0.,-0.0197207505708111));
#7737=CARTESIAN_POINT('',(-0.0188011836398824,0.,-0.019203674615537));
#7738=CARTESIAN_POINT('',(-1.36156455401484E-15,0.,-1.35665801508145E-15));
#7739=CARTESIAN_POINT('',(-0.0192036746155369,0.,-0.0188011836398824));
#7740=CARTESIAN_POINT('',(-0.0197207505708111,0.,-0.0193074221689924));
#7741=CARTESIAN_POINT('',(-0.0201307462638147,0.,-0.0187111432714985));
#7742=CARTESIAN_POINT('',(-0.019665536739942,0.,-0.018317540493472));
#7743=CARTESIAN_POINT('',(-0.0197689438120609,0.,-0.0184141547717196));
#7744=CARTESIAN_POINT('',(-0.0198957106937367,0.,-0.0185325943574061));
#7745=CARTESIAN_POINT('',(-0.0199107727553239,0.,-0.0185452394467948));
#7746=CARTESIAN_POINT('',(-0.0199338504569433,0.,-0.0185648508540939));
#7747=CARTESIAN_POINT('',(-0.0199626360468341,0.,-0.0185880357606094));
#7748=CARTESIAN_POINT('',(-0.0200015588957129,0.,-0.0186182762574165));
#7749=CARTESIAN_POINT('',(-0.0200494578150709,0.,-0.0186539189838492));
#7750=CARTESIAN_POINT('',(-0.0201070215059029,0.,-0.0186950125358953));
#7751=CARTESIAN_POINT('',(-0.0201743404908844,0.,-0.0187410585414556));
#7752=CARTESIAN_POINT('',(-0.0202516750125022,0.,-0.0187917177376455));
#7753=CARTESIAN_POINT('',(-0.0203392199586266,0.,-0.0188465944414808));
#7754=CARTESIAN_POINT('',(-0.0204371749210973,0.,-0.0189053013904137));
#7755=CARTESIAN_POINT('',(-0.0205457232454907,0.,-0.0189674409541569));
#7756=CARTESIAN_POINT('',(-0.0206650379119004,0.,-0.0190326109970862));
#7757=CARTESIAN_POINT('',(-0.0207952796194161,0.,-0.0191004035735211));
#7758=CARTESIAN_POINT('',(-0.0209365971379978,0.,-0.0191704057029492));
#7759=CARTESIAN_POINT('',(-0.0210891270225224,0.,-0.0192421995555032));
#7760=CARTESIAN_POINT('',(-0.0212529935203986,0.,-0.0193153628114043));
#7761=CARTESIAN_POINT('',(-0.0214283084353279,0.,-0.019389468975986));
#7762=CARTESIAN_POINT('',(-0.021615171014362,0.,-0.0194640877116883));
#7763=CARTESIAN_POINT('',(-0.0218136678390916,0.,-0.0195387851694034));
#7764=CARTESIAN_POINT('',(-0.0220238727267959,0.,-0.0196131243233022));
#7765=CARTESIAN_POINT('',(-0.0222458466381982,0.,-0.0196866653095925));
#7766=CARTESIAN_POINT('',(-0.022479637599558,0.,-0.0197589657613759));
#7767=CARTESIAN_POINT('',(-0.0227252806109078,0.,-0.019829581170187));
#7768=CARTESIAN_POINT('',(-0.022982797648954,0.,-0.0198980651548122));
#7769=CARTESIAN_POINT('',(-0.0232521973469562,0.,-0.0199639700963822));
#7770=CARTESIAN_POINT('',(-0.0235334759585181,0.,-0.0200268463730255));
#7771=CARTESIAN_POINT('',(-0.0238266134311489,0.,-0.0200862469813101));
#7772=CARTESIAN_POINT('',(-0.0241315882868307,0.,-0.0201417114932972));
#7773=CARTESIAN_POINT('',(-0.0244483204488087,0.,-0.0201928292346905));
#7774=CARTESIAN_POINT('',(-0.0247768900696799,0.,-0.0202389990577512));
#7775=CARTESIAN_POINT('',(-0.0250867864053583,0.,-0.0202767099491916));
#7776=CARTESIAN_POINT('',(-0.025289119406581,0.,-0.0202967954959426));
#7777=CARTESIAN_POINT('',(-0.0253761311858338,0.,-0.0203052201672219));
#7778=CARTESIAN_POINT('',(-0.0227832008772008,0.,-0.0142545214857994));
#7779=CARTESIAN_POINT('',(-0.022903286823411,0.,-0.0143293994321406));
#7780=CARTESIAN_POINT('',(-0.0230505003613465,0.,-0.0144211924165997));
#7781=CARTESIAN_POINT('',(-0.0230666129281601,0.,-0.0144324684609231));
#7782=CARTESIAN_POINT('',(-0.0230915290416565,0.,-0.0144496840032184));
#7783=CARTESIAN_POINT('',(-0.0231213742005282,0.,-0.0144714880525537));
#7784=CARTESIAN_POINT('',(-0.0231606582519734,0.,-0.0145012578210114));
#7785=CARTESIAN_POINT('',(-0.0232074836345237,0.,-0.0145382996078505));
#7786=CARTESIAN_POINT('',(-0.0232620755372328,0.,-0.0145832660695813));
#7787=CARTESIAN_POINT('',(-0.0233239759986111,0.,-0.0146363736325845));
#7788=CARTESIAN_POINT('',(-0.0233929246715886,0.,-0.0146979614794953));
#7789=CARTESIAN_POINT('',(-0.0234685897964442,0.,-0.0147683202678329));
#7790=CARTESIAN_POINT('',(-0.0235506489644508,0.,-0.0148477430194329));
#7791=CARTESIAN_POINT('',(-0.0236387655475717,0.,-0.0149365097468138));
#7792=CARTESIAN_POINT('',(-0.0237325958831643,0.,-0.0150348916162738));
#7793=CARTESIAN_POINT('',(-0.0238317875179452,0.,-0.0151431494353253));
#7794=CARTESIAN_POINT('',(-0.0239359800478706,0.,-0.0152615337919367));
#7795=CARTESIAN_POINT('',(-0.0240448052232837,0.,-0.0153902847303176));
#7796=CARTESIAN_POINT('',(-0.0241578872721984,0.,-0.0155296315686509));
#7797=CARTESIAN_POINT('',(-0.0242748431693293,0.,-0.0156797926859614));
#7798=CARTESIAN_POINT('',(-0.0243952829275403,0.,-0.0158409753270963));
#7799=CARTESIAN_POINT('',(-0.0245188098897379,0.,-0.0160133754118615));
#7800=CARTESIAN_POINT('',(-0.0246450210267046,0.,-0.0161971773528816));
#7801=CARTESIAN_POINT('',(-0.02477350724044,0.,-0.0163925538788198));
#7802=CARTESIAN_POINT('',(-0.0249038536674428,0.,-0.0165996658724592));
#7803=CARTESIAN_POINT('',(-0.025035640004181,0.,-0.0168186621884913));
#7804=CARTESIAN_POINT('',(-0.0251684407675024,0.,-0.0170496795867441));
#7805=CARTESIAN_POINT('',(-0.0253018258252328,0.,-0.0172928422585942));
#7806=CARTESIAN_POINT('',(-0.0254353599063557,0.,-0.0175482629560042));
#7807=CARTESIAN_POINT('',(-0.0255686060487451,0.,-0.0178160380027566));
#7808=CARTESIAN_POINT('',(-0.0257011139542438,0.,-0.0180962658201989));
#7809=CARTESIAN_POINT('',(-0.0258324662165536,0.,-0.0183889753504546));
#7810=CARTESIAN_POINT('',(-0.0259621029165667,0.,-0.0186943996034711));
#7811=CARTESIAN_POINT('',(-0.0260787359142224,0.,-0.0189839761806625));
#7812=CARTESIAN_POINT('',(-0.0261505046967335,0.,-0.0191742163300236));
#7813=CARTESIAN_POINT('',(-0.0261811626099191,0.,-0.0192560827894195));
#7814=CARTESIAN_POINT('',(-0.0232837970505369,0.,-0.0146020074843851));
#7815=CARTESIAN_POINT('',(-0.0237536435435382,0.,-0.0140516537209815));
#7816=CARTESIAN_POINT('',(-0.0231308255690187,0.,-0.0136832208743275));
#7817=CARTESIAN_POINT('',(-1.66629929887675E-15,0.,-9.58032176493677E-16));
#7818=CARTESIAN_POINT('',(-0.0234154296672704,0.,-0.0131902721161131));
#7819=CARTESIAN_POINT('',(-0.0240459108593211,0.,-0.0135454318806535));
#7820=CARTESIAN_POINT('',(-0.0242876079529965,0.,-0.0128633560001336));
#7821=CARTESIAN_POINT('',(-0.0237363781640938,0.,-0.0126035699962801));
#7822=CARTESIAN_POINT('',(-0.0238612673409135,0.,-0.0126701285031651));
#7823=CARTESIAN_POINT('',(-0.0240143691663121,0.,-0.0127517226745686));
#7824=CARTESIAN_POINT('',(-0.0240321907905571,0.,-0.0127600385445877));
#7825=CARTESIAN_POINT('',(-0.0240595579442731,0.,-0.0127730087606915));
#7826=CARTESIAN_POINT('',(-0.0240933633843386,0.,-0.0127879534017867));
#7827=CARTESIAN_POINT('',(-0.0241387867858104,0.,-0.012807089504073));
#7828=CARTESIAN_POINT('',(-0.0241942786054898,0.,-0.012829120581484));
#7829=CARTESIAN_POINT('',(-0.0242605166550214,0.,-0.0128539153252056));
#7830=CARTESIAN_POINT('',(-0.0243374593844044,0.,-0.0128809689157635));
#7831=CARTESIAN_POINT('',(-0.0244252703608824,0.,-0.0129098862946638));
#7832=CARTESIAN_POINT('',(-0.02452403542139,0.,-0.0129402348208005));
#7833=CARTESIAN_POINT('',(-0.0246338471259174,0.,-0.0129715887691076));
#7834=CARTESIAN_POINT('',(-0.0247547796584004,0.,-0.0130035166048946));
#7835=CARTESIAN_POINT('',(-0.024886896024421,0.,-0.0130355851244334));
#7836=CARTESIAN_POINT('',(-0.0250302458632682,0.,-0.0130673586904708));
#7837=CARTESIAN_POINT('',(-0.0251848659884671,0.,-0.0130983998899651));
#7838=CARTESIAN_POINT('',(-0.0253507801595725,0.,-0.0131282697872536));
#7839=CARTESIAN_POINT('',(-0.0255279990859636,0.,-0.0131565282951591));
#7840=CARTESIAN_POINT('',(-0.0257165203767807,0.,-0.0131827345145417));
#7841=CARTESIAN_POINT('',(-0.025916328517758,0.,-0.0132064470842105));
#7842=CARTESIAN_POINT('',(-0.0261273948518781,0.,-0.0132272245291434));
#7843=CARTESIAN_POINT('',(-0.0263496775705497,0.,-0.0132446256094871));
#7844=CARTESIAN_POINT('',(-0.026583121712183,0.,-0.0132582096716489));
#7845=CARTESIAN_POINT('',(-0.0268276591736047,0.,-0.0132675369919061));
#7846=CARTESIAN_POINT('',(-0.0270832087149928,0.,-0.0132721691493771));
#7847=CARTESIAN_POINT('',(-0.0273496760322566,0.,-0.0132716692849289));
#7848=CARTESIAN_POINT('',(-0.0276269536121961,0.,-0.0132656027974837));
#7849=CARTESIAN_POINT('',(-0.0279149214653669,0.,-0.0132535363553021));
#7850=CARTESIAN_POINT('',(-0.0282134445295487,0.,-0.0132350433761914));
#7851=CARTESIAN_POINT('',(-0.0285223828910501,0.,-0.0132096846798345));
#7852=CARTESIAN_POINT('',(-0.0288415529113363,0.,-0.0131770843107113));
#7853=CARTESIAN_POINT('',(-0.029170876423387,0.,-0.0131366408596773));
#7854=CARTESIAN_POINT('',(-0.0294799735944036,0.,-0.0130928597099709));
#7855=CARTESIAN_POINT('',(-0.0296806107878256,0.,-0.0130598932241437));
#7856=CARTESIAN_POINT('',(-0.0297668381779731,0.,-0.0130455105260914));
#7857=CARTESIAN_POINT('',(-0.025696223772168,0.,-0.00787208414911));
#7858=CARTESIAN_POINT('',(-0.025831597727558,0.,-0.00791333016137209));
#7859=CARTESIAN_POINT('',(-0.0259975528584141,0.,-0.00796389370841868));
#7860=CARTESIAN_POINT('',(-0.0260160348578516,0.,-0.00797061529169218));
#7861=CARTESIAN_POINT('',(-0.0260445576855863,0.,-0.00798079546390599));
#7862=CARTESIAN_POINT('',(-0.0260790291985585,0.,-0.00799413206275658));
#7863=CARTESIAN_POINT('',(-0.0261246796614558,0.,-0.0080127199902697));
#7864=CARTESIAN_POINT('',(-0.0261794966276856,0.,-0.0080363803080312));
#7865=CARTESIAN_POINT('',(-0.0262438665331054,0.,-0.0080656851506043));
#7866=CARTESIAN_POINT('',(-0.026317403036154,0.,-0.00810096209897504));
#7867=CARTESIAN_POINT('',(-0.0263999424477987,0.,-0.00814260616119067));
#7868=CARTESIAN_POINT('',(-0.0264912395404583,0.,-0.00819098395658969));
#7869=CARTESIAN_POINT('',(-0.0265910587308482,0.,-0.00824646196804963));
#7870=CARTESIAN_POINT('',(-0.0266991473338266,0.,-0.00830939779264095));
#7871=CARTESIAN_POINT('',(-0.0268152435797739,0.,-0.00838014230333125));
#7872=CARTESIAN_POINT('',(-0.0269390745269124,0.,-0.00845903864245465));
#7873=CARTESIAN_POINT('',(-0.0270703569086069,0.,-0.00854642213883207));
#7874=CARTESIAN_POINT('',(-0.0272087971510167,0.,-0.00864261996738965));
#7875=CARTESIAN_POINT('',(-0.0273540916381886,0.,-0.00874795088942917));
#7876=CARTESIAN_POINT('',(-0.027505926916758,0.,-0.00886272497712928));
#7877=CARTESIAN_POINT('',(-0.0276639799269916,0.,-0.00898724334973843));
#7878=CARTESIAN_POINT('',(-0.0278279182353358,0.,-0.00912179791366719));
#7879=CARTESIAN_POINT('',(-0.0279974002749602,0.,-0.00926667110946943));
#7880=CARTESIAN_POINT('',(-0.028172075593008,0.,-0.009422135662576));
#7881=CARTESIAN_POINT('',(-0.0283515851016375,0.,-0.00958845434839715));
#7882=CARTESIAN_POINT('',(-0.0285355613452414,0.,-0.00976587973208256));
#7883=CARTESIAN_POINT('',(-0.0287236287347023,0.,-0.00995465403662533));
#7884=CARTESIAN_POINT('',(-0.0289154039373379,0.,-0.0101550085480821));
#7885=CARTESIAN_POINT('',(-0.0291104956959875,0.,-0.0103671648329143));
#7886=CARTESIAN_POINT('',(-0.0293085068680774,0.,-0.0105913290268714));
#7887=CARTESIAN_POINT('',(-0.0295090279723077,0.,-0.0108277127434137));
#7888=CARTESIAN_POINT('',(-0.0297116633159274,0.,-0.0110764519711857));
#7889=CARTESIAN_POINT('',(-0.0299159323660219,0.,-0.0113379166982416));
#7890=CARTESIAN_POINT('',(-0.0301035391238478,0.,-0.0115874393517586));
#7891=CARTESIAN_POINT('',(-0.0302221002181943,0.,-0.0117526220974659));
#7892=CARTESIAN_POINT('',(-0.0302729020871671,0.,-0.0118237641730877));
#7893=CARTESIAN_POINT('',(-0.0262696985388753,0.,-0.00807816602585297));
#7894=CARTESIAN_POINT('',(-0.0265810933653438,0.,-0.00742495989152269));
#7895=CARTESIAN_POINT('',(-0.025884139961123,0.,-0.00723027824312419));
#7896=CARTESIAN_POINT('',(-1.85747850021E-15,0.,-4.94118028300889E-16));
#7897=CARTESIAN_POINT('',(0.0274653634843201,-0.007,-0.00100381090242277));
#7898=CARTESIAN_POINT('',(0.0274653634843201,0.,-0.00100381090242277));
#7899=CARTESIAN_POINT('',(0.0277353176492596,-0.00700000000000001,-0.0010537852606856));
#7900=CARTESIAN_POINT('',(0.0277353176492596,-1.38777878078145E-17,-0.0010537852606856));
#7901=CARTESIAN_POINT('',(0.0284301400240379,-0.007,-0.00124332890544186));
#7902=CARTESIAN_POINT('',(0.0284301400240379,2.60208521396521E-18,-0.00124332890544186));
#7903=CARTESIAN_POINT('',(0.0300567410657042,-0.007,-0.00195578470618733));
#7904=CARTESIAN_POINT('',(0.0300567410657042,0.,-0.00195578470618733));
#7905=CARTESIAN_POINT('',(0.0314094927592682,-0.007,-0.00285107571290583));
#7906=CARTESIAN_POINT('',(0.0314094927592682,-1.73472347597681E-18,-0.00285107571290583));
#7907=CARTESIAN_POINT('',(0.0323015933155109,-0.007,-0.00358567556805408));
#7908=CARTESIAN_POINT('',(0.0323015933155109,-8.67361737988404E-19,-0.00358567556805408));
#7909=CARTESIAN_POINT('',(0.0274653634845187,-0.007,-0.00100381090245953));
#7910=CARTESIAN_POINT('',(0.0274653634843201,-0.007,0.00100381090242277));
#7911=CARTESIAN_POINT('',(0.0274653634843201,2.60208521396521E-18,0.00100381090242277));
#7912=CARTESIAN_POINT('',(0.0277353176492596,-0.00699999999999999,0.0010537852606856));
#7913=CARTESIAN_POINT('',(0.0277353176492596,1.64798730217797E-17,0.0010537852606856));
#7914=CARTESIAN_POINT('',(0.0284301400240379,-0.00700000000000001,0.00124332890544186));
#7915=CARTESIAN_POINT('',(0.0284301400240379,-2.60208521396521E-18,0.00124332890544186));
#7916=CARTESIAN_POINT('',(0.0300567410657042,-0.00699999999999999,0.00195578470618733));
#7917=CARTESIAN_POINT('',(0.0300567410657042,1.21430643318376E-17,0.00195578470618733));
#7918=CARTESIAN_POINT('',(0.0314094927592682,-0.007,0.00285107571290583));
#7919=CARTESIAN_POINT('',(0.0314094927592682,3.46944695195361E-18,0.00285107571290583));
#7920=CARTESIAN_POINT('',(0.0323015933155109,-0.007,0.00358567556805408));
#7921=CARTESIAN_POINT('',(0.0323015933155109,4.33680868994202E-18,0.00358567556805408));
#7922=CARTESIAN_POINT('',(0.0274653634845187,-8.67361737988404E-19,0.00100381090245953));
#7923=CARTESIAN_POINT('',(1.9220736113823E-15,-0.007,-3.46944695195361E-18));
#7924=CARTESIAN_POINT('',(0.0268734929904406,-0.007,0.000284604098251739));
#7925=CARTESIAN_POINT('',(0.0268734929904406,-0.007,-0.000284604098251735));
#7926=CARTESIAN_POINT('',(0.027597085601635,-0.0035,-0.000292267315782999));
#7927=CARTESIAN_POINT('',(0.0275970856016351,-0.0035,0.000292267315783003));
#7928=CARTESIAN_POINT('',(-0.00807816602576606,-0.007,-0.026269698538693));
#7929=CARTESIAN_POINT('',(-0.00807816602576606,2.60208521396521E-18,-0.026269698538693));
#7930=CARTESIAN_POINT('',(-0.00819630682825546,-0.00700000000000001,-0.0265175199228371));
#7931=CARTESIAN_POINT('',(-0.00819630682825546,-1.12757025938492E-17,-0.0265175199228371));
#7932=CARTESIAN_POINT('',(-0.00855922519349044,-0.007,-0.0271396092941779));
#7933=CARTESIAN_POINT('',(-0.00855922519349044,5.20417042793042E-18,-0.0271396092941779));
#7934=CARTESIAN_POINT('',(-0.00966839997988683,-0.007,-0.0285263881193655));
#7935=CARTESIAN_POINT('',(-0.00966839997988683,-2.60208521396521E-18,-0.0285263881193655));
#7936=CARTESIAN_POINT('',(-0.0108833025869095,-0.007,-0.0296013275532871));
#7937=CARTESIAN_POINT('',(-0.0108833025869095,1.73472347597681E-18,-0.0296013275532871));
#7938=CARTESIAN_POINT('',(-0.0118237641730877,-0.007,-0.0302729020871671));
#7939=CARTESIAN_POINT('',(-0.0118237641730877,1.73472347597681E-18,-0.0302729020871671));
#7940=CARTESIAN_POINT('',(-0.00807816602585297,-0.007,-0.0262696985388753));
#7941=CARTESIAN_POINT('',(-0.00613895227504469,-0.007,-0.0267893092971501));
#7942=CARTESIAN_POINT('',(-0.00613895227504469,8.67361737988404E-19,-0.0267893092971501));
#7943=CARTESIAN_POINT('',(-0.0061605500309375,-0.007,-0.0270629993126647));
#7944=CARTESIAN_POINT('',(-0.0061605500309375,8.67361737988404E-19,-0.0270629993126647));
#7945=CARTESIAN_POINT('',(-0.00615729819281443,-0.007,-0.0277832036942875));
#7946=CARTESIAN_POINT('',(-0.00615729819281443,0.,-0.0277832036942875));
#7947=CARTESIAN_POINT('',(-0.0058901140631518,-0.007,-0.0295387767795286));
#7948=CARTESIAN_POINT('',(-0.0058901140631518,3.46944695195361E-18,-0.0295387767795286));
#7949=CARTESIAN_POINT('',(-0.00537544725930693,-0.007,-0.0310771529403453));
#7950=CARTESIAN_POINT('',(-0.00537544725930693,1.73472347597681E-18,-0.0310771529403453));
#7951=CARTESIAN_POINT('',(-0.00489677090133335,-0.007,-0.0321289843403096));
#7952=CARTESIAN_POINT('',(-0.00489677090133335,1.73472347597681E-18,-0.0321289843403096));
#7953=CARTESIAN_POINT('',(-0.00613895227506057,-8.67361737988404E-19,-0.0267893092973514));
#7954=CARTESIAN_POINT('',(-5.00820485128553E-16,-0.007,-1.85568258231572E-15));
#7955=CARTESIAN_POINT('',(-0.00668046534558604,-0.007,-0.0260314618830066));
#7956=CARTESIAN_POINT('',(-0.00723027824312417,-0.007,-0.025884139961123));
#7957=CARTESIAN_POINT('',(-0.00742495989152267,-0.0035,-0.0265810933653438));
#7958=CARTESIAN_POINT('',(-0.00686034279453271,-0.0035,-0.0267323820605151));
#7959=CARTESIAN_POINT('',(-0.00100381090242277,-0.007,-0.0274653634843201));
#7960=CARTESIAN_POINT('',(-0.00100381090242277,1.99493199737333E-17,-0.0274653634843201));
#7961=CARTESIAN_POINT('',(-0.0010537852606856,-0.007,-0.0277353176492596));
#7962=CARTESIAN_POINT('',(-0.0010537852606856,1.99493199737333E-17,-0.0277353176492596));
#7963=CARTESIAN_POINT('',(-0.00124332890544187,-0.007,-0.0284301400240379));
#7964=CARTESIAN_POINT('',(-0.00124332890544187,1.90819582357449E-17,-0.0284301400240379));
#7965=CARTESIAN_POINT('',(-0.00195578470618733,-0.007,-0.0300567410657042));
#7966=CARTESIAN_POINT('',(-0.00195578470618733,2.42861286636753E-17,-0.0300567410657042));
#7967=CARTESIAN_POINT('',(-0.00285107571290585,-0.007,-0.0314094927592682));
#7968=CARTESIAN_POINT('',(-0.00285107571290585,1.99493199737333E-17,-0.0314094927592682));
#7969=CARTESIAN_POINT('',(-0.00358567556805408,-0.007,-0.0323015933155109));
#7970=CARTESIAN_POINT('',(-0.00358567556805408,2.08166817117217E-17,-0.0323015933155109));
#7971=CARTESIAN_POINT('',(-0.00100381090245953,-0.007,-0.0274653634845187));
#7972=CARTESIAN_POINT('',(0.00100381090242276,-0.007,-0.0274653634843201));
#7973=CARTESIAN_POINT('',(0.00100381090242276,1.99493199737333E-17,-0.0274653634843201));
#7974=CARTESIAN_POINT('',(0.00105378526068559,-0.00700000000000001,-0.0277353176492596));
#7975=CARTESIAN_POINT('',(0.00105378526068559,6.07153216591882E-18,-0.0277353176492596));
#7976=CARTESIAN_POINT('',(0.00124332890544186,-0.007,-0.0284301400240379));
#7977=CARTESIAN_POINT('',(0.00124332890544186,2.25514051876985E-17,-0.0284301400240379));
#7978=CARTESIAN_POINT('',(0.00195578470618731,-0.007,-0.0300567410657042));
#7979=CARTESIAN_POINT('',(0.00195578470618731,1.99493199737333E-17,-0.0300567410657042));
#7980=CARTESIAN_POINT('',(0.0028510757129059,-0.007,-0.0314094927592682));
#7981=CARTESIAN_POINT('',(0.0028510757129059,1.82145964977565E-17,-0.0314094927592682));
#7982=CARTESIAN_POINT('',(0.00358567556805406,-0.007,-0.0323015933155109));
#7983=CARTESIAN_POINT('',(0.00358567556805406,1.90819582357449E-17,-0.0323015933155109));
#7984=CARTESIAN_POINT('',(0.00100381090245952,-8.67361737988404E-19,-0.0274653634845187));
#7985=CARTESIAN_POINT('',(-3.46944695195396E-18,-0.007,-1.9220736113823E-15));
#7986=CARTESIAN_POINT('',(0.000284604098251734,-0.007,-0.0268734929904406));
#7987=CARTESIAN_POINT('',(-0.00028460409825174,-0.007,-0.0268734929904406));
#7988=CARTESIAN_POINT('',(-0.000292267315783004,-0.0035,-0.027597085601635));
#7989=CARTESIAN_POINT('',(0.000292267315782997,-0.0035,-0.0275970856016351));
#7990=CARTESIAN_POINT('',(0.00613895227504468,-0.007,-0.0267893092971501));
#7991=CARTESIAN_POINT('',(0.00613895227504468,-1.90819582357449E-17,-0.0267893092971501));
#7992=CARTESIAN_POINT('',(0.00616055003093749,-0.007,-0.0270629993126647));
#7993=CARTESIAN_POINT('',(0.00616055003093749,-1.90819582357449E-17,-0.0270629993126647));
#7994=CARTESIAN_POINT('',(0.00615729819281442,-0.007,-0.0277832036942875));
#7995=CARTESIAN_POINT('',(0.00615729819281442,-1.73472347597681E-17,-0.0277832036942875));
#7996=CARTESIAN_POINT('',(0.00589011406315177,-0.007,-0.0295387767795286));
#7997=CARTESIAN_POINT('',(0.00589011406315177,-1.82145964977565E-17,-0.0295387767795286));
#7998=CARTESIAN_POINT('',(0.00537544725930705,-0.007,-0.0310771529403453));
#7999=CARTESIAN_POINT('',(0.00537544725930705,-1.82145964977565E-17,-0.0310771529403453));
#8000=CARTESIAN_POINT('',(0.00489677090133333,-0.007,-0.0321289843403096));
#8001=CARTESIAN_POINT('',(0.00489677090133333,-1.82145964977565E-17,-0.0321289843403096));
#8002=CARTESIAN_POINT('',(0.00613895227506056,-0.007,-0.0267893092973514));
#8003=CARTESIAN_POINT('',(0.00807816602576605,-0.007,-0.026269698538693));
#8004=CARTESIAN_POINT('',(0.00807816602576605,-3.46944695195361E-17,-0.026269698538693));
#8005=CARTESIAN_POINT('',(0.00819630682825544,-0.007,-0.0265175199228371));
#8006=CARTESIAN_POINT('',(0.00819630682825544,-3.46944695195361E-17,-0.0265175199228371));
#8007=CARTESIAN_POINT('',(0.00855922519349043,-0.007,-0.0271396092941779));
#8008=CARTESIAN_POINT('',(0.00855922519349043,-3.90312782094782E-17,-0.0271396092941779));
#8009=CARTESIAN_POINT('',(0.0096683999798868,-0.007,-0.0285263881193654));
#8010=CARTESIAN_POINT('',(0.0096683999798868,-3.12250225675825E-17,-0.0285263881193654));
#8011=CARTESIAN_POINT('',(0.0108833025869095,-0.007,-0.0296013275532871));
#8012=CARTESIAN_POINT('',(0.0108833025869095,-3.55618312575245E-17,-0.0296013275532871));
#8013=CARTESIAN_POINT('',(0.0118237641730876,-0.007,-0.0302729020871671));
#8014=CARTESIAN_POINT('',(0.0118237641730876,-3.55618312575245E-17,-0.0302729020871671));
#8015=CARTESIAN_POINT('',(0.00807816602585295,-8.67361737988404E-19,-0.0262696985388753));
#8016=CARTESIAN_POINT('',(4.94118028300888E-16,-0.007,-1.85747850021E-15));
#8017=CARTESIAN_POINT('',(0.00723027824312417,-0.007,-0.025884139961123));
#8018=CARTESIAN_POINT('',(0.00668046534558604,-0.007,-0.0260314618830066));
#8019=CARTESIAN_POINT('',(0.0068603427945327,-0.0035,-0.0267323820605151));
#8020=CARTESIAN_POINT('',(0.00742495989152267,-0.0035,-0.0265810933653438));
#8021=CARTESIAN_POINT('',(0.0128633560000662,-0.007,-0.0242876079528061));
#8022=CARTESIAN_POINT('',(0.0128633560000662,-2.60208521396521E-18,-0.0242876079528061));
#8023=CARTESIAN_POINT('',(0.0129550540187425,-0.00700000000000001,-0.0245463822966326));
#8024=CARTESIAN_POINT('',(0.0129550540187425,-1.64798730217797E-17,-0.0245463822966326));
#8025=CARTESIAN_POINT('',(0.0131383155946468,-0.007,-0.0252428879466864));
#8026=CARTESIAN_POINT('',(0.0131383155946468,0.,-0.0252428879466864));
#8027=CARTESIAN_POINT('',(0.0133346112929608,-0.007,-0.0270077936709645));
#8028=CARTESIAN_POINT('',(0.0133346112929608,-5.20417042793042E-18,-0.0270077936709645));
#8029=CARTESIAN_POINT('',(0.0132356423841449,-0.007,-0.0286269565059626));
#8030=CARTESIAN_POINT('',(0.0132356423841449,-3.46944695195361E-18,-0.0286269565059626));
#8031=CARTESIAN_POINT('',(0.0130455105260914,-0.007,-0.0297668381779731));
#8032=CARTESIAN_POINT('',(0.0130455105260914,-3.46944695195361E-18,-0.0297668381779731));
#8033=CARTESIAN_POINT('',(0.0128633560001336,-0.007,-0.0242876079529965));
#8034=CARTESIAN_POINT('',(0.014602007484254,-0.007,-0.0232837970503833));
#8035=CARTESIAN_POINT('',(0.014602007484254,2.60208521396521E-18,-0.0232837970503833));
#8036=CARTESIAN_POINT('',(0.0147802636305172,-0.007,-0.023492597035947));
#8037=CARTESIAN_POINT('',(0.0147802636305172,2.60208521396521E-18,-0.023492597035947));
#8038=CARTESIAN_POINT('',(0.0152918244293911,-0.007,-0.0239995590412446));
#8039=CARTESIAN_POINT('',(0.0152918244293911,1.73472347597681E-18,-0.0239995590412446));
#8040=CARTESIAN_POINT('',(0.0167221297727436,-0.007,-0.0250520089647773));
#8041=CARTESIAN_POINT('',(0.0167221297727436,4.33680868994202E-18,-0.0250520089647773));
#8042=CARTESIAN_POINT('',(0.0181738503751229,-0.007,-0.0257758807930562));
#8043=CARTESIAN_POINT('',(0.0181738503751229,3.46944695195361E-18,-0.0257758807930562));
#8044=CARTESIAN_POINT('',(0.0192560827894195,-0.007,-0.0261811626099191));
#8045=CARTESIAN_POINT('',(0.0192560827894195,3.46944695195361E-18,-0.0261811626099191));
#8046=CARTESIAN_POINT('',(0.0146020074843851,-8.67361737988404E-19,-0.0232837970505369));
#8047=CARTESIAN_POINT('',(9.58032176493677E-16,-0.007,-1.66629929887675E-15));
#8048=CARTESIAN_POINT('',(0.0136832208743275,-0.007,-0.0231308255690187));
#8049=CARTESIAN_POINT('',(0.0131902721161131,-0.007,-0.0234154296672704));
#8050=CARTESIAN_POINT('',(0.0135454318806535,-0.0035,-0.0240459108593211));
#8051=CARTESIAN_POINT('',(0.0140516537209815,-0.0035,-0.0237536435435382));
#8052=CARTESIAN_POINT('',(0.0232837970503833,-0.007,-0.014602007484254));
#8053=CARTESIAN_POINT('',(0.0232837970503833,-1.47451495458029E-17,-0.014602007484254));
#8054=CARTESIAN_POINT('',(0.023492597035947,-0.007,-0.0147802636305172));
#8055=CARTESIAN_POINT('',(0.023492597035947,-1.47451495458029E-17,-0.0147802636305172));
#8056=CARTESIAN_POINT('',(0.0239995590412446,-0.007,-0.0152918244293911));
#8057=CARTESIAN_POINT('',(0.0239995590412446,-1.56125112837913E-17,-0.0152918244293911));
#8058=CARTESIAN_POINT('',(0.0250520089647771,-0.007,-0.0167221297727434));
#8059=CARTESIAN_POINT('',(0.0250520089647771,-9.54097911787244E-18,-0.0167221297727434));
#8060=CARTESIAN_POINT('',(0.0257758807930569,-0.007,-0.0181738503751236));
#8061=CARTESIAN_POINT('',(0.0257758807930569,-1.38777878078145E-17,-0.0181738503751236));
#8062=CARTESIAN_POINT('',(0.026181162609919,-0.007,-0.0192560827894195));
#8063=CARTESIAN_POINT('',(0.026181162609919,-1.38777878078145E-17,-0.0192560827894195));
#8064=CARTESIAN_POINT('',(0.0232837970505369,-0.007,-0.0146020074843851));
#8065=CARTESIAN_POINT('',(0.0242876079528061,-0.007,-0.0128633560000662));
#8066=CARTESIAN_POINT('',(0.0242876079528061,-8.67361737988404E-19,-0.0128633560000662));
#8067=CARTESIAN_POINT('',(0.0245463822966325,-0.00700000000000001,-0.0129550540187425));
#8068=CARTESIAN_POINT('',(0.0245463822966325,-1.47451495458029E-17,-0.0129550540187425));
#8069=CARTESIAN_POINT('',(0.0252428879466865,-0.00699999999999999,-0.0131383155946468));
#8070=CARTESIAN_POINT('',(0.0252428879466865,5.20417042793042E-18,-0.0131383155946468));
#8071=CARTESIAN_POINT('',(0.0270077936709644,-0.007,-0.0133346112929608));
#8072=CARTESIAN_POINT('',(0.0270077936709644,-1.73472347597681E-18,-0.0133346112929608));
#8073=CARTESIAN_POINT('',(0.0286269565059626,-0.007,-0.0132356423841449));
#8074=CARTESIAN_POINT('',(0.0286269565059626,-8.67361737988404E-19,-0.0132356423841449));
#8075=CARTESIAN_POINT('',(0.0297668381779731,-0.007,-0.0130455105260914));
#8076=CARTESIAN_POINT('',(0.0297668381779731,-8.67361737988404E-19,-0.0130455105260914));
#8077=CARTESIAN_POINT('',(0.0242876079529965,-8.67361737988404E-19,-0.0128633560001336));
#8078=CARTESIAN_POINT('',(1.6628298519248E-15,-0.007,-9.64041434888626E-16));
#8079=CARTESIAN_POINT('',(0.0234154296672704,-0.007,-0.0131902721161131));
#8080=CARTESIAN_POINT('',(0.0231308255690187,-0.007,-0.0136832208743275));
#8081=CARTESIAN_POINT('',(0.0237536435435381,-0.0035,-0.0140516537209815));
#8082=CARTESIAN_POINT('',(0.0240459108593212,-0.0035,-0.0135454318806536));
#8083=CARTESIAN_POINT('',(0.018711143271384,-0.007,-0.0201307462636483));
#8084=CARTESIAN_POINT('',(0.018711143271384,8.67361737988404E-19,-0.0201307462636483));
#8085=CARTESIAN_POINT('',(0.0188666924844092,-0.007,-0.0203569698918997));
#8086=CARTESIAN_POINT('',(0.0188666924844092,8.67361737988404E-19,-0.0203569698918997));
#8087=CARTESIAN_POINT('',(0.0192239785007971,-0.007,-0.0209823111013634));
#8088=CARTESIAN_POINT('',(0.0192239785007971,1.73472347597681E-18,-0.0209823111013634));
#8089=CARTESIAN_POINT('',(0.0198703767996417,-0.007,-0.0226362740562138));
#8090=CARTESIAN_POINT('',(0.0198703767996417,8.67361737988404E-19,-0.0226362740562138));
#8091=CARTESIAN_POINT('',(0.0201938503534363,-0.007,-0.0242258802939799));
#8092=CARTESIAN_POINT('',(0.0201938503534363,8.67361737988404E-19,-0.0242258802939799));
#8093=CARTESIAN_POINT('',(0.0203052201672219,-0.007,-0.0253761311858338));
#8094=CARTESIAN_POINT('',(0.0203052201672219,8.67361737988404E-19,-0.0253761311858338));
#8095=CARTESIAN_POINT('',(0.0187111432714985,-0.007,-0.0201307462638147));
#8096=CARTESIAN_POINT('',(0.0201307462636483,-0.007,-0.018711143271384));
#8097=CARTESIAN_POINT('',(0.0201307462636483,-1.47451495458029E-17,-0.018711143271384));
#8098=CARTESIAN_POINT('',(0.0203569698918995,-0.007,-0.0188666924844092));
#8099=CARTESIAN_POINT('',(0.0203569698918995,-1.38777878078145E-17,-0.0188666924844092));
#8100=CARTESIAN_POINT('',(0.0209823111013635,-0.007,-0.0192239785007971));
#8101=CARTESIAN_POINT('',(0.0209823111013635,-1.73472347597681E-17,-0.0192239785007971));
#8102=CARTESIAN_POINT('',(0.0226362740562137,-0.007,-0.0198703767996417));
#8103=CARTESIAN_POINT('',(0.0226362740562137,-1.47451495458029E-17,-0.0198703767996417));
#8104=CARTESIAN_POINT('',(0.0242258802939799,-0.007,-0.0201938503534363));
#8105=CARTESIAN_POINT('',(0.0242258802939799,-1.56125112837913E-17,-0.0201938503534363));
#8106=CARTESIAN_POINT('',(0.0253761311858338,-0.007,-0.0203052201672219));
#8107=CARTESIAN_POINT('',(0.0253761311858338,-1.56125112837913E-17,-0.0203052201672219));
#8108=CARTESIAN_POINT('',(0.0201307462638146,-8.67361737988404E-19,-0.0187111432714985));
#8109=CARTESIAN_POINT('',(1.35665801508145E-15,-0.007,-1.36156455401484E-15));
#8110=CARTESIAN_POINT('',(0.0192036746155369,-0.007,-0.0188011836398824));
#8111=CARTESIAN_POINT('',(0.0188011836398824,-0.007,-0.0192036746155369));
#8112=CARTESIAN_POINT('',(0.0193074221689923,-0.0035,-0.0197207505708111));
#8113=CARTESIAN_POINT('',(0.0197207505708111,-0.0035,-0.0193074221689924));
#8114=CARTESIAN_POINT('',(0.026269698538693,-0.007,-0.00807816602576606));
#8115=CARTESIAN_POINT('',(0.026269698538693,0.,-0.00807816602576606));
#8116=CARTESIAN_POINT('',(0.0265175199228371,-0.00699999999999999,-0.00819630682825546));
#8117=CARTESIAN_POINT('',(0.0265175199228371,1.38777878078145E-17,-0.00819630682825546));
#8118=CARTESIAN_POINT('',(0.0271396092941779,-0.007,-0.00855922519349043));
#8119=CARTESIAN_POINT('',(0.0271396092941779,-3.46944695195361E-18,-0.00855922519349043));
#8120=CARTESIAN_POINT('',(0.0285263881193655,-0.007,-0.00966839997988682));
#8121=CARTESIAN_POINT('',(0.0285263881193655,4.33680868994202E-18,-0.00966839997988682));
#8122=CARTESIAN_POINT('',(0.0296013275532871,-0.007,-0.0108833025869095));
#8123=CARTESIAN_POINT('',(0.0296013275532871,8.67361737988404E-19,-0.0108833025869095));
#8124=CARTESIAN_POINT('',(0.0302729020871671,-0.007,-0.0118237641730877));
#8125=CARTESIAN_POINT('',(0.0302729020871671,8.67361737988404E-19,-0.0118237641730877));
#8126=CARTESIAN_POINT('',(0.0262696985388753,-0.007,-0.00807816602585297));
#8127=CARTESIAN_POINT('',(0.0267893092971501,-0.007,-0.00613895227504469));
#8128=CARTESIAN_POINT('',(0.0267893092971501,-8.67361737988404E-19,-0.00613895227504469));
#8129=CARTESIAN_POINT('',(0.0270629993126647,-0.00699999999999999,-0.0061605500309375));
#8130=CARTESIAN_POINT('',(0.0270629993126647,1.30104260698261E-17,-0.0061605500309375));
#8131=CARTESIAN_POINT('',(0.0277832036942875,-0.007,-0.00615729819281442));
#8132=CARTESIAN_POINT('',(0.0277832036942875,-4.33680868994202E-18,-0.00615729819281442));
#8133=CARTESIAN_POINT('',(0.0295387767795286,-0.007,-0.00589011406315181));
#8134=CARTESIAN_POINT('',(0.0295387767795286,4.33680868994202E-18,-0.00589011406315181));
#8135=CARTESIAN_POINT('',(0.0310771529403453,-0.007,-0.00537544725930693));
#8136=CARTESIAN_POINT('',(0.0310771529403453,0.,-0.00537544725930693));
#8137=CARTESIAN_POINT('',(0.0321289843403096,-0.007,-0.00489677090133335));
#8138=CARTESIAN_POINT('',(0.0321289843403096,0.,-0.00489677090133335));
#8139=CARTESIAN_POINT('',(0.0267893092973514,-8.67361737988404E-19,-0.00613895227506057));
#8140=CARTESIAN_POINT('',(1.85568258231572E-15,-0.007,-5.00820485128553E-16));
#8141=CARTESIAN_POINT('',(0.0260314618830066,-0.007,-0.00668046534558605));
#8142=CARTESIAN_POINT('',(0.025884139961123,-0.007,-0.00723027824312417));
#8143=CARTESIAN_POINT('',(0.0265810933653438,-0.0035,-0.00742495989152267));
#8144=CARTESIAN_POINT('',(0.0267323820605151,-0.0035,-0.00686034279453271));
#8145=CARTESIAN_POINT('',(0.0201307462636483,-0.007,0.018711143271384));
#8146=CARTESIAN_POINT('',(0.0201307462636483,1.90819582357449E-17,0.018711143271384));
#8147=CARTESIAN_POINT('',(0.0203569698918996,-0.007,0.0188666924844093));
#8148=CARTESIAN_POINT('',(0.0203569698918996,1.90819582357449E-17,0.0188666924844093));
#8149=CARTESIAN_POINT('',(0.0209823111013635,-0.007,0.0192239785007971));
#8150=CARTESIAN_POINT('',(0.0209823111013635,1.64798730217797E-17,0.0192239785007971));
#8151=CARTESIAN_POINT('',(0.0226362740562137,-0.007,0.0198703767996417));
#8152=CARTESIAN_POINT('',(0.0226362740562137,1.99493199737333E-17,0.0198703767996417));
#8153=CARTESIAN_POINT('',(0.0242258802939799,-0.007,0.0201938503534363));
#8154=CARTESIAN_POINT('',(0.0242258802939799,1.82145964977565E-17,0.0201938503534363));
#8155=CARTESIAN_POINT('',(0.0253761311858338,-0.007,0.0203052201672219));
#8156=CARTESIAN_POINT('',(0.0253761311858338,1.82145964977565E-17,0.0203052201672219));
#8157=CARTESIAN_POINT('',(0.0201307462638147,-0.007,0.0187111432714985));
#8158=CARTESIAN_POINT('',(0.018711143271384,-0.007,0.0201307462636483));
#8159=CARTESIAN_POINT('',(0.018711143271384,-1.47451495458029E-17,0.0201307462636483));
#8160=CARTESIAN_POINT('',(0.0188666924844092,-0.007,0.0203569698918995));
#8161=CARTESIAN_POINT('',(0.0188666924844092,-1.38777878078145E-17,0.0203569698918995));
#8162=CARTESIAN_POINT('',(0.0192239785007971,-0.007,0.0209823111013635));
#8163=CARTESIAN_POINT('',(0.0192239785007971,-1.73472347597681E-17,0.0209823111013635));
#8164=CARTESIAN_POINT('',(0.0198703767996417,-0.007,0.0226362740562137));
#8165=CARTESIAN_POINT('',(0.0198703767996417,-1.47451495458029E-17,0.0226362740562137));
#8166=CARTESIAN_POINT('',(0.0201938503534363,-0.007,0.0242258802939799));
#8167=CARTESIAN_POINT('',(0.0201938503534363,-1.56125112837913E-17,0.0242258802939799));
#8168=CARTESIAN_POINT('',(0.0203052201672219,-0.007,0.0253761311858338));
#8169=CARTESIAN_POINT('',(0.0203052201672219,-1.56125112837913E-17,0.0253761311858338));
#8170=CARTESIAN_POINT('',(0.0187111432714985,-8.67361737988404E-19,0.0201307462638146));
#8171=CARTESIAN_POINT('',(1.36156455401484E-15,-0.007,1.35665801508145E-15));
#8172=CARTESIAN_POINT('',(0.0188011836398824,-0.007,0.0192036746155369));
#8173=CARTESIAN_POINT('',(0.0192036746155369,-0.007,0.0188011836398824));
#8174=CARTESIAN_POINT('',(0.0197207505708111,-0.0035,0.0193074221689924));
#8175=CARTESIAN_POINT('',(0.0193074221689924,-0.0035,0.0197207505708111));
#8176=CARTESIAN_POINT('',(0.014602007484254,-0.007,0.0232837970503833));
#8177=CARTESIAN_POINT('',(0.014602007484254,2.60208521396521E-18,0.0232837970503833));
#8178=CARTESIAN_POINT('',(0.0147802636305172,-0.007,0.023492597035947));
#8179=CARTESIAN_POINT('',(0.0147802636305172,2.60208521396521E-18,0.023492597035947));
#8180=CARTESIAN_POINT('',(0.0152918244293911,-0.007,0.0239995590412446));
#8181=CARTESIAN_POINT('',(0.0152918244293911,1.73472347597681E-18,0.0239995590412446));
#8182=CARTESIAN_POINT('',(0.0167221297727436,-0.007,0.0250520089647773));
#8183=CARTESIAN_POINT('',(0.0167221297727436,4.33680868994202E-18,0.0250520089647773));
#8184=CARTESIAN_POINT('',(0.0181738503751229,-0.007,0.0257758807930562));
#8185=CARTESIAN_POINT('',(0.0181738503751229,3.46944695195361E-18,0.0257758807930562));
#8186=CARTESIAN_POINT('',(0.0192560827894195,-0.007,0.0261811626099191));
#8187=CARTESIAN_POINT('',(0.0192560827894195,3.46944695195361E-18,0.0261811626099191));
#8188=CARTESIAN_POINT('',(0.0146020074843851,-0.007,0.0232837970505369));
#8189=CARTESIAN_POINT('',(0.0128633560000662,-0.007,0.0242876079528061));
#8190=CARTESIAN_POINT('',(0.0128633560000662,-2.60208521396521E-18,0.0242876079528061));
#8191=CARTESIAN_POINT('',(0.0129550540187425,-0.00700000000000001,0.0245463822966326));
#8192=CARTESIAN_POINT('',(0.0129550540187425,-1.64798730217797E-17,0.0245463822966326));
#8193=CARTESIAN_POINT('',(0.0131383155946468,-0.007,0.0252428879466864));
#8194=CARTESIAN_POINT('',(0.0131383155946468,0.,0.0252428879466864));
#8195=CARTESIAN_POINT('',(0.0133346112929608,-0.007,0.0270077936709645));
#8196=CARTESIAN_POINT('',(0.0133346112929608,-5.20417042793042E-18,0.0270077936709645));
#8197=CARTESIAN_POINT('',(0.0132356423841449,-0.007,0.0286269565059626));
#8198=CARTESIAN_POINT('',(0.0132356423841449,-3.46944695195361E-18,0.0286269565059626));
#8199=CARTESIAN_POINT('',(0.0130455105260914,-0.007,0.0297668381779731));
#8200=CARTESIAN_POINT('',(0.0130455105260914,-3.46944695195361E-18,0.0297668381779731));
#8201=CARTESIAN_POINT('',(0.0128633560001336,-8.67361737988404E-19,0.0242876079529965));
#8202=CARTESIAN_POINT('',(9.64041434888626E-16,-0.007,1.6628298519248E-15));
#8203=CARTESIAN_POINT('',(0.0131902721161131,-0.007,0.0234154296672704));
#8204=CARTESIAN_POINT('',(0.0136832208743274,-0.007,0.0231308255690187));
#8205=CARTESIAN_POINT('',(0.0140516537209815,-0.0035,0.0237536435435381));
#8206=CARTESIAN_POINT('',(0.0135454318806535,-0.0035,0.0240459108593212));
#8207=CARTESIAN_POINT('',(0.0242876079528061,-0.007,0.0128633560000661));
#8208=CARTESIAN_POINT('',(0.0242876079528061,1.21430643318376E-17,0.0128633560000661));
#8209=CARTESIAN_POINT('',(0.0245463822966327,-0.007,0.0129550540187425));
#8210=CARTESIAN_POINT('',(0.0245463822966327,1.21430643318376E-17,0.0129550540187425));
#8211=CARTESIAN_POINT('',(0.0252428879466864,-0.007,0.0131383155946468));
#8212=CARTESIAN_POINT('',(0.0252428879466864,1.30104260698261E-17,0.0131383155946468));
#8213=CARTESIAN_POINT('',(0.0270077936709646,-0.007,0.0133346112929608));
#8214=CARTESIAN_POINT('',(0.0270077936709646,1.73472347597681E-17,0.0133346112929608));
#8215=CARTESIAN_POINT('',(0.0286269565059626,-0.007,0.0132356423841448));
#8216=CARTESIAN_POINT('',(0.0286269565059626,1.21430643318376E-17,0.0132356423841448));
#8217=CARTESIAN_POINT('',(0.0297668381779731,-0.007,0.0130455105260914));
#8218=CARTESIAN_POINT('',(0.0297668381779731,1.21430643318376E-17,0.0130455105260914));
#8219=CARTESIAN_POINT('',(0.0242876079529965,-0.007,0.0128633560001336));
#8220=CARTESIAN_POINT('',(0.0232837970503833,-0.007,0.0146020074842539));
#8221=CARTESIAN_POINT('',(0.0232837970503833,-8.67361737988404E-19,0.0146020074842539));
#8222=CARTESIAN_POINT('',(0.0234925970359469,-0.007,0.0147802636305171));
#8223=CARTESIAN_POINT('',(0.0234925970359469,-8.67361737988404E-19,0.0147802636305171));
#8224=CARTESIAN_POINT('',(0.0239995590412446,-0.007,0.015291824429391));
#8225=CARTESIAN_POINT('',(0.0239995590412446,8.67361737988404E-19,0.015291824429391));
#8226=CARTESIAN_POINT('',(0.0250520089647772,-0.007,0.0167221297727436));
#8227=CARTESIAN_POINT('',(0.0250520089647772,2.60208521396521E-18,0.0167221297727436));
#8228=CARTESIAN_POINT('',(0.0257758807930562,-0.007,0.0181738503751229));
#8229=CARTESIAN_POINT('',(0.0257758807930562,-8.67361737988404E-19,0.0181738503751229));
#8230=CARTESIAN_POINT('',(0.0261811626099191,-0.007,0.0192560827894195));
#8231=CARTESIAN_POINT('',(0.0261811626099191,0.,0.0192560827894195));
#8232=CARTESIAN_POINT('',(0.0232837970505369,-8.67361737988404E-19,0.0146020074843851));
#8233=CARTESIAN_POINT('',(1.66629929887675E-15,-0.007,9.58032176493677E-16));
#8234=CARTESIAN_POINT('',(0.0231308255690187,-0.007,0.0136832208743274));
#8235=CARTESIAN_POINT('',(0.0234154296672704,-0.007,0.0131902721161131));
#8236=CARTESIAN_POINT('',(0.0240459108593211,-0.0035,0.0135454318806535));
#8237=CARTESIAN_POINT('',(0.0237536435435382,-0.0035,0.0140516537209815));
#8238=CARTESIAN_POINT('',(0.0267893092971501,-0.007,0.00613895227504469));
#8239=CARTESIAN_POINT('',(0.0267893092971501,-8.67361737988404E-19,0.00613895227504469));
#8240=CARTESIAN_POINT('',(0.0270629993126647,-0.00699999999999999,0.0061605500309375));
#8241=CARTESIAN_POINT('',(0.0270629993126647,1.30104260698261E-17,0.0061605500309375));
#8242=CARTESIAN_POINT('',(0.0277832036942875,-0.007,0.00615729819281443));
#8243=CARTESIAN_POINT('',(0.0277832036942875,-4.33680868994202E-18,0.00615729819281443));
#8244=CARTESIAN_POINT('',(0.0295387767795286,-0.007,0.00589011406315181));
#8245=CARTESIAN_POINT('',(0.0295387767795286,4.33680868994202E-18,0.00589011406315181));
#8246=CARTESIAN_POINT('',(0.0310771529403453,-0.007,0.00537544725930693));
#8247=CARTESIAN_POINT('',(0.0310771529403453,0.,0.00537544725930693));
#8248=CARTESIAN_POINT('',(0.0321289843403096,-0.007,0.00489677090133335));
#8249=CARTESIAN_POINT('',(0.0321289843403096,0.,0.00489677090133335));
#8250=CARTESIAN_POINT('',(0.0267893092973514,-0.007,0.00613895227506058));
#8251=CARTESIAN_POINT('',(0.026269698538693,-0.007,0.00807816602576606));
#8252=CARTESIAN_POINT('',(0.026269698538693,0.,0.00807816602576606));
#8253=CARTESIAN_POINT('',(0.0265175199228371,-0.00699999999999999,0.00819630682825546));
#8254=CARTESIAN_POINT('',(0.0265175199228371,1.38777878078145E-17,0.00819630682825546));
#8255=CARTESIAN_POINT('',(0.0271396092941779,-0.007,0.00855922519349044));
#8256=CARTESIAN_POINT('',(0.0271396092941779,-3.46944695195361E-18,0.00855922519349044));
#8257=CARTESIAN_POINT('',(0.0285263881193655,-0.007,0.00966839997988682));
#8258=CARTESIAN_POINT('',(0.0285263881193655,4.33680868994202E-18,0.00966839997988682));
#8259=CARTESIAN_POINT('',(0.0296013275532871,-0.007,0.0108833025869095));
#8260=CARTESIAN_POINT('',(0.0296013275532871,8.67361737988404E-19,0.0108833025869095));
#8261=CARTESIAN_POINT('',(0.0302729020871671,-0.007,0.0118237641730877));
#8262=CARTESIAN_POINT('',(0.0302729020871671,8.67361737988404E-19,0.0118237641730877));
#8263=CARTESIAN_POINT('',(0.0262696985388753,-8.67361737988404E-19,0.00807816602585296));
#8264=CARTESIAN_POINT('',(1.85747850021E-15,-0.007,4.94118028300889E-16));
#8265=CARTESIAN_POINT('',(0.025884139961123,-0.007,0.00723027824312418));
#8266=CARTESIAN_POINT('',(0.0260314618830065,-0.007,0.00668046534558605));
#8267=CARTESIAN_POINT('',(0.0267323820605151,-0.0035,0.00686034279453271));
#8268=CARTESIAN_POINT('',(0.0265810933653438,-0.0035,0.00742495989152269));
#8269=CARTESIAN_POINT('',(0.00807816602576606,-0.007,0.026269698538693));
#8270=CARTESIAN_POINT('',(0.00807816602576606,0.,0.026269698538693));
#8271=CARTESIAN_POINT('',(0.00819630682825546,-0.00699999999999999,0.0265175199228371));
#8272=CARTESIAN_POINT('',(0.00819630682825546,1.38777878078145E-17,0.0265175199228371));
#8273=CARTESIAN_POINT('',(0.00855922519349044,-0.007,0.0271396092941779));
#8274=CARTESIAN_POINT('',(0.00855922519349044,-3.46944695195361E-18,0.0271396092941779));
#8275=CARTESIAN_POINT('',(0.00966839997988682,-0.007,0.0285263881193655));
#8276=CARTESIAN_POINT('',(0.00966839997988682,4.33680868994202E-18,0.0285263881193655));
#8277=CARTESIAN_POINT('',(0.0108833025869095,-0.007,0.0296013275532871));
#8278=CARTESIAN_POINT('',(0.0108833025869095,8.67361737988404E-19,0.0296013275532871));
#8279=CARTESIAN_POINT('',(0.0118237641730877,-0.007,0.0302729020871671));
#8280=CARTESIAN_POINT('',(0.0118237641730877,8.67361737988404E-19,0.0302729020871671));
#8281=CARTESIAN_POINT('',(0.00807816602585297,-0.007,0.0262696985388753));
#8282=CARTESIAN_POINT('',(0.00613895227504469,-0.007,0.0267893092971501));
#8283=CARTESIAN_POINT('',(0.00613895227504469,-8.67361737988404E-19,0.0267893092971501));
#8284=CARTESIAN_POINT('',(0.0061605500309375,-0.00699999999999999,0.0270629993126647));
#8285=CARTESIAN_POINT('',(0.0061605500309375,1.30104260698261E-17,0.0270629993126647));
#8286=CARTESIAN_POINT('',(0.00615729819281443,-0.007,0.0277832036942875));
#8287=CARTESIAN_POINT('',(0.00615729819281443,-4.33680868994202E-18,0.0277832036942875));
#8288=CARTESIAN_POINT('',(0.00589011406315181,-0.007,0.0295387767795286));
#8289=CARTESIAN_POINT('',(0.00589011406315181,4.33680868994202E-18,0.0295387767795286));
#8290=CARTESIAN_POINT('',(0.00537544725930693,-0.007,0.0310771529403453));
#8291=CARTESIAN_POINT('',(0.00537544725930693,0.,0.0310771529403453));
#8292=CARTESIAN_POINT('',(0.00489677090133335,-0.007,0.0321289843403096));
#8293=CARTESIAN_POINT('',(0.00489677090133335,0.,0.0321289843403096));
#8294=CARTESIAN_POINT('',(0.00613895227506058,-8.67361737988404E-19,0.0267893092973514));
#8295=CARTESIAN_POINT('',(5.00820485128553E-16,-0.007,1.85568258231572E-15));
#8296=CARTESIAN_POINT('',(0.00668046534558605,-0.007,0.0260314618830066));
#8297=CARTESIAN_POINT('',(0.00723027824312418,-0.007,0.025884139961123));
#8298=CARTESIAN_POINT('',(0.00742495989152267,-0.0035,0.0265810933653438));
#8299=CARTESIAN_POINT('',(0.00686034279453272,-0.0035,0.0267323820605151));
#8300=CARTESIAN_POINT('',(0.00100381090242277,-0.007,0.0274653634843201));
#8301=CARTESIAN_POINT('',(0.00100381090242277,2.60208521396521E-18,0.0274653634843201));
#8302=CARTESIAN_POINT('',(0.0010537852606856,-0.00699999999999999,0.0277353176492596));
#8303=CARTESIAN_POINT('',(0.0010537852606856,1.64798730217797E-17,0.0277353176492596));
#8304=CARTESIAN_POINT('',(0.00124332890544187,-0.00700000000000001,0.0284301400240379));
#8305=CARTESIAN_POINT('',(0.00124332890544187,-6.93889390390723E-18,0.0284301400240379));
#8306=CARTESIAN_POINT('',(0.00195578470618731,-0.00699999999999999,0.0300567410657042));
#8307=CARTESIAN_POINT('',(0.00195578470618731,1.21430643318376E-17,0.0300567410657042));
#8308=CARTESIAN_POINT('',(0.0028510757129059,-0.007,0.0314094927592682));
#8309=CARTESIAN_POINT('',(0.0028510757129059,2.60208521396521E-18,0.0314094927592682));
#8310=CARTESIAN_POINT('',(0.00358567556805408,-0.007,0.0323015933155109));
#8311=CARTESIAN_POINT('',(0.00358567556805408,3.46944695195361E-18,0.0323015933155109));
#8312=CARTESIAN_POINT('',(0.00100381090245953,-0.007,0.0274653634845187));
#8313=CARTESIAN_POINT('',(-0.00100381090242277,-0.007,0.0274653634843201));
#8314=CARTESIAN_POINT('',(-0.00100381090242277,8.67361737988404E-19,0.0274653634843201));
#8315=CARTESIAN_POINT('',(-0.00105378526068559,-0.007,0.0277353176492596));
#8316=CARTESIAN_POINT('',(-0.00105378526068559,8.67361737988404E-19,0.0277353176492596));
#8317=CARTESIAN_POINT('',(-0.00124332890544186,-0.007,0.0284301400240379));
#8318=CARTESIAN_POINT('',(-0.00124332890544186,0.,0.0284301400240379));
#8319=CARTESIAN_POINT('',(-0.00195578470618731,-0.007,0.0300567410657042));
#8320=CARTESIAN_POINT('',(-0.00195578470618731,5.20417042793042E-18,0.0300567410657042));
#8321=CARTESIAN_POINT('',(-0.0028510757129059,-0.007,0.0314094927592682));
#8322=CARTESIAN_POINT('',(-0.0028510757129059,8.67361737988404E-19,0.0314094927592682));
#8323=CARTESIAN_POINT('',(-0.00358567556805407,-0.007,0.0323015933155109));
#8324=CARTESIAN_POINT('',(-0.00358567556805407,1.73472347597681E-18,0.0323015933155109));
#8325=CARTESIAN_POINT('',(-0.00100381090245953,-8.67361737988404E-19,0.0274653634845187));
#8326=CARTESIAN_POINT('',(3.46944695195373E-18,-0.007,1.9220736113823E-15));
#8327=CARTESIAN_POINT('',(-0.000284604098251737,-0.007,0.0268734929904406));
#8328=CARTESIAN_POINT('',(0.000284604098251737,-0.007,0.0268734929904406));
#8329=CARTESIAN_POINT('',(0.000292267315783,-0.0035,0.027597085601635));
#8330=CARTESIAN_POINT('',(-0.000292267315783001,-0.0035,0.0275970856016351));
#8331=CARTESIAN_POINT('',(-0.00613895227504469,-0.007,0.0267893092971501));
#8332=CARTESIAN_POINT('',(-0.00613895227504469,-1.21430643318376E-17,0.0267893092971501));
#8333=CARTESIAN_POINT('',(-0.00616055003093753,-0.007,0.0270629993126647));
#8334=CARTESIAN_POINT('',(-0.00616055003093753,-1.21430643318376E-17,0.0270629993126647));
#8335=CARTESIAN_POINT('',(-0.00615729819281442,-0.007,0.0277832036942875));
#8336=CARTESIAN_POINT('',(-0.00615729819281442,-1.38777878078145E-17,0.0277832036942875));
#8337=CARTESIAN_POINT('',(-0.0058901140631518,-0.007,0.0295387767795286));
#8338=CARTESIAN_POINT('',(-0.0058901140631518,-1.47451495458029E-17,0.0295387767795286));
#8339=CARTESIAN_POINT('',(-0.00537544725930706,-0.007,0.0310771529403453));
#8340=CARTESIAN_POINT('',(-0.00537544725930706,-1.30104260698261E-17,0.0310771529403453));
#8341=CARTESIAN_POINT('',(-0.00489677090133335,-0.007,0.0321289843403096));
#8342=CARTESIAN_POINT('',(-0.00489677090133335,-1.30104260698261E-17,0.0321289843403096));
#8343=CARTESIAN_POINT('',(-0.00613895227506058,-0.007,0.0267893092973514));
#8344=CARTESIAN_POINT('',(-0.00807816602576607,-0.007,0.026269698538693));
#8345=CARTESIAN_POINT('',(-0.00807816602576607,1.73472347597681E-18,0.026269698538693));
#8346=CARTESIAN_POINT('',(-0.00819630682825549,-0.007,0.0265175199228372));
#8347=CARTESIAN_POINT('',(-0.00819630682825549,1.73472347597681E-18,0.0265175199228372));
#8348=CARTESIAN_POINT('',(-0.00855922519349043,-0.007,0.0271396092941778));
#8349=CARTESIAN_POINT('',(-0.00855922519349043,-8.67361737988404E-19,0.0271396092941778));
#8350=CARTESIAN_POINT('',(-0.00966839997988684,-0.007,0.0285263881193655));
#8351=CARTESIAN_POINT('',(-0.00966839997988684,6.07153216591882E-18,0.0285263881193655));
#8352=CARTESIAN_POINT('',(-0.0108833025869095,-0.007,0.0296013275532871));
#8353=CARTESIAN_POINT('',(-0.0108833025869095,2.60208521396521E-18,0.0296013275532871));
#8354=CARTESIAN_POINT('',(-0.0118237641730877,-0.007,0.0302729020871671));
#8355=CARTESIAN_POINT('',(-0.0118237641730877,2.60208521396521E-18,0.0302729020871671));
#8356=CARTESIAN_POINT('',(-0.00807816602585297,-8.67361737988403E-19,0.0262696985388753));
#8357=CARTESIAN_POINT('',(-4.94118028300889E-16,-0.007,1.85747850021E-15));
#8358=CARTESIAN_POINT('',(-0.00723027824312418,-0.007,0.025884139961123));
#8359=CARTESIAN_POINT('',(-0.00668046534558605,-0.007,0.0260314618830065));
#8360=CARTESIAN_POINT('',(-0.00686034279453271,-0.0035,0.0267323820605151));
#8361=CARTESIAN_POINT('',(-0.00742495989152269,-0.0035,0.0265810933653438));
#8362=CARTESIAN_POINT('',(-0.0128633560000661,-0.007,0.0242876079528061));
#8363=CARTESIAN_POINT('',(-0.0128633560000661,1.21430643318376E-17,0.0242876079528061));
#8364=CARTESIAN_POINT('',(-0.0129550540187425,-0.00699999999999999,0.0245463822966327));
#8365=CARTESIAN_POINT('',(-0.0129550540187425,2.60208521396521E-17,0.0245463822966327));
#8366=CARTESIAN_POINT('',(-0.0131383155946468,-0.007,0.0252428879466864));
#8367=CARTESIAN_POINT('',(-0.0131383155946468,9.54097911787244E-18,0.0252428879466864));
#8368=CARTESIAN_POINT('',(-0.0133346112929609,-0.007,0.0270077936709646));
#8369=CARTESIAN_POINT('',(-0.0133346112929609,1.30104260698261E-17,0.0270077936709646));
#8370=CARTESIAN_POINT('',(-0.0132356423841446,-0.007,0.0286269565059626));
#8371=CARTESIAN_POINT('',(-0.0132356423841446,1.30104260698261E-17,0.0286269565059626));
#8372=CARTESIAN_POINT('',(-0.0130455105260914,-0.007,0.0297668381779731));
#8373=CARTESIAN_POINT('',(-0.0130455105260914,1.30104260698261E-17,0.0297668381779731));
#8374=CARTESIAN_POINT('',(-0.0128633560001336,-0.007,0.0242876079529965));
#8375=CARTESIAN_POINT('',(-0.0146020074842539,-0.007,0.0232837970503833));
#8376=CARTESIAN_POINT('',(-0.0146020074842539,-1.73472347597681E-18,0.0232837970503833));
#8377=CARTESIAN_POINT('',(-0.0147802636305171,-0.00700000000000001,0.0234925970359469));
#8378=CARTESIAN_POINT('',(-0.0147802636305171,-1.56125112837913E-17,0.0234925970359469));
#8379=CARTESIAN_POINT('',(-0.0152918244293911,-0.007,0.0239995590412446));
#8380=CARTESIAN_POINT('',(-0.0152918244293911,8.67361737988404E-19,0.0239995590412446));
#8381=CARTESIAN_POINT('',(-0.0167221297727435,-0.007,0.0250520089647772));
#8382=CARTESIAN_POINT('',(-0.0167221297727435,-1.73472347597681E-18,0.0250520089647772));
#8383=CARTESIAN_POINT('',(-0.0181738503751229,-0.007,0.0257758807930562));
#8384=CARTESIAN_POINT('',(-0.0181738503751229,-2.60208521396521E-18,0.0257758807930562));
#8385=CARTESIAN_POINT('',(-0.0192560827894195,-0.007,0.0261811626099191));
#8386=CARTESIAN_POINT('',(-0.0192560827894195,-2.60208521396521E-18,0.0261811626099191));
#8387=CARTESIAN_POINT('',(-0.0146020074843851,-8.67361737988404E-19,0.0232837970505369));
#8388=CARTESIAN_POINT('',(-9.58032176493676E-16,-0.007,1.66629929887675E-15));
#8389=CARTESIAN_POINT('',(-0.0136832208743274,-0.007,0.0231308255690187));
#8390=CARTESIAN_POINT('',(-0.0131902721161131,-0.007,0.0234154296672704));
#8391=CARTESIAN_POINT('',(-0.0135454318806535,-0.0035,0.0240459108593211));
#8392=CARTESIAN_POINT('',(-0.0140516537209815,-0.0035,0.0237536435435382));
#8393=CARTESIAN_POINT('',(-0.0232837970503833,-0.007,0.0146020074842539));
#8394=CARTESIAN_POINT('',(-0.0232837970503833,1.99493199737333E-17,0.0146020074842539));
#8395=CARTESIAN_POINT('',(-0.0234925970359469,-0.007,0.0147802636305171));
#8396=CARTESIAN_POINT('',(-0.0234925970359469,1.99493199737333E-17,0.0147802636305171));
#8397=CARTESIAN_POINT('',(-0.0239995590412446,-0.007,0.0152918244293911));
#8398=CARTESIAN_POINT('',(-0.0239995590412446,1.56125112837913E-17,0.0152918244293911));
#8399=CARTESIAN_POINT('',(-0.0250520089647773,-0.007,0.0167221297727436));
#8400=CARTESIAN_POINT('',(-0.0250520089647773,2.16840434497101E-17,0.0167221297727436));
#8401=CARTESIAN_POINT('',(-0.0257758807930562,-0.007,0.0181738503751229));
#8402=CARTESIAN_POINT('',(-0.0257758807930562,1.90819582357449E-17,0.0181738503751229));
#8403=CARTESIAN_POINT('',(-0.0261811626099191,-0.007,0.0192560827894195));
#8404=CARTESIAN_POINT('',(-0.0261811626099191,1.90819582357449E-17,0.0192560827894195));
#8405=CARTESIAN_POINT('',(-0.0232837970505369,-0.007,0.0146020074843851));
#8406=CARTESIAN_POINT('',(-0.0242876079528061,-0.007,0.0128633560000661));
#8407=CARTESIAN_POINT('',(-0.0242876079528061,1.21430643318376E-17,0.0128633560000661));
#8408=CARTESIAN_POINT('',(-0.0245463822966327,-0.007,0.0129550540187425));
#8409=CARTESIAN_POINT('',(-0.0245463822966327,1.21430643318376E-17,0.0129550540187425));
#8410=CARTESIAN_POINT('',(-0.0252428879466864,-0.007,0.0131383155946468));
#8411=CARTESIAN_POINT('',(-0.0252428879466864,1.30104260698261E-17,0.0131383155946468));
#8412=CARTESIAN_POINT('',(-0.0270077936709646,-0.007,0.0133346112929608));
#8413=CARTESIAN_POINT('',(-0.0270077936709646,1.73472347597681E-17,0.0133346112929608));
#8414=CARTESIAN_POINT('',(-0.0286269565059626,-0.007,0.0132356423841448));
#8415=CARTESIAN_POINT('',(-0.0286269565059626,1.21430643318376E-17,0.0132356423841448));
#8416=CARTESIAN_POINT('',(-0.0297668381779731,-0.007,0.0130455105260914));
#8417=CARTESIAN_POINT('',(-0.0297668381779731,1.21430643318376E-17,0.0130455105260914));
#8418=CARTESIAN_POINT('',(-0.0242876079529965,-8.67361737988404E-19,0.0128633560001336));
#8419=CARTESIAN_POINT('',(-1.6628298519248E-15,-0.007,9.64041434888625E-16));
#8420=CARTESIAN_POINT('',(-0.0234154296672704,-0.007,0.0131902721161131));
#8421=CARTESIAN_POINT('',(-0.0231308255690187,-0.007,0.0136832208743274));
#8422=CARTESIAN_POINT('',(-0.0237536435435381,-0.0035,0.0140516537209814));
#8423=CARTESIAN_POINT('',(-0.0240459108593212,-0.0035,0.0135454318806535));
#8424=CARTESIAN_POINT('',(-0.018711143271384,-0.007,0.0201307462636483));
#8425=CARTESIAN_POINT('',(-0.018711143271384,1.90819582357449E-17,0.0201307462636483));
#8426=CARTESIAN_POINT('',(-0.0188666924844093,-0.007,0.0203569698918996));
#8427=CARTESIAN_POINT('',(-0.0188666924844093,1.90819582357449E-17,0.0203569698918996));
#8428=CARTESIAN_POINT('',(-0.0192239785007971,-0.007,0.0209823111013635));
#8429=CARTESIAN_POINT('',(-0.0192239785007971,1.64798730217797E-17,0.0209823111013635));
#8430=CARTESIAN_POINT('',(-0.0198703767996417,-0.007,0.0226362740562137));
#8431=CARTESIAN_POINT('',(-0.0198703767996417,1.99493199737333E-17,0.0226362740562137));
#8432=CARTESIAN_POINT('',(-0.0201938503534363,-0.007,0.0242258802939799));
#8433=CARTESIAN_POINT('',(-0.0201938503534363,1.82145964977565E-17,0.0242258802939799));
#8434=CARTESIAN_POINT('',(-0.0203052201672219,-0.007,0.0253761311858338));
#8435=CARTESIAN_POINT('',(-0.0203052201672219,1.82145964977565E-17,0.0253761311858338));
#8436=CARTESIAN_POINT('',(-0.0187111432714985,-0.007,0.0201307462638147));
#8437=CARTESIAN_POINT('',(-0.0201307462636483,-0.007,0.018711143271384));
#8438=CARTESIAN_POINT('',(-0.0201307462636483,-1.47451495458029E-17,0.018711143271384));
#8439=CARTESIAN_POINT('',(-0.0203569698918995,-0.007,0.0188666924844092));
#8440=CARTESIAN_POINT('',(-0.0203569698918995,-1.38777878078145E-17,0.0188666924844092));
#8441=CARTESIAN_POINT('',(-0.0209823111013635,-0.007,0.0192239785007971));
#8442=CARTESIAN_POINT('',(-0.0209823111013635,-1.73472347597681E-17,0.0192239785007971));
#8443=CARTESIAN_POINT('',(-0.0226362740562137,-0.007,0.0198703767996417));
#8444=CARTESIAN_POINT('',(-0.0226362740562137,-1.47451495458029E-17,0.0198703767996417));
#8445=CARTESIAN_POINT('',(-0.0242258802939799,-0.007,0.0201938503534363));
#8446=CARTESIAN_POINT('',(-0.0242258802939799,-1.56125112837913E-17,0.0201938503534363));
#8447=CARTESIAN_POINT('',(-0.0253761311858338,-0.007,0.0203052201672219));
#8448=CARTESIAN_POINT('',(-0.0253761311858338,-1.56125112837913E-17,0.0203052201672219));
#8449=CARTESIAN_POINT('',(-0.0201307462638146,-8.67361737988404E-19,0.0187111432714985));
#8450=CARTESIAN_POINT('',(-1.35665801508145E-15,-0.007,1.36156455401484E-15));
#8451=CARTESIAN_POINT('',(-0.0192036746155369,-0.007,0.0188011836398824));
#8452=CARTESIAN_POINT('',(-0.0188011836398824,-0.007,0.0192036746155369));
#8453=CARTESIAN_POINT('',(-0.0193074221689924,-0.0035,0.0197207505708111));
#8454=CARTESIAN_POINT('',(-0.0197207505708111,-0.0035,0.0193074221689924));
#8455=CARTESIAN_POINT('',(-0.026269698538693,-0.007,0.00807816602576607));
#8456=CARTESIAN_POINT('',(-0.026269698538693,1.90819582357449E-17,0.00807816602576607));
#8457=CARTESIAN_POINT('',(-0.0265175199228371,-0.00699999999999999,0.00819630682825547));
#8458=CARTESIAN_POINT('',(-0.0265175199228371,3.29597460435593E-17,0.00819630682825547));
#8459=CARTESIAN_POINT('',(-0.0271396092941779,-0.007,0.00855922519349044));
#8460=CARTESIAN_POINT('',(-0.0271396092941779,1.56125112837913E-17,0.00855922519349044));
#8461=CARTESIAN_POINT('',(-0.0285263881193655,-0.007,0.00966839997988684));
#8462=CARTESIAN_POINT('',(-0.0285263881193655,2.34187669256869E-17,0.00966839997988684));
#8463=CARTESIAN_POINT('',(-0.0296013275532871,-0.007,0.0108833025869095));
#8464=CARTESIAN_POINT('',(-0.0296013275532871,1.99493199737333E-17,0.0108833025869095));
#8465=CARTESIAN_POINT('',(-0.0302729020871671,-0.007,0.0118237641730877));
#8466=CARTESIAN_POINT('',(-0.0302729020871671,1.99493199737333E-17,0.0118237641730877));
#8467=CARTESIAN_POINT('',(-0.0262696985388753,-0.007,0.00807816602585298));
#8468=CARTESIAN_POINT('',(-0.0267893092971501,-0.007,0.0061389522750447));
#8469=CARTESIAN_POINT('',(-0.0267893092971501,-8.67361737988404E-19,0.0061389522750447));
#8470=CARTESIAN_POINT('',(-0.0270629993126647,-0.007,0.00616055003093749));
#8471=CARTESIAN_POINT('',(-0.0270629993126647,-8.67361737988404E-19,0.00616055003093749));
#8472=CARTESIAN_POINT('',(-0.0277832036942875,-0.007,0.00615729819281444));
#8473=CARTESIAN_POINT('',(-0.0277832036942875,8.67361737988404E-19,0.00615729819281444));
#8474=CARTESIAN_POINT('',(-0.0295387767795285,-0.007,0.00589011406315182));
#8475=CARTESIAN_POINT('',(-0.0295387767795285,0.,0.00589011406315182));
#8476=CARTESIAN_POINT('',(-0.0310771529403453,-0.007,0.00537544725930695));
#8477=CARTESIAN_POINT('',(-0.0310771529403453,0.,0.00537544725930695));
#8478=CARTESIAN_POINT('',(-0.0321289843403096,-0.007,0.00489677090133336));
#8479=CARTESIAN_POINT('',(-0.0321289843403096,0.,0.00489677090133336));
#8480=CARTESIAN_POINT('',(-0.0267893092973514,-8.67361737988404E-19,0.00613895227506058));
#8481=CARTESIAN_POINT('',(-1.85568258231572E-15,-0.007,5.00820485128553E-16));
#8482=CARTESIAN_POINT('',(-0.0260314618830065,-0.007,0.00668046534558605));
#8483=CARTESIAN_POINT('',(-0.025884139961123,-0.007,0.00723027824312418));
#8484=CARTESIAN_POINT('',(-0.0265810933653438,-0.0035,0.00742495989152268));
#8485=CARTESIAN_POINT('',(-0.0267323820605151,-0.0035,0.00686034279453272));
#8486=CARTESIAN_POINT('',(-0.0274653634843201,-0.007,0.00100381090242277));
#8487=CARTESIAN_POINT('',(-0.0274653634843201,-1.30104260698261E-17,0.00100381090242277));
#8488=CARTESIAN_POINT('',(-0.0277353176492596,-0.00700000000000001,0.0010537852606856));
#8489=CARTESIAN_POINT('',(-0.0277353176492596,-2.68882138776405E-17,0.0010537852606856));
#8490=CARTESIAN_POINT('',(-0.0284301400240379,-0.007,0.00124332890544187));
#8491=CARTESIAN_POINT('',(-0.0284301400240379,-1.04083408558608E-17,0.00124332890544187));
#8492=CARTESIAN_POINT('',(-0.0300567410657042,-0.007,0.00195578470618732));
#8493=CARTESIAN_POINT('',(-0.0300567410657042,-1.30104260698261E-17,0.00195578470618732));
#8494=CARTESIAN_POINT('',(-0.0314094927592682,-0.007,0.0028510757129059));
#8495=CARTESIAN_POINT('',(-0.0314094927592682,-1.47451495458029E-17,0.0028510757129059));
#8496=CARTESIAN_POINT('',(-0.0323015933155109,-0.007,0.00358567556805408));
#8497=CARTESIAN_POINT('',(-0.0323015933155109,-1.38777878078145E-17,0.00358567556805408));
#8498=CARTESIAN_POINT('',(-0.0274653634845187,-0.007,0.00100381090245953));
#8499=CARTESIAN_POINT('',(-0.0274653634843201,-0.007,-0.00100381090242277));
#8500=CARTESIAN_POINT('',(-0.0274653634843201,-8.67361737988404E-19,-0.00100381090242277));
#8501=CARTESIAN_POINT('',(-0.0277353176492596,-0.00700000000000001,-0.00105378526068559));
#8502=CARTESIAN_POINT('',(-0.0277353176492596,-1.47451495458029E-17,-0.00105378526068559));
#8503=CARTESIAN_POINT('',(-0.0284301400240379,-0.007,-0.00124332890544186));
#8504=CARTESIAN_POINT('',(-0.0284301400240379,1.73472347597681E-18,-0.00124332890544186));
#8505=CARTESIAN_POINT('',(-0.0300567410657042,-0.007,-0.00195578470618732));
#8506=CARTESIAN_POINT('',(-0.0300567410657042,-8.67361737988404E-19,-0.00195578470618732));
#8507=CARTESIAN_POINT('',(-0.0314094927592682,-0.007,-0.00285107571290584));
#8508=CARTESIAN_POINT('',(-0.0314094927592682,-2.60208521396521E-18,-0.00285107571290584));
#8509=CARTESIAN_POINT('',(-0.0323015933155109,-0.007,-0.00358567556805407));
#8510=CARTESIAN_POINT('',(-0.0323015933155109,-1.73472347597681E-18,-0.00358567556805407));
#8511=CARTESIAN_POINT('',(-0.0274653634845187,-8.67361737988404E-19,-0.00100381090245952));
#8512=CARTESIAN_POINT('',(-1.9220736113823E-15,-0.007,3.46944695195385E-18));
#8513=CARTESIAN_POINT('',(-0.0268734929904406,-0.007,-0.000284604098251735));
#8514=CARTESIAN_POINT('',(-0.0268734929904406,-0.007,0.000284604098251739));
#8515=CARTESIAN_POINT('',(-0.027597085601635,-0.0035,0.000292267315783002));
#8516=CARTESIAN_POINT('',(-0.0275970856016351,-0.0035,-0.000292267315782999));
#8517=CARTESIAN_POINT('',(-0.0201307462636483,-0.007,-0.018711143271384));
#8518=CARTESIAN_POINT('',(-0.0201307462636483,8.67361737988404E-19,-0.018711143271384));
#8519=CARTESIAN_POINT('',(-0.0203569698918997,-0.007,-0.0188666924844092));
#8520=CARTESIAN_POINT('',(-0.0203569698918997,8.67361737988404E-19,-0.0188666924844092));
#8521=CARTESIAN_POINT('',(-0.0209823111013634,-0.007,-0.0192239785007971));
#8522=CARTESIAN_POINT('',(-0.0209823111013634,1.73472347597681E-18,-0.0192239785007971));
#8523=CARTESIAN_POINT('',(-0.0226362740562138,-0.007,-0.0198703767996417));
#8524=CARTESIAN_POINT('',(-0.0226362740562138,8.67361737988404E-19,-0.0198703767996417));
#8525=CARTESIAN_POINT('',(-0.0242258802939799,-0.007,-0.0201938503534363));
#8526=CARTESIAN_POINT('',(-0.0242258802939799,8.67361737988404E-19,-0.0201938503534363));
#8527=CARTESIAN_POINT('',(-0.0253761311858338,-0.007,-0.0203052201672219));
#8528=CARTESIAN_POINT('',(-0.0253761311858338,8.67361737988404E-19,-0.0203052201672219));
#8529=CARTESIAN_POINT('',(-0.0201307462638147,-0.007,-0.0187111432714985));
#8530=CARTESIAN_POINT('',(-0.018711143271384,-0.007,-0.0201307462636483));
#8531=CARTESIAN_POINT('',(-0.018711143271384,-1.47451495458029E-17,-0.0201307462636483));
#8532=CARTESIAN_POINT('',(-0.0188666924844092,-0.007,-0.0203569698918995));
#8533=CARTESIAN_POINT('',(-0.0188666924844092,-1.38777878078145E-17,-0.0203569698918995));
#8534=CARTESIAN_POINT('',(-0.0192239785007971,-0.007,-0.0209823111013635));
#8535=CARTESIAN_POINT('',(-0.0192239785007971,-1.73472347597681E-17,-0.0209823111013635));
#8536=CARTESIAN_POINT('',(-0.0198703767996417,-0.007,-0.0226362740562137));
#8537=CARTESIAN_POINT('',(-0.0198703767996417,-1.47451495458029E-17,-0.0226362740562137));
#8538=CARTESIAN_POINT('',(-0.0201938503534363,-0.007,-0.0242258802939799));
#8539=CARTESIAN_POINT('',(-0.0201938503534363,-1.56125112837913E-17,-0.0242258802939799));
#8540=CARTESIAN_POINT('',(-0.0203052201672219,-0.007,-0.0253761311858338));
#8541=CARTESIAN_POINT('',(-0.0203052201672219,-1.56125112837913E-17,-0.0253761311858338));
#8542=CARTESIAN_POINT('',(-0.0187111432714985,-8.67361737988404E-19,-0.0201307462638146));
#8543=CARTESIAN_POINT('',(-1.36156455401484E-15,-0.007,-1.35665801508145E-15));
#8544=CARTESIAN_POINT('',(-0.0188011836398824,-0.007,-0.0192036746155369));
#8545=CARTESIAN_POINT('',(-0.0192036746155369,-0.007,-0.0188011836398824));
#8546=CARTESIAN_POINT('',(-0.0197207505708111,-0.0035,-0.0193074221689924));
#8547=CARTESIAN_POINT('',(-0.0193074221689924,-0.0035,-0.0197207505708111));
#8548=CARTESIAN_POINT('',(-0.014602007484254,-0.007,-0.0232837970503833));
#8549=CARTESIAN_POINT('',(-0.014602007484254,-1.47451495458029E-17,-0.0232837970503833));
#8550=CARTESIAN_POINT('',(-0.0147802636305172,-0.007,-0.023492597035947));
#8551=CARTESIAN_POINT('',(-0.0147802636305172,-1.47451495458029E-17,-0.023492597035947));
#8552=CARTESIAN_POINT('',(-0.0152918244293911,-0.007,-0.0239995590412446));
#8553=CARTESIAN_POINT('',(-0.0152918244293911,-1.56125112837913E-17,-0.0239995590412446));
#8554=CARTESIAN_POINT('',(-0.0167221297727434,-0.007,-0.0250520089647771));
#8555=CARTESIAN_POINT('',(-0.0167221297727434,-9.54097911787244E-18,-0.0250520089647771));
#8556=CARTESIAN_POINT('',(-0.0181738503751236,-0.007,-0.0257758807930569));
#8557=CARTESIAN_POINT('',(-0.0181738503751236,-1.38777878078145E-17,-0.0257758807930569));
#8558=CARTESIAN_POINT('',(-0.0192560827894195,-0.007,-0.026181162609919));
#8559=CARTESIAN_POINT('',(-0.0192560827894195,-1.38777878078145E-17,-0.026181162609919));
#8560=CARTESIAN_POINT('',(-0.0146020074843851,-0.007,-0.0232837970505369));
#8561=CARTESIAN_POINT('',(-0.0128633560000662,-0.007,-0.0242876079528061));
#8562=CARTESIAN_POINT('',(-0.0128633560000662,-8.67361737988404E-19,-0.0242876079528061));
#8563=CARTESIAN_POINT('',(-0.0129550540187425,-0.00700000000000001,-0.0245463822966325));
#8564=CARTESIAN_POINT('',(-0.0129550540187425,-1.47451495458029E-17,-0.0245463822966325));
#8565=CARTESIAN_POINT('',(-0.0131383155946468,-0.00699999999999999,-0.0252428879466865));
#8566=CARTESIAN_POINT('',(-0.0131383155946468,5.20417042793042E-18,-0.0252428879466865));
#8567=CARTESIAN_POINT('',(-0.0133346112929608,-0.007,-0.0270077936709644));
#8568=CARTESIAN_POINT('',(-0.0133346112929608,-1.73472347597681E-18,-0.0270077936709644));
#8569=CARTESIAN_POINT('',(-0.0132356423841449,-0.007,-0.0286269565059626));
#8570=CARTESIAN_POINT('',(-0.0132356423841449,-8.67361737988404E-19,-0.0286269565059626));
#8571=CARTESIAN_POINT('',(-0.0130455105260914,-0.007,-0.0297668381779731));
#8572=CARTESIAN_POINT('',(-0.0130455105260914,-8.67361737988404E-19,-0.0297668381779731));
#8573=CARTESIAN_POINT('',(-0.0128633560001336,-8.67361737988404E-19,-0.0242876079529965));
#8574=CARTESIAN_POINT('',(-9.64041434888626E-16,-0.007,-1.6628298519248E-15));
#8575=CARTESIAN_POINT('',(-0.0131902721161131,-0.007,-0.0234154296672704));
#8576=CARTESIAN_POINT('',(-0.0136832208743275,-0.007,-0.0231308255690187));
#8577=CARTESIAN_POINT('',(-0.0140516537209815,-0.0035,-0.0237536435435381));
#8578=CARTESIAN_POINT('',(-0.0135454318806536,-0.0035,-0.0240459108593212));
#8579=CARTESIAN_POINT('',(-0.0242876079528061,-0.007,-0.0128633560000662));
#8580=CARTESIAN_POINT('',(-0.0242876079528061,-2.60208521396521E-18,-0.0128633560000662));
#8581=CARTESIAN_POINT('',(-0.0245463822966326,-0.00700000000000001,-0.0129550540187425));
#8582=CARTESIAN_POINT('',(-0.0245463822966326,-1.64798730217797E-17,-0.0129550540187425));
#8583=CARTESIAN_POINT('',(-0.0252428879466864,-0.007,-0.0131383155946468));
#8584=CARTESIAN_POINT('',(-0.0252428879466864,0.,-0.0131383155946468));
#8585=CARTESIAN_POINT('',(-0.0270077936709645,-0.007,-0.0133346112929608));
#8586=CARTESIAN_POINT('',(-0.0270077936709645,-5.20417042793042E-18,-0.0133346112929608));
#8587=CARTESIAN_POINT('',(-0.0286269565059626,-0.007,-0.0132356423841449));
#8588=CARTESIAN_POINT('',(-0.0286269565059626,-3.46944695195361E-18,-0.0132356423841449));
#8589=CARTESIAN_POINT('',(-0.0297668381779731,-0.007,-0.0130455105260914));
#8590=CARTESIAN_POINT('',(-0.0297668381779731,-3.46944695195361E-18,-0.0130455105260914));
#8591=CARTESIAN_POINT('',(-0.0242876079529965,-0.007,-0.0128633560001336));
#8592=CARTESIAN_POINT('',(-0.0232837970503833,-0.007,-0.014602007484254));
#8593=CARTESIAN_POINT('',(-0.0232837970503833,2.60208521396521E-18,-0.014602007484254));
#8594=CARTESIAN_POINT('',(-0.023492597035947,-0.007,-0.0147802636305172));
#8595=CARTESIAN_POINT('',(-0.023492597035947,2.60208521396521E-18,-0.0147802636305172));
#8596=CARTESIAN_POINT('',(-0.0239995590412446,-0.007,-0.0152918244293911));
#8597=CARTESIAN_POINT('',(-0.0239995590412446,1.73472347597681E-18,-0.0152918244293911));
#8598=CARTESIAN_POINT('',(-0.0250520089647773,-0.007,-0.0167221297727436));
#8599=CARTESIAN_POINT('',(-0.0250520089647773,4.33680868994202E-18,-0.0167221297727436));
#8600=CARTESIAN_POINT('',(-0.0257758807930562,-0.007,-0.0181738503751229));
#8601=CARTESIAN_POINT('',(-0.0257758807930562,3.46944695195361E-18,-0.0181738503751229));
#8602=CARTESIAN_POINT('',(-0.0261811626099191,-0.007,-0.0192560827894195));
#8603=CARTESIAN_POINT('',(-0.0261811626099191,3.46944695195361E-18,-0.0192560827894195));
#8604=CARTESIAN_POINT('',(-0.0232837970505369,-8.67361737988404E-19,-0.0146020074843851));
#8605=CARTESIAN_POINT('',(-1.66629929887675E-15,-0.007,-9.58032176493677E-16));
#8606=CARTESIAN_POINT('',(-0.0231308255690187,-0.007,-0.0136832208743275));
#8607=CARTESIAN_POINT('',(-0.0234154296672704,-0.007,-0.0131902721161131));
#8608=CARTESIAN_POINT('',(-0.0240459108593211,-0.0035,-0.0135454318806535));
#8609=CARTESIAN_POINT('',(-0.0237536435435382,-0.0035,-0.0140516537209815));
#8610=CARTESIAN_POINT('',(-0.0267893092971501,-0.007,-0.00613895227504469));
#8611=CARTESIAN_POINT('',(-0.0267893092971501,-2.60208521396521E-18,-0.00613895227504469));
#8612=CARTESIAN_POINT('',(-0.0270629993126647,-0.007,-0.0061605500309375));
#8613=CARTESIAN_POINT('',(-0.0270629993126647,-2.60208521396521E-18,-0.0061605500309375));
#8614=CARTESIAN_POINT('',(-0.0277832036942875,-0.007,-0.00615729819281443));
#8615=CARTESIAN_POINT('',(-0.0277832036942875,-2.60208521396521E-18,-0.00615729819281443));
#8616=CARTESIAN_POINT('',(-0.0295387767795286,-0.007,-0.00589011406315181));
#8617=CARTESIAN_POINT('',(-0.0295387767795286,0.,-0.00589011406315181));
#8618=CARTESIAN_POINT('',(-0.0310771529403453,-0.007,-0.00537544725930693));
#8619=CARTESIAN_POINT('',(-0.0310771529403453,-3.46944695195361E-18,-0.00537544725930693));
#8620=CARTESIAN_POINT('',(-0.0321289843403096,-0.007,-0.00489677090133335));
#8621=CARTESIAN_POINT('',(-0.0321289843403096,-3.46944695195361E-18,-0.00489677090133335));
#8622=CARTESIAN_POINT('',(-0.0267893092973514,-0.007,-0.00613895227506058));
#8623=CARTESIAN_POINT('',(-0.026269698538693,-0.007,-0.00807816602576606));
#8624=CARTESIAN_POINT('',(-0.026269698538693,8.67361737988404E-19,-0.00807816602576606));
#8625=CARTESIAN_POINT('',(-0.0265175199228371,-0.00699999999999999,-0.00819630682825546));
#8626=CARTESIAN_POINT('',(-0.0265175199228371,1.47451495458029E-17,-0.00819630682825546));
#8627=CARTESIAN_POINT('',(-0.0271396092941779,-0.007,-0.00855922519349044));
#8628=CARTESIAN_POINT('',(-0.0271396092941779,-2.60208521396521E-18,-0.00855922519349044));
#8629=CARTESIAN_POINT('',(-0.0285263881193655,-0.007,-0.00966839997988684));
#8630=CARTESIAN_POINT('',(-0.0285263881193655,5.20417042793042E-18,-0.00966839997988684));
#8631=CARTESIAN_POINT('',(-0.0296013275532871,-0.007,-0.0108833025869095));
#8632=CARTESIAN_POINT('',(-0.0296013275532871,1.73472347597681E-18,-0.0108833025869095));
#8633=CARTESIAN_POINT('',(-0.0302729020871671,-0.007,-0.0118237641730877));
#8634=CARTESIAN_POINT('',(-0.0302729020871671,1.73472347597681E-18,-0.0118237641730877));
#8635=CARTESIAN_POINT('',(-0.0262696985388753,-8.67361737988403E-19,-0.00807816602585297));
#8636=CARTESIAN_POINT('',(-1.85747850021E-15,-0.007,-4.94118028300889E-16));
#8637=CARTESIAN_POINT('',(-0.025884139961123,-0.007,-0.00723027824312418));
#8638=CARTESIAN_POINT('',(-0.0260314618830065,-0.007,-0.00668046534558605));
#8639=CARTESIAN_POINT('',(-0.0267323820605151,-0.0035,-0.00686034279453271));
#8640=CARTESIAN_POINT('',(-0.0265810933653438,-0.0035,-0.00742495989152269));
#8641=CARTESIAN_POINT('',(0.,-0.0077,0.));
#8642=CARTESIAN_POINT('',(0.,-0.0077,3.06161699786838E-19));
#8643=CARTESIAN_POINT('',(0.,-0.0077,-0.005));
#8644=CARTESIAN_POINT('',(0.,-0.0077,2.44317036429897E-19));
#8645=CARTESIAN_POINT('',(0.,-0.0077,-0.00399));
#8646=CARTESIAN_POINT('',(0.,-0.0077,3.06161699786838E-19));
#8647=CARTESIAN_POINT('',(0.,-0.0147,2.44317036429897E-19));
#8648=CARTESIAN_POINT('',(0.,-0.0147,2.44317036429897E-19));
#8649=CARTESIAN_POINT('',(0.,-0.0147,-0.00399));
#8650=CARTESIAN_POINT('',(0.,-0.0147,0.));
#8651=CARTESIAN_POINT('',(0.,-0.0147,1.30118722409406E-19));
#8652=CARTESIAN_POINT('',(0.,-0.0147,-0.002125));
#8653=CARTESIAN_POINT('',(0.,0.0843,1.30118722409406E-19));
#8654=MECHANICAL_DESIGN_GEOMETRIC_PRESENTATION_REPRESENTATION('',(#2821),
#8655);
#8655=(
GEOMETRIC_REPRESENTATION_CONTEXT(3)
GLOBAL_UNCERTAINTY_ASSIGNED_CONTEXT((#8656))
GLOBAL_UNIT_ASSIGNED_CONTEXT((#8659,#8658,#8657))
REPRESENTATION_CONTEXT('Spur gear (24 teeth)','TOP_LEVEL_ASSEMBLY_PART')
);
#8656=UNCERTAINTY_MEASURE_WITH_UNIT(LENGTH_MEASURE(2.E-5),#8659,
'DISTANCE_ACCURACY_VALUE','Maximum Tolerance applied to model');
#8657=(
NAMED_UNIT(*)
SI_UNIT($,.STERADIAN.)
SOLID_ANGLE_UNIT()
);
#8658=(
NAMED_UNIT(*)
PLANE_ANGLE_UNIT()
SI_UNIT($,.RADIAN.)
);
#8659=(
LENGTH_UNIT()
NAMED_UNIT(*)
SI_UNIT($,.METRE.)
);
#8660=PRODUCT_DEFINITION_SHAPE('','',#8661);
#8661=PRODUCT_DEFINITION('','',#8663,#8662);
#8662=PRODUCT_DEFINITION_CONTEXT('',#8669,'design');
#8663=PRODUCT_DEFINITION_FORMATION_WITH_SPECIFIED_SOURCE('','',#8665,
 .NOT_KNOWN.);
#8664=PRODUCT_RELATED_PRODUCT_CATEGORY('','',(#8665));
#8665=PRODUCT('Spur gear (24 teeth)','Spur gear (24 teeth)',
'Spur gear (24 teeth)',(#8667));
#8666=PRODUCT_CATEGORY('','');
#8667=PRODUCT_CONTEXT('',#8669,'mechanical');
#8668=APPLICATION_PROTOCOL_DEFINITION('international standard',
'ap242_managed_model_based_3d_engineering',2020,#8669);
#8669=APPLICATION_CONTEXT('managed model based 3d engineering');
ENDSEC;
END-ISO-10303-21;
