ISO-10303-21;
HEADER;
/* Generated by software containing ST-Developer
 * from STEP Tools, Inc. (www.steptools.com) 
 */
/* OPTION: using custom renumber hook */

FILE_DESCRIPTION(
/* description */ ('STEP AP242 Edition 2',
'CAx-IF Rec.Pracs.---Representation and Presentation of Product Manufa
cturing Information (PMI)---4.0---2014-10-13',
'CAx-IF Rec.Pracs.---3D Tessellated Geometry---0.4---2014-09-14','2;1',
'CAx-IF Rec.Pracs.---User Defined Attributes---1.5---2016-08-15'),
/* implementation_level */ '2;1');

FILE_NAME(
/* name */ 'PullerAssembly-SpoolSpoolBase (1)',
/* time_stamp */ '2026-06-29T21:37:17Z',
/* author */ (''),
/* organization */ (''),
/* preprocessor_version */ 'ST-DEVELOPER v20',
/* originating_system */ 'ONSHAPE BY PTC INC, 1.217',
/* authorisation */ '  ');

FILE_SCHEMA (('AP242_MANAGED_MODEL_BASED_3D_ENGINEERING_MIM_LF { 1 0 10303 442 3 1 4 }'));
ENDSEC;

DATA;
#10=SHAPE_REPRESENTATION_RELATIONSHIP('','',#627,#11);
#11=ADVANCED_BREP_SHAPE_REPRESENTATION('',(#625),#3063);
#12=B_SPLINE_CURVE_WITH_KNOTS('',8,(#984,#985,#986,#987,#988,#989,#990,
#991,#992,#993,#994,#995,#996,#997,#998,#999,#1000,#1001,#1002,#1003,#1004,
#1005,#1006,#1007,#1008,#1009,#1010,#1011,#1012,#1013,#1014,#1015,#1016,
#1017,#1018,#1019,#1020,#1021,#1022,#1023,#1024,#1025,#1026,#1027,#1028,
#1029,#1030,#1031,#1032,#1033,#1034,#1035,#1036,#1037,#1038,#1039,#1040,
#1041,#1042,#1043,#1044,#1045,#1046,#1047,#1048,#1049,#1050,#1051,#1052,
#1053,#1054,#1055,#1056,#1057,#1058,#1059,#1060,#1061,#1062,#1063,#1064,
#1065,#1066,#1067,#1068,#1069,#1070,#1071,#1072,#1073,#1074,#1075,#1076,
#1077,#1078,#1079,#1080,#1081,#1082,#1083,#1084,#1085,#1086,#1087,#1088,
#1089,#1090,#1091,#1092,#1093,#1094,#1095,#1096,#1097,#1098,#1099,#1100,
#1101,#1102,#1103,#1104,#1105,#1106,#1107,#1108,#1109,#1110,#1111),
 .UNSPECIFIED.,.T.,.F.,(9,7,7,7,7,7,7,7,7,7,7,7,7,7,7,7,7,7,9),(0.,0.190221107644,
0.228940135545,0.241012109658,0.260181974549,0.282202319513,0.324617435548,
0.429834929886,0.48711838721,0.607827939214,0.678720088696,0.720282625403,
0.744936031792,0.76218397706,0.783594088799,0.79509551677,0.81862645478,
0.855474724336,1.),.UNSPECIFIED.);
#13=B_SPLINE_CURVE_WITH_KNOTS('',8,(#1113,#1114,#1115,#1116,#1117,#1118,
#1119,#1120,#1121,#1122,#1123,#1124,#1125,#1126,#1127,#1128,#1129,#1130,
#1131,#1132,#1133,#1134,#1135,#1136,#1137,#1138,#1139,#1140,#1141,#1142,
#1143,#1144,#1145,#1146,#1147,#1148,#1149,#1150,#1151,#1152,#1153,#1154,
#1155,#1156,#1157,#1158,#1159,#1160,#1161,#1162,#1163,#1164,#1165,#1166,
#1167,#1168,#1169,#1170,#1171,#1172,#1173,#1174,#1175,#1176,#1177,#1178,
#1179,#1180,#1181,#1182,#1183,#1184,#1185,#1186,#1187,#1188,#1189,#1190,
#1191,#1192,#1193,#1194,#1195,#1196,#1197,#1198,#1199,#1200,#1201,#1202,
#1203,#1204,#1205,#1206,#1207,#1208,#1209,#1210,#1211,#1212,#1213,#1214,
#1215,#1216,#1217,#1218,#1219,#1220,#1221,#1222,#1223,#1224,#1225,#1226,
#1227,#1228,#1229,#1230,#1231,#1232,#1233,#1234,#1235,#1236,#1237,#1238,
#1239,#1240),.UNSPECIFIED.,.T.,.F.,(9,7,7,7,7,7,7,7,7,7,7,7,7,7,7,7,7,7,
9),(0.,0.190220054776,0.228938868369,0.241010775664,0.260180534322,0.282200829069,
0.324615987806,0.429833588097,0.487117103104,0.60782677666,0.678718997529,
0.720281576087,0.744935046102,0.762183056233,0.783593249649,0.795094724094,
0.818625753135,0.855474165239,1.),.UNSPECIFIED.);
#14=B_SPLINE_CURVE_WITH_KNOTS('',8,(#1243,#1244,#1245,#1246,#1247,#1248,
#1249,#1250,#1251,#1252,#1253,#1254,#1255,#1256,#1257,#1258,#1259,#1260,
#1261,#1262,#1263,#1264,#1265,#1266,#1267,#1268,#1269,#1270,#1271,#1272,
#1273,#1274,#1275,#1276,#1277,#1278,#1279,#1280,#1281,#1282,#1283,#1284,
#1285,#1286,#1287,#1288,#1289,#1290,#1291,#1292,#1293,#1294,#1295,#1296,
#1297,#1298,#1299,#1300,#1301,#1302,#1303,#1304,#1305,#1306,#1307,#1308,
#1309,#1310,#1311,#1312,#1313,#1314,#1315,#1316,#1317,#1318,#1319,#1320,
#1321,#1322,#1323,#1324,#1325,#1326,#1327,#1328,#1329,#1330,#1331,#1332,
#1333,#1334,#1335,#1336,#1337,#1338,#1339,#1340,#1341,#1342,#1343,#1344,
#1345,#1346,#1347,#1348,#1349,#1350,#1351,#1352,#1353,#1354,#1355,#1356,
#1357,#1358,#1359,#1360,#1361,#1362,#1363,#1364,#1365,#1366,#1367,#1368,
#1369,#1370),.UNSPECIFIED.,.T.,.F.,(9,7,7,7,7,7,7,7,7,7,7,7,7,7,7,7,7,7,
9),(0.,0.190220967837,0.228939967281,0.241011932522,0.260181783277,0.282202111948,
0.324617196611,0.429834613154,0.487118028124,0.607827490877,0.678719587943,
0.720282093918,0.744935520879,0.762183507394,0.783593670334,0.795095123108,
0.818626106327,0.855474446676,1.),.UNSPECIFIED.);
#15=B_SPLINE_CURVE_WITH_KNOTS('',8,(#1372,#1373,#1374,#1375,#1376,#1377,
#1378,#1379,#1380,#1381,#1382,#1383,#1384,#1385,#1386,#1387,#1388,#1389,
#1390,#1391,#1392,#1393,#1394,#1395,#1396,#1397,#1398,#1399,#1400,#1401,
#1402,#1403,#1404,#1405,#1406,#1407,#1408,#1409,#1410,#1411,#1412,#1413,
#1414,#1415,#1416,#1417,#1418,#1419,#1420,#1421,#1422,#1423,#1424,#1425,
#1426,#1427,#1428,#1429,#1430,#1431,#1432,#1433,#1434,#1435,#1436,#1437,
#1438,#1439,#1440,#1441,#1442,#1443,#1444,#1445,#1446,#1447,#1448,#1449,
#1450,#1451,#1452,#1453,#1454,#1455,#1456,#1457,#1458,#1459,#1460,#1461,
#1462,#1463,#1464,#1465,#1466,#1467,#1468,#1469,#1470,#1471,#1472,#1473,
#1474,#1475,#1476,#1477,#1478,#1479,#1480,#1481,#1482,#1483,#1484,#1485,
#1486,#1487,#1488,#1489,#1490,#1491,#1492,#1493,#1494,#1495,#1496,#1497,
#1498,#1499),.UNSPECIFIED.,.T.,.F.,(9,7,7,7,7,7,7,7,7,7,7,7,7,7,7,7,7,7,
9),(0.,0.190220141638,0.228938972911,0.241010882982,0.260180641796,0.282200936859,
0.324616096183,0.429833697857,0.487117213616,0.607826888759,0.67871911056,
0.720281689664,0.744935160003,0.762183176866,0.783593377477,0.795094852202,
0.81862587471,0.855474262115,1.),.UNSPECIFIED.);
#16=B_SPLINE_CURVE_WITH_KNOTS('',8,(#1502,#1503,#1504,#1505,#1506,#1507,
#1508,#1509,#1510,#1511,#1512,#1513,#1514,#1515,#1516,#1517,#1518,#1519,
#1520,#1521,#1522,#1523,#1524,#1525,#1526,#1527,#1528,#1529,#1530,#1531,
#1532,#1533,#1534,#1535,#1536,#1537,#1538,#1539,#1540,#1541,#1542,#1543,
#1544,#1545,#1546,#1547,#1548,#1549,#1550,#1551,#1552,#1553,#1554,#1555,
#1556,#1557,#1558,#1559,#1560,#1561,#1562,#1563,#1564,#1565,#1566,#1567,
#1568,#1569,#1570,#1571,#1572,#1573,#1574,#1575,#1576,#1577,#1578,#1579,
#1580,#1581,#1582,#1583,#1584,#1585,#1586,#1587,#1588,#1589,#1590,#1591,
#1592,#1593,#1594,#1595,#1596,#1597,#1598,#1599,#1600,#1601,#1602,#1603,
#1604,#1605,#1606,#1607,#1608,#1609,#1610,#1611,#1612,#1613,#1614,#1615,
#1616,#1617,#1618,#1619,#1620,#1621,#1622,#1623,#1624,#1625,#1626,#1627,
#1628,#1629),.UNSPECIFIED.,.T.,.F.,(9,7,7,7,7,7,7,7,7,7,7,7,7,7,7,7,7,7,
9),(0.,0.190220306714,0.228939171588,0.241011092134,0.260180867622,0.282201181882,
0.324616378185,0.429834071597,0.487117637302,0.60782741769,0.678719701302,
0.720282316644,0.744935769678,0.762183741074,0.783593886407,0.795095335022,
0.818626302083,0.855474602661,1.),.UNSPECIFIED.);
#17=B_SPLINE_CURVE_WITH_KNOTS('',8,(#1631,#1632,#1633,#1634,#1635,#1636,
#1637,#1638,#1639,#1640,#1641,#1642,#1643,#1644,#1645,#1646,#1647,#1648,
#1649,#1650,#1651,#1652,#1653,#1654,#1655,#1656,#1657,#1658,#1659,#1660,
#1661,#1662,#1663,#1664,#1665,#1666,#1667,#1668,#1669,#1670,#1671,#1672,
#1673,#1674,#1675,#1676,#1677,#1678,#1679,#1680,#1681,#1682,#1683,#1684,
#1685,#1686,#1687,#1688,#1689,#1690,#1691,#1692,#1693,#1694,#1695,#1696,
#1697,#1698,#1699,#1700,#1701,#1702,#1703,#1704,#1705,#1706,#1707,#1708,
#1709,#1710,#1711,#1712,#1713,#1714,#1715,#1716,#1717,#1718,#1719,#1720,
#1721,#1722,#1723,#1724,#1725,#1726,#1727,#1728,#1729,#1730,#1731,#1732,
#1733,#1734,#1735,#1736,#1737,#1738,#1739,#1740,#1741,#1742,#1743,#1744,
#1745,#1746,#1747,#1748,#1749,#1750,#1751,#1752,#1753,#1754,#1755,#1756,
#1757,#1758),.UNSPECIFIED.,.T.,.F.,(9,7,7,7,7,7,7,7,7,7,7,7,7,7,7,7,7,7,
9),(0.,0.19022018164,0.228939021056,0.241010933664,0.260180696517,0.282200996228,
0.324616164583,0.429833788925,0.487117317027,0.607827018177,0.678719255252,
0.720281843312,0.744935318963,0.762183333036,0.783593522854,0.795094990791,
0.818625997383,0.855474359865,1.),.UNSPECIFIED.);
#18=B_SPLINE_CURVE_WITH_KNOTS('',8,(#1761,#1762,#1763,#1764,#1765,#1766,
#1767,#1768,#1769,#1770,#1771,#1772,#1773,#1774,#1775,#1776,#1777,#1778,
#1779,#1780,#1781,#1782,#1783,#1784,#1785,#1786,#1787,#1788,#1789,#1790,
#1791,#1792,#1793,#1794,#1795,#1796,#1797,#1798,#1799,#1800,#1801,#1802,
#1803,#1804,#1805,#1806,#1807,#1808,#1809,#1810,#1811,#1812,#1813,#1814,
#1815,#1816,#1817,#1818,#1819,#1820,#1821,#1822,#1823,#1824,#1825,#1826,
#1827,#1828,#1829,#1830,#1831,#1832,#1833,#1834,#1835,#1836,#1837,#1838,
#1839,#1840,#1841,#1842,#1843,#1844,#1845,#1846,#1847,#1848,#1849,#1850,
#1851,#1852,#1853,#1854,#1855,#1856,#1857,#1858,#1859,#1860,#1861,#1862,
#1863,#1864,#1865,#1866,#1867,#1868,#1869,#1870,#1871,#1872,#1873,#1874,
#1875,#1876,#1877,#1878,#1879,#1880,#1881,#1882,#1883,#1884,#1885,#1886,
#1887,#1888),.UNSPECIFIED.,.T.,.F.,(9,7,7,7,7,7,7,7,7,7,7,7,7,7,7,7,7,7,
9),(0.,0.19022099379,0.228939998517,0.241011962666,0.260181807388,0.282202129211,
0.324617200657,0.429834584325,0.487117981396,0.607827406435,0.678719481352,
0.72028197434,0.744935393599,0.762183374725,0.783593539468,0.795094998511,
0.818625996038,0.855474358793,1.),.UNSPECIFIED.);
#19=B_SPLINE_CURVE_WITH_KNOTS('',8,(#1890,#1891,#1892,#1893,#1894,#1895,
#1896,#1897,#1898,#1899,#1900,#1901,#1902,#1903,#1904,#1905,#1906,#1907,
#1908,#1909,#1910,#1911,#1912,#1913,#1914,#1915,#1916,#1917,#1918,#1919,
#1920,#1921,#1922,#1923,#1924,#1925,#1926,#1927,#1928,#1929,#1930,#1931,
#1932,#1933,#1934,#1935,#1936,#1937,#1938,#1939,#1940,#1941,#1942,#1943,
#1944,#1945,#1946,#1947,#1948,#1949,#1950,#1951,#1952,#1953,#1954,#1955,
#1956,#1957,#1958,#1959,#1960,#1961,#1962,#1963,#1964,#1965,#1966,#1967,
#1968,#1969,#1970,#1971,#1972,#1973,#1974,#1975,#1976,#1977,#1978,#1979,
#1980,#1981,#1982,#1983,#1984,#1985,#1986,#1987,#1988,#1989,#1990,#1991,
#1992,#1993,#1994,#1995,#1996,#1997,#1998,#1999,#2000,#2001,#2002,#2003,
#2004,#2005,#2006,#2007,#2008,#2009,#2010,#2011,#2012,#2013,#2014,#2015,
#2016,#2017),.UNSPECIFIED.,.T.,.F.,(9,7,7,7,7,7,7,7,7,7,7,7,7,7,7,7,7,7,
9),(0.,0.19022121977,0.228940270494,0.241012248985,0.26018211646,0.282202464397,
0.324617586376,0.429835096214,0.487118561975,0.607828131761,0.678720291686,
0.720282834515,0.744936244535,0.762184185838,0.783594285325,0.795095704736,
0.818626621172,0.855474856923,1.),.UNSPECIFIED.);
#20=B_SPLINE_CURVE_WITH_KNOTS('',8,(#2020,#2021,#2022,#2023,#2024,#2025,
#2026,#2027,#2028,#2029,#2030,#2031,#2032,#2033,#2034,#2035,#2036,#2037,
#2038,#2039,#2040,#2041,#2042,#2043,#2044,#2045,#2046,#2047,#2048,#2049,
#2050,#2051,#2052,#2053,#2054,#2055,#2056,#2057,#2058,#2059,#2060,#2061,
#2062,#2063,#2064,#2065,#2066,#2067,#2068,#2069,#2070,#2071,#2072,#2073,
#2074,#2075,#2076,#2077,#2078,#2079,#2080,#2081,#2082,#2083,#2084,#2085,
#2086,#2087,#2088,#2089,#2090,#2091,#2092,#2093,#2094,#2095,#2096,#2097,
#2098,#2099,#2100,#2101,#2102,#2103,#2104,#2105,#2106,#2107,#2108,#2109,
#2110,#2111,#2112,#2113,#2114,#2115,#2116,#2117,#2118,#2119,#2120,#2121,
#2122,#2123,#2124,#2125,#2126,#2127,#2128,#2129,#2130,#2131,#2132,#2133,
#2134,#2135,#2136,#2137,#2138,#2139,#2140,#2141,#2142,#2143,#2144,#2145,
#2146,#2147),.UNSPECIFIED.,.T.,.F.,(9,7,7,7,7,7,7,7,7,7,7,7,7,7,7,7,7,7,
9),(0.,0.190220149374,0.228938982222,0.241010892782,0.260180652294,0.282200948067,
0.324616108808,0.429833714166,0.487117231932,0.607826911302,0.678719135586,
0.720281716147,0.744935187349,0.762183204816,0.783593406178,0.795094880316,
0.818625899594,0.855474281943,1.),.UNSPECIFIED.);
#21=B_SPLINE_CURVE_WITH_KNOTS('',8,(#2149,#2150,#2151,#2152,#2153,#2154,
#2155,#2156,#2157,#2158,#2159,#2160,#2161,#2162,#2163,#2164,#2165,#2166,
#2167,#2168,#2169,#2170,#2171,#2172,#2173,#2174,#2175,#2176,#2177,#2178,
#2179,#2180,#2181,#2182,#2183,#2184,#2185,#2186,#2187,#2188,#2189,#2190,
#2191,#2192,#2193,#2194,#2195,#2196,#2197,#2198,#2199,#2200,#2201,#2202,
#2203,#2204,#2205,#2206,#2207,#2208,#2209,#2210,#2211,#2212,#2213,#2214,
#2215,#2216,#2217,#2218,#2219,#2220,#2221,#2222,#2223,#2224,#2225,#2226,
#2227,#2228,#2229,#2230,#2231,#2232,#2233,#2234,#2235,#2236,#2237,#2238,
#2239,#2240,#2241,#2242,#2243,#2244,#2245,#2246,#2247,#2248,#2249,#2250,
#2251,#2252,#2253,#2254,#2255,#2256,#2257,#2258,#2259,#2260,#2261,#2262,
#2263,#2264,#2265,#2266,#2267,#2268,#2269,#2270,#2271,#2272,#2273,#2274,
#2275,#2276),.UNSPECIFIED.,.T.,.F.,(9,7,7,7,7,7,7,7,7,7,7,7,7,7,7,7,7,7,
9),(0.,0.190220997463,0.228940002937,0.241011970058,0.260181823768,0.282202155798,
0.324617246879,0.429834679156,0.487118102691,0.607827583496,0.678719691163,
0.720282203355,0.744935634003,0.762183616591,0.783593767327,0.795095214269,
0.818626187029,0.855474510982,1.),.UNSPECIFIED.);
#22=B_SPLINE_CURVE_WITH_KNOTS('',8,(#2279,#2280,#2281,#2282,#2283,#2284,
#2285,#2286,#2287,#2288,#2289,#2290,#2291,#2292,#2293,#2294,#2295,#2296,
#2297,#2298,#2299,#2300,#2301,#2302,#2303,#2304,#2305,#2306,#2307,#2308,
#2309,#2310,#2311,#2312,#2313,#2314,#2315,#2316,#2317,#2318,#2319,#2320,
#2321,#2322,#2323,#2324,#2325,#2326,#2327,#2328,#2329,#2330,#2331,#2332,
#2333,#2334,#2335,#2336,#2337,#2338,#2339,#2340,#2341,#2342,#2343,#2344,
#2345,#2346,#2347,#2348,#2349,#2350,#2351,#2352,#2353,#2354,#2355,#2356,
#2357,#2358,#2359,#2360,#2361,#2362,#2363,#2364,#2365,#2366,#2367,#2368,
#2369,#2370,#2371,#2372,#2373,#2374,#2375,#2376,#2377,#2378,#2379,#2380,
#2381,#2382,#2383,#2384,#2385,#2386,#2387,#2388,#2389,#2390,#2391,#2392,
#2393,#2394,#2395,#2396,#2397,#2398,#2399,#2400,#2401,#2402,#2403,#2404,
#2405,#2406),.UNSPECIFIED.,.T.,.F.,(9,7,7,7,7,7,7,7,7,7,7,7,7,7,7,7,7,7,
9),(0.,0.190219934224,0.228938723278,0.241010620184,0.260180378091,0.282200695013,
0.324615896429,0.429833602469,0.487117175049,0.607826969923,0.678719262043,
0.720281882375,0.744935338367,0.762183318339,0.783593481649,0.795094941899,
0.818625945938,0.855474318871,1.),.UNSPECIFIED.);
#23=B_SPLINE_CURVE_WITH_KNOTS('',8,(#2408,#2409,#2410,#2411,#2412,#2413,
#2414,#2415,#2416,#2417,#2418,#2419,#2420,#2421,#2422,#2423,#2424,#2425,
#2426,#2427,#2428,#2429,#2430,#2431,#2432,#2433,#2434,#2435,#2436,#2437,
#2438,#2439,#2440,#2441,#2442,#2443,#2444,#2445,#2446,#2447,#2448,#2449,
#2450,#2451,#2452,#2453,#2454,#2455,#2456,#2457,#2458,#2459,#2460,#2461,
#2462,#2463,#2464,#2465,#2466,#2467,#2468,#2469,#2470,#2471,#2472,#2473,
#2474,#2475,#2476,#2477,#2478,#2479,#2480,#2481,#2482,#2483,#2484,#2485,
#2486,#2487,#2488,#2489,#2490,#2491,#2492,#2493,#2494,#2495,#2496,#2497,
#2498,#2499,#2500,#2501,#2502,#2503,#2504,#2505,#2506,#2507,#2508,#2509,
#2510,#2511,#2512,#2513,#2514,#2515,#2516,#2517,#2518,#2519,#2520,#2521,
#2522,#2523,#2524,#2525,#2526,#2527,#2528,#2529,#2530,#2531,#2532,#2533,
#2534,#2535),.UNSPECIFIED.,.T.,.F.,(9,7,7,7,7,7,7,7,7,7,7,7,7,7,7,7,7,7,
9),(0.,0.190219851573,0.228938623804,0.241010515466,0.260180265044,0.282200572401,
0.324615755405,0.42983341582,0.48711696356,0.607826706093,0.678718967472,
0.720281569781,0.744935053883,0.762183080376,0.78359329294,0.795094773096,
0.818625804688,0.855474206318,1.),.UNSPECIFIED.);
#24=B_SPLINE_CURVE_WITH_KNOTS('',8,(#2538,#2539,#2540,#2541,#2542,#2543,
#2544,#2545,#2546,#2547,#2548,#2549,#2550,#2551,#2552,#2553,#2554,#2555,
#2556,#2557,#2558,#2559,#2560,#2561,#2562,#2563,#2564,#2565,#2566,#2567,
#2568,#2569,#2570,#2571,#2572,#2573,#2574,#2575,#2576,#2577,#2578,#2579,
#2580,#2581,#2582,#2583,#2584,#2585,#2586,#2587,#2588,#2589,#2590,#2591,
#2592,#2593,#2594,#2595,#2596,#2597,#2598,#2599,#2600,#2601,#2602,#2603,
#2604,#2605,#2606,#2607,#2608,#2609,#2610,#2611,#2612,#2613,#2614,#2615,
#2616,#2617,#2618,#2619,#2620,#2621,#2622,#2623,#2624,#2625,#2626,#2627,
#2628,#2629,#2630,#2631,#2632,#2633,#2634,#2635,#2636,#2637,#2638,#2639,
#2640,#2641,#2642,#2643,#2644,#2645,#2646,#2647,#2648,#2649,#2650,#2651,
#2652,#2653,#2654,#2655,#2656,#2657,#2658,#2659,#2660,#2661,#2662,#2663,
#2664,#2665),.UNSPECIFIED.,.T.,.F.,(9,7,7,7,7,7,7,7,7,7,7,7,7,7,7,7,7,7,
9),(0.,0.190220905766,0.228939892575,0.241011851138,0.260181706954,0.282202064386,
0.324617204424,0.429834758255,0.487118247968,0.607827868225,0.678720057791,
0.720282617997,0.744936038326,0.762183993346,0.783594117191,0.795095551666,
0.818626493848,0.855474755467,1.),.UNSPECIFIED.);
#25=B_SPLINE_CURVE_WITH_KNOTS('',8,(#2667,#2668,#2669,#2670,#2671,#2672,
#2673,#2674,#2675,#2676,#2677,#2678,#2679,#2680,#2681,#2682,#2683,#2684,
#2685,#2686,#2687,#2688,#2689,#2690,#2691,#2692,#2693,#2694,#2695,#2696,
#2697,#2698,#2699,#2700,#2701,#2702,#2703,#2704,#2705,#2706,#2707,#2708,
#2709,#2710,#2711,#2712,#2713,#2714,#2715,#2716,#2717,#2718,#2719,#2720,
#2721,#2722,#2723,#2724,#2725,#2726,#2727,#2728,#2729,#2730,#2731,#2732,
#2733,#2734,#2735,#2736,#2737,#2738,#2739,#2740,#2741,#2742,#2743,#2744,
#2745,#2746,#2747,#2748,#2749,#2750,#2751,#2752,#2753,#2754,#2755,#2756,
#2757,#2758,#2759,#2760,#2761,#2762,#2763,#2764,#2765,#2766,#2767,#2768,
#2769,#2770,#2771,#2772,#2773,#2774,#2775,#2776,#2777,#2778,#2779,#2780,
#2781,#2782,#2783,#2784,#2785,#2786,#2787,#2788,#2789,#2790,#2791,#2792,
#2793,#2794),.UNSPECIFIED.,.T.,.F.,(9,7,7,7,7,7,7,7,7,7,7,7,7,7,7,7,7,7,
9),(0.,0.190220231434,0.228939080985,0.241010996753,0.260180764591,0.282201069993,
0.324616249232,0.429833900309,0.487117442965,0.607827174784,0.678719429871,
0.720282028491,0.744935471605,0.762183442567,0.783593594692,0.795095048935,
0.818626040681,0.855474394367,1.),.UNSPECIFIED.);
#26=B_SPLINE_CURVE_WITH_KNOTS('',8,(#2797,#2798,#2799,#2800,#2801,#2802,
#2803,#2804,#2805,#2806,#2807,#2808,#2809,#2810,#2811,#2812,#2813,#2814,
#2815,#2816,#2817,#2818,#2819,#2820,#2821,#2822,#2823,#2824,#2825,#2826,
#2827,#2828,#2829,#2830,#2831,#2832,#2833,#2834,#2835,#2836,#2837,#2838,
#2839,#2840,#2841,#2842,#2843,#2844,#2845,#2846,#2847,#2848,#2849,#2850,
#2851,#2852,#2853,#2854,#2855,#2856,#2857,#2858,#2859,#2860,#2861,#2862,
#2863,#2864,#2865,#2866,#2867,#2868,#2869,#2870,#2871,#2872,#2873,#2874,
#2875,#2876,#2877,#2878,#2879,#2880,#2881,#2882,#2883,#2884,#2885,#2886,
#2887,#2888,#2889,#2890,#2891,#2892,#2893,#2894,#2895,#2896,#2897,#2898,
#2899,#2900,#2901,#2902,#2903,#2904,#2905,#2906,#2907,#2908,#2909,#2910,
#2911,#2912,#2913,#2914,#2915,#2916,#2917,#2918,#2919,#2920,#2921,#2922,
#2923,#2924),.UNSPECIFIED.,.T.,.F.,(9,7,7,7,7,7,7,7,7,7,7,7,7,7,7,7,7,7,
9),(0.,0.190220927335,0.228939918535,0.241011881205,0.260181727946,0.282202052085,
0.324617128,0.429834522781,0.487117925902,0.607827363689,0.678719446093,
0.720281943473,0.744935365335,0.762183348283,0.783593515349,0.795094975673,
0.818625975823,0.855474342685,1.),.UNSPECIFIED.);
#27=B_SPLINE_CURVE_WITH_KNOTS('',8,(#2926,#2927,#2928,#2929,#2930,#2931,
#2932,#2933,#2934,#2935,#2936,#2937,#2938,#2939,#2940,#2941,#2942,#2943,
#2944,#2945,#2946,#2947,#2948,#2949,#2950,#2951,#2952,#2953,#2954,#2955,
#2956,#2957,#2958,#2959,#2960,#2961,#2962,#2963,#2964,#2965,#2966,#2967,
#2968,#2969,#2970,#2971,#2972,#2973,#2974,#2975,#2976,#2977,#2978,#2979,
#2980,#2981,#2982,#2983,#2984,#2985,#2986,#2987,#2988,#2989,#2990,#2991,
#2992,#2993,#2994,#2995,#2996,#2997,#2998,#2999,#3000,#3001,#3002,#3003,
#3004,#3005,#3006,#3007,#3008,#3009,#3010,#3011,#3012,#3013,#3014,#3015,
#3016,#3017,#3018,#3019,#3020,#3021,#3022,#3023,#3024,#3025,#3026,#3027,
#3028,#3029,#3030,#3031,#3032,#3033,#3034,#3035,#3036,#3037,#3038,#3039,
#3040,#3041,#3042,#3043,#3044,#3045,#3046,#3047,#3048,#3049,#3050,#3051,
#3052,#3053),.UNSPECIFIED.,.T.,.F.,(9,7,7,7,7,7,7,7,7,7,7,7,7,7,7,7,7,7,
9),(0.,0.19022084272,0.228939816696,0.241011771258,0.26018162072,0.282201970852,
0.324617096839,0.429834615842,0.487118086593,0.607827666893,0.678719832993,
0.720282379441,0.744935791609,0.76218374092,0.78359386617,0.795095305974,
0.818626268192,0.855474575656,1.),.UNSPECIFIED.);
#28=LINE('',#927,#44);
#29=LINE('',#930,#45);
#30=LINE('',#932,#46);
#31=LINE('',#934,#47);
#32=LINE('',#936,#48);
#33=LINE('',#944,#49);
#34=LINE('',#948,#50);
#35=LINE('',#951,#51);
#36=LINE('',#952,#52);
#37=LINE('',#954,#53);
#38=LINE('',#956,#54);
#39=LINE('',#958,#55);
#40=LINE('',#960,#56);
#41=LINE('',#968,#57);
#42=LINE('',#972,#58);
#43=LINE('',#973,#59);
#44=VECTOR('',#782,1.);
#45=VECTOR('',#783,1.);
#46=VECTOR('',#784,1.);
#47=VECTOR('',#785,1.);
#48=VECTOR('',#788,1.);
#49=VECTOR('',#797,1.);
#50=VECTOR('',#802,1.);
#51=VECTOR('',#803,1.);
#52=VECTOR('',#804,1.);
#53=VECTOR('',#807,1.);
#54=VECTOR('',#808,1.);
#55=VECTOR('',#809,1.);
#56=VECTOR('',#812,1.);
#57=VECTOR('',#821,1.);
#58=VECTOR('',#826,1.);
#59=VECTOR('',#827,1.);
#60=PLANE('',#641);
#61=PLANE('',#643);
#62=PLANE('',#645);
#63=PLANE('',#647);
#64=PLANE('',#649);
#65=PLANE('',#651);
#66=PLANE('',#653);
#67=PLANE('',#655);
#68=PLANE('',#667);
#69=PLANE('',#674);
#70=PLANE('',#675);
#71=PLANE('',#682);
#72=PLANE('',#697);
#73=PLANE('',#699);
#74=ORIENTED_EDGE('',*,*,#206,.F.);
#75=ORIENTED_EDGE('',*,*,#207,.T.);
#76=ORIENTED_EDGE('',*,*,#208,.F.);
#77=ORIENTED_EDGE('',*,*,#209,.T.);
#78=ORIENTED_EDGE('',*,*,#210,.F.);
#79=ORIENTED_EDGE('',*,*,#211,.T.);
#80=ORIENTED_EDGE('',*,*,#212,.F.);
#81=ORIENTED_EDGE('',*,*,#213,.T.);
#82=ORIENTED_EDGE('',*,*,#206,.T.);
#83=ORIENTED_EDGE('',*,*,#214,.T.);
#84=ORIENTED_EDGE('',*,*,#208,.T.);
#85=ORIENTED_EDGE('',*,*,#215,.T.);
#86=ORIENTED_EDGE('',*,*,#210,.T.);
#87=ORIENTED_EDGE('',*,*,#216,.T.);
#88=ORIENTED_EDGE('',*,*,#212,.T.);
#89=ORIENTED_EDGE('',*,*,#217,.T.);
#90=ORIENTED_EDGE('',*,*,#207,.F.);
#91=ORIENTED_EDGE('',*,*,#218,.T.);
#92=ORIENTED_EDGE('',*,*,#209,.F.);
#93=ORIENTED_EDGE('',*,*,#219,.T.);
#94=ORIENTED_EDGE('',*,*,#211,.F.);
#95=ORIENTED_EDGE('',*,*,#220,.T.);
#96=ORIENTED_EDGE('',*,*,#213,.F.);
#97=ORIENTED_EDGE('',*,*,#221,.T.);
#98=ORIENTED_EDGE('',*,*,#214,.F.);
#99=ORIENTED_EDGE('',*,*,#222,.T.);
#100=ORIENTED_EDGE('',*,*,#215,.F.);
#101=ORIENTED_EDGE('',*,*,#223,.T.);
#102=ORIENTED_EDGE('',*,*,#216,.F.);
#103=ORIENTED_EDGE('',*,*,#224,.T.);
#104=ORIENTED_EDGE('',*,*,#217,.F.);
#105=ORIENTED_EDGE('',*,*,#225,.T.);
#106=ORIENTED_EDGE('',*,*,#218,.F.);
#107=ORIENTED_EDGE('',*,*,#226,.T.);
#108=ORIENTED_EDGE('',*,*,#227,.T.);
#109=ORIENTED_EDGE('',*,*,#228,.T.);
#110=ORIENTED_EDGE('',*,*,#229,.F.);
#111=ORIENTED_EDGE('',*,*,#230,.T.);
#112=ORIENTED_EDGE('',*,*,#231,.T.);
#113=ORIENTED_EDGE('',*,*,#232,.F.);
#114=ORIENTED_EDGE('',*,*,#227,.F.);
#115=ORIENTED_EDGE('',*,*,#233,.T.);
#116=ORIENTED_EDGE('',*,*,#229,.T.);
#117=ORIENTED_EDGE('',*,*,#234,.F.);
#118=ORIENTED_EDGE('',*,*,#235,.F.);
#119=ORIENTED_EDGE('',*,*,#236,.T.);
#120=ORIENTED_EDGE('',*,*,#237,.T.);
#121=ORIENTED_EDGE('',*,*,#238,.T.);
#122=ORIENTED_EDGE('',*,*,#231,.F.);
#123=ORIENTED_EDGE('',*,*,#239,.T.);
#124=ORIENTED_EDGE('',*,*,#240,.F.);
#125=ORIENTED_EDGE('',*,*,#235,.T.);
#126=ORIENTED_EDGE('',*,*,#241,.F.);
#127=ORIENTED_EDGE('',*,*,#242,.F.);
#128=ORIENTED_EDGE('',*,*,#243,.T.);
#129=ORIENTED_EDGE('',*,*,#244,.F.);
#130=ORIENTED_EDGE('',*,*,#237,.F.);
#131=ORIENTED_EDGE('',*,*,#245,.T.);
#132=ORIENTED_EDGE('',*,*,#246,.F.);
#133=ORIENTED_EDGE('',*,*,#247,.F.);
#134=ORIENTED_EDGE('',*,*,#248,.T.);
#135=ORIENTED_EDGE('',*,*,#242,.T.);
#136=ORIENTED_EDGE('',*,*,#249,.F.);
#137=ORIENTED_EDGE('',*,*,#247,.T.);
#138=ORIENTED_EDGE('',*,*,#250,.F.);
#139=ORIENTED_EDGE('',*,*,#243,.F.);
#140=ORIENTED_EDGE('',*,*,#219,.F.);
#141=ORIENTED_EDGE('',*,*,#251,.T.);
#142=ORIENTED_EDGE('',*,*,#220,.F.);
#143=ORIENTED_EDGE('',*,*,#252,.T.);
#144=ORIENTED_EDGE('',*,*,#221,.F.);
#145=ORIENTED_EDGE('',*,*,#253,.T.);
#146=ORIENTED_EDGE('',*,*,#254,.F.);
#147=ORIENTED_EDGE('',*,*,#255,.T.);
#148=ORIENTED_EDGE('',*,*,#256,.F.);
#149=ORIENTED_EDGE('',*,*,#257,.T.);
#150=ORIENTED_EDGE('',*,*,#258,.F.);
#151=ORIENTED_EDGE('',*,*,#259,.T.);
#152=ORIENTED_EDGE('',*,*,#260,.F.);
#153=ORIENTED_EDGE('',*,*,#261,.T.);
#154=ORIENTED_EDGE('',*,*,#262,.F.);
#155=ORIENTED_EDGE('',*,*,#263,.T.);
#156=ORIENTED_EDGE('',*,*,#264,.F.);
#157=ORIENTED_EDGE('',*,*,#265,.T.);
#158=ORIENTED_EDGE('',*,*,#266,.F.);
#159=ORIENTED_EDGE('',*,*,#267,.T.);
#160=ORIENTED_EDGE('',*,*,#268,.F.);
#161=ORIENTED_EDGE('',*,*,#269,.T.);
#162=ORIENTED_EDGE('',*,*,#222,.F.);
#163=ORIENTED_EDGE('',*,*,#250,.T.);
#164=ORIENTED_EDGE('',*,*,#246,.T.);
#165=ORIENTED_EDGE('',*,*,#241,.T.);
#166=ORIENTED_EDGE('',*,*,#234,.T.);
#167=ORIENTED_EDGE('',*,*,#228,.F.);
#168=ORIENTED_EDGE('',*,*,#232,.T.);
#169=ORIENTED_EDGE('',*,*,#238,.F.);
#170=ORIENTED_EDGE('',*,*,#244,.T.);
#171=ORIENTED_EDGE('',*,*,#223,.F.);
#172=ORIENTED_EDGE('',*,*,#224,.F.);
#173=ORIENTED_EDGE('',*,*,#225,.F.);
#174=ORIENTED_EDGE('',*,*,#270,.F.);
#175=ORIENTED_EDGE('',*,*,#226,.F.);
#176=ORIENTED_EDGE('',*,*,#245,.F.);
#177=ORIENTED_EDGE('',*,*,#239,.F.);
#178=ORIENTED_EDGE('',*,*,#233,.F.);
#179=ORIENTED_EDGE('',*,*,#230,.F.);
#180=ORIENTED_EDGE('',*,*,#236,.F.);
#181=ORIENTED_EDGE('',*,*,#240,.T.);
#182=ORIENTED_EDGE('',*,*,#248,.F.);
#183=ORIENTED_EDGE('',*,*,#249,.T.);
#184=ORIENTED_EDGE('',*,*,#251,.F.);
#185=ORIENTED_EDGE('',*,*,#252,.F.);
#186=ORIENTED_EDGE('',*,*,#253,.F.);
#187=ORIENTED_EDGE('',*,*,#271,.T.);
#188=ORIENTED_EDGE('',*,*,#271,.F.);
#189=ORIENTED_EDGE('',*,*,#261,.F.);
#190=ORIENTED_EDGE('',*,*,#254,.T.);
#191=ORIENTED_EDGE('',*,*,#255,.F.);
#192=ORIENTED_EDGE('',*,*,#256,.T.);
#193=ORIENTED_EDGE('',*,*,#257,.F.);
#194=ORIENTED_EDGE('',*,*,#258,.T.);
#195=ORIENTED_EDGE('',*,*,#259,.F.);
#196=ORIENTED_EDGE('',*,*,#260,.T.);
#197=ORIENTED_EDGE('',*,*,#269,.F.);
#198=ORIENTED_EDGE('',*,*,#262,.T.);
#199=ORIENTED_EDGE('',*,*,#263,.F.);
#200=ORIENTED_EDGE('',*,*,#264,.T.);
#201=ORIENTED_EDGE('',*,*,#265,.F.);
#202=ORIENTED_EDGE('',*,*,#266,.T.);
#203=ORIENTED_EDGE('',*,*,#267,.F.);
#204=ORIENTED_EDGE('',*,*,#268,.T.);
#205=ORIENTED_EDGE('',*,*,#270,.T.);
#206=EDGE_CURVE('',#272,#272,#330,.T.);
#207=EDGE_CURVE('',#273,#273,#331,.T.);
#208=EDGE_CURVE('',#274,#274,#332,.T.);
#209=EDGE_CURVE('',#275,#275,#333,.T.);
#210=EDGE_CURVE('',#276,#276,#334,.T.);
#211=EDGE_CURVE('',#277,#277,#335,.T.);
#212=EDGE_CURVE('',#278,#278,#336,.T.);
#213=EDGE_CURVE('',#279,#279,#337,.T.);
#214=EDGE_CURVE('',#280,#280,#338,.T.);
#215=EDGE_CURVE('',#281,#281,#339,.T.);
#216=EDGE_CURVE('',#282,#282,#340,.T.);
#217=EDGE_CURVE('',#283,#283,#341,.T.);
#218=EDGE_CURVE('',#284,#284,#342,.T.);
#219=EDGE_CURVE('',#285,#285,#343,.T.);
#220=EDGE_CURVE('',#286,#286,#344,.T.);
#221=EDGE_CURVE('',#287,#287,#345,.T.);
#222=EDGE_CURVE('',#288,#288,#346,.T.);
#223=EDGE_CURVE('',#289,#289,#347,.T.);
#224=EDGE_CURVE('',#290,#290,#348,.T.);
#225=EDGE_CURVE('',#291,#291,#349,.T.);
#226=EDGE_CURVE('',#292,#292,#350,.T.);
#227=EDGE_CURVE('',#293,#294,#28,.T.);
#228=EDGE_CURVE('',#294,#295,#29,.T.);
#229=EDGE_CURVE('',#296,#295,#30,.T.);
#230=EDGE_CURVE('',#296,#293,#31,.T.);
#231=EDGE_CURVE('',#297,#298,#32,.T.);
#232=EDGE_CURVE('',#294,#298,#351,.T.);
#233=EDGE_CURVE('',#293,#297,#352,.T.);
#234=EDGE_CURVE('',#299,#295,#353,.T.);
#235=EDGE_CURVE('',#300,#299,#33,.T.);
#236=EDGE_CURVE('',#300,#296,#354,.T.);
#237=EDGE_CURVE('',#301,#302,#34,.T.);
#238=EDGE_CURVE('',#302,#298,#35,.T.);
#239=EDGE_CURVE('',#297,#301,#36,.T.);
#240=EDGE_CURVE('',#300,#303,#37,.T.);
#241=EDGE_CURVE('',#304,#299,#38,.T.);
#242=EDGE_CURVE('',#303,#304,#39,.T.);
#243=EDGE_CURVE('',#305,#306,#40,.T.);
#244=EDGE_CURVE('',#302,#306,#355,.T.);
#245=EDGE_CURVE('',#301,#305,#356,.T.);
#246=EDGE_CURVE('',#307,#304,#357,.T.);
#247=EDGE_CURVE('',#308,#307,#41,.T.);
#248=EDGE_CURVE('',#308,#303,#358,.T.);
#249=EDGE_CURVE('',#308,#305,#42,.T.);
#250=EDGE_CURVE('',#306,#307,#43,.T.);
#251=EDGE_CURVE('',#309,#309,#359,.T.);
#252=EDGE_CURVE('',#310,#310,#360,.T.);
#253=EDGE_CURVE('',#311,#311,#361,.T.);
#254=EDGE_CURVE('',#312,#312,#12,.T.);
#255=EDGE_CURVE('',#313,#313,#13,.T.);
#256=EDGE_CURVE('',#314,#314,#14,.T.);
#257=EDGE_CURVE('',#315,#315,#15,.T.);
#258=EDGE_CURVE('',#316,#316,#16,.T.);
#259=EDGE_CURVE('',#317,#317,#17,.T.);
#260=EDGE_CURVE('',#318,#318,#18,.T.);
#261=EDGE_CURVE('',#319,#319,#19,.T.);
#262=EDGE_CURVE('',#320,#320,#20,.T.);
#263=EDGE_CURVE('',#321,#321,#21,.T.);
#264=EDGE_CURVE('',#322,#322,#22,.T.);
#265=EDGE_CURVE('',#323,#323,#23,.T.);
#266=EDGE_CURVE('',#324,#324,#24,.T.);
#267=EDGE_CURVE('',#325,#325,#25,.T.);
#268=EDGE_CURVE('',#326,#326,#26,.T.);
#269=EDGE_CURVE('',#327,#327,#27,.T.);
#270=EDGE_CURVE('',#328,#328,#362,.T.);
#271=EDGE_CURVE('',#329,#329,#363,.T.);
#272=VERTEX_POINT('',#869);
#273=VERTEX_POINT('',#871);
#274=VERTEX_POINT('',#874);
#275=VERTEX_POINT('',#876);
#276=VERTEX_POINT('',#879);
#277=VERTEX_POINT('',#881);
#278=VERTEX_POINT('',#884);
#279=VERTEX_POINT('',#886);
#280=VERTEX_POINT('',#889);
#281=VERTEX_POINT('',#892);
#282=VERTEX_POINT('',#895);
#283=VERTEX_POINT('',#898);
#284=VERTEX_POINT('',#901);
#285=VERTEX_POINT('',#904);
#286=VERTEX_POINT('',#907);
#287=VERTEX_POINT('',#910);
#288=VERTEX_POINT('',#913);
#289=VERTEX_POINT('',#916);
#290=VERTEX_POINT('',#919);
#291=VERTEX_POINT('',#922);
#292=VERTEX_POINT('',#925);
#293=VERTEX_POINT('',#928);
#294=VERTEX_POINT('',#929);
#295=VERTEX_POINT('',#931);
#296=VERTEX_POINT('',#933);
#297=VERTEX_POINT('',#937);
#298=VERTEX_POINT('',#938);
#299=VERTEX_POINT('',#943);
#300=VERTEX_POINT('',#945);
#301=VERTEX_POINT('',#949);
#302=VERTEX_POINT('',#950);
#303=VERTEX_POINT('',#955);
#304=VERTEX_POINT('',#957);
#305=VERTEX_POINT('',#961);
#306=VERTEX_POINT('',#962);
#307=VERTEX_POINT('',#967);
#308=VERTEX_POINT('',#969);
#309=VERTEX_POINT('',#976);
#310=VERTEX_POINT('',#979);
#311=VERTEX_POINT('',#982);
#312=VERTEX_POINT('',#1112);
#313=VERTEX_POINT('',#1241);
#314=VERTEX_POINT('',#1371);
#315=VERTEX_POINT('',#1500);
#316=VERTEX_POINT('',#1630);
#317=VERTEX_POINT('',#1759);
#318=VERTEX_POINT('',#1889);
#319=VERTEX_POINT('',#2018);
#320=VERTEX_POINT('',#2148);
#321=VERTEX_POINT('',#2277);
#322=VERTEX_POINT('',#2407);
#323=VERTEX_POINT('',#2536);
#324=VERTEX_POINT('',#2666);
#325=VERTEX_POINT('',#2795);
#326=VERTEX_POINT('',#2925);
#327=VERTEX_POINT('',#3054);
#328=VERTEX_POINT('',#3057);
#329=VERTEX_POINT('',#3060);
#330=CIRCLE('',#630,0.002125);
#331=CIRCLE('',#631,0.002125);
#332=CIRCLE('',#633,0.002125);
#333=CIRCLE('',#634,0.002125);
#334=CIRCLE('',#636,0.002125);
#335=CIRCLE('',#637,0.002125);
#336=CIRCLE('',#639,0.002125);
#337=CIRCLE('',#640,0.002125);
#338=CIRCLE('',#642,0.002375);
#339=CIRCLE('',#644,0.002375);
#340=CIRCLE('',#646,0.002375);
#341=CIRCLE('',#648,0.002375);
#342=CIRCLE('',#650,0.002375);
#343=CIRCLE('',#652,0.002375);
#344=CIRCLE('',#654,0.002375);
#345=CIRCLE('',#656,0.002375);
#346=CIRCLE('',#658,0.002375);
#347=CIRCLE('',#660,0.002375);
#348=CIRCLE('',#662,0.002375);
#349=CIRCLE('',#664,0.002375);
#350=CIRCLE('',#666,0.002375);
#351=CIRCLE('',#669,0.0305);
#352=CIRCLE('',#670,0.0305);
#353=CIRCLE('',#672,0.03275);
#354=CIRCLE('',#673,0.03275);
#355=CIRCLE('',#677,0.03275);
#356=CIRCLE('',#678,0.03275);
#357=CIRCLE('',#680,0.0305);
#358=CIRCLE('',#681,0.0305);
#359=CIRCLE('',#684,0.002375);
#360=CIRCLE('',#686,0.002375);
#361=CIRCLE('',#688,0.002375);
#362=CIRCLE('',#698,0.0375);
#363=CIRCLE('',#700,0.0375);
#364=EDGE_LOOP('',(#74));
#365=EDGE_LOOP('',(#75));
#366=EDGE_LOOP('',(#76));
#367=EDGE_LOOP('',(#77));
#368=EDGE_LOOP('',(#78));
#369=EDGE_LOOP('',(#79));
#370=EDGE_LOOP('',(#80));
#371=EDGE_LOOP('',(#81));
#372=EDGE_LOOP('',(#82));
#373=EDGE_LOOP('',(#83));
#374=EDGE_LOOP('',(#84));
#375=EDGE_LOOP('',(#85));
#376=EDGE_LOOP('',(#86));
#377=EDGE_LOOP('',(#87));
#378=EDGE_LOOP('',(#88));
#379=EDGE_LOOP('',(#89));
#380=EDGE_LOOP('',(#90));
#381=EDGE_LOOP('',(#91));
#382=EDGE_LOOP('',(#92));
#383=EDGE_LOOP('',(#93));
#384=EDGE_LOOP('',(#94));
#385=EDGE_LOOP('',(#95));
#386=EDGE_LOOP('',(#96));
#387=EDGE_LOOP('',(#97));
#388=EDGE_LOOP('',(#98));
#389=EDGE_LOOP('',(#99));
#390=EDGE_LOOP('',(#100));
#391=EDGE_LOOP('',(#101));
#392=EDGE_LOOP('',(#102));
#393=EDGE_LOOP('',(#103));
#394=EDGE_LOOP('',(#104));
#395=EDGE_LOOP('',(#105));
#396=EDGE_LOOP('',(#106));
#397=EDGE_LOOP('',(#107));
#398=EDGE_LOOP('',(#108,#109,#110,#111));
#399=EDGE_LOOP('',(#112,#113,#114,#115));
#400=EDGE_LOOP('',(#116,#117,#118,#119));
#401=EDGE_LOOP('',(#120,#121,#122,#123));
#402=EDGE_LOOP('',(#124,#125,#126,#127));
#403=EDGE_LOOP('',(#128,#129,#130,#131));
#404=EDGE_LOOP('',(#132,#133,#134,#135));
#405=EDGE_LOOP('',(#136,#137,#138,#139));
#406=EDGE_LOOP('',(#140));
#407=EDGE_LOOP('',(#141));
#408=EDGE_LOOP('',(#142));
#409=EDGE_LOOP('',(#143));
#410=EDGE_LOOP('',(#144));
#411=EDGE_LOOP('',(#145));
#412=EDGE_LOOP('',(#146));
#413=EDGE_LOOP('',(#147));
#414=EDGE_LOOP('',(#148));
#415=EDGE_LOOP('',(#149));
#416=EDGE_LOOP('',(#150));
#417=EDGE_LOOP('',(#151));
#418=EDGE_LOOP('',(#152));
#419=EDGE_LOOP('',(#153));
#420=EDGE_LOOP('',(#154));
#421=EDGE_LOOP('',(#155));
#422=EDGE_LOOP('',(#156));
#423=EDGE_LOOP('',(#157));
#424=EDGE_LOOP('',(#158));
#425=EDGE_LOOP('',(#159));
#426=EDGE_LOOP('',(#160));
#427=EDGE_LOOP('',(#161));
#428=EDGE_LOOP('',(#162));
#429=EDGE_LOOP('',(#163,#164,#165,#166,#167,#168,#169,#170));
#430=EDGE_LOOP('',(#171));
#431=EDGE_LOOP('',(#172));
#432=EDGE_LOOP('',(#173));
#433=EDGE_LOOP('',(#174));
#434=EDGE_LOOP('',(#175));
#435=EDGE_LOOP('',(#176,#177,#178,#179,#180,#181,#182,#183));
#436=EDGE_LOOP('',(#184));
#437=EDGE_LOOP('',(#185));
#438=EDGE_LOOP('',(#186));
#439=EDGE_LOOP('',(#187));
#440=EDGE_LOOP('',(#188));
#441=EDGE_LOOP('',(#189));
#442=EDGE_LOOP('',(#190));
#443=EDGE_LOOP('',(#191));
#444=EDGE_LOOP('',(#192));
#445=EDGE_LOOP('',(#193));
#446=EDGE_LOOP('',(#194));
#447=EDGE_LOOP('',(#195));
#448=EDGE_LOOP('',(#196));
#449=EDGE_LOOP('',(#197));
#450=EDGE_LOOP('',(#198));
#451=EDGE_LOOP('',(#199));
#452=EDGE_LOOP('',(#200));
#453=EDGE_LOOP('',(#201));
#454=EDGE_LOOP('',(#202));
#455=EDGE_LOOP('',(#203));
#456=EDGE_LOOP('',(#204));
#457=EDGE_LOOP('',(#205));
#458=FACE_BOUND('',#364,.T.);
#459=FACE_BOUND('',#365,.T.);
#460=FACE_BOUND('',#366,.T.);
#461=FACE_BOUND('',#367,.T.);
#462=FACE_BOUND('',#368,.T.);
#463=FACE_BOUND('',#369,.T.);
#464=FACE_BOUND('',#370,.T.);
#465=FACE_BOUND('',#371,.T.);
#466=FACE_BOUND('',#372,.T.);
#467=FACE_BOUND('',#373,.T.);
#468=FACE_BOUND('',#374,.T.);
#469=FACE_BOUND('',#375,.T.);
#470=FACE_BOUND('',#376,.T.);
#471=FACE_BOUND('',#377,.T.);
#472=FACE_BOUND('',#378,.T.);
#473=FACE_BOUND('',#379,.T.);
#474=FACE_BOUND('',#380,.T.);
#475=FACE_BOUND('',#381,.T.);
#476=FACE_BOUND('',#382,.T.);
#477=FACE_BOUND('',#383,.T.);
#478=FACE_BOUND('',#384,.T.);
#479=FACE_BOUND('',#385,.T.);
#480=FACE_BOUND('',#386,.T.);
#481=FACE_BOUND('',#387,.T.);
#482=FACE_BOUND('',#388,.T.);
#483=FACE_BOUND('',#389,.T.);
#484=FACE_BOUND('',#390,.T.);
#485=FACE_BOUND('',#391,.T.);
#486=FACE_BOUND('',#392,.T.);
#487=FACE_BOUND('',#393,.T.);
#488=FACE_BOUND('',#394,.T.);
#489=FACE_BOUND('',#395,.T.);
#490=FACE_BOUND('',#396,.T.);
#491=FACE_BOUND('',#397,.T.);
#492=FACE_BOUND('',#398,.T.);
#493=FACE_BOUND('',#399,.T.);
#494=FACE_BOUND('',#400,.T.);
#495=FACE_BOUND('',#401,.T.);
#496=FACE_BOUND('',#402,.T.);
#497=FACE_BOUND('',#403,.T.);
#498=FACE_BOUND('',#404,.T.);
#499=FACE_BOUND('',#405,.T.);
#500=FACE_BOUND('',#406,.T.);
#501=FACE_BOUND('',#407,.T.);
#502=FACE_BOUND('',#408,.T.);
#503=FACE_BOUND('',#409,.T.);
#504=FACE_BOUND('',#410,.T.);
#505=FACE_BOUND('',#411,.T.);
#506=FACE_BOUND('',#412,.T.);
#507=FACE_BOUND('',#413,.T.);
#508=FACE_BOUND('',#414,.T.);
#509=FACE_BOUND('',#415,.T.);
#510=FACE_BOUND('',#416,.T.);
#511=FACE_BOUND('',#417,.T.);
#512=FACE_BOUND('',#418,.T.);
#513=FACE_BOUND('',#419,.T.);
#514=FACE_BOUND('',#420,.T.);
#515=FACE_BOUND('',#421,.T.);
#516=FACE_BOUND('',#422,.T.);
#517=FACE_BOUND('',#423,.T.);
#518=FACE_BOUND('',#424,.T.);
#519=FACE_BOUND('',#425,.T.);
#520=FACE_BOUND('',#426,.T.);
#521=FACE_BOUND('',#427,.T.);
#522=FACE_BOUND('',#428,.T.);
#523=FACE_BOUND('',#429,.T.);
#524=FACE_BOUND('',#430,.T.);
#525=FACE_BOUND('',#431,.T.);
#526=FACE_BOUND('',#432,.T.);
#527=FACE_BOUND('',#433,.T.);
#528=FACE_BOUND('',#434,.T.);
#529=FACE_BOUND('',#435,.T.);
#530=FACE_BOUND('',#436,.T.);
#531=FACE_BOUND('',#437,.T.);
#532=FACE_BOUND('',#438,.T.);
#533=FACE_BOUND('',#439,.T.);
#534=FACE_BOUND('',#440,.T.);
#535=FACE_BOUND('',#441,.T.);
#536=FACE_BOUND('',#442,.T.);
#537=FACE_BOUND('',#443,.T.);
#538=FACE_BOUND('',#444,.T.);
#539=FACE_BOUND('',#445,.T.);
#540=FACE_BOUND('',#446,.T.);
#541=FACE_BOUND('',#447,.T.);
#542=FACE_BOUND('',#448,.T.);
#543=FACE_BOUND('',#449,.T.);
#544=FACE_BOUND('',#450,.T.);
#545=FACE_BOUND('',#451,.T.);
#546=FACE_BOUND('',#452,.T.);
#547=FACE_BOUND('',#453,.T.);
#548=FACE_BOUND('',#454,.T.);
#549=FACE_BOUND('',#455,.T.);
#550=FACE_BOUND('',#456,.T.);
#551=FACE_BOUND('',#457,.T.);
#552=CYLINDRICAL_SURFACE('',#629,0.002125);
#553=CYLINDRICAL_SURFACE('',#632,0.002125);
#554=CYLINDRICAL_SURFACE('',#635,0.002125);
#555=CYLINDRICAL_SURFACE('',#638,0.002125);
#556=CYLINDRICAL_SURFACE('',#657,0.002375);
#557=CYLINDRICAL_SURFACE('',#659,0.002375);
#558=CYLINDRICAL_SURFACE('',#661,0.002375);
#559=CYLINDRICAL_SURFACE('',#663,0.002375);
#560=CYLINDRICAL_SURFACE('',#665,0.002375);
#561=CYLINDRICAL_SURFACE('',#668,0.0305);
#562=CYLINDRICAL_SURFACE('',#671,0.03275);
#563=CYLINDRICAL_SURFACE('',#676,0.03275);
#564=CYLINDRICAL_SURFACE('',#679,0.0305);
#565=CYLINDRICAL_SURFACE('',#683,0.002375);
#566=CYLINDRICAL_SURFACE('',#685,0.002375);
#567=CYLINDRICAL_SURFACE('',#687,0.002375);
#568=CYLINDRICAL_SURFACE('',#689,0.001);
#569=CYLINDRICAL_SURFACE('',#690,0.001);
#570=CYLINDRICAL_SURFACE('',#691,0.001);
#571=CYLINDRICAL_SURFACE('',#692,0.001);
#572=CYLINDRICAL_SURFACE('',#693,0.001);
#573=CYLINDRICAL_SURFACE('',#694,0.001);
#574=CYLINDRICAL_SURFACE('',#695,0.001);
#575=CYLINDRICAL_SURFACE('',#696,0.001);
#576=CYLINDRICAL_SURFACE('',#701,0.0375);
#577=ADVANCED_FACE('',(#458,#459),#552,.F.);
#578=ADVANCED_FACE('',(#460,#461),#553,.F.);
#579=ADVANCED_FACE('',(#462,#463),#554,.F.);
#580=ADVANCED_FACE('',(#464,#465),#555,.F.);
#581=ADVANCED_FACE('',(#466,#467),#60,.T.);
#582=ADVANCED_FACE('',(#468,#469),#61,.T.);
#583=ADVANCED_FACE('',(#470,#471),#62,.T.);
#584=ADVANCED_FACE('',(#472,#473),#63,.T.);
#585=ADVANCED_FACE('',(#474,#475),#64,.F.);
#586=ADVANCED_FACE('',(#476,#477),#65,.F.);
#587=ADVANCED_FACE('',(#478,#479),#66,.F.);
#588=ADVANCED_FACE('',(#480,#481),#67,.F.);
#589=ADVANCED_FACE('',(#482,#483),#556,.F.);
#590=ADVANCED_FACE('',(#484,#485),#557,.F.);
#591=ADVANCED_FACE('',(#486,#487),#558,.F.);
#592=ADVANCED_FACE('',(#488,#489),#559,.F.);
#593=ADVANCED_FACE('',(#490,#491),#560,.F.);
#594=ADVANCED_FACE('',(#492),#68,.F.);
#595=ADVANCED_FACE('',(#493),#561,.F.);
#596=ADVANCED_FACE('',(#494),#562,.F.);
#597=ADVANCED_FACE('',(#495),#69,.F.);
#598=ADVANCED_FACE('',(#496),#70,.T.);
#599=ADVANCED_FACE('',(#497),#563,.F.);
#600=ADVANCED_FACE('',(#498),#564,.F.);
#601=ADVANCED_FACE('',(#499),#71,.T.);
#602=ADVANCED_FACE('',(#500,#501),#565,.F.);
#603=ADVANCED_FACE('',(#502,#503),#566,.F.);
#604=ADVANCED_FACE('',(#504,#505),#567,.F.);
#605=ADVANCED_FACE('',(#506,#507),#568,.F.);
#606=ADVANCED_FACE('',(#508,#509),#569,.F.);
#607=ADVANCED_FACE('',(#510,#511),#570,.F.);
#608=ADVANCED_FACE('',(#512,#513),#571,.F.);
#609=ADVANCED_FACE('',(#514,#515),#572,.F.);
#610=ADVANCED_FACE('',(#516,#517),#573,.F.);
#611=ADVANCED_FACE('',(#518,#519),#574,.F.);
#612=ADVANCED_FACE('',(#520,#521),#575,.F.);
#613=ADVANCED_FACE('',(#522,#523,#524,#525,#526,#527),#72,.T.);
#614=ADVANCED_FACE('',(#528,#529,#530,#531,#532,#533),#73,.F.);
#615=ADVANCED_FACE('',(#534,#535,#536,#537,#538,#539,#540,#541,#542,#543,
#544,#545,#546,#547,#548,#549,#550,#551),#576,.T.);
#616=CLOSED_SHELL('',(#577,#578,#579,#580,#581,#582,#583,#584,#585,#586,
#587,#588,#589,#590,#591,#592,#593,#594,#595,#596,#597,#598,#599,#600,#601,
#602,#603,#604,#605,#606,#607,#608,#609,#610,#611,#612,#613,#614,#615));
#617=STYLED_ITEM('',(#618),#625);
#618=PRESENTATION_STYLE_ASSIGNMENT((#619));
#619=SURFACE_STYLE_USAGE(.BOTH.,#620);
#620=SURFACE_SIDE_STYLE('',(#621));
#621=SURFACE_STYLE_FILL_AREA(#622);
#622=FILL_AREA_STYLE('',(#623));
#623=FILL_AREA_STYLE_COLOUR('',#624);
#624=COLOUR_RGB('',0.0980392156862745,0.0980392156862745,0.0980392156862745);
#625=MANIFOLD_SOLID_BREP('SpoolBase',#616);
#626=SHAPE_DEFINITION_REPRESENTATION(#3068,#627);
#627=SHAPE_REPRESENTATION('SpoolBase',(#628),#3063);
#628=AXIS2_PLACEMENT_3D('',#866,#702,#703);
#629=AXIS2_PLACEMENT_3D('',#867,#704,#705);
#630=AXIS2_PLACEMENT_3D('',#868,#706,#707);
#631=AXIS2_PLACEMENT_3D('',#870,#708,#709);
#632=AXIS2_PLACEMENT_3D('',#872,#710,#711);
#633=AXIS2_PLACEMENT_3D('',#873,#712,#713);
#634=AXIS2_PLACEMENT_3D('',#875,#714,#715);
#635=AXIS2_PLACEMENT_3D('',#877,#716,#717);
#636=AXIS2_PLACEMENT_3D('',#878,#718,#719);
#637=AXIS2_PLACEMENT_3D('',#880,#720,#721);
#638=AXIS2_PLACEMENT_3D('',#882,#722,#723);
#639=AXIS2_PLACEMENT_3D('',#883,#724,#725);
#640=AXIS2_PLACEMENT_3D('',#885,#726,#727);
#641=AXIS2_PLACEMENT_3D('',#887,#728,#729);
#642=AXIS2_PLACEMENT_3D('',#888,#730,#731);
#643=AXIS2_PLACEMENT_3D('',#890,#732,#733);
#644=AXIS2_PLACEMENT_3D('',#891,#734,#735);
#645=AXIS2_PLACEMENT_3D('',#893,#736,#737);
#646=AXIS2_PLACEMENT_3D('',#894,#738,#739);
#647=AXIS2_PLACEMENT_3D('',#896,#740,#741);
#648=AXIS2_PLACEMENT_3D('',#897,#742,#743);
#649=AXIS2_PLACEMENT_3D('',#899,#744,#745);
#650=AXIS2_PLACEMENT_3D('',#900,#746,#747);
#651=AXIS2_PLACEMENT_3D('',#902,#748,#749);
#652=AXIS2_PLACEMENT_3D('',#903,#750,#751);
#653=AXIS2_PLACEMENT_3D('',#905,#752,#753);
#654=AXIS2_PLACEMENT_3D('',#906,#754,#755);
#655=AXIS2_PLACEMENT_3D('',#908,#756,#757);
#656=AXIS2_PLACEMENT_3D('',#909,#758,#759);
#657=AXIS2_PLACEMENT_3D('',#911,#760,#761);
#658=AXIS2_PLACEMENT_3D('',#912,#762,#763);
#659=AXIS2_PLACEMENT_3D('',#914,#764,#765);
#660=AXIS2_PLACEMENT_3D('',#915,#766,#767);
#661=AXIS2_PLACEMENT_3D('',#917,#768,#769);
#662=AXIS2_PLACEMENT_3D('',#918,#770,#771);
#663=AXIS2_PLACEMENT_3D('',#920,#772,#773);
#664=AXIS2_PLACEMENT_3D('',#921,#774,#775);
#665=AXIS2_PLACEMENT_3D('',#923,#776,#777);
#666=AXIS2_PLACEMENT_3D('',#924,#778,#779);
#667=AXIS2_PLACEMENT_3D('',#926,#780,#781);
#668=AXIS2_PLACEMENT_3D('',#935,#786,#787);
#669=AXIS2_PLACEMENT_3D('',#939,#789,#790);
#670=AXIS2_PLACEMENT_3D('',#940,#791,#792);
#671=AXIS2_PLACEMENT_3D('',#941,#793,#794);
#672=AXIS2_PLACEMENT_3D('',#942,#795,#796);
#673=AXIS2_PLACEMENT_3D('',#946,#798,#799);
#674=AXIS2_PLACEMENT_3D('',#947,#800,#801);
#675=AXIS2_PLACEMENT_3D('',#953,#805,#806);
#676=AXIS2_PLACEMENT_3D('',#959,#810,#811);
#677=AXIS2_PLACEMENT_3D('',#963,#813,#814);
#678=AXIS2_PLACEMENT_3D('',#964,#815,#816);
#679=AXIS2_PLACEMENT_3D('',#965,#817,#818);
#680=AXIS2_PLACEMENT_3D('',#966,#819,#820);
#681=AXIS2_PLACEMENT_3D('',#970,#822,#823);
#682=AXIS2_PLACEMENT_3D('',#971,#824,#825);
#683=AXIS2_PLACEMENT_3D('',#974,#828,#829);
#684=AXIS2_PLACEMENT_3D('',#975,#830,#831);
#685=AXIS2_PLACEMENT_3D('',#977,#832,#833);
#686=AXIS2_PLACEMENT_3D('',#978,#834,#835);
#687=AXIS2_PLACEMENT_3D('',#980,#836,#837);
#688=AXIS2_PLACEMENT_3D('',#981,#838,#839);
#689=AXIS2_PLACEMENT_3D('',#983,#840,#841);
#690=AXIS2_PLACEMENT_3D('',#1242,#842,#843);
#691=AXIS2_PLACEMENT_3D('',#1501,#844,#845);
#692=AXIS2_PLACEMENT_3D('',#1760,#846,#847);
#693=AXIS2_PLACEMENT_3D('',#2019,#848,#849);
#694=AXIS2_PLACEMENT_3D('',#2278,#850,#851);
#695=AXIS2_PLACEMENT_3D('',#2537,#852,#853);
#696=AXIS2_PLACEMENT_3D('',#2796,#854,#855);
#697=AXIS2_PLACEMENT_3D('',#3055,#856,#857);
#698=AXIS2_PLACEMENT_3D('',#3056,#858,#859);
#699=AXIS2_PLACEMENT_3D('',#3058,#860,#861);
#700=AXIS2_PLACEMENT_3D('',#3059,#862,#863);
#701=AXIS2_PLACEMENT_3D('',#3061,#864,#865);
#702=DIRECTION('',(0.,0.,1.));
#703=DIRECTION('',(1.,0.,0.));
#704=DIRECTION('',(0.,-1.,0.));
#705=DIRECTION('',(1.,0.,-3.44666289679E-49));
#706=DIRECTION('',(1.793894303199E-33,-1.,2.22044604925E-16));
#707=DIRECTION('',(1.,1.793894303199E-33,-3.44666289679E-49));
#708=DIRECTION('',(1.793894303199E-33,-1.,2.22044604925E-16));
#709=DIRECTION('',(1.,1.793894303199E-33,-3.44666289679E-49));
#710=DIRECTION('',(0.,-1.,0.));
#711=DIRECTION('',(-2.22044604925E-16,0.,-1.));
#712=DIRECTION('',(0.,-1.,2.22044604925E-16));
#713=DIRECTION('',(-2.22044604925E-16,-2.22044604925E-16,-1.));
#714=DIRECTION('',(0.,-1.,2.22044604925E-16));
#715=DIRECTION('',(-2.22044604925E-16,-2.22044604925E-16,-1.));
#716=DIRECTION('',(0.,-1.,0.));
#717=DIRECTION('',(1.110223024625E-16,0.,1.));
#718=DIRECTION('',(0.,-1.,2.22044604925E-16));
#719=DIRECTION('',(1.110223024625E-16,2.22044604925E-16,1.));
#720=DIRECTION('',(0.,-1.,2.22044604925E-16));
#721=DIRECTION('',(1.110223024625E-16,2.22044604925E-16,1.));
#722=DIRECTION('',(0.,-1.,0.));
#723=DIRECTION('',(-1.,0.,1.224646799147E-16));
#724=DIRECTION('',(1.793894303199E-33,-1.,2.22044604925E-16));
#725=DIRECTION('',(-1.,2.539872716574E-32,1.224646799147E-16));
#726=DIRECTION('',(1.793894303199E-33,-1.,2.22044604925E-16));
#727=DIRECTION('',(-1.,2.539872716574E-32,1.224646799147E-16));
#728=DIRECTION('',(0.,1.,0.));
#729=DIRECTION('',(-1.,0.,1.110223024625E-16));
#730=DIRECTION('',(-1.793894303199E-33,1.,-2.22044604925E-16));
#731=DIRECTION('',(1.,1.793894303199E-33,-3.421138828918E-49));
#732=DIRECTION('',(0.,1.,0.));
#733=DIRECTION('',(-1.,0.,1.110223024625E-16));
#734=DIRECTION('',(3.451266460342E-31,1.,-2.22044604925E-16));
#735=DIRECTION('',(-2.22044604925E-16,-2.22044604925E-16,-1.));
#736=DIRECTION('',(0.,1.,0.));
#737=DIRECTION('',(-1.,0.,1.110223024625E-16));
#738=DIRECTION('',(-2.218671295934E-31,1.,-2.22044604925E-16));
#739=DIRECTION('',(1.110223024625E-16,2.22044604925E-16,1.));
#740=DIRECTION('',(0.,1.,0.));
#741=DIRECTION('',(-1.,0.,1.110223024625E-16));
#742=DIRECTION('',(2.540718180781E-33,1.,-2.22044604925E-16));
#743=DIRECTION('',(-1.,2.973333964972E-32,1.224646799147E-16));
#744=DIRECTION('',(0.,1.,0.));
#745=DIRECTION('',(-1.,0.,1.110223024625E-16));
#746=DIRECTION('',(1.793894303199E-33,-1.,2.22044604925E-16));
#747=DIRECTION('',(1.,1.793894303199E-33,-3.421138828918E-49));
#748=DIRECTION('',(0.,1.,0.));
#749=DIRECTION('',(-1.,0.,1.110223024625E-16));
#750=DIRECTION('',(-3.451266460342E-31,-1.,2.22044604925E-16));
#751=DIRECTION('',(-2.22044604925E-16,-2.22044604925E-16,-1.));
#752=DIRECTION('',(0.,1.,0.));
#753=DIRECTION('',(-1.,0.,1.110223024625E-16));
#754=DIRECTION('',(2.218671295934E-31,-1.,2.22044604925E-16));
#755=DIRECTION('',(1.110223024625E-16,2.22044604925E-16,1.));
#756=DIRECTION('',(0.,1.,0.));
#757=DIRECTION('',(-1.,0.,1.110223024625E-16));
#758=DIRECTION('',(-2.540718180781E-33,-1.,2.22044604925E-16));
#759=DIRECTION('',(-1.,2.973333964972E-32,1.224646799147E-16));
#760=DIRECTION('',(0.,-1.,0.));
#761=DIRECTION('',(1.,0.,-3.44666289679E-49));
#762=DIRECTION('',(-1.793894303199E-33,1.,-2.22044604925E-16));
#763=DIRECTION('',(1.,1.793894303199E-33,-3.421138828918E-49));
#764=DIRECTION('',(0.,-1.,0.));
#765=DIRECTION('',(-2.22044604925E-16,0.,-1.));
#766=DIRECTION('',(3.451266460342E-31,1.,-2.22044604925E-16));
#767=DIRECTION('',(-2.22044604925E-16,-2.22044604925E-16,-1.));
#768=DIRECTION('',(0.,-1.,0.));
#769=DIRECTION('',(1.110223024625E-16,0.,1.));
#770=DIRECTION('',(-2.218671295934E-31,1.,-2.22044604925E-16));
#771=DIRECTION('',(1.110223024625E-16,2.22044604925E-16,1.));
#772=DIRECTION('',(0.,-1.,0.));
#773=DIRECTION('',(-1.,0.,1.224646799147E-16));
#774=DIRECTION('',(2.540718180781E-33,1.,-2.22044604925E-16));
#775=DIRECTION('',(-1.,2.973333964972E-32,1.224646799147E-16));
#776=DIRECTION('',(0.,-1.,0.));
#777=DIRECTION('',(1.,0.,-3.44666289679E-49));
#778=DIRECTION('',(1.793894303199E-33,-1.,2.22044604925E-16));
#779=DIRECTION('',(1.,1.793894303199E-33,-3.421138828918E-49));
#780=DIRECTION('',(0.,0.,-1.));
#781=DIRECTION('',(1.,4.777047673479E-28,0.));
#782=DIRECTION('',(-1.793894303199E-33,1.,-2.22044604925E-16));
#783=DIRECTION('',(-1.,-4.777047673479E-28,-2.15138293324E-12));
#784=DIRECTION('',(-1.793894303199E-33,1.,-2.22044604925E-16));
#785=DIRECTION('',(1.,4.777047673479E-28,2.15138293324E-12));
#786=DIRECTION('',(0.,1.,0.));
#787=DIRECTION('',(1.,0.,0.));
#788=DIRECTION('',(-1.793894303199E-33,1.,-2.22044604925E-16));
#789=DIRECTION('',(0.,-1.,2.22044604925E-16));
#790=DIRECTION('',(1.,0.,0.));
#791=DIRECTION('',(0.,-1.,2.22044604925E-16));
#792=DIRECTION('',(1.,0.,0.));
#793=DIRECTION('',(0.,-1.,0.));
#794=DIRECTION('',(1.,0.,-3.44666289679E-49));
#795=DIRECTION('',(1.793894303199E-33,-1.,2.22044604925E-16));
#796=DIRECTION('',(1.,1.793894303199E-33,-3.44666289679E-49));
#797=DIRECTION('',(-1.793894303199E-33,1.,-2.22044604925E-16));
#798=DIRECTION('',(1.793894303199E-33,-1.,2.22044604925E-16));
#799=DIRECTION('',(1.,1.793894303199E-33,-3.421138828918E-49));
#800=DIRECTION('',(0.,0.,-1.));
#801=DIRECTION('',(1.,4.777047673479E-28,0.));
#802=DIRECTION('',(-1.793894303199E-33,1.,-2.22044604925E-16));
#803=DIRECTION('',(-1.,4.790040058506E-28,2.157250341239E-12));
#804=DIRECTION('',(1.,-4.790040058506E-28,-2.157250341239E-12));
#805=DIRECTION('',(0.,0.,-1.));
#806=DIRECTION('',(1.,-4.790040058506E-28,0.));
#807=DIRECTION('',(1.,-4.790040058506E-28,-2.157250341239E-12));
#808=DIRECTION('',(-1.,4.790040058506E-28,2.157250341239E-12));
#809=DIRECTION('',(-1.793894303199E-33,1.,-2.22044604925E-16));
#810=DIRECTION('',(0.,-1.,0.));
#811=DIRECTION('',(1.,0.,-3.44666289679E-49));
#812=DIRECTION('',(-1.793894303199E-33,1.,-2.22044604925E-16));
#813=DIRECTION('',(1.793894303199E-33,-1.,2.22044604925E-16));
#814=DIRECTION('',(1.,1.793894303199E-33,-3.44666289679E-49));
#815=DIRECTION('',(1.793894303199E-33,-1.,2.22044604925E-16));
#816=DIRECTION('',(1.,1.793894303199E-33,-3.421138828918E-49));
#817=DIRECTION('',(0.,1.,0.));
#818=DIRECTION('',(1.,0.,0.));
#819=DIRECTION('',(0.,-1.,2.22044604925E-16));
#820=DIRECTION('',(1.,0.,0.));
#821=DIRECTION('',(-1.793894303199E-33,1.,-2.22044604925E-16));
#822=DIRECTION('',(0.,-1.,2.22044604925E-16));
#823=DIRECTION('',(1.,0.,0.));
#824=DIRECTION('',(0.,0.,-1.));
#825=DIRECTION('',(1.,-4.790040058506E-28,0.));
#826=DIRECTION('',(1.,4.790944487253E-28,2.157641501773E-12));
#827=DIRECTION('',(-1.,-4.790944487253E-28,-2.157641501773E-12));
#828=DIRECTION('',(0.,-1.,0.));
#829=DIRECTION('',(-2.22044604925E-16,0.,-1.));
#830=DIRECTION('',(-3.451266460342E-31,-1.,2.22044604925E-16));
#831=DIRECTION('',(-2.22044604925E-16,-2.22044604925E-16,-1.));
#832=DIRECTION('',(0.,-1.,0.));
#833=DIRECTION('',(1.110223024625E-16,0.,1.));
#834=DIRECTION('',(2.218671295934E-31,-1.,2.22044604925E-16));
#835=DIRECTION('',(1.110223024625E-16,2.22044604925E-16,1.));
#836=DIRECTION('',(0.,-1.,0.));
#837=DIRECTION('',(-1.,0.,1.224646799147E-16));
#838=DIRECTION('',(-2.540718180781E-33,-1.,2.22044604925E-16));
#839=DIRECTION('',(-1.,2.973333964972E-32,1.224646799147E-16));
#840=DIRECTION('',(-1.,0.,0.));
#841=DIRECTION('',(0.,1.,-9.860761315263E-32));
#842=DIRECTION('',(0.,0.,1.));
#843=DIRECTION('',(2.22044604925E-16,1.,0.));
#844=DIRECTION('',(1.,0.,0.));
#845=DIRECTION('',(0.,1.,-2.22044604925E-16));
#846=DIRECTION('',(0.,0.,-1.));
#847=DIRECTION('',(-9.860761315263E-32,1.,0.));
#848=DIRECTION('',(-1.,0.,0.));
#849=DIRECTION('',(0.,1.,-9.860761315263E-32));
#850=DIRECTION('',(0.,0.,1.));
#851=DIRECTION('',(2.22044604925E-16,1.,0.));
#852=DIRECTION('',(1.,0.,0.));
#853=DIRECTION('',(0.,1.,-2.22044604925E-16));
#854=DIRECTION('',(0.,0.,-1.));
#855=DIRECTION('',(-9.860761315263E-32,1.,0.));
#856=DIRECTION('',(0.,1.,0.));
#857=DIRECTION('',(0.,0.,1.));
#858=DIRECTION('',(0.,-1.,2.22044604925E-16));
#859=DIRECTION('',(1.,0.,0.));
#860=DIRECTION('',(0.,1.,0.));
#861=DIRECTION('',(0.,0.,1.));
#862=DIRECTION('',(0.,-1.,2.22044604925E-16));
#863=DIRECTION('',(1.,0.,0.));
#864=DIRECTION('',(0.,1.,0.));
#865=DIRECTION('',(1.,0.,0.));
#866=CARTESIAN_POINT('',(0.,0.,0.));
#867=CARTESIAN_POINT('',(0.023864853865046,-0.05,0.023864853865046));
#868=CARTESIAN_POINT('',(0.023864853865046,-0.0053,0.023864853865046));
#869=CARTESIAN_POINT('',(0.025989853865046,-0.0053,0.023864853865046));
#870=CARTESIAN_POINT('',(0.023864853865046,-0.0447,0.023864853865046));
#871=CARTESIAN_POINT('',(0.025989853865046,-0.0447,0.023864853865046));
#872=CARTESIAN_POINT('',(0.023864853865046,-0.05,-0.02386485386504));
#873=CARTESIAN_POINT('',(0.023864853865046,-0.0053,-0.02386485386504));
#874=CARTESIAN_POINT('',(0.023864853865046,-0.0053,-0.02598985386504));
#875=CARTESIAN_POINT('',(0.023864853865046,-0.0447,-0.02386485386504));
#876=CARTESIAN_POINT('',(0.023864853865046,-0.0447,-0.02598985386504));
#877=CARTESIAN_POINT('',(-0.02386485386504,-0.05,0.023864853865046));
#878=CARTESIAN_POINT('',(-0.02386485386504,-0.0053,0.023864853865046));
#879=CARTESIAN_POINT('',(-0.02386485386504,-0.0053,0.025989853865046));
#880=CARTESIAN_POINT('',(-0.02386485386504,-0.0447,0.023864853865046));
#881=CARTESIAN_POINT('',(-0.02386485386504,-0.0447,0.025989853865046));
#882=CARTESIAN_POINT('',(-0.02386485386504,-0.05,-0.02386485386504));
#883=CARTESIAN_POINT('',(-0.02386485386504,-0.0053,-0.02386485386504));
#884=CARTESIAN_POINT('',(-0.02598985386504,-0.0053,-0.02386485386504));
#885=CARTESIAN_POINT('',(-0.02386485386504,-0.0447,-0.02386485386504));
#886=CARTESIAN_POINT('',(-0.02598985386504,-0.0447,-0.02386485386504));
#887=CARTESIAN_POINT('',(-0.02386485386504,-0.0053,0.023864853865046));
#888=CARTESIAN_POINT('',(0.023864853865046,-0.0053,0.023864853865046));
#889=CARTESIAN_POINT('',(0.026239853865046,-0.0053,0.023864853865046));
#890=CARTESIAN_POINT('',(-0.02386485386504,-0.0053,0.023864853865046));
#891=CARTESIAN_POINT('',(0.023864853865046,-0.0053,-0.02386485386504));
#892=CARTESIAN_POINT('',(0.023864853865046,-0.0053,-0.02623985386504));
#893=CARTESIAN_POINT('',(-0.02386485386504,-0.0053,0.023864853865046));
#894=CARTESIAN_POINT('',(-0.02386485386504,-0.0053,0.023864853865046));
#895=CARTESIAN_POINT('',(-0.02386485386504,-0.0053,0.026239853865046));
#896=CARTESIAN_POINT('',(-0.02386485386504,-0.0053,0.023864853865046));
#897=CARTESIAN_POINT('',(-0.02386485386504,-0.0053,-0.02386485386504));
#898=CARTESIAN_POINT('',(-0.02623985386504,-0.0053,-0.02386485386504));
#899=CARTESIAN_POINT('',(-0.02386485386504,-0.0447,0.023864853865046));
#900=CARTESIAN_POINT('',(0.023864853865046,-0.0447,0.023864853865046));
#901=CARTESIAN_POINT('',(0.026239853865046,-0.0447,0.023864853865046));
#902=CARTESIAN_POINT('',(-0.02386485386504,-0.0447,0.023864853865046));
#903=CARTESIAN_POINT('',(0.023864853865046,-0.0447,-0.02386485386504));
#904=CARTESIAN_POINT('',(0.023864853865046,-0.0447,-0.02623985386504));
#905=CARTESIAN_POINT('',(-0.02386485386504,-0.0447,0.023864853865046));
#906=CARTESIAN_POINT('',(-0.02386485386504,-0.0447,0.023864853865046));
#907=CARTESIAN_POINT('',(-0.02386485386504,-0.0447,0.026239853865046));
#908=CARTESIAN_POINT('',(-0.02386485386504,-0.0447,0.023864853865046));
#909=CARTESIAN_POINT('',(-0.02386485386504,-0.0447,-0.02386485386504));
#910=CARTESIAN_POINT('',(-0.02623985386504,-0.0447,-0.02386485386504));
#911=CARTESIAN_POINT('',(0.023864853865046,-0.05,0.023864853865046));
#912=CARTESIAN_POINT('',(0.023864853865046,5.299062048058E-18,0.023864853865046));
#913=CARTESIAN_POINT('',(0.026239853865046,5.299062048058E-18,0.023864853865046));
#914=CARTESIAN_POINT('',(0.023864853865046,-0.05,-0.02386485386504));
#915=CARTESIAN_POINT('',(0.023864853865046,-5.299062048058E-18,-0.02386485386504));
#916=CARTESIAN_POINT('',(0.023864853865046,-5.82641798475487E-18,-0.02623985386504));
#917=CARTESIAN_POINT('',(-0.02386485386504,-0.05,0.023864853865046));
#918=CARTESIAN_POINT('',(-0.02386485386504,5.299062048058E-18,0.023864853865046));
#919=CARTESIAN_POINT('',(-0.02386485386504,5.82641798475487E-18,0.026239853865046));
#920=CARTESIAN_POINT('',(-0.02386485386504,-0.05,-0.02386485386504));
#921=CARTESIAN_POINT('',(-0.02386485386504,-5.299062048058E-18,-0.02386485386504));
#922=CARTESIAN_POINT('',(-0.02623985386504,-5.299062048058E-18,-0.02386485386504));
#923=CARTESIAN_POINT('',(0.023864853865046,-0.05,0.023864853865046));
#924=CARTESIAN_POINT('',(0.023864853865046,-0.05,0.023864853865046));
#925=CARTESIAN_POINT('',(0.026239853865046,-0.05,0.023864853865046));
#926=CARTESIAN_POINT('',(-0.03247306576226,-0.05,-0.004249999999991));
#927=CARTESIAN_POINT('',(-0.03020244195425,-0.05,-0.004249999999986));
#928=CARTESIAN_POINT('',(-0.0302024419542531,-0.05,-0.00424999999998608));
#929=CARTESIAN_POINT('',(-0.0302024419542531,-6.29126380618768E-19,-0.00424999999998603));
#930=CARTESIAN_POINT('',(-0.01623653288112,7.755242255421E-30,-0.004249999999956));
#931=CARTESIAN_POINT('',(-0.0324730657622601,-6.29126380619491E-19,-0.00424999999999096));
#932=CARTESIAN_POINT('',(-0.03247306576226,-0.05,-0.004249999999991));
#933=CARTESIAN_POINT('',(-0.03247306576226,-0.05,-0.00424999999999101));
#934=CARTESIAN_POINT('',(-0.03247306576226,-0.05,-0.004249999999991));
#935=CARTESIAN_POINT('',(0.,0.,0.));
#936=CARTESIAN_POINT('',(0.030202441954255,-0.05,-0.004249999999986));
#937=CARTESIAN_POINT('',(0.0302024419542548,-0.05,-0.004249999999986));
#938=CARTESIAN_POINT('',(0.0302024419542547,-6.29126380618846E-19,-0.00424999999998639));
#939=CARTESIAN_POINT('',(0.,0.,0.));
#940=CARTESIAN_POINT('',(0.,-0.05,7.105427357601E-18));
#941=CARTESIAN_POINT('',(-2.419619936081E-23,-0.05,1.110223024625E-17));
#942=CARTESIAN_POINT('',(-2.41961993609E-23,-7.006492321624E-49,3.155443620884E-33));
#943=CARTESIAN_POINT('',(-0.0324730657622601,6.29126380619505E-19,0.00424999999999102));
#944=CARTESIAN_POINT('',(-0.03247306576226,-0.05,0.004249999999991));
#945=CARTESIAN_POINT('',(-0.0324730657622601,-0.05,0.00424999999999101));
#946=CARTESIAN_POINT('',(-2.419619936081E-23,-0.05,7.105427357601E-18));
#947=CARTESIAN_POINT('',(-0.03247306576226,-0.05,-0.004249999999991));
#948=CARTESIAN_POINT('',(0.03247306576226,-0.05,-0.004249999999991));
#949=CARTESIAN_POINT('',(0.0324730657622601,-0.05,-0.00424999999999093));
#950=CARTESIAN_POINT('',(0.0324730657622601,-6.29126380619572E-19,-0.00424999999999132));
#951=CARTESIAN_POINT('',(0.015101220977123,7.232621905712E-30,-0.004249999999954));
#952=CARTESIAN_POINT('',(0.030202441954255,-0.05,-0.004249999999986));
#953=CARTESIAN_POINT('',(-0.03247306576226,-0.05,0.004249999999991));
#954=CARTESIAN_POINT('',(-0.03247306576226,-0.05,0.004249999999991));
#955=CARTESIAN_POINT('',(-0.0302024419542531,-0.05,0.00424999999998607));
#956=CARTESIAN_POINT('',(-0.01623653288112,-7.776344284636E-30,0.004249999999956));
#957=CARTESIAN_POINT('',(-0.0302024419542531,6.2912638061878E-19,0.00424999999998608));
#958=CARTESIAN_POINT('',(-0.03020244195425,-0.05,0.004249999999986));
#959=CARTESIAN_POINT('',(-2.419619936081E-23,-0.05,1.110223024625E-17));
#960=CARTESIAN_POINT('',(0.03247306576226,-0.05,0.004249999999991));
#961=CARTESIAN_POINT('',(0.0324730657622601,-0.05,0.00424999999999093));
#962=CARTESIAN_POINT('',(0.0324730657622601,6.29126380619573E-19,0.00424999999999132));
#963=CARTESIAN_POINT('',(-2.41961993609E-23,-7.006492321624E-49,3.155443620884E-33));
#964=CARTESIAN_POINT('',(-2.419619936081E-23,-0.05,7.105427357601E-18));
#965=CARTESIAN_POINT('',(0.,0.,0.));
#966=CARTESIAN_POINT('',(0.,0.,0.));
#967=CARTESIAN_POINT('',(0.0302024419542547,6.29126380618847E-19,0.00424999999998639));
#968=CARTESIAN_POINT('',(0.030202441954255,-0.05,0.004249999999986));
#969=CARTESIAN_POINT('',(0.0302024419542548,-0.05,0.004249999999986));
#970=CARTESIAN_POINT('',(0.,-0.05,7.105427357601E-18));
#971=CARTESIAN_POINT('',(-0.03247306576226,-0.05,0.004249999999991));
#972=CARTESIAN_POINT('',(0.030202441954255,-0.05,0.004249999999986));
#973=CARTESIAN_POINT('',(0.015101220977123,-7.23380519707E-30,0.004249999999954));
#974=CARTESIAN_POINT('',(0.023864853865046,-0.05,-0.02386485386504));
#975=CARTESIAN_POINT('',(0.023864853865046,-0.05,-0.02386485386504));
#976=CARTESIAN_POINT('',(0.023864853865046,-0.05,-0.02623985386504));
#977=CARTESIAN_POINT('',(-0.02386485386504,-0.05,0.023864853865046));
#978=CARTESIAN_POINT('',(-0.02386485386504,-0.05,0.023864853865046));
#979=CARTESIAN_POINT('',(-0.02386485386504,-0.05,0.026239853865046));
#980=CARTESIAN_POINT('',(-0.02386485386504,-0.05,-0.02386485386504));
#981=CARTESIAN_POINT('',(-0.02386485386504,-0.05,-0.02386485386504));
#982=CARTESIAN_POINT('',(-0.02623985386504,-0.05,-0.02386485386504));
#983=CARTESIAN_POINT('',(-0.1182265803062,-0.003,-0.034));
#984=CARTESIAN_POINT('',(0.015819292019556,-0.002,-0.034));
#985=CARTESIAN_POINT('',(0.015557435063629,-0.002,-0.03412183504862));
#986=CARTESIAN_POINT('',(0.015304577022395,-0.002016963892661,-0.03423667788786));
#987=CARTESIAN_POINT('',(0.015056233116631,-0.002047488151133,-0.03434700381498));
#988=CARTESIAN_POINT('',(0.014806745066417,-0.002091959147011,-0.03445548195176));
#989=CARTESIAN_POINT('',(0.014553812290248,-0.002152825329558,-0.03456301679451));
#990=CARTESIAN_POINT('',(0.014300680896104,-0.002233727177802,-0.03466786162005));
#991=CARTESIAN_POINT('',(0.014059315171941,-0.002338300723852,-0.03476542393763));
#992=CARTESIAN_POINT('',(0.013811632163426,-0.002495345422187,-0.03486389033054));
#993=CARTESIAN_POINT('',(0.013770859481529,-0.00252320560641,-0.03488003300793));
#994=CARTESIAN_POINT('',(0.013731321577364,-0.002552496945956,-0.03489562422234));
#995=CARTESIAN_POINT('',(0.01369323324924,-0.002583344969598,-0.03491058597858));
#996=CARTESIAN_POINT('',(0.013656907343606,-0.00261586636464,-0.03492480332269));
#997=CARTESIAN_POINT('',(0.013622756586898,-0.00265016543825,-0.03493812416346));
#998=CARTESIAN_POINT('',(0.013591295417393,-0.002686330578792,-0.03495035909393));
#999=CARTESIAN_POINT('',(0.013554363974408,-0.002736309731408,-0.03496468655509));
#1000=CARTESIAN_POINT('',(0.013545907136356,-0.002748377536468,-0.03496796445802));
#1001=CARTESIAN_POINT('',(0.013537794187615,-0.002760630722304,-0.03497110643246));
#1002=CARTESIAN_POINT('',(0.013530047725212,-0.002773065779148,-0.03497410410735));
#1003=CARTESIAN_POINT('',(0.013522690058491,-0.002785679097505,-0.03497694922982));
#1004=CARTESIAN_POINT('',(0.013515743209109,-0.00279846696815,-0.03497963366518));
#1005=CARTESIAN_POINT('',(0.01350922891104,-0.002811425582132,-0.03498214939691));
#1006=CARTESIAN_POINT('',(0.013493545069294,-0.002845393775674,-0.03498820298147));
#1007=CARTESIAN_POINT('',(0.013485052074856,-0.002866687915171,-0.0349914775825));
#1008=CARTESIAN_POINT('',(0.013477807966354,-0.002888363061503,-0.03499426812753));
#1009=CARTESIAN_POINT('',(0.013471908946368,-0.002910348783368,-0.03499653888831));
#1010=CARTESIAN_POINT('',(0.013467429062976,-0.002932574833133,-0.03499826250142));
#1011=CARTESIAN_POINT('',(0.013464420191763,-0.002954971374046,-0.0349994198591));
#1012=CARTESIAN_POINT('',(0.013462912017836,-0.00297746920745,-0.035));
#1013=CARTESIAN_POINT('',(0.013462912017836,-0.003025881028743,-0.035));
#1014=CARTESIAN_POINT('',(0.013464902010191,-0.00305170056988,-0.03499923451085));
#1015=CARTESIAN_POINT('',(0.013468865914072,-0.003077363085393,-0.03499770981419));
#1016=CARTESIAN_POINT('',(0.013474752408976,-0.003102771629256,-0.03499544484346));
#1017=CARTESIAN_POINT('',(0.01348247498383,-0.0031278282392,-0.03499247140958));
#1018=CARTESIAN_POINT('',(0.013491911986098,-0.003152434328461,-0.03498883442663));
#1019=CARTESIAN_POINT('',(0.01350290667088,-0.00317649107754,-0.03498459213753));
#1020=CARTESIAN_POINT('',(0.013539075932373,-0.003244989254941,-0.03497061730043));
#1021=CARTESIAN_POINT('',(0.013567984655034,-0.003287734501599,-0.03495942649313));
#1022=CARTESIAN_POINT('',(0.01360105140403,-0.003328178213417,-0.03494659173391));
#1023=CARTESIAN_POINT('',(0.013637469008411,-0.003366395132128,-0.03493240911218));
#1024=CARTESIAN_POINT('',(0.013676563594236,-0.003402485977978,-0.0349171259299));
#1025=CARTESIAN_POINT('',(0.013717792860718,-0.00343657200158,-0.03490094219194));
#1026=CARTESIAN_POINT('',(0.013760744178523,-0.003468790203331,-0.03488401064767));
#1027=CARTESIAN_POINT('',(0.013915244882303,-0.003574946921232,-0.03482283712462));
#1028=CARTESIAN_POINT('',(0.014036353530662,-0.003641505062279,-0.03477442547656));
#1029=CARTESIAN_POINT('',(0.014163470606088,-0.003699651598699,-0.03472301079988));
#1030=CARTESIAN_POINT('',(0.014293372469904,-0.003750290576117,-0.03466980313285));
#1031=CARTESIAN_POINT('',(0.014424432250416,-0.003794411316741,-0.03461544799628));
#1032=CARTESIAN_POINT('',(0.014556411371508,-0.003832959213629,-0.03456004577042));
#1033=CARTESIAN_POINT('',(0.014690205223053,-0.003866690202968,-0.03450319153246));
#1034=CARTESIAN_POINT('',(0.014902306169703,-0.003911943179781,-0.03441188598489));
#1035=CARTESIAN_POINT('',(0.014977418462529,-0.003926432053343,-0.03437933166846));
#1036=CARTESIAN_POINT('',(0.015052795387328,-0.003939493349633,-0.03434643921089));
#1037=CARTESIAN_POINT('',(0.015128372536178,-0.003951155383435,-0.03431323321741));
#1038=CARTESIAN_POINT('',(0.015204100193308,-0.003961438868764,-0.03427973286018));
#1039=CARTESIAN_POINT('',(0.015279942801229,-0.003970356748075,-0.03424595175804));
#1040=CARTESIAN_POINT('',(0.015355878426861,-0.003977914021471,-0.03421189785621));
#1041=CARTESIAN_POINT('',(0.015592089607993,-0.003997158833945,-0.03410524350499));
#1042=CARTESIAN_POINT('',(0.015752165155527,-0.00400411386003,-0.03403193299337));
#1043=CARTESIAN_POINT('',(0.015912020364853,-0.004004999435004,-0.03395768277294));
#1044=CARTESIAN_POINT('',(0.016071537431962,-0.003999643934443,-0.03388254356651));
#1045=CARTESIAN_POINT('',(0.016230467114958,-0.003987697547457,-0.0338066295464));
#1046=CARTESIAN_POINT('',(0.016388318523645,-0.00396864693485,-0.03373018003008));
#1047=CARTESIAN_POINT('',(0.016544246671176,-0.00394183054176,-0.03365363246036));
#1048=CARTESIAN_POINT('',(0.016786596421268,-0.00388568828594,-0.03353312107833));
#1049=CARTESIAN_POINT('',(0.016875070877698,-0.003861982669989,-0.03348878469284));
#1050=CARTESIAN_POINT('',(0.016962359682767,-0.003835129676104,-0.03344471078548));
#1051=CARTESIAN_POINT('',(0.01704832763187,-0.003804865596163,-0.03340098011046));
#1052=CARTESIAN_POINT('',(0.017132674417596,-0.003770889489192,-0.03335776031519));
#1053=CARTESIAN_POINT('',(0.017214912164716,-0.003732877575239,-0.03331532268469));
#1054=CARTESIAN_POINT('',(0.017294341705839,-0.003690499803829,-0.03327405953732));
#1055=CARTESIAN_POINT('',(0.017414400602111,-0.003615847627482,-0.03321131070105));
#1056=CARTESIAN_POINT('',(0.01745756608987,-0.003586597403862,-0.03318866411018));
#1057=CARTESIAN_POINT('',(0.017499327991435,-0.003555613600045,-0.03316667272017));
#1058=CARTESIAN_POINT('',(0.017539454288198,-0.003522824315305,-0.03314546778003));
#1059=CARTESIAN_POINT('',(0.017577674244825,-0.003488163819777,-0.03312520302895));
#1060=CARTESIAN_POINT('',(0.01761367564158,-0.003451576299932,-0.03310605615848));
#1061=CARTESIAN_POINT('',(0.017647102006633,-0.003413019604063,-0.03308823027469));
#1062=CARTESIAN_POINT('',(0.017695610416285,-0.003348415816269,-0.03306230166478));
#1063=CARTESIAN_POINT('',(0.017712631662096,-0.003323649571006,-0.0330531890123));
#1064=CARTESIAN_POINT('',(0.017728498006924,-0.003298203281668,-0.03304468208581));
#1065=CARTESIAN_POINT('',(0.017743101161143,-0.003272113400602,-0.03303684196266));
#1066=CARTESIAN_POINT('',(0.017756340093084,-0.003245419678304,-0.03302972594744));
#1067=CARTESIAN_POINT('',(0.017768120997726,-0.003218165038908,-0.03302338740486));
#1068=CARTESIAN_POINT('',(0.017778357265387,-0.003190395455681,-0.03301787559254));
#1069=CARTESIAN_POINT('',(0.017792994682526,-0.003142405696853,-0.03300998920129));
#1070=CARTESIAN_POINT('',(0.017798221717749,-0.003122434145511,-0.03300717133898));
#1071=CARTESIAN_POINT('',(0.01780261962997,-0.003102279571843,-0.03300479933041));
#1072=CARTESIAN_POINT('',(0.017806163539311,-0.003081976954032,-0.03300288723225));
#1073=CARTESIAN_POINT('',(0.017808834611452,-0.003061561744374,-0.03300144571218));
#1074=CARTESIAN_POINT('',(0.017810620056948,-0.003041069764565,-0.03300048202689));
#1075=CARTESIAN_POINT('',(0.017811513130557,-0.003020537100989,-0.033));
#1076=CARTESIAN_POINT('',(0.017811513130557,-0.002974507014016,-0.033));
#1077=CARTESIAN_POINT('',(0.017810137014868,-0.002949027101229,-0.03300074273798));
#1078=CARTESIAN_POINT('',(0.017807387342183,-0.002923626817214,-0.03300222686713));
#1079=CARTESIAN_POINT('',(0.017803280129781,-0.002898372249972,-0.03300444329983));
#1080=CARTESIAN_POINT('',(0.017797844855237,-0.002873328727614,-0.033007375284));
#1081=CARTESIAN_POINT('',(0.017791124458125,-0.002848560526049,-0.03301099847942));
#1082=CARTESIAN_POINT('',(0.017783175341725,-0.00282413057667,-0.03301528103403));
#1083=CARTESIAN_POINT('',(0.017769174610615,-0.002787191136092,-0.03302281733185));
#1084=CARTESIAN_POINT('',(0.017763945959554,-0.002774393508486,-0.03302563073998));
#1085=CARTESIAN_POINT('',(0.017758390261243,-0.002761712573633,-0.03302861886139));
#1086=CARTESIAN_POINT('',(0.017752516787846,-0.002749153462008,-0.03303177643489));
#1087=CARTESIAN_POINT('',(0.017746335243994,-0.00273672115216,-0.03303509796138));
#1088=CARTESIAN_POINT('',(0.017739855766784,-0.002724420470703,-0.03303857770387));
#1089=CARTESIAN_POINT('',(0.01773308892578,-0.002712256092323,-0.03304220968746));
#1090=CARTESIAN_POINT('',(0.017711635932495,-0.002675633379529,-0.03305371718856));
#1091=CARTESIAN_POINT('',(0.017696075326076,-0.002651633816608,-0.0330620547382));
#1092=CARTESIAN_POINT('',(0.017679443541041,-0.00262824402152,-0.03307095504176));
#1093=CARTESIAN_POINT('',(0.017661818587744,-0.002605471961768,-0.0330803736909));
#1094=CARTESIAN_POINT('',(0.017643276878473,-0.002583323468626,-0.03309026722489));
#1095=CARTESIAN_POINT('',(0.017623893256329,-0.002561802303918,-0.03310059318005));
#1096=CARTESIAN_POINT('',(0.017603741024091,-0.002540910226795,-0.03311131013917));
#1097=CARTESIAN_POINT('',(0.017550243404173,-0.002488915957702,-0.03313970915321));
#1098=CARTESIAN_POINT('',(0.017515865462819,-0.002458706764338,-0.03315791144456));
#1099=CARTESIAN_POINT('',(0.017479979012192,-0.002429973964359,-0.03317685866505));
#1100=CARTESIAN_POINT('',(0.017442777986627,-0.002402667782054,-0.03319644049798));
#1101=CARTESIAN_POINT('',(0.01740442964088,-0.002376734978909,-0.03321656197923));
#1102=CARTESIAN_POINT('',(0.017365074799388,-0.002352119650451,-0.03323714317661));
#1103=CARTESIAN_POINT('',(0.017324828105521,-0.002328764023089,-0.0332581188692));
#1104=CARTESIAN_POINT('',(0.01712277373127,-0.002219714409282,-0.03336305642792));
#1105=CARTESIAN_POINT('',(0.016947860901873,-0.002150457214136,-0.03345276784708));
#1106=CARTESIAN_POINT('',(0.016765543924031,-0.002096790747839,-0.03354486251988));
#1107=CARTESIAN_POINT('',(0.016579589850734,-0.002056540160622,-0.0336372814514));
#1108=CARTESIAN_POINT('',(0.016391976175395,-0.002027831834248,-0.03372901985749));
#1109=CARTESIAN_POINT('',(0.016203253802031,-0.002009262763599,-0.03381982211377));
#1110=CARTESIAN_POINT('',(0.016012782016632,-0.002,-0.03390997427157));
#1111=CARTESIAN_POINT('',(0.015819292019556,-0.002,-0.034));
#1112=CARTESIAN_POINT('',(0.015819292019556,-0.002,-0.034));
#1113=CARTESIAN_POINT('',(-0.01581929201955,-0.002,-0.034));
#1114=CARTESIAN_POINT('',(-0.01555743506362,-0.002,-0.03412183504862));
#1115=CARTESIAN_POINT('',(-0.0153045770224,-0.002016963892661,-0.03423667788786));
#1116=CARTESIAN_POINT('',(-0.01505623311661,-0.002047488151132,-0.03434700381499));
#1117=CARTESIAN_POINT('',(-0.01480674506642,-0.002091959147014,-0.03445548195176));
#1118=CARTESIAN_POINT('',(-0.01455381229024,-0.002152825329555,-0.03456301679451));
#1119=CARTESIAN_POINT('',(-0.0143006808961,-0.002233727177804,-0.03466786162005));
#1120=CARTESIAN_POINT('',(-0.01405931517194,-0.002338300723852,-0.03476542393763));
#1121=CARTESIAN_POINT('',(-0.01381163216342,-0.002495345422188,-0.03486389033054));
#1122=CARTESIAN_POINT('',(-0.01377085948152,-0.00252320560641,-0.03488003300793));
#1123=CARTESIAN_POINT('',(-0.01373132157736,-0.002552496945956,-0.03489562422234));
#1124=CARTESIAN_POINT('',(-0.01369323324924,-0.002583344969598,-0.03491058597858));
#1125=CARTESIAN_POINT('',(-0.0136569073436,-0.00261586636464,-0.03492480332269));
#1126=CARTESIAN_POINT('',(-0.01362275658689,-0.00265016543825,-0.03493812416346));
#1127=CARTESIAN_POINT('',(-0.01359129541739,-0.002686330578792,-0.03495035909393));
#1128=CARTESIAN_POINT('',(-0.0135543639744,-0.002736309731408,-0.03496468655509));
#1129=CARTESIAN_POINT('',(-0.01354590713635,-0.002748377536468,-0.03496796445802));
#1130=CARTESIAN_POINT('',(-0.01353779418761,-0.002760630722304,-0.03497110643246));
#1131=CARTESIAN_POINT('',(-0.01353004772521,-0.002773065779148,-0.03497410410735));
#1132=CARTESIAN_POINT('',(-0.01352269005849,-0.002785679097505,-0.03497694922982));
#1133=CARTESIAN_POINT('',(-0.0135157432091,-0.00279846696815,-0.03497963366518));
#1134=CARTESIAN_POINT('',(-0.01350922891104,-0.002811425582131,-0.03498214939691));
#1135=CARTESIAN_POINT('',(-0.01349354506935,-0.002845393775536,-0.03498820298144));
#1136=CARTESIAN_POINT('',(-0.01348505207486,-0.002866687915116,-0.0349914775825));
#1137=CARTESIAN_POINT('',(-0.01347780796631,-0.002888363061576,-0.03499426812754));
#1138=CARTESIAN_POINT('',(-0.01347190894633,-0.0029103487835,-0.03499653888832));
#1139=CARTESIAN_POINT('',(-0.01346742906297,-0.002932574833212,-0.03499826250142));
#1140=CARTESIAN_POINT('',(-0.01346442019178,-0.002954971373992,-0.0349994198591));
#1141=CARTESIAN_POINT('',(-0.01346291201783,-0.002977469207301,-0.035));
#1142=CARTESIAN_POINT('',(-0.01346291201783,-0.003025881113318,-0.035));
#1143=CARTESIAN_POINT('',(-0.01346490202183,-0.00305170060032,-0.03499923450635));
#1144=CARTESIAN_POINT('',(-0.01346886591592,-0.003077363041054,-0.03499770981348));
#1145=CARTESIAN_POINT('',(-0.01347475239011,-0.003102771555241,-0.03499544485075));
#1146=CARTESIAN_POINT('',(-0.01348247496021,-0.003127828198636,-0.0349924714187));
#1147=CARTESIAN_POINT('',(-0.01349191198969,-0.003152434359405,-0.03498883442524));
#1148=CARTESIAN_POINT('',(-0.0135029067115,-0.003176491154486,-0.03498459212183));
#1149=CARTESIAN_POINT('',(-0.01353907593237,-0.003244989254948,-0.03497061730042));
#1150=CARTESIAN_POINT('',(-0.01356798465503,-0.003287734501603,-0.03495942649313));
#1151=CARTESIAN_POINT('',(-0.01360105140402,-0.003328178213414,-0.03494659173391));
#1152=CARTESIAN_POINT('',(-0.0136374690084,-0.003366395132121,-0.03493240911218));
#1153=CARTESIAN_POINT('',(-0.01367656359423,-0.003402485977974,-0.0349171259299));
#1154=CARTESIAN_POINT('',(-0.01371779286072,-0.003436572001582,-0.03490094219194));
#1155=CARTESIAN_POINT('',(-0.01376074417853,-0.003468790203338,-0.03488401064767));
#1156=CARTESIAN_POINT('',(-0.0139152448823,-0.003574946921232,-0.03482283712462));
#1157=CARTESIAN_POINT('',(-0.01403635353066,-0.003641505062279,-0.03477442547656));
#1158=CARTESIAN_POINT('',(-0.01416347060608,-0.003699651598699,-0.03472301079988));
#1159=CARTESIAN_POINT('',(-0.0142933724699,-0.003750290576117,-0.03466980313285));
#1160=CARTESIAN_POINT('',(-0.01442443225041,-0.00379441131674,-0.03461544799628));
#1161=CARTESIAN_POINT('',(-0.0145564113715,-0.003832959213629,-0.03456004577042));
#1162=CARTESIAN_POINT('',(-0.01469020522305,-0.003866690202968,-0.03450319153246));
#1163=CARTESIAN_POINT('',(-0.0149023061697,-0.003911943179781,-0.03441188598489));
#1164=CARTESIAN_POINT('',(-0.01497741846252,-0.003926432053343,-0.03437933166846));
#1165=CARTESIAN_POINT('',(-0.01505279538732,-0.003939493349633,-0.03434643921089));
#1166=CARTESIAN_POINT('',(-0.01512837253617,-0.003951155383435,-0.03431323321741));
#1167=CARTESIAN_POINT('',(-0.0152041001933,-0.003961438868764,-0.03427973286018));
#1168=CARTESIAN_POINT('',(-0.01527994280122,-0.003970356748075,-0.03424595175804));
#1169=CARTESIAN_POINT('',(-0.01535587842686,-0.003977914021471,-0.03421189785621));
#1170=CARTESIAN_POINT('',(-0.01559208960799,-0.003997158833945,-0.03410524350499));
#1171=CARTESIAN_POINT('',(-0.01575216515552,-0.00400411386003,-0.03403193299337));
#1172=CARTESIAN_POINT('',(-0.01591202036485,-0.004004999435004,-0.03395768277294));
#1173=CARTESIAN_POINT('',(-0.01607153743196,-0.003999643934442,-0.03388254356651));
#1174=CARTESIAN_POINT('',(-0.01623046711495,-0.003987697547457,-0.0338066295464));
#1175=CARTESIAN_POINT('',(-0.01638831852364,-0.003968646934851,-0.03373018003008));
#1176=CARTESIAN_POINT('',(-0.01654424667117,-0.00394183054176,-0.03365363246036));
#1177=CARTESIAN_POINT('',(-0.01678659642126,-0.00388568828594,-0.03353312107833));
#1178=CARTESIAN_POINT('',(-0.01687507087769,-0.003861982669989,-0.03348878469284));
#1179=CARTESIAN_POINT('',(-0.01696235968276,-0.003835129676104,-0.03344471078548));
#1180=CARTESIAN_POINT('',(-0.01704832763187,-0.003804865596163,-0.03340098011046));
#1181=CARTESIAN_POINT('',(-0.01713267441759,-0.003770889489192,-0.03335776031519));
#1182=CARTESIAN_POINT('',(-0.01721491216471,-0.003732877575239,-0.03331532268469));
#1183=CARTESIAN_POINT('',(-0.01729434170583,-0.003690499803829,-0.03327405953732));
#1184=CARTESIAN_POINT('',(-0.01741440060211,-0.003615847627483,-0.03321131070105));
#1185=CARTESIAN_POINT('',(-0.01745756608987,-0.003586597403861,-0.03318866411017));
#1186=CARTESIAN_POINT('',(-0.01749932799143,-0.003555613600044,-0.03316667272017));
#1187=CARTESIAN_POINT('',(-0.01753945428819,-0.003522824315306,-0.03314546778003));
#1188=CARTESIAN_POINT('',(-0.01757767424482,-0.003488163819778,-0.03312520302895));
#1189=CARTESIAN_POINT('',(-0.01761367564157,-0.003451576299932,-0.03310605615848));
#1190=CARTESIAN_POINT('',(-0.01764710200663,-0.003413019604061,-0.03308823027469));
#1191=CARTESIAN_POINT('',(-0.0176956104447,-0.003348415778413,-0.03306230164958));
#1192=CARTESIAN_POINT('',(-0.0177126316686,-0.003323649554789,-0.03305318900881));
#1193=CARTESIAN_POINT('',(-0.01772849799124,-0.003298203301161,-0.03304468209419));
#1194=CARTESIAN_POINT('',(-0.01774310114191,-0.00327211343802,-0.03303684197296));
#1195=CARTESIAN_POINT('',(-0.01775634008667,-0.003245419701692,-0.0330297259509));
#1196=CARTESIAN_POINT('',(-0.01776812100707,-0.003218165023969,-0.03302338739986));
#1197=CARTESIAN_POINT('',(-0.01777835727879,-0.003190395411719,-0.03301787558531));
#1198=CARTESIAN_POINT('',(-0.01779299468025,-0.003142405704304,-0.03300998920251));
#1199=CARTESIAN_POINT('',(-0.01779822171748,-0.003122434148591,-0.03300717133912));
#1200=CARTESIAN_POINT('',(-0.01780261963122,-0.003102279568207,-0.03300479932974));
#1201=CARTESIAN_POINT('',(-0.01780616354035,-0.003081976947233,-0.03300288723169));
#1202=CARTESIAN_POINT('',(-0.0178088346114,-0.003061561740126,-0.0330014457122));
#1203=CARTESIAN_POINT('',(-0.01781062005635,-0.003041069766854,-0.03300048202721));
#1204=CARTESIAN_POINT('',(-0.01781151313055,-0.003020537108021,-0.033));
#1205=CARTESIAN_POINT('',(-0.01781151313055,-0.002974507003904,-0.033));
#1206=CARTESIAN_POINT('',(-0.01781013701383,-0.002949027097527,-0.03300074273854));
#1207=CARTESIAN_POINT('',(-0.01780738734201,-0.002923626822535,-0.03300222686722));
#1208=CARTESIAN_POINT('',(-0.01780328013144,-0.002898372258978,-0.03300444329893));
#1209=CARTESIAN_POINT('',(-0.01779784485732,-0.002873328732619,-0.03300737528288));
#1210=CARTESIAN_POINT('',(-0.01779112445778,-0.002848560522267,-0.0330109984796));
#1211=CARTESIAN_POINT('',(-0.0177831753381,-0.00282413056711,-0.03301528103598));
#1212=CARTESIAN_POINT('',(-0.01776917461145,-0.002787191138312,-0.03302281733139));
#1213=CARTESIAN_POINT('',(-0.01776394595973,-0.002774393509387,-0.03302563073988));
#1214=CARTESIAN_POINT('',(-0.01775839026057,-0.002761712572558,-0.03302861886175));
#1215=CARTESIAN_POINT('',(-0.0177525167869,-0.002749153460042,-0.03303177643539));
#1216=CARTESIAN_POINT('',(-0.01774633524358,-0.002736721150978,-0.0330350979616));
#1217=CARTESIAN_POINT('',(-0.01773985576738,-0.002724420471432,-0.03303857770355));
#1218=CARTESIAN_POINT('',(-0.01773308892699,-0.002712256094392,-0.03304220968681));
#1219=CARTESIAN_POINT('',(-0.01771163593249,-0.002675633379529,-0.03305371718856));
#1220=CARTESIAN_POINT('',(-0.01769607532607,-0.002651633816608,-0.0330620547382));
#1221=CARTESIAN_POINT('',(-0.01767944354104,-0.00262824402152,-0.03307095504176));
#1222=CARTESIAN_POINT('',(-0.01766181858774,-0.002605471961767,-0.0330803736909));
#1223=CARTESIAN_POINT('',(-0.01764327687847,-0.002583323468626,-0.03309026722489));
#1224=CARTESIAN_POINT('',(-0.01762389325633,-0.002561802303919,-0.03310059318005));
#1225=CARTESIAN_POINT('',(-0.01760374102409,-0.002540910226796,-0.03311131013917));
#1226=CARTESIAN_POINT('',(-0.01755024340417,-0.002488915957702,-0.03313970915321));
#1227=CARTESIAN_POINT('',(-0.01751586546281,-0.002458706764338,-0.03315791144456));
#1228=CARTESIAN_POINT('',(-0.01747997901219,-0.002429973964359,-0.03317685866505));
#1229=CARTESIAN_POINT('',(-0.01744277798662,-0.002402667782054,-0.03319644049798));
#1230=CARTESIAN_POINT('',(-0.01740442964088,-0.002376734978909,-0.03321656197923));
#1231=CARTESIAN_POINT('',(-0.01736507479938,-0.002352119650451,-0.03323714317661));
#1232=CARTESIAN_POINT('',(-0.01732482810552,-0.002328764023089,-0.0332581188692));
#1233=CARTESIAN_POINT('',(-0.01712277373127,-0.002219714409282,-0.03336305642792));
#1234=CARTESIAN_POINT('',(-0.01694786090187,-0.002150457214136,-0.03345276784708));
#1235=CARTESIAN_POINT('',(-0.01676554392403,-0.002096790747839,-0.03354486251988));
#1236=CARTESIAN_POINT('',(-0.01657958985073,-0.002056540160622,-0.0336372814514));
#1237=CARTESIAN_POINT('',(-0.01639197617539,-0.002027831834247,-0.03372901985749));
#1238=CARTESIAN_POINT('',(-0.01620325380203,-0.002009262763599,-0.03381982211377));
#1239=CARTESIAN_POINT('',(-0.01601278201663,-0.002,-0.03390997427157));
#1240=CARTESIAN_POINT('',(-0.01581929201955,-0.002,-0.034));
#1241=CARTESIAN_POINT('',(-0.01581929201955,-0.002,-0.034));
#1242=CARTESIAN_POINT('',(-0.034,-0.003,0.11822658030621));
#1243=CARTESIAN_POINT('',(-0.034,-0.002,-0.01581929201955));
#1244=CARTESIAN_POINT('',(-0.03412183504862,-0.002,-0.01555743506362));
#1245=CARTESIAN_POINT('',(-0.03423667788786,-0.002016963892661,-0.01530457702239));
#1246=CARTESIAN_POINT('',(-0.03434700381498,-0.002047488151133,-0.01505623311662));
#1247=CARTESIAN_POINT('',(-0.03445548195176,-0.002091959147011,-0.01480674506642));
#1248=CARTESIAN_POINT('',(-0.03456301679451,-0.002152825329558,-0.01455381229024));
#1249=CARTESIAN_POINT('',(-0.03466786162005,-0.002233727177802,-0.0143006808961));
#1250=CARTESIAN_POINT('',(-0.03476542393763,-0.002338300723852,-0.01405931517194));
#1251=CARTESIAN_POINT('',(-0.03486389033054,-0.002495345422188,-0.01381163216342));
#1252=CARTESIAN_POINT('',(-0.03488003300793,-0.00252320560641,-0.01377085948152));
#1253=CARTESIAN_POINT('',(-0.03489562422234,-0.002552496945956,-0.01373132157736));
#1254=CARTESIAN_POINT('',(-0.03491058597858,-0.002583344969598,-0.01369323324924));
#1255=CARTESIAN_POINT('',(-0.03492480332269,-0.002615866364641,-0.0136569073436));
#1256=CARTESIAN_POINT('',(-0.03493812416346,-0.00265016543825,-0.01362275658689));
#1257=CARTESIAN_POINT('',(-0.03495035909393,-0.002686330578792,-0.01359129541739));
#1258=CARTESIAN_POINT('',(-0.03496468655509,-0.002736309731408,-0.0135543639744));
#1259=CARTESIAN_POINT('',(-0.03496796445802,-0.002748377536468,-0.01354590713635));
#1260=CARTESIAN_POINT('',(-0.03497110643246,-0.002760630722304,-0.01353779418761));
#1261=CARTESIAN_POINT('',(-0.03497410410735,-0.002773065779148,-0.01353004772521));
#1262=CARTESIAN_POINT('',(-0.03497694922982,-0.002785679097505,-0.01352269005849));
#1263=CARTESIAN_POINT('',(-0.03497963366518,-0.00279846696815,-0.0135157432091));
#1264=CARTESIAN_POINT('',(-0.03498214939691,-0.002811425582132,-0.01350922891104));
#1265=CARTESIAN_POINT('',(-0.03498820298146,-0.002845393775623,-0.01349354506931));
#1266=CARTESIAN_POINT('',(-0.0349914775825,-0.002866687915151,-0.01348505207485));
#1267=CARTESIAN_POINT('',(-0.03499426812753,-0.002888363061529,-0.01347780796634));
#1268=CARTESIAN_POINT('',(-0.03499653888831,-0.002910348783417,-0.01347190894635));
#1269=CARTESIAN_POINT('',(-0.03499826250142,-0.002932574833162,-0.01346742906297));
#1270=CARTESIAN_POINT('',(-0.0349994198591,-0.002954971374026,-0.01346442019177));
#1271=CARTESIAN_POINT('',(-0.035,-0.002977469207395,-0.01346291201783));
#1272=CARTESIAN_POINT('',(-0.035,-0.003025881028743,-0.01346291201783));
#1273=CARTESIAN_POINT('',(-0.03499923451085,-0.00305170056988,-0.01346490201019));
#1274=CARTESIAN_POINT('',(-0.03499770981419,-0.003077363085393,-0.01346886591407));
#1275=CARTESIAN_POINT('',(-0.03499544484346,-0.003102771629256,-0.01347475240897));
#1276=CARTESIAN_POINT('',(-0.03499247140958,-0.0031278282392,-0.01348247498383));
#1277=CARTESIAN_POINT('',(-0.03498883442663,-0.003152434328461,-0.01349191198609));
#1278=CARTESIAN_POINT('',(-0.03498459213753,-0.00317649107754,-0.01350290667087));
#1279=CARTESIAN_POINT('',(-0.03497061730042,-0.00324498925495,-0.01353907593237));
#1280=CARTESIAN_POINT('',(-0.03495942649313,-0.003287734501603,-0.01356798465503));
#1281=CARTESIAN_POINT('',(-0.03494659173391,-0.003328178213413,-0.01360105140402));
#1282=CARTESIAN_POINT('',(-0.03493240911218,-0.00336639513212,-0.0136374690084));
#1283=CARTESIAN_POINT('',(-0.0349171259299,-0.003402485977973,-0.01367656359422));
#1284=CARTESIAN_POINT('',(-0.03490094219194,-0.003436572001583,-0.01371779286072));
#1285=CARTESIAN_POINT('',(-0.03488401064767,-0.00346879020334,-0.01376074417853));
#1286=CARTESIAN_POINT('',(-0.03482283712462,-0.003574946921232,-0.0139152448823));
#1287=CARTESIAN_POINT('',(-0.03477442547656,-0.003641505062279,-0.01403635353066));
#1288=CARTESIAN_POINT('',(-0.03472301079988,-0.003699651598699,-0.01416347060608));
#1289=CARTESIAN_POINT('',(-0.03466980313285,-0.003750290576117,-0.0142933724699));
#1290=CARTESIAN_POINT('',(-0.03461544799628,-0.00379441131674,-0.01442443225041));
#1291=CARTESIAN_POINT('',(-0.03456004577042,-0.003832959213629,-0.0145564113715));
#1292=CARTESIAN_POINT('',(-0.03450319153246,-0.003866690202968,-0.01469020522305));
#1293=CARTESIAN_POINT('',(-0.03441188598489,-0.003911943179781,-0.0149023061697));
#1294=CARTESIAN_POINT('',(-0.03437933166846,-0.003926432053343,-0.01497741846252));
#1295=CARTESIAN_POINT('',(-0.03434643921089,-0.003939493349633,-0.01505279538732));
#1296=CARTESIAN_POINT('',(-0.03431323321741,-0.003951155383435,-0.01512837253617));
#1297=CARTESIAN_POINT('',(-0.03427973286018,-0.003961438868764,-0.0152041001933));
#1298=CARTESIAN_POINT('',(-0.03424595175804,-0.003970356748075,-0.01527994280122));
#1299=CARTESIAN_POINT('',(-0.03421189785621,-0.003977914021471,-0.01535587842686));
#1300=CARTESIAN_POINT('',(-0.03410524350499,-0.003997158833945,-0.01559208960799));
#1301=CARTESIAN_POINT('',(-0.03403193299337,-0.00400411386003,-0.01575216515552));
#1302=CARTESIAN_POINT('',(-0.03395768277294,-0.004004999435004,-0.01591202036485));
#1303=CARTESIAN_POINT('',(-0.03388254356651,-0.003999643934442,-0.01607153743196));
#1304=CARTESIAN_POINT('',(-0.0338066295464,-0.003987697547457,-0.01623046711495));
#1305=CARTESIAN_POINT('',(-0.03373018003008,-0.003968646934851,-0.01638831852364));
#1306=CARTESIAN_POINT('',(-0.03365363246036,-0.00394183054176,-0.01654424667117));
#1307=CARTESIAN_POINT('',(-0.03353312107833,-0.00388568828594,-0.01678659642126));
#1308=CARTESIAN_POINT('',(-0.03348878469284,-0.003861982669989,-0.01687507087769));
#1309=CARTESIAN_POINT('',(-0.03344471078548,-0.003835129676104,-0.01696235968276));
#1310=CARTESIAN_POINT('',(-0.03340098011046,-0.003804865596163,-0.01704832763187));
#1311=CARTESIAN_POINT('',(-0.03335776031519,-0.003770889489192,-0.01713267441759));
#1312=CARTESIAN_POINT('',(-0.03331532268469,-0.003732877575239,-0.01721491216471));
#1313=CARTESIAN_POINT('',(-0.03327405953732,-0.003690499803829,-0.01729434170583));
#1314=CARTESIAN_POINT('',(-0.03321131070105,-0.003615847627483,-0.0174144006021));
#1315=CARTESIAN_POINT('',(-0.03318866411017,-0.003586597403861,-0.01745756608987));
#1316=CARTESIAN_POINT('',(-0.03316667272017,-0.003555613600044,-0.01749932799143));
#1317=CARTESIAN_POINT('',(-0.03314546778003,-0.003522824315306,-0.01753945428819));
#1318=CARTESIAN_POINT('',(-0.03312520302895,-0.003488163819778,-0.01757767424482));
#1319=CARTESIAN_POINT('',(-0.03310605615848,-0.003451576299932,-0.01761367564157));
#1320=CARTESIAN_POINT('',(-0.03308823027469,-0.003413019604061,-0.01764710200663));
#1321=CARTESIAN_POINT('',(-0.03306230164958,-0.003348415778413,-0.0176956104447));
#1322=CARTESIAN_POINT('',(-0.03305318900881,-0.003323649554789,-0.0177126316686));
#1323=CARTESIAN_POINT('',(-0.03304468209419,-0.003298203301161,-0.01772849799124));
#1324=CARTESIAN_POINT('',(-0.03303684197296,-0.00327211343802,-0.01774310114191));
#1325=CARTESIAN_POINT('',(-0.0330297259509,-0.003245419701692,-0.01775634008667));
#1326=CARTESIAN_POINT('',(-0.03302338739986,-0.003218165023969,-0.01776812100707));
#1327=CARTESIAN_POINT('',(-0.03301787558531,-0.003190395411719,-0.01777835727879));
#1328=CARTESIAN_POINT('',(-0.03300998920129,-0.003142405696853,-0.01779299468252));
#1329=CARTESIAN_POINT('',(-0.03300717133898,-0.003122434145511,-0.01779822171774));
#1330=CARTESIAN_POINT('',(-0.03300479933041,-0.003102279571843,-0.01780261962997));
#1331=CARTESIAN_POINT('',(-0.03300288723225,-0.003081976954032,-0.01780616353931));
#1332=CARTESIAN_POINT('',(-0.03300144571218,-0.003061561744374,-0.01780883461145));
#1333=CARTESIAN_POINT('',(-0.03300048202689,-0.003041069764565,-0.01781062005694));
#1334=CARTESIAN_POINT('',(-0.033,-0.003020537100989,-0.01781151313055));
#1335=CARTESIAN_POINT('',(-0.033,-0.002974507014016,-0.01781151313055));
#1336=CARTESIAN_POINT('',(-0.03300074273798,-0.002949027101229,-0.01781013701486));
#1337=CARTESIAN_POINT('',(-0.03300222686713,-0.002923626817214,-0.01780738734218));
#1338=CARTESIAN_POINT('',(-0.03300444329983,-0.002898372249972,-0.01780328012978));
#1339=CARTESIAN_POINT('',(-0.033007375284,-0.002873328727614,-0.01779784485523));
#1340=CARTESIAN_POINT('',(-0.03301099847942,-0.002848560526048,-0.01779112445812));
#1341=CARTESIAN_POINT('',(-0.03301528103403,-0.00282413057667,-0.01778317534172));
#1342=CARTESIAN_POINT('',(-0.03302281733123,-0.002787191139125,-0.01776917461176));
#1343=CARTESIAN_POINT('',(-0.03302563073985,-0.002774393509717,-0.01776394595979));
#1344=CARTESIAN_POINT('',(-0.03302861886188,-0.002761712572165,-0.01775839026032));
#1345=CARTESIAN_POINT('',(-0.03303177643558,-0.002749153459322,-0.01775251678656));
#1346=CARTESIAN_POINT('',(-0.03303509796168,-0.002736721150546,-0.01774633524343));
#1347=CARTESIAN_POINT('',(-0.03303857770343,-0.002724420471699,-0.0177398557676));
#1348=CARTESIAN_POINT('',(-0.03304220968657,-0.002712256095151,-0.01773308892743));
#1349=CARTESIAN_POINT('',(-0.03305371718856,-0.002675633379529,-0.01771163593249));
#1350=CARTESIAN_POINT('',(-0.0330620547382,-0.002651633816608,-0.01769607532607));
#1351=CARTESIAN_POINT('',(-0.03307095504176,-0.00262824402152,-0.01767944354104));
#1352=CARTESIAN_POINT('',(-0.0330803736909,-0.002605471961767,-0.01766181858774));
#1353=CARTESIAN_POINT('',(-0.03309026722489,-0.002583323468626,-0.01764327687847));
#1354=CARTESIAN_POINT('',(-0.03310059318005,-0.002561802303919,-0.01762389325633));
#1355=CARTESIAN_POINT('',(-0.03311131013917,-0.002540910226796,-0.01760374102409));
#1356=CARTESIAN_POINT('',(-0.03313970915321,-0.002488915957702,-0.01755024340417));
#1357=CARTESIAN_POINT('',(-0.03315791144456,-0.002458706764338,-0.01751586546281));
#1358=CARTESIAN_POINT('',(-0.03317685866505,-0.002429973964359,-0.01747997901219));
#1359=CARTESIAN_POINT('',(-0.03319644049798,-0.002402667782054,-0.01744277798662));
#1360=CARTESIAN_POINT('',(-0.03321656197923,-0.002376734978909,-0.01740442964088));
#1361=CARTESIAN_POINT('',(-0.03323714317661,-0.002352119650451,-0.01736507479938));
#1362=CARTESIAN_POINT('',(-0.0332581188692,-0.002328764023088,-0.01732482810552));
#1363=CARTESIAN_POINT('',(-0.03336305642792,-0.002219714409283,-0.01712277373127));
#1364=CARTESIAN_POINT('',(-0.03345276784708,-0.002150457214134,-0.01694786090186));
#1365=CARTESIAN_POINT('',(-0.03354486251988,-0.00209679074784,-0.01676554392403));
#1366=CARTESIAN_POINT('',(-0.0336372814514,-0.002056540160622,-0.01657958985073));
#1367=CARTESIAN_POINT('',(-0.03372901985749,-0.002027831834246,-0.01639197617538));
#1368=CARTESIAN_POINT('',(-0.03381982211377,-0.0020092627636,-0.01620325380203));
#1369=CARTESIAN_POINT('',(-0.03390997427157,-0.002,-0.01601278201663));
#1370=CARTESIAN_POINT('',(-0.034,-0.002,-0.01581929201955));
#1371=CARTESIAN_POINT('',(-0.034,-0.002,-0.01581929201955));
#1372=CARTESIAN_POINT('',(-0.034,-0.002,0.015819292019556));
#1373=CARTESIAN_POINT('',(-0.03412183504862,-0.002,0.015557435063627));
#1374=CARTESIAN_POINT('',(-0.03423667788786,-0.002016963892661,0.015304577022402));
#1375=CARTESIAN_POINT('',(-0.03434700381499,-0.002047488151132,0.015056233116621));
#1376=CARTESIAN_POINT('',(-0.03445548195176,-0.002091959147014,0.014806745066422));
#1377=CARTESIAN_POINT('',(-0.03456301679451,-0.002152825329555,0.014553812290248));
#1378=CARTESIAN_POINT('',(-0.03466786162005,-0.002233727177804,0.014300680896101));
#1379=CARTESIAN_POINT('',(-0.03476542393763,-0.002338300723852,0.014059315171942));
#1380=CARTESIAN_POINT('',(-0.03486389033054,-0.002495345422188,0.013811632163426));
#1381=CARTESIAN_POINT('',(-0.03488003300793,-0.00252320560641,0.013770859481529));
#1382=CARTESIAN_POINT('',(-0.03489562422234,-0.002552496945956,0.013731321577364));
#1383=CARTESIAN_POINT('',(-0.03491058597858,-0.002583344969598,0.01369323324924));
#1384=CARTESIAN_POINT('',(-0.03492480332269,-0.002615866364641,0.013656907343606));
#1385=CARTESIAN_POINT('',(-0.03493812416346,-0.00265016543825,0.013622756586898));
#1386=CARTESIAN_POINT('',(-0.03495035909393,-0.002686330578792,0.013591295417393));
#1387=CARTESIAN_POINT('',(-0.03496468655432,-0.002736309728714,0.013554363976398));
#1388=CARTESIAN_POINT('',(-0.03496796445763,-0.00274837753556,0.013545907137344));
#1389=CARTESIAN_POINT('',(-0.03497110643272,-0.002760630723908,0.013537794186945));
#1390=CARTESIAN_POINT('',(-0.03497410410795,-0.002773065781757,0.013530047723666));
#1391=CARTESIAN_POINT('',(-0.03497694923025,-0.002785679098895,0.013522690057386));
#1392=CARTESIAN_POINT('',(-0.03497963366507,-0.002798466966901,0.013515743209401));
#1393=CARTESIAN_POINT('',(-0.03498214939637,-0.002811425579139,0.013509228912421));
#1394=CARTESIAN_POINT('',(-0.03498820298147,-0.002845393775665,0.013493545069298));
#1395=CARTESIAN_POINT('',(-0.0349914775825,-0.002866687915167,0.013485052074856));
#1396=CARTESIAN_POINT('',(-0.03499426812753,-0.002888363061507,0.013477807966351));
#1397=CARTESIAN_POINT('',(-0.03499653888831,-0.002910348783377,0.013471908946366));
#1398=CARTESIAN_POINT('',(-0.03499826250142,-0.002932574833138,0.013467429062976));
#1399=CARTESIAN_POINT('',(-0.0349994198591,-0.002954971374042,0.013464420191764));
#1400=CARTESIAN_POINT('',(-0.035,-0.00297746920744,0.013462912017836));
#1401=CARTESIAN_POINT('',(-0.035,-0.003025881113318,0.013462912017836));
#1402=CARTESIAN_POINT('',(-0.03499923450635,-0.00305170060032,0.013464902021834));
#1403=CARTESIAN_POINT('',(-0.03499770981348,-0.003077363041054,0.013468865915921));
#1404=CARTESIAN_POINT('',(-0.03499544485075,-0.003102771555241,0.013474752390114));
#1405=CARTESIAN_POINT('',(-0.0349924714187,-0.003127828198636,0.013482474960219));
#1406=CARTESIAN_POINT('',(-0.03498883442524,-0.003152434359405,0.013491911989693));
#1407=CARTESIAN_POINT('',(-0.03498459212183,-0.003176491154486,0.013502906711509));
#1408=CARTESIAN_POINT('',(-0.03497061730043,-0.003244989254925,0.013539075932365));
#1409=CARTESIAN_POINT('',(-0.03495942649314,-0.003287734501593,0.013567984655026));
#1410=CARTESIAN_POINT('',(-0.03494659173391,-0.003328178213424,0.013601051404032));
#1411=CARTESIAN_POINT('',(-0.03493240911217,-0.003366395132141,0.013637469008424));
#1412=CARTESIAN_POINT('',(-0.03491712592989,-0.003402485977987,0.013676563594249));
#1413=CARTESIAN_POINT('',(-0.03490094219194,-0.003436572001575,0.013717792860715));
#1414=CARTESIAN_POINT('',(-0.03488401064768,-0.003468790203317,0.013760744178502));
#1415=CARTESIAN_POINT('',(-0.03482283712462,-0.003574946921232,0.013915244882303));
#1416=CARTESIAN_POINT('',(-0.03477442547656,-0.003641505062279,0.014036353530662));
#1417=CARTESIAN_POINT('',(-0.03472301079988,-0.003699651598699,0.014163470606088));
#1418=CARTESIAN_POINT('',(-0.03466980313285,-0.003750290576117,0.014293372469904));
#1419=CARTESIAN_POINT('',(-0.03461544799628,-0.00379441131674,0.014424432250415));
#1420=CARTESIAN_POINT('',(-0.03456004577042,-0.003832959213629,0.014556411371508));
#1421=CARTESIAN_POINT('',(-0.03450319153246,-0.003866690202968,0.014690205223053));
#1422=CARTESIAN_POINT('',(-0.03441188598489,-0.003911943179781,0.014902306169703));
#1423=CARTESIAN_POINT('',(-0.03437933166846,-0.003926432053343,0.014977418462529));
#1424=CARTESIAN_POINT('',(-0.03434643921089,-0.003939493349633,0.015052795387328));
#1425=CARTESIAN_POINT('',(-0.03431323321741,-0.003951155383435,0.015128372536178));
#1426=CARTESIAN_POINT('',(-0.03427973286018,-0.003961438868764,0.015204100193308));
#1427=CARTESIAN_POINT('',(-0.03424595175804,-0.003970356748075,0.015279942801229));
#1428=CARTESIAN_POINT('',(-0.03421189785621,-0.003977914021471,0.015355878426861));
#1429=CARTESIAN_POINT('',(-0.03410524350499,-0.003997158833945,0.015592089607993));
#1430=CARTESIAN_POINT('',(-0.03403193299337,-0.00400411386003,0.015752165155527));
#1431=CARTESIAN_POINT('',(-0.03395768277294,-0.004004999435004,0.015912020364853));
#1432=CARTESIAN_POINT('',(-0.03388254356651,-0.003999643934443,0.016071537431962));
#1433=CARTESIAN_POINT('',(-0.0338066295464,-0.003987697547457,0.016230467114957));
#1434=CARTESIAN_POINT('',(-0.03373018003008,-0.00396864693485,0.016388318523645));
#1435=CARTESIAN_POINT('',(-0.03365363246036,-0.00394183054176,0.016544246671176));
#1436=CARTESIAN_POINT('',(-0.03353312107833,-0.00388568828594,0.016786596421268));
#1437=CARTESIAN_POINT('',(-0.03348878469284,-0.003861982669989,0.016875070877697));
#1438=CARTESIAN_POINT('',(-0.03344471078548,-0.003835129676104,0.016962359682767));
#1439=CARTESIAN_POINT('',(-0.03340098011046,-0.003804865596163,0.01704832763187));
#1440=CARTESIAN_POINT('',(-0.03335776031519,-0.003770889489192,0.017132674417596));
#1441=CARTESIAN_POINT('',(-0.03331532268469,-0.003732877575239,0.017214912164716));
#1442=CARTESIAN_POINT('',(-0.03327405953732,-0.003690499803829,0.017294341705839));
#1443=CARTESIAN_POINT('',(-0.03321131070105,-0.003615847627483,0.017414400602109));
#1444=CARTESIAN_POINT('',(-0.03318866411017,-0.003586597403861,0.017457566089871));
#1445=CARTESIAN_POINT('',(-0.03316667272017,-0.003555613600044,0.017499327991436));
#1446=CARTESIAN_POINT('',(-0.03314546778003,-0.003522824315306,0.017539454288198));
#1447=CARTESIAN_POINT('',(-0.03312520302895,-0.003488163819778,0.017577674244824));
#1448=CARTESIAN_POINT('',(-0.03310605615848,-0.003451576299932,0.017613675641579));
#1449=CARTESIAN_POINT('',(-0.03308823027469,-0.003413019604061,0.017647102006635));
#1450=CARTESIAN_POINT('',(-0.03306230164958,-0.003348415778413,0.017695610444709));
#1451=CARTESIAN_POINT('',(-0.03305318900881,-0.003323649554789,0.017712631668605));
#1452=CARTESIAN_POINT('',(-0.03304468209419,-0.003298203301161,0.017728497991249));
#1453=CARTESIAN_POINT('',(-0.03303684197296,-0.00327211343802,0.017743101141918));
#1454=CARTESIAN_POINT('',(-0.0330297259509,-0.003245419701692,0.017756340086679));
#1455=CARTESIAN_POINT('',(-0.03302338739986,-0.003218165023969,0.01776812100707));
#1456=CARTESIAN_POINT('',(-0.03301787558531,-0.003190395411719,0.017778357278796));
#1457=CARTESIAN_POINT('',(-0.03300998920129,-0.003142405696853,0.017792994682526));
#1458=CARTESIAN_POINT('',(-0.03300717133898,-0.003122434145511,0.017798221717749));
#1459=CARTESIAN_POINT('',(-0.03300479933041,-0.003102279571843,0.01780261962997));
#1460=CARTESIAN_POINT('',(-0.03300288723225,-0.003081976954032,0.017806163539311));
#1461=CARTESIAN_POINT('',(-0.03300144571218,-0.003061561744374,0.017808834611452));
#1462=CARTESIAN_POINT('',(-0.03300048202689,-0.003041069764566,0.017810620056948));
#1463=CARTESIAN_POINT('',(-0.033,-0.003020537100989,0.017811513130557));
#1464=CARTESIAN_POINT('',(-0.033,-0.002974507014016,0.017811513130557));
#1465=CARTESIAN_POINT('',(-0.03300074273798,-0.002949027101229,0.017810137014868));
#1466=CARTESIAN_POINT('',(-0.03300222686713,-0.002923626817214,0.017807387342183));
#1467=CARTESIAN_POINT('',(-0.03300444329983,-0.002898372249972,0.017803280129781));
#1468=CARTESIAN_POINT('',(-0.033007375284,-0.002873328727614,0.017797844855237));
#1469=CARTESIAN_POINT('',(-0.03301099847942,-0.002848560526048,0.017791124458125));
#1470=CARTESIAN_POINT('',(-0.03301528103403,-0.00282413057667,0.017783175341725));
#1471=CARTESIAN_POINT('',(-0.03302281733162,-0.002787191137201,0.017769174611035));
#1472=CARTESIAN_POINT('',(-0.03302563073993,-0.002774393508936,0.017763945959643));
#1473=CARTESIAN_POINT('',(-0.03302861886157,-0.002761712573096,0.017758390260907));
#1474=CARTESIAN_POINT('',(-0.03303177643514,-0.002749153461026,0.017752516787376));
#1475=CARTESIAN_POINT('',(-0.03303509796149,-0.00273672115157,0.017746335243791));
#1476=CARTESIAN_POINT('',(-0.03303857770371,-0.002724420471067,0.017739855767085));
#1477=CARTESIAN_POINT('',(-0.03304220968714,-0.002712256093357,0.017733088926386));
#1478=CARTESIAN_POINT('',(-0.03305371718556,-0.002675633389077,0.017711635938089));
#1479=CARTESIAN_POINT('',(-0.03306205473669,-0.002651633819755,0.017696075328915));
#1480=CARTESIAN_POINT('',(-0.03307095504329,-0.002628244016409,0.017679443538195));
#1481=CARTESIAN_POINT('',(-0.03308037369426,-0.002605471953769,0.017661818581426));
#1482=CARTESIAN_POINT('',(-0.03309026722723,-0.002583323464574,0.017643276874072));
#1483=CARTESIAN_POINT('',(-0.03310059317877,-0.002561802307443,0.017623893258725));
#1484=CARTESIAN_POINT('',(-0.03311131013482,-0.002540910234752,0.017603741032278));
#1485=CARTESIAN_POINT('',(-0.03313970915321,-0.002488915957702,0.017550243404173));
#1486=CARTESIAN_POINT('',(-0.03315791144456,-0.002458706764338,0.017515865462819));
#1487=CARTESIAN_POINT('',(-0.03317685866505,-0.002429973964359,0.017479979012192));
#1488=CARTESIAN_POINT('',(-0.03319644049798,-0.002402667782054,0.017442777986627));
#1489=CARTESIAN_POINT('',(-0.03321656197923,-0.002376734978909,0.01740442964088));
#1490=CARTESIAN_POINT('',(-0.03323714317661,-0.002352119650451,0.017365074799388));
#1491=CARTESIAN_POINT('',(-0.0332581188692,-0.002328764023088,0.017324828105521));
#1492=CARTESIAN_POINT('',(-0.03336305642792,-0.002219714409283,0.017122773731273));
#1493=CARTESIAN_POINT('',(-0.03345276784708,-0.002150457214133,0.016947860901865));
#1494=CARTESIAN_POINT('',(-0.03354486251988,-0.002096790747841,0.01676554392404));
#1495=CARTESIAN_POINT('',(-0.0336372814514,-0.002056540160623,0.016579589850734));
#1496=CARTESIAN_POINT('',(-0.03372901985749,-0.002027831834245,0.016391976175386));
#1497=CARTESIAN_POINT('',(-0.03381982211377,-0.002009262763601,0.016203253802039));
#1498=CARTESIAN_POINT('',(-0.03390997427157,-0.002,0.01601278201663));
#1499=CARTESIAN_POINT('',(-0.034,-0.002,0.015819292019556));
#1500=CARTESIAN_POINT('',(-0.034,-0.002,0.015819292019556));
#1501=CARTESIAN_POINT('',(0.11822658030621,-0.003,0.034));
#1502=CARTESIAN_POINT('',(-0.01581929201955,-0.002,0.034));
#1503=CARTESIAN_POINT('',(-0.01555743506363,-0.002,0.034121835048622));
#1504=CARTESIAN_POINT('',(-0.01530457702239,-0.002016963892661,0.034236677887867));
#1505=CARTESIAN_POINT('',(-0.01505623311663,-0.002047488151132,0.034347003814983));
#1506=CARTESIAN_POINT('',(-0.0148067450664,-0.002091959147013,0.034455481951772));
#1507=CARTESIAN_POINT('',(-0.01455381229025,-0.002152825329556,0.034563016794509));
#1508=CARTESIAN_POINT('',(-0.0143006808961,-0.002233727177803,0.034667861620059));
#1509=CARTESIAN_POINT('',(-0.01405931517194,-0.002338300723852,0.034765423937639));
#1510=CARTESIAN_POINT('',(-0.01381163216342,-0.002495345422187,0.034863890330544));
#1511=CARTESIAN_POINT('',(-0.01377085948152,-0.00252320560641,0.034880033007933));
#1512=CARTESIAN_POINT('',(-0.01373132157736,-0.002552496945956,0.034895624222342));
#1513=CARTESIAN_POINT('',(-0.01369323324924,-0.002583344969598,0.034910585978584));
#1514=CARTESIAN_POINT('',(-0.0136569073436,-0.002615866364641,0.034924803322697));
#1515=CARTESIAN_POINT('',(-0.01362275658689,-0.00265016543825,0.034938124163464));
#1516=CARTESIAN_POINT('',(-0.01359129541739,-0.002686330578792,0.034950359093936));
#1517=CARTESIAN_POINT('',(-0.01355436397639,-0.002736309728714,0.034964686554324));
#1518=CARTESIAN_POINT('',(-0.01354590713734,-0.00274837753556,0.034967964457636));
#1519=CARTESIAN_POINT('',(-0.01353779418694,-0.002760630723908,0.03497110643272));
#1520=CARTESIAN_POINT('',(-0.01353004772366,-0.002773065781757,0.034974104107957));
#1521=CARTESIAN_POINT('',(-0.01352269005738,-0.002785679098896,0.034976949230258));
#1522=CARTESIAN_POINT('',(-0.0135157432094,-0.002798466966901,0.034979633665072));
#1523=CARTESIAN_POINT('',(-0.01350922891242,-0.002811425579139,0.034982149396379));
#1524=CARTESIAN_POINT('',(-0.01349354506927,-0.002845393775707,0.034988202981477));
#1525=CARTESIAN_POINT('',(-0.01348505207485,-0.002866687915184,0.034991477582506));
#1526=CARTESIAN_POINT('',(-0.01347780796636,-0.002888363061485,0.034994268127529));
#1527=CARTESIAN_POINT('',(-0.01347190894637,-0.002910348783337,0.034996538888307));
#1528=CARTESIAN_POINT('',(-0.01346742906297,-0.002932574833115,0.034998262501429));
#1529=CARTESIAN_POINT('',(-0.01346442019175,-0.002954971374059,0.034999419859109));
#1530=CARTESIAN_POINT('',(-0.01346291201783,-0.002977469207485,0.035));
#1531=CARTESIAN_POINT('',(-0.01346291201783,-0.003025881113318,0.035));
#1532=CARTESIAN_POINT('',(-0.01346490202183,-0.00305170060032,0.034999234506355));
#1533=CARTESIAN_POINT('',(-0.01346886591592,-0.003077363041054,0.034997709813481));
#1534=CARTESIAN_POINT('',(-0.01347475239011,-0.003102771555241,0.034995444850752));
#1535=CARTESIAN_POINT('',(-0.01348247496021,-0.003127828198636,0.034992471418706));
#1536=CARTESIAN_POINT('',(-0.01349191198969,-0.003152434359405,0.034988834425245));
#1537=CARTESIAN_POINT('',(-0.0135029067115,-0.003176491154486,0.034984592121837));
#1538=CARTESIAN_POINT('',(-0.01353907593236,-0.003244989254927,0.034970617300432));
#1539=CARTESIAN_POINT('',(-0.01356798465502,-0.003287734501593,0.034959426493141));
#1540=CARTESIAN_POINT('',(-0.01360105140403,-0.003328178213424,0.034946591733911));
#1541=CARTESIAN_POINT('',(-0.01363746900842,-0.00336639513214,0.034932409112177));
#1542=CARTESIAN_POINT('',(-0.01367656359424,-0.003402485977986,0.034917125929899));
#1543=CARTESIAN_POINT('',(-0.01371779286071,-0.003436572001576,0.034900942191942));
#1544=CARTESIAN_POINT('',(-0.0137607441785,-0.003468790203319,0.034884010647683));
#1545=CARTESIAN_POINT('',(-0.0139152448823,-0.003574946921232,0.034822837124626));
#1546=CARTESIAN_POINT('',(-0.01403635353066,-0.003641505062279,0.034774425476567));
#1547=CARTESIAN_POINT('',(-0.01416347060608,-0.003699651598699,0.034723010799882));
#1548=CARTESIAN_POINT('',(-0.0142933724699,-0.003750290576117,0.034669803132857));
#1549=CARTESIAN_POINT('',(-0.01442443225041,-0.00379441131674,0.03461544799628));
#1550=CARTESIAN_POINT('',(-0.0145564113715,-0.003832959213629,0.034560045770426));
#1551=CARTESIAN_POINT('',(-0.01469020522305,-0.003866690202968,0.034503191532464));
#1552=CARTESIAN_POINT('',(-0.0149023061697,-0.003911943179781,0.034411885984895));
#1553=CARTESIAN_POINT('',(-0.01497741846252,-0.003926432053343,0.03437933166846));
#1554=CARTESIAN_POINT('',(-0.01505279538732,-0.003939493349633,0.03434643921089));
#1555=CARTESIAN_POINT('',(-0.01512837253617,-0.003951155383435,0.034313233217412));
#1556=CARTESIAN_POINT('',(-0.0152041001933,-0.003961438868764,0.034279732860189));
#1557=CARTESIAN_POINT('',(-0.01527994280122,-0.003970356748075,0.034245951758048));
#1558=CARTESIAN_POINT('',(-0.01535587842686,-0.003977914021471,0.034211897856218));
#1559=CARTESIAN_POINT('',(-0.01559208960799,-0.003997158833945,0.034105243504992));
#1560=CARTESIAN_POINT('',(-0.01575216515552,-0.00400411386003,0.034031932993375));
#1561=CARTESIAN_POINT('',(-0.01591202036485,-0.004004999435004,0.033957682772947));
#1562=CARTESIAN_POINT('',(-0.01607153743196,-0.003999643934443,0.033882543566514));
#1563=CARTESIAN_POINT('',(-0.01623046711495,-0.003987697547457,0.033806629546405));
#1564=CARTESIAN_POINT('',(-0.01638831852364,-0.003968646934851,0.033730180030084));
#1565=CARTESIAN_POINT('',(-0.01654424667117,-0.00394183054176,0.033653632460368));
#1566=CARTESIAN_POINT('',(-0.01678659642126,-0.00388568828594,0.033533121078332));
#1567=CARTESIAN_POINT('',(-0.01687507087769,-0.003861982669989,0.033488784692849));
#1568=CARTESIAN_POINT('',(-0.01696235968276,-0.003835129676104,0.033444710785483));
#1569=CARTESIAN_POINT('',(-0.01704832763187,-0.003804865596163,0.033400980110464));
#1570=CARTESIAN_POINT('',(-0.01713267441759,-0.003770889489192,0.033357760315198));
#1571=CARTESIAN_POINT('',(-0.01721491216471,-0.003732877575239,0.033315322684698));
#1572=CARTESIAN_POINT('',(-0.01729434170583,-0.003690499803829,0.033274059537321));
#1573=CARTESIAN_POINT('',(-0.0174144006021,-0.003615847627483,0.033211310701051));
#1574=CARTESIAN_POINT('',(-0.01745756608987,-0.003586597403861,0.033188664110179));
#1575=CARTESIAN_POINT('',(-0.01749932799143,-0.003555613600044,0.033166672720172));
#1576=CARTESIAN_POINT('',(-0.01753945428819,-0.003522824315306,0.033145467780032));
#1577=CARTESIAN_POINT('',(-0.01757767424482,-0.003488163819778,0.033125203028953));
#1578=CARTESIAN_POINT('',(-0.01761367564157,-0.003451576299932,0.033106056158483));
#1579=CARTESIAN_POINT('',(-0.01764710200663,-0.003413019604061,0.033088230274697));
#1580=CARTESIAN_POINT('',(-0.01769561041628,-0.003348415816269,0.033062301664782));
#1581=CARTESIAN_POINT('',(-0.01771263166209,-0.003323649571006,0.033053189012305));
#1582=CARTESIAN_POINT('',(-0.01772849800692,-0.003298203281668,0.033044682085818));
#1583=CARTESIAN_POINT('',(-0.01774310116114,-0.003272113400602,0.03303684196266));
#1584=CARTESIAN_POINT('',(-0.01775634009308,-0.003245419678304,0.033029725947441));
#1585=CARTESIAN_POINT('',(-0.01776812099772,-0.003218165038908,0.033023387404864));
#1586=CARTESIAN_POINT('',(-0.01777835726538,-0.003190395455681,0.033017875592541));
#1587=CARTESIAN_POINT('',(-0.01779299468025,-0.003142405704304,0.033009989202517));
#1588=CARTESIAN_POINT('',(-0.01779822171748,-0.003122434148591,0.033007171339124));
#1589=CARTESIAN_POINT('',(-0.01780261963121,-0.003102279568208,0.033004799329745));
#1590=CARTESIAN_POINT('',(-0.01780616354035,-0.003081976947233,0.03300288723169));
#1591=CARTESIAN_POINT('',(-0.0178088346114,-0.003061561740126,0.033001445712208));
#1592=CARTESIAN_POINT('',(-0.01781062005635,-0.003041069766854,0.033000482027211));
#1593=CARTESIAN_POINT('',(-0.01781151313055,-0.00302053710802,0.033));
#1594=CARTESIAN_POINT('',(-0.01781151313055,-0.002974507003905,0.033));
#1595=CARTESIAN_POINT('',(-0.01781013701383,-0.002949027097527,0.033000742738541));
#1596=CARTESIAN_POINT('',(-0.01780738734201,-0.002923626822535,0.033002226867221));
#1597=CARTESIAN_POINT('',(-0.01780328013144,-0.002898372258977,0.033004443298932));
#1598=CARTESIAN_POINT('',(-0.01779784485732,-0.002873328732618,0.03300737528288));
#1599=CARTESIAN_POINT('',(-0.01779112445778,-0.002848560522267,0.033010998479602));
#1600=CARTESIAN_POINT('',(-0.0177831753381,-0.002824130567111,0.033015281035985));
#1601=CARTESIAN_POINT('',(-0.01776917461145,-0.002787191138312,0.033022817331399));
#1602=CARTESIAN_POINT('',(-0.01776394595973,-0.002774393509387,0.033025630739887));
#1603=CARTESIAN_POINT('',(-0.01775839026057,-0.002761712572558,0.033028618861753));
#1604=CARTESIAN_POINT('',(-0.0177525167869,-0.002749153460042,0.033031776435395));
#1605=CARTESIAN_POINT('',(-0.01774633524358,-0.002736721150978,0.033035097961602));
#1606=CARTESIAN_POINT('',(-0.01773985576738,-0.002724420471432,0.033038577703552));
#1607=CARTESIAN_POINT('',(-0.01773308892699,-0.002712256094393,0.033042209686815));
#1608=CARTESIAN_POINT('',(-0.01771163593808,-0.002675633389077,0.033053717185567));
#1609=CARTESIAN_POINT('',(-0.01769607532891,-0.002651633819755,0.033062054736697));
#1610=CARTESIAN_POINT('',(-0.01767944353819,-0.002628244016409,0.033070955043291));
#1611=CARTESIAN_POINT('',(-0.01766181858142,-0.002605471953769,0.033080373694269));
#1612=CARTESIAN_POINT('',(-0.01764327687407,-0.002583323464574,0.03309026722723));
#1613=CARTESIAN_POINT('',(-0.01762389325872,-0.002561802307443,0.033100593178776));
#1614=CARTESIAN_POINT('',(-0.01760374103227,-0.002540910234752,0.033111310134825));
#1615=CARTESIAN_POINT('',(-0.01755024340417,-0.002488915957702,0.033139709153217));
#1616=CARTESIAN_POINT('',(-0.01751586546281,-0.002458706764338,0.033157911444569));
#1617=CARTESIAN_POINT('',(-0.01747997901219,-0.002429973964359,0.033176858665055));
#1618=CARTESIAN_POINT('',(-0.01744277798662,-0.002402667782054,0.033196440497981));
#1619=CARTESIAN_POINT('',(-0.01740442964088,-0.002376734978909,0.033216561979229));
#1620=CARTESIAN_POINT('',(-0.01736507479938,-0.002352119650451,0.033237143176611));
#1621=CARTESIAN_POINT('',(-0.01732482810552,-0.002328764023088,0.033258118869204));
#1622=CARTESIAN_POINT('',(-0.01712277373127,-0.002219714409282,0.033363056427927));
#1623=CARTESIAN_POINT('',(-0.01694786090186,-0.002150457214135,0.033452767847082));
#1624=CARTESIAN_POINT('',(-0.01676554392403,-0.00209679074784,0.033544862519882));
#1625=CARTESIAN_POINT('',(-0.01657958985073,-0.002056540160622,0.033637281451405));
#1626=CARTESIAN_POINT('',(-0.01639197617539,-0.002027831834247,0.033729019857495));
#1627=CARTESIAN_POINT('',(-0.01620325380203,-0.0020092627636,0.033819822113776));
#1628=CARTESIAN_POINT('',(-0.01601278201663,-0.002,0.033909974271571));
#1629=CARTESIAN_POINT('',(-0.01581929201955,-0.002,0.034));
#1630=CARTESIAN_POINT('',(-0.01581929201955,-0.002,0.034));
#1631=CARTESIAN_POINT('',(0.015819292019556,-0.002,0.034));
#1632=CARTESIAN_POINT('',(0.015557435063627,-0.002,0.034121835048623));
#1633=CARTESIAN_POINT('',(0.0153045770224,-0.002016963892661,0.034236677887863));
#1634=CARTESIAN_POINT('',(0.015056233116625,-0.002047488151132,0.034347003814988));
#1635=CARTESIAN_POINT('',(0.014806745066419,-0.002091959147014,0.034455481951768));
#1636=CARTESIAN_POINT('',(0.014553812290249,-0.002152825329555,0.03456301679451));
#1637=CARTESIAN_POINT('',(0.014300680896102,-0.002233727177803,0.034667861620059));
#1638=CARTESIAN_POINT('',(0.014059315171942,-0.002338300723852,0.034765423937639));
#1639=CARTESIAN_POINT('',(0.013811632163426,-0.002495345422188,0.034863890330544));
#1640=CARTESIAN_POINT('',(0.013770859481529,-0.00252320560641,0.034880033007933));
#1641=CARTESIAN_POINT('',(0.013731321577364,-0.002552496945956,0.034895624222342));
#1642=CARTESIAN_POINT('',(0.01369323324924,-0.002583344969598,0.034910585978584));
#1643=CARTESIAN_POINT('',(0.013656907343606,-0.002615866364641,0.034924803322697));
#1644=CARTESIAN_POINT('',(0.013622756586898,-0.00265016543825,0.034938124163464));
#1645=CARTESIAN_POINT('',(0.013591295417393,-0.002686330578792,0.034950359093936));
#1646=CARTESIAN_POINT('',(0.013554363976398,-0.002736309728714,0.034964686554324));
#1647=CARTESIAN_POINT('',(0.013545907137344,-0.00274837753556,0.034967964457636));
#1648=CARTESIAN_POINT('',(0.013537794186945,-0.002760630723908,0.03497110643272));
#1649=CARTESIAN_POINT('',(0.013530047723666,-0.002773065781757,0.034974104107957));
#1650=CARTESIAN_POINT('',(0.013522690057386,-0.002785679098896,0.034976949230258));
#1651=CARTESIAN_POINT('',(0.013515743209401,-0.002798466966901,0.034979633665072));
#1652=CARTESIAN_POINT('',(0.013509228912421,-0.002811425579139,0.034982149396379));
#1653=CARTESIAN_POINT('',(0.013493545069294,-0.002845393775674,0.034988202981472));
#1654=CARTESIAN_POINT('',(0.013485052074856,-0.002866687915171,0.034991477582506));
#1655=CARTESIAN_POINT('',(0.013477807966354,-0.002888363061503,0.034994268127532));
#1656=CARTESIAN_POINT('',(0.013471908946368,-0.002910348783368,0.03499653888831));
#1657=CARTESIAN_POINT('',(0.013467429062976,-0.002932574833133,0.034998262501428));
#1658=CARTESIAN_POINT('',(0.013464420191763,-0.002954971374046,0.034999419859107));
#1659=CARTESIAN_POINT('',(0.013462912017836,-0.00297746920745,0.035));
#1660=CARTESIAN_POINT('',(0.013462912017836,-0.003025881113318,0.035));
#1661=CARTESIAN_POINT('',(0.013464902021834,-0.00305170060032,0.034999234506355));
#1662=CARTESIAN_POINT('',(0.013468865915921,-0.003077363041054,0.034997709813481));
#1663=CARTESIAN_POINT('',(0.013474752390114,-0.003102771555241,0.034995444850752));
#1664=CARTESIAN_POINT('',(0.013482474960219,-0.003127828198636,0.034992471418706));
#1665=CARTESIAN_POINT('',(0.013491911989693,-0.003152434359405,0.034988834425245));
#1666=CARTESIAN_POINT('',(0.013502906711509,-0.003176491154486,0.034984592121837));
#1667=CARTESIAN_POINT('',(0.013539075932408,-0.003244989255007,0.034970617300416));
#1668=CARTESIAN_POINT('',(0.013567984655068,-0.003287734501629,0.034959426493125));
#1669=CARTESIAN_POINT('',(0.013601051404018,-0.003328178213387,0.034946591733916));
#1670=CARTESIAN_POINT('',(0.013637469008352,-0.003366395132068,0.034932409112205));
#1671=CARTESIAN_POINT('',(0.01367656359418,-0.003402485977941,0.034917125929926));
#1672=CARTESIAN_POINT('',(0.013717792860732,-0.0034365720016,0.034900942191936));
#1673=CARTESIAN_POINT('',(0.013760744178615,-0.003468790203394,0.034884010647639));
#1674=CARTESIAN_POINT('',(0.013915244882303,-0.003574946921232,0.034822837124626));
#1675=CARTESIAN_POINT('',(0.014036353530662,-0.003641505062279,0.034774425476567));
#1676=CARTESIAN_POINT('',(0.014163470606088,-0.003699651598699,0.034723010799882));
#1677=CARTESIAN_POINT('',(0.014293372469904,-0.003750290576117,0.034669803132857));
#1678=CARTESIAN_POINT('',(0.014424432250416,-0.00379441131674,0.03461544799628));
#1679=CARTESIAN_POINT('',(0.014556411371508,-0.003832959213629,0.034560045770426));
#1680=CARTESIAN_POINT('',(0.014690205223053,-0.003866690202968,0.034503191532464));
#1681=CARTESIAN_POINT('',(0.014902306169703,-0.003911943179781,0.034411885984895));
#1682=CARTESIAN_POINT('',(0.014977418462529,-0.003926432053343,0.03437933166846));
#1683=CARTESIAN_POINT('',(0.015052795387328,-0.003939493349633,0.03434643921089));
#1684=CARTESIAN_POINT('',(0.015128372536178,-0.003951155383435,0.034313233217412));
#1685=CARTESIAN_POINT('',(0.015204100193308,-0.003961438868764,0.034279732860189));
#1686=CARTESIAN_POINT('',(0.015279942801229,-0.003970356748075,0.034245951758048));
#1687=CARTESIAN_POINT('',(0.015355878426861,-0.003977914021471,0.034211897856218));
#1688=CARTESIAN_POINT('',(0.015592089607992,-0.003997158833945,0.034105243504992));
#1689=CARTESIAN_POINT('',(0.015752165155526,-0.00400411386003,0.034031932993375));
#1690=CARTESIAN_POINT('',(0.015912020364854,-0.004004999435004,0.033957682772946));
#1691=CARTESIAN_POINT('',(0.016071537431962,-0.003999643934443,0.033882543566514));
#1692=CARTESIAN_POINT('',(0.016230467114956,-0.003987697547457,0.033806629546406));
#1693=CARTESIAN_POINT('',(0.016388318523644,-0.003968646934851,0.033730180030084));
#1694=CARTESIAN_POINT('',(0.016544246671177,-0.00394183054176,0.033653632460368));
#1695=CARTESIAN_POINT('',(0.016786596421268,-0.00388568828594,0.033533121078332));
#1696=CARTESIAN_POINT('',(0.016875070877698,-0.003861982669989,0.033488784692848));
#1697=CARTESIAN_POINT('',(0.016962359682767,-0.003835129676104,0.033444710785483));
#1698=CARTESIAN_POINT('',(0.01704832763187,-0.003804865596163,0.033400980110465));
#1699=CARTESIAN_POINT('',(0.017132674417596,-0.003770889489192,0.033357760315198));
#1700=CARTESIAN_POINT('',(0.017214912164716,-0.003732877575239,0.033315322684698));
#1701=CARTESIAN_POINT('',(0.017294341705839,-0.003690499803829,0.033274059537321));
#1702=CARTESIAN_POINT('',(0.017414400602111,-0.003615847627482,0.03321131070105));
#1703=CARTESIAN_POINT('',(0.01745756608987,-0.003586597403862,0.03318866411018));
#1704=CARTESIAN_POINT('',(0.017499327991435,-0.003555613600045,0.033166672720172));
#1705=CARTESIAN_POINT('',(0.017539454288198,-0.003522824315305,0.033145467780032));
#1706=CARTESIAN_POINT('',(0.017577674244825,-0.003488163819777,0.033125203028952));
#1707=CARTESIAN_POINT('',(0.01761367564158,-0.003451576299932,0.033106056158482));
#1708=CARTESIAN_POINT('',(0.017647102006634,-0.003413019604063,0.033088230274697));
#1709=CARTESIAN_POINT('',(0.017695610444709,-0.003348415778413,0.033062301649589));
#1710=CARTESIAN_POINT('',(0.017712631668605,-0.003323649554789,0.033053189008811));
#1711=CARTESIAN_POINT('',(0.017728497991249,-0.003298203301161,0.033044682094198));
#1712=CARTESIAN_POINT('',(0.017743101141918,-0.00327211343802,0.033036841972966));
#1713=CARTESIAN_POINT('',(0.017756340086679,-0.003245419701692,0.033029725950901));
#1714=CARTESIAN_POINT('',(0.01776812100707,-0.003218165023969,0.033023387399865));
#1715=CARTESIAN_POINT('',(0.017778357278796,-0.003190395411719,0.033017875585317));
#1716=CARTESIAN_POINT('',(0.017792994680253,-0.003142405704304,0.033009989202517));
#1717=CARTESIAN_POINT('',(0.017798221717481,-0.003122434148591,0.033007171339124));
#1718=CARTESIAN_POINT('',(0.017802619631219,-0.003102279568208,0.033004799329745));
#1719=CARTESIAN_POINT('',(0.017806163540357,-0.003081976947233,0.03300288723169));
#1720=CARTESIAN_POINT('',(0.017808834611404,-0.003061561740127,0.033001445712208));
#1721=CARTESIAN_POINT('',(0.017810620056357,-0.003041069766854,0.033000482027211));
#1722=CARTESIAN_POINT('',(0.017811513130557,-0.00302053710802,0.033));
#1723=CARTESIAN_POINT('',(0.017811513130557,-0.002974507014016,0.033));
#1724=CARTESIAN_POINT('',(0.017810137014868,-0.002949027101229,0.033000742737985));
#1725=CARTESIAN_POINT('',(0.017807387342183,-0.002923626817214,0.033002226867131));
#1726=CARTESIAN_POINT('',(0.017803280129781,-0.002898372249972,0.03300444329983));
#1727=CARTESIAN_POINT('',(0.017797844855237,-0.002873328727614,0.033007375284001));
#1728=CARTESIAN_POINT('',(0.017791124458125,-0.002848560526049,0.033010998479421));
#1729=CARTESIAN_POINT('',(0.017783175341725,-0.00282413057667,0.033015281034035));
#1730=CARTESIAN_POINT('',(0.017769174611456,-0.002787191138312,0.033022817331399));
#1731=CARTESIAN_POINT('',(0.017763945959732,-0.002774393509387,0.033025630739887));
#1732=CARTESIAN_POINT('',(0.017758390260571,-0.002761712572558,0.033028618861753));
#1733=CARTESIAN_POINT('',(0.017752516786905,-0.002749153460042,0.033031776435395));
#1734=CARTESIAN_POINT('',(0.017746335243587,-0.002736721150978,0.033035097961602));
#1735=CARTESIAN_POINT('',(0.017739855767387,-0.002724420471432,0.033038577703552));
#1736=CARTESIAN_POINT('',(0.017733088926992,-0.002712256094393,0.033042209686815));
#1737=CARTESIAN_POINT('',(0.017711635938089,-0.002675633389077,0.033053717185567));
#1738=CARTESIAN_POINT('',(0.017696075328915,-0.002651633819755,0.033062054736697));
#1739=CARTESIAN_POINT('',(0.017679443538195,-0.002628244016409,0.033070955043291));
#1740=CARTESIAN_POINT('',(0.017661818581426,-0.002605471953769,0.033080373694269));
#1741=CARTESIAN_POINT('',(0.017643276874072,-0.002583323464574,0.03309026722723));
#1742=CARTESIAN_POINT('',(0.017623893258725,-0.002561802307443,0.033100593178776));
#1743=CARTESIAN_POINT('',(0.017603741032278,-0.002540910234752,0.033111310134825));
#1744=CARTESIAN_POINT('',(0.017550243404173,-0.002488915957702,0.033139709153217));
#1745=CARTESIAN_POINT('',(0.017515865462819,-0.002458706764338,0.033157911444569));
#1746=CARTESIAN_POINT('',(0.017479979012192,-0.002429973964359,0.033176858665055));
#1747=CARTESIAN_POINT('',(0.017442777986627,-0.002402667782054,0.033196440497981));
#1748=CARTESIAN_POINT('',(0.01740442964088,-0.002376734978909,0.033216561979229));
#1749=CARTESIAN_POINT('',(0.017365074799388,-0.002352119650451,0.033237143176611));
#1750=CARTESIAN_POINT('',(0.017324828105521,-0.002328764023088,0.033258118869204));
#1751=CARTESIAN_POINT('',(0.017122773731272,-0.002219714409282,0.033363056427927));
#1752=CARTESIAN_POINT('',(0.016947860901869,-0.002150457214135,0.033452767847082));
#1753=CARTESIAN_POINT('',(0.016765543924036,-0.00209679074784,0.033544862519882));
#1754=CARTESIAN_POINT('',(0.016579589850733,-0.002056540160622,0.033637281451405));
#1755=CARTESIAN_POINT('',(0.01639197617539,-0.002027831834246,0.033729019857495));
#1756=CARTESIAN_POINT('',(0.016203253802036,-0.0020092627636,0.033819822113776));
#1757=CARTESIAN_POINT('',(0.016012782016631,-0.002,0.033909974271571));
#1758=CARTESIAN_POINT('',(0.015819292019556,-0.002,0.034));
#1759=CARTESIAN_POINT('',(0.015819292019556,-0.002,0.034));
#1760=CARTESIAN_POINT('',(0.034,-0.003,-0.1182265803062));
#1761=CARTESIAN_POINT('',(0.034,-0.002,0.015819292019556));
#1762=CARTESIAN_POINT('',(0.034121835048624,-0.002,0.015557435063627));
#1763=CARTESIAN_POINT('',(0.034236677887863,-0.002016963892661,0.015304577022402));
#1764=CARTESIAN_POINT('',(0.03434700381499,-0.002047488151132,0.015056233116622));
#1765=CARTESIAN_POINT('',(0.034455481951767,-0.002091959147013,0.014806745066422));
#1766=CARTESIAN_POINT('',(0.034563016794511,-0.002152825329556,0.014553812290248));
#1767=CARTESIAN_POINT('',(0.034667861620059,-0.002233727177803,0.014300680896102));
#1768=CARTESIAN_POINT('',(0.034765423937639,-0.002338300723852,0.014059315171942));
#1769=CARTESIAN_POINT('',(0.034863890330544,-0.002495345422188,0.013811632163426));
#1770=CARTESIAN_POINT('',(0.034880033007933,-0.00252320560641,0.013770859481529));
#1771=CARTESIAN_POINT('',(0.034895624222342,-0.002552496945956,0.013731321577364));
#1772=CARTESIAN_POINT('',(0.034910585978584,-0.002583344969598,0.01369323324924));
#1773=CARTESIAN_POINT('',(0.034924803322697,-0.002615866364641,0.013656907343606));
#1774=CARTESIAN_POINT('',(0.034938124163464,-0.00265016543825,0.013622756586898));
#1775=CARTESIAN_POINT('',(0.034950359093936,-0.002686330578792,0.013591295417393));
#1776=CARTESIAN_POINT('',(0.034964686554324,-0.002736309728713,0.013554363976399));
#1777=CARTESIAN_POINT('',(0.034967964457636,-0.00274837753556,0.013545907137344));
#1778=CARTESIAN_POINT('',(0.03497110643272,-0.002760630723908,0.013537794186945));
#1779=CARTESIAN_POINT('',(0.034974104107957,-0.002773065781758,0.013530047723665));
#1780=CARTESIAN_POINT('',(0.034976949230258,-0.002785679098896,0.013522690057386));
#1781=CARTESIAN_POINT('',(0.034979633665072,-0.002798466966901,0.013515743209401));
#1782=CARTESIAN_POINT('',(0.034982149396379,-0.002811425579139,0.013509228912421));
#1783=CARTESIAN_POINT('',(0.034988202981476,-0.0028453937757,0.013493545069282));
#1784=CARTESIAN_POINT('',(0.034991477582506,-0.002866687915181,0.013485052074855));
#1785=CARTESIAN_POINT('',(0.034994268127529,-0.002888363061489,0.013477807966361));
#1786=CARTESIAN_POINT('',(0.034996538888308,-0.002910348783343,0.013471908946374));
#1787=CARTESIAN_POINT('',(0.034998262501429,-0.002932574833118,0.013467429062975));
#1788=CARTESIAN_POINT('',(0.034999419859108,-0.002954971374056,0.01346442019176));
#1789=CARTESIAN_POINT('',(0.035,-0.002977469207478,0.013462912017836));
#1790=CARTESIAN_POINT('',(0.035,-0.003025881028743,0.013462912017836));
#1791=CARTESIAN_POINT('',(0.034999234510856,-0.00305170056988,0.013464902010191));
#1792=CARTESIAN_POINT('',(0.034997709814199,-0.003077363085393,0.013468865914072));
#1793=CARTESIAN_POINT('',(0.034995444843469,-0.003102771629256,0.013474752408976));
#1794=CARTESIAN_POINT('',(0.034992471409587,-0.0031278282392,0.01348247498383));
#1795=CARTESIAN_POINT('',(0.034988834426636,-0.003152434328461,0.013491911986098));
#1796=CARTESIAN_POINT('',(0.034984592137535,-0.00317649107754,0.01350290667088));
#1797=CARTESIAN_POINT('',(0.034970617300433,-0.003244989254923,0.013539075932364));
#1798=CARTESIAN_POINT('',(0.034959426493142,-0.003287734501591,0.013567984655024));
#1799=CARTESIAN_POINT('',(0.034946591733911,-0.003328178213426,0.013601051404033));
#1800=CARTESIAN_POINT('',(0.034932409112176,-0.003366395132144,0.013637469008426));
#1801=CARTESIAN_POINT('',(0.034917125929898,-0.003402485977988,0.013676563594251));
#1802=CARTESIAN_POINT('',(0.034900942191942,-0.003436572001574,0.013717792860714));
#1803=CARTESIAN_POINT('',(0.034884010647685,-0.003468790203315,0.013760744178499));
#1804=CARTESIAN_POINT('',(0.034822837124626,-0.003574946921232,0.013915244882303));
#1805=CARTESIAN_POINT('',(0.034774425476567,-0.003641505062279,0.014036353530662));
#1806=CARTESIAN_POINT('',(0.034723010799882,-0.0036996515987,0.014163470606088));
#1807=CARTESIAN_POINT('',(0.034669803132857,-0.003750290576117,0.014293372469904));
#1808=CARTESIAN_POINT('',(0.03461544799628,-0.00379441131674,0.014424432250415));
#1809=CARTESIAN_POINT('',(0.034560045770426,-0.003832959213629,0.014556411371508));
#1810=CARTESIAN_POINT('',(0.034503191532464,-0.003866690202968,0.014690205223053));
#1811=CARTESIAN_POINT('',(0.034411885984895,-0.003911943179781,0.014902306169703));
#1812=CARTESIAN_POINT('',(0.03437933166846,-0.003926432053343,0.014977418462529));
#1813=CARTESIAN_POINT('',(0.03434643921089,-0.003939493349633,0.015052795387328));
#1814=CARTESIAN_POINT('',(0.034313233217412,-0.003951155383435,0.015128372536178));
#1815=CARTESIAN_POINT('',(0.034279732860189,-0.003961438868764,0.015204100193308));
#1816=CARTESIAN_POINT('',(0.034245951758048,-0.003970356748075,0.015279942801229));
#1817=CARTESIAN_POINT('',(0.034211897856218,-0.003977914021471,0.015355878426861));
#1818=CARTESIAN_POINT('',(0.034105243504992,-0.003997158833945,0.015592089607992));
#1819=CARTESIAN_POINT('',(0.034031932993375,-0.00400411386003,0.015752165155527));
#1820=CARTESIAN_POINT('',(0.033957682772947,-0.004004999435004,0.015912020364854));
#1821=CARTESIAN_POINT('',(0.033882543566513,-0.003999643934442,0.016071537431962));
#1822=CARTESIAN_POINT('',(0.033806629546406,-0.003987697547457,0.016230467114957));
#1823=CARTESIAN_POINT('',(0.033730180030084,-0.003968646934851,0.016388318523643));
#1824=CARTESIAN_POINT('',(0.033653632460368,-0.00394183054176,0.016544246671178));
#1825=CARTESIAN_POINT('',(0.033533121078332,-0.00388568828594,0.016786596421268));
#1826=CARTESIAN_POINT('',(0.033488784692848,-0.003861982669989,0.016875070877698));
#1827=CARTESIAN_POINT('',(0.033444710785483,-0.003835129676104,0.016962359682767));
#1828=CARTESIAN_POINT('',(0.033400980110465,-0.003804865596163,0.01704832763187));
#1829=CARTESIAN_POINT('',(0.033357760315198,-0.003770889489192,0.017132674417596));
#1830=CARTESIAN_POINT('',(0.033315322684698,-0.003732877575239,0.017214912164716));
#1831=CARTESIAN_POINT('',(0.033274059537321,-0.003690499803829,0.017294341705839));
#1832=CARTESIAN_POINT('',(0.033211310701051,-0.003615847627483,0.017414400602109));
#1833=CARTESIAN_POINT('',(0.033188664110179,-0.003586597403861,0.017457566089871));
#1834=CARTESIAN_POINT('',(0.033166672720171,-0.003555613600044,0.017499327991437));
#1835=CARTESIAN_POINT('',(0.033145467780032,-0.003522824315305,0.017539454288198));
#1836=CARTESIAN_POINT('',(0.033125203028953,-0.003488163819778,0.017577674244824));
#1837=CARTESIAN_POINT('',(0.033106056158483,-0.003451576299932,0.017613675641579));
#1838=CARTESIAN_POINT('',(0.033088230274697,-0.003413019604061,0.017647102006634));
#1839=CARTESIAN_POINT('',(0.033062301649589,-0.003348415778413,0.017695610444709));
#1840=CARTESIAN_POINT('',(0.033053189008811,-0.003323649554789,0.017712631668605));
#1841=CARTESIAN_POINT('',(0.033044682094198,-0.003298203301161,0.017728497991249));
#1842=CARTESIAN_POINT('',(0.033036841972966,-0.00327211343802,0.017743101141918));
#1843=CARTESIAN_POINT('',(0.033029725950901,-0.003245419701692,0.017756340086679));
#1844=CARTESIAN_POINT('',(0.033023387399865,-0.003218165023969,0.01776812100707));
#1845=CARTESIAN_POINT('',(0.033017875585317,-0.003190395411719,0.017778357278796));
#1846=CARTESIAN_POINT('',(0.033009989201292,-0.003142405696853,0.017792994682526));
#1847=CARTESIAN_POINT('',(0.03300717133898,-0.003122434145511,0.017798221717749));
#1848=CARTESIAN_POINT('',(0.033004799330418,-0.003102279571843,0.01780261962997));
#1849=CARTESIAN_POINT('',(0.033002887232254,-0.003081976954032,0.017806163539311));
#1850=CARTESIAN_POINT('',(0.033001445712183,-0.003061561744374,0.017808834611452));
#1851=CARTESIAN_POINT('',(0.033000482026892,-0.003041069764565,0.017810620056948));
#1852=CARTESIAN_POINT('',(0.033,-0.003020537100989,0.017811513130557));
#1853=CARTESIAN_POINT('',(0.033,-0.002974507003904,0.017811513130557));
#1854=CARTESIAN_POINT('',(0.033000742738541,-0.002949027097527,0.017810137013834));
#1855=CARTESIAN_POINT('',(0.033002226867221,-0.002923626822535,0.017807387342016));
#1856=CARTESIAN_POINT('',(0.033004443298932,-0.002898372258978,0.017803280131448));
#1857=CARTESIAN_POINT('',(0.03300737528288,-0.002873328732619,0.01779784485732));
#1858=CARTESIAN_POINT('',(0.033010998479602,-0.002848560522267,0.017791124457788));
#1859=CARTESIAN_POINT('',(0.033015281035985,-0.00282413056711,0.017783175338101));
#1860=CARTESIAN_POINT('',(0.033022817331399,-0.002787191138312,0.017769174611456));
#1861=CARTESIAN_POINT('',(0.033025630739887,-0.002774393509387,0.017763945959732));
#1862=CARTESIAN_POINT('',(0.033028618861753,-0.002761712572558,0.017758390260571));
#1863=CARTESIAN_POINT('',(0.033031776435395,-0.002749153460042,0.017752516786905));
#1864=CARTESIAN_POINT('',(0.033035097961602,-0.002736721150978,0.017746335243587));
#1865=CARTESIAN_POINT('',(0.033038577703552,-0.002724420471432,0.017739855767387));
#1866=CARTESIAN_POINT('',(0.033042209686815,-0.002712256094392,0.017733088926992));
#1867=CARTESIAN_POINT('',(0.033053717188567,-0.00267563337953,0.017711635932496));
#1868=CARTESIAN_POINT('',(0.033062054738206,-0.002651633816608,0.017696075326076));
#1869=CARTESIAN_POINT('',(0.033070955041762,-0.002628244021519,0.017679443541041));
#1870=CARTESIAN_POINT('',(0.033080373690901,-0.002605471961767,0.017661818587743));
#1871=CARTESIAN_POINT('',(0.033090267224895,-0.002583323468626,0.017643276878473));
#1872=CARTESIAN_POINT('',(0.033100593180056,-0.002561802303919,0.01762389325633));
#1873=CARTESIAN_POINT('',(0.03311131013917,-0.002540910226796,0.017603741024092));
#1874=CARTESIAN_POINT('',(0.033139709153217,-0.002488915957702,0.017550243404173));
#1875=CARTESIAN_POINT('',(0.033157911444569,-0.002458706764338,0.017515865462819));
#1876=CARTESIAN_POINT('',(0.033176858665055,-0.002429973964359,0.017479979012192));
#1877=CARTESIAN_POINT('',(0.033196440497981,-0.002402667782054,0.017442777986627));
#1878=CARTESIAN_POINT('',(0.03321656197923,-0.002376734978909,0.01740442964088));
#1879=CARTESIAN_POINT('',(0.033237143176611,-0.002352119650451,0.017365074799388));
#1880=CARTESIAN_POINT('',(0.033258118869204,-0.002328764023089,0.017324828105521));
#1881=CARTESIAN_POINT('',(0.033363056427927,-0.002219714409282,0.01712277373127));
#1882=CARTESIAN_POINT('',(0.03345276784708,-0.002150457214136,0.016947860901873));
#1883=CARTESIAN_POINT('',(0.033544862519884,-0.002096790747838,0.016765543924031));
#1884=CARTESIAN_POINT('',(0.033637281451405,-0.002056540160622,0.016579589850734));
#1885=CARTESIAN_POINT('',(0.033729019857492,-0.002027831834248,0.016391976175395));
#1886=CARTESIAN_POINT('',(0.033819822113778,-0.002009262763599,0.016203253802031));
#1887=CARTESIAN_POINT('',(0.03390997427157,-0.002,0.016012782016633));
#1888=CARTESIAN_POINT('',(0.034,-0.002,0.015819292019556));
#1889=CARTESIAN_POINT('',(0.034,-0.002,0.015819292019556));
#1890=CARTESIAN_POINT('',(0.034,-0.002,-0.01581929201955));
#1891=CARTESIAN_POINT('',(0.034121835048623,-0.002,-0.01555743506362));
#1892=CARTESIAN_POINT('',(0.034236677887865,-0.002016963892661,-0.01530457702239));
#1893=CARTESIAN_POINT('',(0.034347003814987,-0.002047488151133,-0.01505623311662));
#1894=CARTESIAN_POINT('',(0.034455481951767,-0.002091959147012,-0.01480674506642));
#1895=CARTESIAN_POINT('',(0.034563016794512,-0.002152825329557,-0.01455381229024));
#1896=CARTESIAN_POINT('',(0.034667861620058,-0.002233727177802,-0.0143006808961));
#1897=CARTESIAN_POINT('',(0.034765423937639,-0.002338300723852,-0.01405931517194));
#1898=CARTESIAN_POINT('',(0.034863890330544,-0.002495345422188,-0.01381163216342));
#1899=CARTESIAN_POINT('',(0.034880033007933,-0.00252320560641,-0.01377085948152));
#1900=CARTESIAN_POINT('',(0.034895624222342,-0.002552496945956,-0.01373132157736));
#1901=CARTESIAN_POINT('',(0.034910585978584,-0.002583344969598,-0.01369323324924));
#1902=CARTESIAN_POINT('',(0.034924803322697,-0.002615866364641,-0.0136569073436));
#1903=CARTESIAN_POINT('',(0.034938124163464,-0.00265016543825,-0.01362275658689));
#1904=CARTESIAN_POINT('',(0.034950359093936,-0.002686330578792,-0.01359129541739));
#1905=CARTESIAN_POINT('',(0.034964686554324,-0.002736309728713,-0.01355436397639));
#1906=CARTESIAN_POINT('',(0.034967964457636,-0.00274837753556,-0.01354590713734));
#1907=CARTESIAN_POINT('',(0.03497110643272,-0.002760630723908,-0.01353779418694));
#1908=CARTESIAN_POINT('',(0.034974104107957,-0.002773065781758,-0.01353004772366));
#1909=CARTESIAN_POINT('',(0.034976949230258,-0.002785679098896,-0.01352269005738));
#1910=CARTESIAN_POINT('',(0.034979633665072,-0.0027984669669,-0.0135157432094));
#1911=CARTESIAN_POINT('',(0.034982149396379,-0.002811425579138,-0.01350922891242));
#1912=CARTESIAN_POINT('',(0.034988202981472,-0.002845393775679,-0.01349354506929));
#1913=CARTESIAN_POINT('',(0.034991477582506,-0.002866687915173,-0.01348505207485));
#1914=CARTESIAN_POINT('',(0.034994268127532,-0.0028883630615,-0.01347780796635));
#1915=CARTESIAN_POINT('',(0.03499653888831,-0.002910348783363,-0.01347190894636));
#1916=CARTESIAN_POINT('',(0.034998262501429,-0.00293257483313,-0.01346742906297));
#1917=CARTESIAN_POINT('',(0.034999419859107,-0.002954971374048,-0.01346442019176));
#1918=CARTESIAN_POINT('',(0.035,-0.002977469207456,-0.01346291201783));
#1919=CARTESIAN_POINT('',(0.035,-0.003025881028743,-0.01346291201783));
#1920=CARTESIAN_POINT('',(0.034999234510856,-0.00305170056988,-0.01346490201019));
#1921=CARTESIAN_POINT('',(0.034997709814199,-0.003077363085393,-0.01346886591407));
#1922=CARTESIAN_POINT('',(0.034995444843469,-0.003102771629256,-0.01347475240897));
#1923=CARTESIAN_POINT('',(0.034992471409587,-0.0031278282392,-0.01348247498383));
#1924=CARTESIAN_POINT('',(0.034988834426636,-0.003152434328461,-0.01349191198609));
#1925=CARTESIAN_POINT('',(0.034984592137535,-0.00317649107754,-0.01350290667088));
#1926=CARTESIAN_POINT('',(0.034970617300383,-0.003244989255171,-0.01353907593249));
#1927=CARTESIAN_POINT('',(0.034959426493092,-0.003287734501702,-0.01356798465515));
#1928=CARTESIAN_POINT('',(0.034946591733926,-0.003328178213313,-0.01360105140399));
#1929=CARTESIAN_POINT('',(0.034932409112261,-0.003366395131922,-0.0136374690082));
#1930=CARTESIAN_POINT('',(0.03491712592998,-0.003402485977848,-0.01367656359404));
#1931=CARTESIAN_POINT('',(0.034900942191923,-0.003436572001651,-0.01371779286076));
#1932=CARTESIAN_POINT('',(0.034884010647549,-0.00346879020355,-0.01376074417884));
#1933=CARTESIAN_POINT('',(0.034822837124626,-0.003574946921232,-0.0139152448823));
#1934=CARTESIAN_POINT('',(0.034774425476567,-0.003641505062279,-0.01403635353066));
#1935=CARTESIAN_POINT('',(0.034723010799882,-0.003699651598699,-0.01416347060608));
#1936=CARTESIAN_POINT('',(0.034669803132857,-0.003750290576117,-0.0142933724699));
#1937=CARTESIAN_POINT('',(0.03461544799628,-0.00379441131674,-0.01442443225041));
#1938=CARTESIAN_POINT('',(0.034560045770426,-0.003832959213629,-0.0145564113715));
#1939=CARTESIAN_POINT('',(0.034503191532464,-0.003866690202968,-0.01469020522305));
#1940=CARTESIAN_POINT('',(0.034411885984895,-0.003911943179781,-0.0149023061697));
#1941=CARTESIAN_POINT('',(0.03437933166846,-0.003926432053343,-0.01497741846252));
#1942=CARTESIAN_POINT('',(0.03434643921089,-0.003939493349633,-0.01505279538732));
#1943=CARTESIAN_POINT('',(0.034313233217412,-0.003951155383435,-0.01512837253617));
#1944=CARTESIAN_POINT('',(0.034279732860189,-0.003961438868764,-0.0152041001933));
#1945=CARTESIAN_POINT('',(0.034245951758048,-0.003970356748075,-0.01527994280122));
#1946=CARTESIAN_POINT('',(0.034211897856218,-0.003977914021471,-0.01535587842686));
#1947=CARTESIAN_POINT('',(0.034105243504992,-0.003997158833945,-0.01559208960799));
#1948=CARTESIAN_POINT('',(0.034031932993375,-0.00400411386003,-0.01575216515552));
#1949=CARTESIAN_POINT('',(0.033957682772947,-0.004004999435004,-0.01591202036485));
#1950=CARTESIAN_POINT('',(0.033882543566514,-0.003999643934443,-0.01607153743196));
#1951=CARTESIAN_POINT('',(0.033806629546406,-0.003987697547457,-0.01623046711495));
#1952=CARTESIAN_POINT('',(0.033730180030084,-0.003968646934851,-0.01638831852364));
#1953=CARTESIAN_POINT('',(0.033653632460368,-0.00394183054176,-0.01654424667117));
#1954=CARTESIAN_POINT('',(0.033533121078332,-0.00388568828594,-0.01678659642126));
#1955=CARTESIAN_POINT('',(0.033488784692848,-0.003861982669989,-0.01687507087769));
#1956=CARTESIAN_POINT('',(0.033444710785483,-0.003835129676104,-0.01696235968276));
#1957=CARTESIAN_POINT('',(0.033400980110465,-0.003804865596163,-0.01704832763187));
#1958=CARTESIAN_POINT('',(0.033357760315198,-0.003770889489192,-0.01713267441759));
#1959=CARTESIAN_POINT('',(0.033315322684698,-0.003732877575239,-0.01721491216471));
#1960=CARTESIAN_POINT('',(0.033274059537321,-0.003690499803829,-0.01729434170583));
#1961=CARTESIAN_POINT('',(0.03321131070105,-0.003615847627482,-0.01741440060211));
#1962=CARTESIAN_POINT('',(0.03318866411018,-0.003586597403862,-0.01745756608987));
#1963=CARTESIAN_POINT('',(0.033166672720172,-0.003555613600045,-0.01749932799143));
#1964=CARTESIAN_POINT('',(0.033145467780032,-0.003522824315305,-0.01753945428819));
#1965=CARTESIAN_POINT('',(0.033125203028952,-0.003488163819777,-0.01757767424482));
#1966=CARTESIAN_POINT('',(0.033106056158482,-0.003451576299932,-0.01761367564158));
#1967=CARTESIAN_POINT('',(0.033088230274697,-0.003413019604063,-0.01764710200663));
#1968=CARTESIAN_POINT('',(0.033062301664782,-0.003348415816269,-0.01769561041628));
#1969=CARTESIAN_POINT('',(0.033053189012305,-0.003323649571006,-0.01771263166209));
#1970=CARTESIAN_POINT('',(0.033044682085818,-0.003298203281668,-0.01772849800692));
#1971=CARTESIAN_POINT('',(0.03303684196266,-0.003272113400602,-0.01774310116114));
#1972=CARTESIAN_POINT('',(0.033029725947441,-0.003245419678304,-0.01775634009308));
#1973=CARTESIAN_POINT('',(0.033023387404864,-0.003218165038908,-0.01776812099772));
#1974=CARTESIAN_POINT('',(0.033017875592541,-0.003190395455681,-0.01777835726538));
#1975=CARTESIAN_POINT('',(0.033009989202517,-0.003142405704304,-0.01779299468025));
#1976=CARTESIAN_POINT('',(0.033007171339124,-0.003122434148591,-0.01779822171748));
#1977=CARTESIAN_POINT('',(0.033004799329745,-0.003102279568208,-0.01780261963121));
#1978=CARTESIAN_POINT('',(0.03300288723169,-0.003081976947233,-0.01780616354035));
#1979=CARTESIAN_POINT('',(0.033001445712208,-0.003061561740126,-0.0178088346114));
#1980=CARTESIAN_POINT('',(0.033000482027211,-0.003041069766854,-0.01781062005635));
#1981=CARTESIAN_POINT('',(0.033,-0.003020537108021,-0.01781151313055));
#1982=CARTESIAN_POINT('',(0.033,-0.002974507014016,-0.01781151313055));
#1983=CARTESIAN_POINT('',(0.033000742737985,-0.002949027101229,-0.01781013701486));
#1984=CARTESIAN_POINT('',(0.033002226867131,-0.002923626817214,-0.01780738734218));
#1985=CARTESIAN_POINT('',(0.03300444329983,-0.002898372249972,-0.01780328012978));
#1986=CARTESIAN_POINT('',(0.033007375284001,-0.002873328727614,-0.01779784485523));
#1987=CARTESIAN_POINT('',(0.033010998479421,-0.002848560526049,-0.01779112445812));
#1988=CARTESIAN_POINT('',(0.033015281034035,-0.00282413057667,-0.01778317534172));
#1989=CARTESIAN_POINT('',(0.033022817331399,-0.002787191138312,-0.01776917461145));
#1990=CARTESIAN_POINT('',(0.033025630739887,-0.002774393509387,-0.01776394595973));
#1991=CARTESIAN_POINT('',(0.033028618861753,-0.002761712572559,-0.01775839026057));
#1992=CARTESIAN_POINT('',(0.033031776435395,-0.002749153460042,-0.0177525167869));
#1993=CARTESIAN_POINT('',(0.033035097961602,-0.002736721150978,-0.01774633524358));
#1994=CARTESIAN_POINT('',(0.033038577703552,-0.002724420471432,-0.01773985576738));
#1995=CARTESIAN_POINT('',(0.033042209686816,-0.002712256094392,-0.01773308892699));
#1996=CARTESIAN_POINT('',(0.033053717188564,-0.002675633379541,-0.0177116359325));
#1997=CARTESIAN_POINT('',(0.033062054738205,-0.002651633816612,-0.01769607532608));
#1998=CARTESIAN_POINT('',(0.033070955041764,-0.002628244021513,-0.01767944354103));
#1999=CARTESIAN_POINT('',(0.033080373690905,-0.002605471961757,-0.01766181858773));
#2000=CARTESIAN_POINT('',(0.033090267224898,-0.002583323468621,-0.01764327687846));
#2001=CARTESIAN_POINT('',(0.033100593180054,-0.002561802303923,-0.01762389325633));
#2002=CARTESIAN_POINT('',(0.033111310139165,-0.002540910226806,-0.0176037410241));
#2003=CARTESIAN_POINT('',(0.033139709153217,-0.002488915957702,-0.01755024340417));
#2004=CARTESIAN_POINT('',(0.033157911444569,-0.002458706764338,-0.01751586546281));
#2005=CARTESIAN_POINT('',(0.033176858665055,-0.002429973964359,-0.01747997901219));
#2006=CARTESIAN_POINT('',(0.033196440497981,-0.002402667782054,-0.01744277798662));
#2007=CARTESIAN_POINT('',(0.033216561979229,-0.002376734978909,-0.01740442964088));
#2008=CARTESIAN_POINT('',(0.033237143176611,-0.002352119650451,-0.01736507479938));
#2009=CARTESIAN_POINT('',(0.033258118869204,-0.002328764023088,-0.01732482810552));
#2010=CARTESIAN_POINT('',(0.033363056427927,-0.002219714409282,-0.01712277373127));
#2011=CARTESIAN_POINT('',(0.03345276784708,-0.002150457214136,-0.01694786090187));
#2012=CARTESIAN_POINT('',(0.033544862519884,-0.002096790747839,-0.01676554392403));
#2013=CARTESIAN_POINT('',(0.033637281451405,-0.002056540160622,-0.01657958985073));
#2014=CARTESIAN_POINT('',(0.033729019857493,-0.002027831834247,-0.01639197617539));
#2015=CARTESIAN_POINT('',(0.033819822113778,-0.0020092627636,-0.01620325380203));
#2016=CARTESIAN_POINT('',(0.03390997427157,-0.002,-0.01601278201663));
#2017=CARTESIAN_POINT('',(0.034,-0.002,-0.01581929201955));
#2018=CARTESIAN_POINT('',(0.034,-0.002,-0.01581929201955));
#2019=CARTESIAN_POINT('',(-0.1182265803062,-0.047,-0.034));
#2020=CARTESIAN_POINT('',(0.015819292019556,-0.046,-0.034));
#2021=CARTESIAN_POINT('',(0.015557435063627,-0.046,-0.03412183504862));
#2022=CARTESIAN_POINT('',(0.015304577022401,-0.04601696389266,-0.03423667788786));
#2023=CARTESIAN_POINT('',(0.015056233116623,-0.04604748815113,-0.03434700381498));
#2024=CARTESIAN_POINT('',(0.014806745066422,-0.04609195914701,-0.03445548195176));
#2025=CARTESIAN_POINT('',(0.014553812290246,-0.04615282532955,-0.03456301679451));
#2026=CARTESIAN_POINT('',(0.014300680896103,-0.0462337271778,-0.03466786162005));
#2027=CARTESIAN_POINT('',(0.014059315171941,-0.04633830072385,-0.03476542393763));
#2028=CARTESIAN_POINT('',(0.013811632163426,-0.04649534542218,-0.03486389033054));
#2029=CARTESIAN_POINT('',(0.013770859481528,-0.04652320560641,-0.03488003300793));
#2030=CARTESIAN_POINT('',(0.013731321577363,-0.04655249694595,-0.03489562422234));
#2031=CARTESIAN_POINT('',(0.01369323324924,-0.04658334496959,-0.03491058597858));
#2032=CARTESIAN_POINT('',(0.013656907343606,-0.04661586636464,-0.03492480332269));
#2033=CARTESIAN_POINT('',(0.013622756586898,-0.04665016543825,-0.03493812416346));
#2034=CARTESIAN_POINT('',(0.013591295417393,-0.04668633057879,-0.03495035909393));
#2035=CARTESIAN_POINT('',(0.013554363976398,-0.04673630972871,-0.03496468655432));
#2036=CARTESIAN_POINT('',(0.013545907137344,-0.04674837753556,-0.03496796445763));
#2037=CARTESIAN_POINT('',(0.013537794186945,-0.0467606307239,-0.03497110643272));
#2038=CARTESIAN_POINT('',(0.013530047723665,-0.04677306578175,-0.03497410410795));
#2039=CARTESIAN_POINT('',(0.013522690057386,-0.04678567909889,-0.03497694923025));
#2040=CARTESIAN_POINT('',(0.013515743209401,-0.0467984669669,-0.03497963366507));
#2041=CARTESIAN_POINT('',(0.013509228912421,-0.04681142557913,-0.03498214939637));
#2042=CARTESIAN_POINT('',(0.013493545069338,-0.04684539377557,-0.03498820298145));
#2043=CARTESIAN_POINT('',(0.01348505207486,-0.04686668791513,-0.0349914775825));
#2044=CARTESIAN_POINT('',(0.013477807966328,-0.04688836306155,-0.03499426812754));
#2045=CARTESIAN_POINT('',(0.013471908946348,-0.04691034878345,-0.03499653888831));
#2046=CARTESIAN_POINT('',(0.013467429062978,-0.04693257483318,-0.03499826250142));
#2047=CARTESIAN_POINT('',(0.013464420191776,-0.046954971374,-0.0349994198591));
#2048=CARTESIAN_POINT('',(0.013462912017836,-0.04697746920734,-0.035));
#2049=CARTESIAN_POINT('',(0.013462912017836,-0.04702588111331,-0.035));
#2050=CARTESIAN_POINT('',(0.013464902021834,-0.04705170060032,-0.03499923450635));
#2051=CARTESIAN_POINT('',(0.013468865915921,-0.04707736304105,-0.03499770981348));
#2052=CARTESIAN_POINT('',(0.013474752390114,-0.04710277155524,-0.03499544485075));
#2053=CARTESIAN_POINT('',(0.013482474960219,-0.04712782819863,-0.0349924714187));
#2054=CARTESIAN_POINT('',(0.013491911989693,-0.0471524343594,-0.03498883442524));
#2055=CARTESIAN_POINT('',(0.013502906711509,-0.04717649115448,-0.03498459212183));
#2056=CARTESIAN_POINT('',(0.013539075932393,-0.04724498925497,-0.03497061730042));
#2057=CARTESIAN_POINT('',(0.013567984655053,-0.04728773450161,-0.03495942649313));
#2058=CARTESIAN_POINT('',(0.013601051404024,-0.0473281782134,-0.03494659173391));
#2059=CARTESIAN_POINT('',(0.013637469008378,-0.04736639513209,-0.03493240911219));
#2060=CARTESIAN_POINT('',(0.013676563594205,-0.04740248597795,-0.03491712592991));
#2061=CARTESIAN_POINT('',(0.013717792860726,-0.04743657200159,-0.03490094219193));
#2062=CARTESIAN_POINT('',(0.013760744178574,-0.04746879020336,-0.03488401064765));
#2063=CARTESIAN_POINT('',(0.013915244882303,-0.04757494692123,-0.03482283712462));
#2064=CARTESIAN_POINT('',(0.014036353530662,-0.04764150506227,-0.03477442547656));
#2065=CARTESIAN_POINT('',(0.014163470606088,-0.0476996515987,-0.03472301079988));
#2066=CARTESIAN_POINT('',(0.014293372469904,-0.04775029057611,-0.03466980313285));
#2067=CARTESIAN_POINT('',(0.014424432250416,-0.04779441131674,-0.03461544799628));
#2068=CARTESIAN_POINT('',(0.014556411371509,-0.04783295921362,-0.03456004577042));
#2069=CARTESIAN_POINT('',(0.014690205223053,-0.04786669020296,-0.03450319153246));
#2070=CARTESIAN_POINT('',(0.014902306169704,-0.04791194317978,-0.03441188598489));
#2071=CARTESIAN_POINT('',(0.014977418462529,-0.04792643205334,-0.03437933166846));
#2072=CARTESIAN_POINT('',(0.015052795387329,-0.04793949334963,-0.03434643921089));
#2073=CARTESIAN_POINT('',(0.015128372536179,-0.04795115538343,-0.03431323321741));
#2074=CARTESIAN_POINT('',(0.015204100193309,-0.04796143886876,-0.03427973286018));
#2075=CARTESIAN_POINT('',(0.01527994280123,-0.04797035674807,-0.03424595175804));
#2076=CARTESIAN_POINT('',(0.015355878426862,-0.04797791402147,-0.03421189785621));
#2077=CARTESIAN_POINT('',(0.015592089607994,-0.04799715883394,-0.03410524350499));
#2078=CARTESIAN_POINT('',(0.015752165155528,-0.04800411386003,-0.03403193299337));
#2079=CARTESIAN_POINT('',(0.015912020364854,-0.048004999435,-0.03395768277294));
#2080=CARTESIAN_POINT('',(0.016071537431963,-0.04799964393444,-0.03388254356651));
#2081=CARTESIAN_POINT('',(0.016230467114959,-0.04798769754745,-0.0338066295464));
#2082=CARTESIAN_POINT('',(0.016388318523645,-0.04796864693485,-0.03373018003008));
#2083=CARTESIAN_POINT('',(0.016544246671177,-0.04794183054176,-0.03365363246036));
#2084=CARTESIAN_POINT('',(0.016786596421269,-0.04788568828593,-0.03353312107833));
#2085=CARTESIAN_POINT('',(0.016875070877698,-0.04786198266998,-0.03348878469284));
#2086=CARTESIAN_POINT('',(0.016962359682768,-0.0478351296761,-0.03344471078548));
#2087=CARTESIAN_POINT('',(0.017048327631871,-0.04780486559616,-0.03340098011046));
#2088=CARTESIAN_POINT('',(0.017132674417596,-0.04777088948919,-0.03335776031519));
#2089=CARTESIAN_POINT('',(0.017214912164717,-0.04773287757523,-0.03331532268469));
#2090=CARTESIAN_POINT('',(0.01729434170584,-0.04769049980382,-0.03327405953732));
#2091=CARTESIAN_POINT('',(0.017414400602111,-0.04761584762748,-0.03321131070105));
#2092=CARTESIAN_POINT('',(0.01745756608987,-0.04758659740386,-0.03318866411018));
#2093=CARTESIAN_POINT('',(0.017499327991435,-0.04755561360004,-0.03316667272017));
#2094=CARTESIAN_POINT('',(0.017539454288198,-0.0475228243153,-0.03314546778003));
#2095=CARTESIAN_POINT('',(0.017577674244826,-0.04748816381977,-0.03312520302895));
#2096=CARTESIAN_POINT('',(0.01761367564158,-0.04745157629993,-0.03310605615848));
#2097=CARTESIAN_POINT('',(0.017647102006634,-0.04741301960406,-0.03308823027469));
#2098=CARTESIAN_POINT('',(0.017695610444709,-0.04734841577841,-0.03306230164958));
#2099=CARTESIAN_POINT('',(0.017712631668605,-0.04732364955478,-0.03305318900881));
#2100=CARTESIAN_POINT('',(0.017728497991249,-0.04729820330116,-0.03304468209419));
#2101=CARTESIAN_POINT('',(0.017743101141919,-0.04727211343801,-0.03303684197296));
#2102=CARTESIAN_POINT('',(0.017756340086679,-0.04724541970169,-0.0330297259509));
#2103=CARTESIAN_POINT('',(0.01776812100707,-0.04721816502396,-0.03302338739986));
#2104=CARTESIAN_POINT('',(0.017778357278796,-0.04719039541171,-0.03301787558531));
#2105=CARTESIAN_POINT('',(0.017792994682526,-0.04714240569685,-0.03300998920129));
#2106=CARTESIAN_POINT('',(0.017798221717749,-0.04712243414551,-0.03300717133898));
#2107=CARTESIAN_POINT('',(0.01780261962997,-0.04710227957184,-0.03300479933041));
#2108=CARTESIAN_POINT('',(0.017806163539311,-0.04708197695403,-0.03300288723225));
#2109=CARTESIAN_POINT('',(0.017808834611452,-0.04706156174437,-0.03300144571218));
#2110=CARTESIAN_POINT('',(0.017810620056948,-0.04704106976456,-0.03300048202689));
#2111=CARTESIAN_POINT('',(0.017811513130557,-0.04702053710098,-0.033));
#2112=CARTESIAN_POINT('',(0.017811513130557,-0.04697450701401,-0.033));
#2113=CARTESIAN_POINT('',(0.017810137014868,-0.04694902710122,-0.03300074273798));
#2114=CARTESIAN_POINT('',(0.017807387342183,-0.04692362681721,-0.03300222686713));
#2115=CARTESIAN_POINT('',(0.017803280129781,-0.04689837224997,-0.03300444329983));
#2116=CARTESIAN_POINT('',(0.017797844855237,-0.04687332872761,-0.033007375284));
#2117=CARTESIAN_POINT('',(0.017791124458125,-0.04684856052604,-0.03301099847942));
#2118=CARTESIAN_POINT('',(0.017783175341725,-0.04682413057667,-0.03301528103403));
#2119=CARTESIAN_POINT('',(0.017769174611456,-0.04678719113831,-0.03302281733139));
#2120=CARTESIAN_POINT('',(0.017763945959732,-0.04677439350938,-0.03302563073988));
#2121=CARTESIAN_POINT('',(0.017758390260571,-0.04676171257255,-0.03302861886175));
#2122=CARTESIAN_POINT('',(0.017752516786905,-0.04674915346004,-0.03303177643539));
#2123=CARTESIAN_POINT('',(0.017746335243587,-0.04673672115097,-0.0330350979616));
#2124=CARTESIAN_POINT('',(0.017739855767387,-0.04672442047143,-0.03303857770355));
#2125=CARTESIAN_POINT('',(0.017733088926992,-0.04671225609439,-0.03304220968681));
#2126=CARTESIAN_POINT('',(0.017711635938089,-0.04667563338907,-0.03305371718556));
#2127=CARTESIAN_POINT('',(0.017696075328915,-0.04665163381975,-0.03306205473669));
#2128=CARTESIAN_POINT('',(0.017679443538195,-0.0466282440164,-0.03307095504329));
#2129=CARTESIAN_POINT('',(0.017661818581426,-0.04660547195376,-0.03308037369426));
#2130=CARTESIAN_POINT('',(0.017643276874071,-0.04658332346457,-0.03309026722723));
#2131=CARTESIAN_POINT('',(0.017623893258725,-0.04656180230744,-0.03310059317877));
#2132=CARTESIAN_POINT('',(0.017603741032278,-0.04654091023475,-0.03311131013482));
#2133=CARTESIAN_POINT('',(0.017550243404173,-0.0464889159577,-0.03313970915321));
#2134=CARTESIAN_POINT('',(0.017515865462819,-0.04645870676433,-0.03315791144456));
#2135=CARTESIAN_POINT('',(0.017479979012192,-0.04642997396435,-0.03317685866505));
#2136=CARTESIAN_POINT('',(0.017442777986626,-0.04640266778205,-0.03319644049798));
#2137=CARTESIAN_POINT('',(0.01740442964088,-0.0463767349789,-0.03321656197923));
#2138=CARTESIAN_POINT('',(0.017365074799388,-0.04635211965045,-0.03323714317661));
#2139=CARTESIAN_POINT('',(0.017324828105521,-0.04632876402308,-0.0332581188692));
#2140=CARTESIAN_POINT('',(0.017122773731271,-0.04621971440928,-0.03336305642792));
#2141=CARTESIAN_POINT('',(0.01694786090187,-0.04615045721413,-0.03345276784708));
#2142=CARTESIAN_POINT('',(0.016765543924035,-0.04609679074783,-0.03354486251988));
#2143=CARTESIAN_POINT('',(0.016579589850732,-0.04605654016062,-0.0336372814514));
#2144=CARTESIAN_POINT('',(0.01639197617539,-0.04602783183424,-0.03372901985749));
#2145=CARTESIAN_POINT('',(0.016203253802037,-0.0460092627636,-0.03381982211377));
#2146=CARTESIAN_POINT('',(0.01601278201663,-0.046,-0.03390997427157));
#2147=CARTESIAN_POINT('',(0.015819292019556,-0.046,-0.034));
#2148=CARTESIAN_POINT('',(0.015819292019556,-0.046,-0.034));
#2149=CARTESIAN_POINT('',(-0.01581929201955,-0.046,-0.034));
#2150=CARTESIAN_POINT('',(-0.01555743506362,-0.046,-0.03412183504862));
#2151=CARTESIAN_POINT('',(-0.0153045770224,-0.04601696389266,-0.03423667788786));
#2152=CARTESIAN_POINT('',(-0.01505623311662,-0.04604748815113,-0.03434700381499));
#2153=CARTESIAN_POINT('',(-0.01480674506642,-0.04609195914701,-0.03445548195176));
#2154=CARTESIAN_POINT('',(-0.01455381229024,-0.04615282532955,-0.03456301679451));
#2155=CARTESIAN_POINT('',(-0.0143006808961,-0.0462337271778,-0.03466786162005));
#2156=CARTESIAN_POINT('',(-0.01405931517194,-0.04633830072385,-0.03476542393763));
#2157=CARTESIAN_POINT('',(-0.01381163216342,-0.04649534542218,-0.03486389033054));
#2158=CARTESIAN_POINT('',(-0.01377085948152,-0.04652320560641,-0.03488003300793));
#2159=CARTESIAN_POINT('',(-0.01373132157736,-0.04655249694595,-0.03489562422234));
#2160=CARTESIAN_POINT('',(-0.01369323324924,-0.04658334496959,-0.03491058597858));
#2161=CARTESIAN_POINT('',(-0.0136569073436,-0.04661586636464,-0.03492480332269));
#2162=CARTESIAN_POINT('',(-0.01362275658689,-0.04665016543825,-0.03493812416346));
#2163=CARTESIAN_POINT('',(-0.01359129541739,-0.04668633057879,-0.03495035909393));
#2164=CARTESIAN_POINT('',(-0.0135543639744,-0.0467363097314,-0.03496468655509));
#2165=CARTESIAN_POINT('',(-0.01354590713635,-0.04674837753646,-0.03496796445802));
#2166=CARTESIAN_POINT('',(-0.01353779418761,-0.0467606307223,-0.03497110643246));
#2167=CARTESIAN_POINT('',(-0.01353004772521,-0.04677306577914,-0.03497410410735));
#2168=CARTESIAN_POINT('',(-0.01352269005849,-0.0467856790975,-0.03497694922982));
#2169=CARTESIAN_POINT('',(-0.0135157432091,-0.04679846696815,-0.03497963366518));
#2170=CARTESIAN_POINT('',(-0.01350922891103,-0.04681142558213,-0.03498214939691));
#2171=CARTESIAN_POINT('',(-0.01349354506933,-0.04684539377559,-0.03498820298145));
#2172=CARTESIAN_POINT('',(-0.01348505207485,-0.04686668791513,-0.0349914775825));
#2173=CARTESIAN_POINT('',(-0.01347780796633,-0.04688836306154,-0.03499426812754));
#2174=CARTESIAN_POINT('',(-0.01347190894635,-0.04691034878344,-0.03499653888831));
#2175=CARTESIAN_POINT('',(-0.01346742906297,-0.04693257483318,-0.03499826250142));
#2176=CARTESIAN_POINT('',(-0.01346442019177,-0.04695497137401,-0.0349994198591));
#2177=CARTESIAN_POINT('',(-0.01346291201783,-0.04697746920735,-0.035));
#2178=CARTESIAN_POINT('',(-0.01346291201783,-0.04702588102874,-0.035));
#2179=CARTESIAN_POINT('',(-0.01346490201019,-0.04705170056988,-0.03499923451085));
#2180=CARTESIAN_POINT('',(-0.01346886591407,-0.04707736308539,-0.03499770981419));
#2181=CARTESIAN_POINT('',(-0.01347475240897,-0.04710277162925,-0.03499544484346));
#2182=CARTESIAN_POINT('',(-0.01348247498383,-0.0471278282392,-0.03499247140958));
#2183=CARTESIAN_POINT('',(-0.01349191198609,-0.04715243432846,-0.03498883442663));
#2184=CARTESIAN_POINT('',(-0.01350290667087,-0.04717649107754,-0.03498459213753));
#2185=CARTESIAN_POINT('',(-0.01353907593234,-0.04724498925489,-0.03497061730043));
#2186=CARTESIAN_POINT('',(-0.013567984655,-0.04728773450157,-0.03495942649314));
#2187=CARTESIAN_POINT('',(-0.01360105140403,-0.04732817821343,-0.0349465917339));
#2188=CARTESIAN_POINT('',(-0.01363746900845,-0.04736639513217,-0.03493240911216));
#2189=CARTESIAN_POINT('',(-0.01367656359427,-0.047402485978,-0.03491712592988));
#2190=CARTESIAN_POINT('',(-0.0137177928607,-0.04743657200156,-0.03490094219194));
#2191=CARTESIAN_POINT('',(-0.01376074417845,-0.04746879020328,-0.0348840106477));
#2192=CARTESIAN_POINT('',(-0.0139152448823,-0.04757494692123,-0.03482283712462));
#2193=CARTESIAN_POINT('',(-0.01403635353066,-0.04764150506227,-0.03477442547656));
#2194=CARTESIAN_POINT('',(-0.01416347060608,-0.0476996515987,-0.03472301079988));
#2195=CARTESIAN_POINT('',(-0.0142933724699,-0.04775029057611,-0.03466980313285));
#2196=CARTESIAN_POINT('',(-0.01442443225041,-0.04779441131674,-0.03461544799628));
#2197=CARTESIAN_POINT('',(-0.0145564113715,-0.04783295921362,-0.03456004577042));
#2198=CARTESIAN_POINT('',(-0.01469020522305,-0.04786669020296,-0.03450319153246));
#2199=CARTESIAN_POINT('',(-0.0149023061697,-0.04791194317978,-0.03441188598489));
#2200=CARTESIAN_POINT('',(-0.01497741846252,-0.04792643205334,-0.03437933166846));
#2201=CARTESIAN_POINT('',(-0.01505279538732,-0.04793949334963,-0.03434643921089));
#2202=CARTESIAN_POINT('',(-0.01512837253617,-0.04795115538343,-0.03431323321741));
#2203=CARTESIAN_POINT('',(-0.0152041001933,-0.04796143886876,-0.03427973286018));
#2204=CARTESIAN_POINT('',(-0.01527994280123,-0.04797035674807,-0.03424595175804));
#2205=CARTESIAN_POINT('',(-0.01535587842686,-0.04797791402147,-0.03421189785621));
#2206=CARTESIAN_POINT('',(-0.01559208960799,-0.04799715883394,-0.03410524350499));
#2207=CARTESIAN_POINT('',(-0.01575216515552,-0.04800411386003,-0.03403193299337));
#2208=CARTESIAN_POINT('',(-0.01591202036485,-0.048004999435,-0.03395768277294));
#2209=CARTESIAN_POINT('',(-0.01607153743196,-0.04799964393444,-0.03388254356651));
#2210=CARTESIAN_POINT('',(-0.01623046711495,-0.04798769754745,-0.0338066295464));
#2211=CARTESIAN_POINT('',(-0.01638831852364,-0.04796864693485,-0.03373018003008));
#2212=CARTESIAN_POINT('',(-0.01654424667117,-0.04794183054176,-0.03365363246036));
#2213=CARTESIAN_POINT('',(-0.01678659642126,-0.04788568828593,-0.03353312107833));
#2214=CARTESIAN_POINT('',(-0.01687507087769,-0.04786198266998,-0.03348878469284));
#2215=CARTESIAN_POINT('',(-0.01696235968276,-0.0478351296761,-0.03344471078548));
#2216=CARTESIAN_POINT('',(-0.01704832763187,-0.04780486559616,-0.03340098011046));
#2217=CARTESIAN_POINT('',(-0.01713267441759,-0.04777088948919,-0.03335776031519));
#2218=CARTESIAN_POINT('',(-0.01721491216471,-0.04773287757523,-0.03331532268469));
#2219=CARTESIAN_POINT('',(-0.01729434170584,-0.04769049980382,-0.03327405953732));
#2220=CARTESIAN_POINT('',(-0.01741440060211,-0.04761584762748,-0.03321131070105));
#2221=CARTESIAN_POINT('',(-0.01745756608987,-0.04758659740386,-0.03318866411018));
#2222=CARTESIAN_POINT('',(-0.01749932799143,-0.04755561360004,-0.03316667272017));
#2223=CARTESIAN_POINT('',(-0.01753945428819,-0.0475228243153,-0.03314546778003));
#2224=CARTESIAN_POINT('',(-0.01757767424482,-0.04748816381977,-0.03312520302895));
#2225=CARTESIAN_POINT('',(-0.01761367564158,-0.04745157629993,-0.03310605615848));
#2226=CARTESIAN_POINT('',(-0.01764710200663,-0.04741301960406,-0.03308823027469));
#2227=CARTESIAN_POINT('',(-0.0176956104447,-0.04734841577841,-0.03306230164958));
#2228=CARTESIAN_POINT('',(-0.0177126316686,-0.04732364955478,-0.03305318900881));
#2229=CARTESIAN_POINT('',(-0.01772849799124,-0.04729820330116,-0.03304468209419));
#2230=CARTESIAN_POINT('',(-0.01774310114191,-0.04727211343801,-0.03303684197296));
#2231=CARTESIAN_POINT('',(-0.01775634008667,-0.04724541970169,-0.0330297259509));
#2232=CARTESIAN_POINT('',(-0.01776812100707,-0.04721816502396,-0.03302338739986));
#2233=CARTESIAN_POINT('',(-0.01777835727879,-0.04719039541171,-0.03301787558531));
#2234=CARTESIAN_POINT('',(-0.01779299468025,-0.0471424057043,-0.03300998920251));
#2235=CARTESIAN_POINT('',(-0.01779822171748,-0.04712243414859,-0.03300717133912));
#2236=CARTESIAN_POINT('',(-0.01780261963122,-0.0471022795682,-0.03300479932974));
#2237=CARTESIAN_POINT('',(-0.01780616354035,-0.04708197694723,-0.03300288723169));
#2238=CARTESIAN_POINT('',(-0.0178088346114,-0.04706156174012,-0.0330014457122));
#2239=CARTESIAN_POINT('',(-0.01781062005635,-0.04704106976685,-0.03300048202721));
#2240=CARTESIAN_POINT('',(-0.01781151313055,-0.04702053710802,-0.033));
#2241=CARTESIAN_POINT('',(-0.01781151313055,-0.04697450701401,-0.033));
#2242=CARTESIAN_POINT('',(-0.01781013701486,-0.04694902710122,-0.03300074273798));
#2243=CARTESIAN_POINT('',(-0.01780738734218,-0.04692362681721,-0.03300222686713));
#2244=CARTESIAN_POINT('',(-0.01780328012978,-0.04689837224997,-0.03300444329983));
#2245=CARTESIAN_POINT('',(-0.01779784485523,-0.04687332872761,-0.033007375284));
#2246=CARTESIAN_POINT('',(-0.01779112445812,-0.04684856052604,-0.03301099847942));
#2247=CARTESIAN_POINT('',(-0.01778317534172,-0.04682413057667,-0.03301528103403));
#2248=CARTESIAN_POINT('',(-0.01776917461145,-0.04678719113831,-0.03302281733139));
#2249=CARTESIAN_POINT('',(-0.01776394595973,-0.04677439350938,-0.03302563073988));
#2250=CARTESIAN_POINT('',(-0.01775839026057,-0.04676171257255,-0.03302861886175));
#2251=CARTESIAN_POINT('',(-0.0177525167869,-0.04674915346004,-0.03303177643539));
#2252=CARTESIAN_POINT('',(-0.01774633524358,-0.04673672115097,-0.0330350979616));
#2253=CARTESIAN_POINT('',(-0.01773985576738,-0.04672442047143,-0.03303857770355));
#2254=CARTESIAN_POINT('',(-0.01773308892699,-0.04671225609439,-0.03304220968681));
#2255=CARTESIAN_POINT('',(-0.0177116359325,-0.04667563337954,-0.03305371718856));
#2256=CARTESIAN_POINT('',(-0.01769607532608,-0.04665163381661,-0.0330620547382));
#2257=CARTESIAN_POINT('',(-0.01767944354103,-0.04662824402151,-0.03307095504176));
#2258=CARTESIAN_POINT('',(-0.01766181858773,-0.04660547196175,-0.0330803736909));
#2259=CARTESIAN_POINT('',(-0.01764327687846,-0.04658332346862,-0.03309026722489));
#2260=CARTESIAN_POINT('',(-0.01762389325633,-0.04656180230392,-0.03310059318005));
#2261=CARTESIAN_POINT('',(-0.0176037410241,-0.0465409102268,-0.03311131013916));
#2262=CARTESIAN_POINT('',(-0.01755024340417,-0.0464889159577,-0.03313970915321));
#2263=CARTESIAN_POINT('',(-0.01751586546281,-0.04645870676433,-0.03315791144456));
#2264=CARTESIAN_POINT('',(-0.01747997901219,-0.04642997396435,-0.03317685866505));
#2265=CARTESIAN_POINT('',(-0.01744277798662,-0.04640266778205,-0.03319644049798));
#2266=CARTESIAN_POINT('',(-0.01740442964088,-0.0463767349789,-0.03321656197923));
#2267=CARTESIAN_POINT('',(-0.01736507479938,-0.04635211965045,-0.03323714317661));
#2268=CARTESIAN_POINT('',(-0.01732482810552,-0.04632876402308,-0.0332581188692));
#2269=CARTESIAN_POINT('',(-0.01712277373127,-0.04621971440928,-0.03336305642792));
#2270=CARTESIAN_POINT('',(-0.01694786090187,-0.04615045721413,-0.03345276784708));
#2271=CARTESIAN_POINT('',(-0.01676554392403,-0.04609679074783,-0.03354486251988));
#2272=CARTESIAN_POINT('',(-0.01657958985073,-0.04605654016062,-0.0336372814514));
#2273=CARTESIAN_POINT('',(-0.01639197617539,-0.04602783183424,-0.03372901985749));
#2274=CARTESIAN_POINT('',(-0.01620325380203,-0.0460092627636,-0.03381982211377));
#2275=CARTESIAN_POINT('',(-0.01601278201663,-0.046,-0.03390997427157));
#2276=CARTESIAN_POINT('',(-0.01581929201955,-0.046,-0.034));
#2277=CARTESIAN_POINT('',(-0.01581929201955,-0.046,-0.034));
#2278=CARTESIAN_POINT('',(-0.034,-0.047,0.11822658030621));
#2279=CARTESIAN_POINT('',(-0.034,-0.046,-0.01581929201955));
#2280=CARTESIAN_POINT('',(-0.03412183504862,-0.046,-0.01555743506362));
#2281=CARTESIAN_POINT('',(-0.03423667788786,-0.04601696389266,-0.0153045770224));
#2282=CARTESIAN_POINT('',(-0.03434700381499,-0.04604748815113,-0.01505623311661));
#2283=CARTESIAN_POINT('',(-0.03445548195176,-0.04609195914701,-0.01480674506642));
#2284=CARTESIAN_POINT('',(-0.03456301679451,-0.04615282532955,-0.01455381229024));
#2285=CARTESIAN_POINT('',(-0.03466786162005,-0.0462337271778,-0.0143006808961));
#2286=CARTESIAN_POINT('',(-0.03476542393763,-0.04633830072385,-0.01405931517194));
#2287=CARTESIAN_POINT('',(-0.03486389033054,-0.04649534542218,-0.01381163216342));
#2288=CARTESIAN_POINT('',(-0.03488003300793,-0.04652320560641,-0.01377085948152));
#2289=CARTESIAN_POINT('',(-0.03489562422234,-0.04655249694595,-0.01373132157736));
#2290=CARTESIAN_POINT('',(-0.03491058597858,-0.04658334496959,-0.01369323324924));
#2291=CARTESIAN_POINT('',(-0.03492480332269,-0.04661586636464,-0.0136569073436));
#2292=CARTESIAN_POINT('',(-0.03493812416346,-0.04665016543825,-0.01362275658689));
#2293=CARTESIAN_POINT('',(-0.03495035909393,-0.04668633057879,-0.01359129541739));
#2294=CARTESIAN_POINT('',(-0.03496468655432,-0.04673630972871,-0.01355436397639));
#2295=CARTESIAN_POINT('',(-0.03496796445763,-0.04674837753556,-0.01354590713734));
#2296=CARTESIAN_POINT('',(-0.03497110643272,-0.0467606307239,-0.01353779418694));
#2297=CARTESIAN_POINT('',(-0.03497410410795,-0.04677306578175,-0.01353004772366));
#2298=CARTESIAN_POINT('',(-0.03497694923025,-0.04678567909889,-0.01352269005738));
#2299=CARTESIAN_POINT('',(-0.03497963366507,-0.0467984669669,-0.0135157432094));
#2300=CARTESIAN_POINT('',(-0.03498214939637,-0.04681142557913,-0.01350922891242));
#2301=CARTESIAN_POINT('',(-0.03498820298534,-0.0468453937974,-0.01349354505925));
#2302=CARTESIAN_POINT('',(-0.03499147758285,-0.04686668792381,-0.01348505207395));
#2303=CARTESIAN_POINT('',(-0.03499426812529,-0.04688836305006,-0.01347780797216));
#2304=CARTESIAN_POINT('',(-0.03499653888651,-0.04691034876268,-0.01347190895101));
#2305=CARTESIAN_POINT('',(-0.0349982625016,-0.04693257482084,-0.01346742906251));
#2306=CARTESIAN_POINT('',(-0.03499941986021,-0.04695497138256,-0.01346442018889));
#2307=CARTESIAN_POINT('',(-0.035,-0.04697746923087,-0.01346291201783));
#2308=CARTESIAN_POINT('',(-0.035,-0.04702588111331,-0.01346291201783));
#2309=CARTESIAN_POINT('',(-0.03499923450635,-0.04705170060032,-0.01346490202183));
#2310=CARTESIAN_POINT('',(-0.03499770981348,-0.04707736304105,-0.01346886591592));
#2311=CARTESIAN_POINT('',(-0.03499544485075,-0.04710277155524,-0.01347475239011));
#2312=CARTESIAN_POINT('',(-0.0349924714187,-0.04712782819863,-0.01348247496021));
#2313=CARTESIAN_POINT('',(-0.03498883442524,-0.0471524343594,-0.01349191198969));
#2314=CARTESIAN_POINT('',(-0.03498459212183,-0.04717649115448,-0.0135029067115));
#2315=CARTESIAN_POINT('',(-0.03497061730043,-0.04724498925491,-0.01353907593235));
#2316=CARTESIAN_POINT('',(-0.03495942649314,-0.04728773450158,-0.01356798465501));
#2317=CARTESIAN_POINT('',(-0.03494659173391,-0.04732817821343,-0.01360105140403));
#2318=CARTESIAN_POINT('',(-0.03493240911217,-0.04736639513215,-0.01363746900843));
#2319=CARTESIAN_POINT('',(-0.03491712592989,-0.04740248597799,-0.01367656359426));
#2320=CARTESIAN_POINT('',(-0.03490094219194,-0.04743657200157,-0.01371779286071));
#2321=CARTESIAN_POINT('',(-0.03488401064769,-0.0474687902033,-0.01376074417848));
#2322=CARTESIAN_POINT('',(-0.03482283712462,-0.04757494692123,-0.0139152448823));
#2323=CARTESIAN_POINT('',(-0.03477442547656,-0.04764150506227,-0.01403635353066));
#2324=CARTESIAN_POINT('',(-0.03472301079988,-0.0476996515987,-0.01416347060608));
#2325=CARTESIAN_POINT('',(-0.03466980313285,-0.04775029057611,-0.0142933724699));
#2326=CARTESIAN_POINT('',(-0.03461544799628,-0.04779441131674,-0.01442443225041));
#2327=CARTESIAN_POINT('',(-0.03456004577042,-0.04783295921362,-0.0145564113715));
#2328=CARTESIAN_POINT('',(-0.03450319153246,-0.04786669020296,-0.01469020522305));
#2329=CARTESIAN_POINT('',(-0.03441188598489,-0.04791194317978,-0.0149023061697));
#2330=CARTESIAN_POINT('',(-0.03437933166846,-0.04792643205334,-0.01497741846253));
#2331=CARTESIAN_POINT('',(-0.03434643921088,-0.04793949334963,-0.01505279538733));
#2332=CARTESIAN_POINT('',(-0.03431323321741,-0.04795115538343,-0.01512837253618));
#2333=CARTESIAN_POINT('',(-0.03427973286018,-0.04796143886876,-0.01520410019331));
#2334=CARTESIAN_POINT('',(-0.03424595175804,-0.04797035674807,-0.01527994280123));
#2335=CARTESIAN_POINT('',(-0.03421189785621,-0.04797791402147,-0.01535587842686));
#2336=CARTESIAN_POINT('',(-0.03410524350499,-0.04799715883394,-0.01559208960799));
#2337=CARTESIAN_POINT('',(-0.03403193299337,-0.04800411386003,-0.01575216515552));
#2338=CARTESIAN_POINT('',(-0.03395768277294,-0.048004999435,-0.01591202036485));
#2339=CARTESIAN_POINT('',(-0.03388254356651,-0.04799964393444,-0.01607153743196));
#2340=CARTESIAN_POINT('',(-0.0338066295464,-0.04798769754745,-0.01623046711495));
#2341=CARTESIAN_POINT('',(-0.03373018003008,-0.04796864693485,-0.01638831852364));
#2342=CARTESIAN_POINT('',(-0.03365363246036,-0.04794183054176,-0.01654424667117));
#2343=CARTESIAN_POINT('',(-0.03353312107833,-0.04788568828593,-0.01678659642126));
#2344=CARTESIAN_POINT('',(-0.03348878469284,-0.04786198266998,-0.01687507087769));
#2345=CARTESIAN_POINT('',(-0.03344471078548,-0.0478351296761,-0.01696235968276));
#2346=CARTESIAN_POINT('',(-0.03340098011046,-0.04780486559616,-0.01704832763187));
#2347=CARTESIAN_POINT('',(-0.03335776031519,-0.04777088948919,-0.01713267441759));
#2348=CARTESIAN_POINT('',(-0.03331532268469,-0.04773287757523,-0.01721491216471));
#2349=CARTESIAN_POINT('',(-0.03327405953732,-0.04769049980382,-0.01729434170584));
#2350=CARTESIAN_POINT('',(-0.03321131070105,-0.04761584762748,-0.01741440060211));
#2351=CARTESIAN_POINT('',(-0.03318866411017,-0.04758659740386,-0.01745756608987));
#2352=CARTESIAN_POINT('',(-0.03316667272017,-0.04755561360004,-0.01749932799143));
#2353=CARTESIAN_POINT('',(-0.03314546778003,-0.0475228243153,-0.01753945428819));
#2354=CARTESIAN_POINT('',(-0.03312520302895,-0.04748816381977,-0.01757767424482));
#2355=CARTESIAN_POINT('',(-0.03310605615848,-0.04745157629993,-0.01761367564158));
#2356=CARTESIAN_POINT('',(-0.03308823027469,-0.04741301960406,-0.01764710200663));
#2357=CARTESIAN_POINT('',(-0.03306230166478,-0.04734841581626,-0.01769561041628));
#2358=CARTESIAN_POINT('',(-0.0330531890123,-0.047323649571,-0.01771263166209));
#2359=CARTESIAN_POINT('',(-0.03304468208581,-0.04729820328166,-0.01772849800692));
#2360=CARTESIAN_POINT('',(-0.03303684196266,-0.0472721134006,-0.01774310116114));
#2361=CARTESIAN_POINT('',(-0.03302972594744,-0.0472454196783,-0.01775634009308));
#2362=CARTESIAN_POINT('',(-0.03302338740486,-0.0472181650389,-0.01776812099772));
#2363=CARTESIAN_POINT('',(-0.03301787559254,-0.04719039545568,-0.01777835726538));
#2364=CARTESIAN_POINT('',(-0.03300998920129,-0.04714240569685,-0.01779299468252));
#2365=CARTESIAN_POINT('',(-0.03300717133898,-0.04712243414551,-0.01779822171774));
#2366=CARTESIAN_POINT('',(-0.03300479933041,-0.04710227957184,-0.01780261962997));
#2367=CARTESIAN_POINT('',(-0.03300288723225,-0.04708197695403,-0.01780616353931));
#2368=CARTESIAN_POINT('',(-0.03300144571218,-0.04706156174437,-0.01780883461145));
#2369=CARTESIAN_POINT('',(-0.03300048202689,-0.04704106976456,-0.01781062005694));
#2370=CARTESIAN_POINT('',(-0.033,-0.04702053710098,-0.01781151313055));
#2371=CARTESIAN_POINT('',(-0.033,-0.0469745070039,-0.01781151313055));
#2372=CARTESIAN_POINT('',(-0.03300074273854,-0.04694902709752,-0.01781013701383));
#2373=CARTESIAN_POINT('',(-0.03300222686722,-0.04692362682253,-0.01780738734201));
#2374=CARTESIAN_POINT('',(-0.03300444329893,-0.04689837225897,-0.01780328013144));
#2375=CARTESIAN_POINT('',(-0.03300737528288,-0.04687332873261,-0.01779784485732));
#2376=CARTESIAN_POINT('',(-0.0330109984796,-0.04684856052226,-0.01779112445778));
#2377=CARTESIAN_POINT('',(-0.03301528103598,-0.04682413056711,-0.0177831753381));
#2378=CARTESIAN_POINT('',(-0.03302281733185,-0.04678719113609,-0.01776917461061));
#2379=CARTESIAN_POINT('',(-0.03302563073998,-0.04677439350848,-0.01776394595955));
#2380=CARTESIAN_POINT('',(-0.03302861886139,-0.04676171257363,-0.01775839026124));
#2381=CARTESIAN_POINT('',(-0.03303177643489,-0.046749153462,-0.01775251678784));
#2382=CARTESIAN_POINT('',(-0.03303509796138,-0.04673672115216,-0.01774633524399));
#2383=CARTESIAN_POINT('',(-0.03303857770387,-0.0467244204707,-0.01773985576678));
#2384=CARTESIAN_POINT('',(-0.03304220968746,-0.04671225609232,-0.01773308892578));
#2385=CARTESIAN_POINT('',(-0.03305371718856,-0.04667563337954,-0.0177116359325));
#2386=CARTESIAN_POINT('',(-0.0330620547382,-0.04665163381661,-0.01769607532608));
#2387=CARTESIAN_POINT('',(-0.03307095504176,-0.04662824402151,-0.01767944354103));
#2388=CARTESIAN_POINT('',(-0.0330803736909,-0.04660547196175,-0.01766181858773));
#2389=CARTESIAN_POINT('',(-0.03309026722489,-0.04658332346862,-0.01764327687846));
#2390=CARTESIAN_POINT('',(-0.03310059318005,-0.04656180230392,-0.01762389325633));
#2391=CARTESIAN_POINT('',(-0.03311131013916,-0.0465409102268,-0.0176037410241));
#2392=CARTESIAN_POINT('',(-0.03313970915321,-0.0464889159577,-0.01755024340417));
#2393=CARTESIAN_POINT('',(-0.03315791144456,-0.04645870676433,-0.01751586546281));
#2394=CARTESIAN_POINT('',(-0.03317685866505,-0.04642997396435,-0.01747997901219));
#2395=CARTESIAN_POINT('',(-0.03319644049798,-0.04640266778205,-0.01744277798662));
#2396=CARTESIAN_POINT('',(-0.03321656197922,-0.0463767349789,-0.01740442964088));
#2397=CARTESIAN_POINT('',(-0.03323714317661,-0.04635211965045,-0.01736507479938));
#2398=CARTESIAN_POINT('',(-0.0332581188692,-0.04632876402308,-0.01732482810552));
#2399=CARTESIAN_POINT('',(-0.03336305642792,-0.04621971440928,-0.01712277373127));
#2400=CARTESIAN_POINT('',(-0.03345276784708,-0.04615045721413,-0.01694786090186));
#2401=CARTESIAN_POINT('',(-0.03354486251988,-0.04609679074784,-0.01676554392403));
#2402=CARTESIAN_POINT('',(-0.0336372814514,-0.04605654016062,-0.01657958985073));
#2403=CARTESIAN_POINT('',(-0.03372901985749,-0.04602783183424,-0.01639197617539));
#2404=CARTESIAN_POINT('',(-0.03381982211377,-0.0460092627636,-0.01620325380203));
#2405=CARTESIAN_POINT('',(-0.03390997427157,-0.046,-0.01601278201663));
#2406=CARTESIAN_POINT('',(-0.034,-0.046,-0.01581929201955));
#2407=CARTESIAN_POINT('',(-0.034,-0.046,-0.01581929201955));
#2408=CARTESIAN_POINT('',(-0.034,-0.046,0.015819292019556));
#2409=CARTESIAN_POINT('',(-0.03412183504862,-0.046,0.015557435063628));
#2410=CARTESIAN_POINT('',(-0.03423667788786,-0.04601696389266,0.015304577022399));
#2411=CARTESIAN_POINT('',(-0.03434700381498,-0.04604748815113,0.015056233116627));
#2412=CARTESIAN_POINT('',(-0.03445548195176,-0.04609195914701,0.014806745066418));
#2413=CARTESIAN_POINT('',(-0.03456301679451,-0.04615282532955,0.014553812290249));
#2414=CARTESIAN_POINT('',(-0.03466786162005,-0.0462337271778,0.014300680896102));
#2415=CARTESIAN_POINT('',(-0.03476542393763,-0.04633830072385,0.014059315171942));
#2416=CARTESIAN_POINT('',(-0.03486389033054,-0.04649534542218,0.013811632163426));
#2417=CARTESIAN_POINT('',(-0.03488003300793,-0.04652320560641,0.013770859481528));
#2418=CARTESIAN_POINT('',(-0.03489562422234,-0.04655249694595,0.013731321577363));
#2419=CARTESIAN_POINT('',(-0.03491058597858,-0.04658334496959,0.01369323324924));
#2420=CARTESIAN_POINT('',(-0.03492480332269,-0.04661586636464,0.013656907343606));
#2421=CARTESIAN_POINT('',(-0.03493812416346,-0.04665016543825,0.013622756586898));
#2422=CARTESIAN_POINT('',(-0.03495035909393,-0.04668633057879,0.013591295417393));
#2423=CARTESIAN_POINT('',(-0.03496468655432,-0.04673630972871,0.013554363976398));
#2424=CARTESIAN_POINT('',(-0.03496796445763,-0.04674837753556,0.013545907137344));
#2425=CARTESIAN_POINT('',(-0.03497110643272,-0.0467606307239,0.013537794186945));
#2426=CARTESIAN_POINT('',(-0.03497410410795,-0.04677306578175,0.013530047723665));
#2427=CARTESIAN_POINT('',(-0.03497694923025,-0.04678567909889,0.013522690057386));
#2428=CARTESIAN_POINT('',(-0.03497963366507,-0.0467984669669,0.013515743209401));
#2429=CARTESIAN_POINT('',(-0.03498214939637,-0.04681142557913,0.013509228912421));
#2430=CARTESIAN_POINT('',(-0.03498820298534,-0.0468453937974,0.013493545059259));
#2431=CARTESIAN_POINT('',(-0.03499147758285,-0.04686668792381,0.013485052073951));
#2432=CARTESIAN_POINT('',(-0.03499426812529,-0.04688836305006,0.013477807972162));
#2433=CARTESIAN_POINT('',(-0.03499653888651,-0.04691034876268,0.013471908951011));
#2434=CARTESIAN_POINT('',(-0.0349982625016,-0.04693257482084,0.013467429062517));
#2435=CARTESIAN_POINT('',(-0.03499941986021,-0.04695497138256,0.013464420188892));
#2436=CARTESIAN_POINT('',(-0.035,-0.04697746923087,0.013462912017836));
#2437=CARTESIAN_POINT('',(-0.035,-0.04702588111331,0.013462912017836));
#2438=CARTESIAN_POINT('',(-0.03499923450635,-0.04705170060032,0.013464902021834));
#2439=CARTESIAN_POINT('',(-0.03499770981348,-0.04707736304105,0.013468865915921));
#2440=CARTESIAN_POINT('',(-0.03499544485075,-0.04710277155524,0.013474752390114));
#2441=CARTESIAN_POINT('',(-0.0349924714187,-0.04712782819863,0.013482474960219));
#2442=CARTESIAN_POINT('',(-0.03498883442524,-0.0471524343594,0.013491911989693));
#2443=CARTESIAN_POINT('',(-0.03498459212183,-0.04717649115448,0.013502906711509));
#2444=CARTESIAN_POINT('',(-0.03497061730043,-0.04724498925492,0.013539075932365));
#2445=CARTESIAN_POINT('',(-0.03495942649314,-0.04728773450159,0.013567984655026));
#2446=CARTESIAN_POINT('',(-0.03494659173391,-0.04732817821342,0.013601051404032));
#2447=CARTESIAN_POINT('',(-0.03493240911217,-0.04736639513214,0.013637469008424));
#2448=CARTESIAN_POINT('',(-0.03491712592989,-0.04740248597798,0.013676563594249));
#2449=CARTESIAN_POINT('',(-0.03490094219194,-0.04743657200157,0.013717792860715));
#2450=CARTESIAN_POINT('',(-0.03488401064768,-0.04746879020331,0.013760744178502));
#2451=CARTESIAN_POINT('',(-0.03482283712462,-0.04757494692123,0.013915244882303));
#2452=CARTESIAN_POINT('',(-0.03477442547656,-0.04764150506227,0.014036353530662));
#2453=CARTESIAN_POINT('',(-0.03472301079988,-0.0476996515987,0.014163470606089));
#2454=CARTESIAN_POINT('',(-0.03466980313285,-0.04775029057611,0.014293372469904));
#2455=CARTESIAN_POINT('',(-0.03461544799628,-0.04779441131674,0.014424432250416));
#2456=CARTESIAN_POINT('',(-0.03456004577042,-0.04783295921362,0.014556411371509));
#2457=CARTESIAN_POINT('',(-0.03450319153246,-0.04786669020296,0.014690205223054));
#2458=CARTESIAN_POINT('',(-0.03441188598489,-0.04791194317978,0.014902306169704));
#2459=CARTESIAN_POINT('',(-0.03437933166846,-0.04792643205334,0.01497741846253));
#2460=CARTESIAN_POINT('',(-0.03434643921088,-0.04793949334963,0.01505279538733));
#2461=CARTESIAN_POINT('',(-0.03431323321741,-0.04795115538343,0.01512837253618));
#2462=CARTESIAN_POINT('',(-0.03427973286018,-0.04796143886876,0.01520410019331));
#2463=CARTESIAN_POINT('',(-0.03424595175804,-0.04797035674807,0.01527994280123));
#2464=CARTESIAN_POINT('',(-0.03421189785621,-0.04797791402147,0.015355878426863));
#2465=CARTESIAN_POINT('',(-0.03410524350499,-0.04799715883394,0.015592089607994));
#2466=CARTESIAN_POINT('',(-0.03403193299337,-0.04800411386003,0.015752165155529));
#2467=CARTESIAN_POINT('',(-0.03395768277294,-0.048004999435,0.015912020364854));
#2468=CARTESIAN_POINT('',(-0.03388254356651,-0.04799964393444,0.016071537431963));
#2469=CARTESIAN_POINT('',(-0.0338066295464,-0.04798769754745,0.01623046711496));
#2470=CARTESIAN_POINT('',(-0.03373018003008,-0.04796864693485,0.016388318523646));
#2471=CARTESIAN_POINT('',(-0.03365363246036,-0.04794183054176,0.016544246671177));
#2472=CARTESIAN_POINT('',(-0.03353312107833,-0.04788568828593,0.016786596421269));
#2473=CARTESIAN_POINT('',(-0.03348878469284,-0.04786198266998,0.016875070877698));
#2474=CARTESIAN_POINT('',(-0.03344471078548,-0.0478351296761,0.016962359682768));
#2475=CARTESIAN_POINT('',(-0.03340098011046,-0.04780486559616,0.017048327631871));
#2476=CARTESIAN_POINT('',(-0.03335776031519,-0.04777088948919,0.017132674417597));
#2477=CARTESIAN_POINT('',(-0.03331532268469,-0.04773287757523,0.017214912164717));
#2478=CARTESIAN_POINT('',(-0.03327405953732,-0.04769049980382,0.01729434170584));
#2479=CARTESIAN_POINT('',(-0.03321131070105,-0.04761584762748,0.017414400602111));
#2480=CARTESIAN_POINT('',(-0.03318866411017,-0.04758659740386,0.01745756608987));
#2481=CARTESIAN_POINT('',(-0.03316667272017,-0.04755561360004,0.017499327991436));
#2482=CARTESIAN_POINT('',(-0.03314546778003,-0.0475228243153,0.017539454288198));
#2483=CARTESIAN_POINT('',(-0.03312520302895,-0.04748816381977,0.017577674244825));
#2484=CARTESIAN_POINT('',(-0.03310605615848,-0.04745157629993,0.01761367564158));
#2485=CARTESIAN_POINT('',(-0.03308823027469,-0.04741301960406,0.017647102006634));
#2486=CARTESIAN_POINT('',(-0.03306230164958,-0.04734841577841,0.017695610444709));
#2487=CARTESIAN_POINT('',(-0.03305318900881,-0.04732364955478,0.017712631668605));
#2488=CARTESIAN_POINT('',(-0.03304468209419,-0.04729820330116,0.017728497991249));
#2489=CARTESIAN_POINT('',(-0.03303684197296,-0.04727211343801,0.017743101141919));
#2490=CARTESIAN_POINT('',(-0.0330297259509,-0.04724541970169,0.017756340086679));
#2491=CARTESIAN_POINT('',(-0.03302338739986,-0.04721816502396,0.01776812100707));
#2492=CARTESIAN_POINT('',(-0.03301787558531,-0.04719039541171,0.017778357278796));
#2493=CARTESIAN_POINT('',(-0.03300998920129,-0.04714240569685,0.017792994682526));
#2494=CARTESIAN_POINT('',(-0.03300717133898,-0.04712243414551,0.017798221717749));
#2495=CARTESIAN_POINT('',(-0.03300479933041,-0.04710227957184,0.01780261962997));
#2496=CARTESIAN_POINT('',(-0.03300288723225,-0.04708197695403,0.017806163539311));
#2497=CARTESIAN_POINT('',(-0.03300144571218,-0.04706156174437,0.017808834611452));
#2498=CARTESIAN_POINT('',(-0.03300048202689,-0.04704106976456,0.017810620056948));
#2499=CARTESIAN_POINT('',(-0.033,-0.04702053710098,0.017811513130557));
#2500=CARTESIAN_POINT('',(-0.033,-0.04697450701401,0.017811513130557));
#2501=CARTESIAN_POINT('',(-0.03300074273798,-0.04694902710122,0.017810137014868));
#2502=CARTESIAN_POINT('',(-0.03300222686713,-0.04692362681721,0.017807387342183));
#2503=CARTESIAN_POINT('',(-0.03300444329983,-0.04689837224997,0.017803280129781));
#2504=CARTESIAN_POINT('',(-0.033007375284,-0.04687332872761,0.017797844855237));
#2505=CARTESIAN_POINT('',(-0.03301099847942,-0.04684856052604,0.017791124458125));
#2506=CARTESIAN_POINT('',(-0.03301528103403,-0.04682413057667,0.017783175341725));
#2507=CARTESIAN_POINT('',(-0.03302281733139,-0.04678719113831,0.017769174611456));
#2508=CARTESIAN_POINT('',(-0.03302563073988,-0.04677439350938,0.017763945959732));
#2509=CARTESIAN_POINT('',(-0.03302861886175,-0.04676171257255,0.017758390260571));
#2510=CARTESIAN_POINT('',(-0.03303177643539,-0.04674915346004,0.017752516786905));
#2511=CARTESIAN_POINT('',(-0.0330350979616,-0.04673672115097,0.017746335243587));
#2512=CARTESIAN_POINT('',(-0.03303857770355,-0.04672442047143,0.017739855767387));
#2513=CARTESIAN_POINT('',(-0.03304220968681,-0.04671225609439,0.017733088926992));
#2514=CARTESIAN_POINT('',(-0.03305371718556,-0.04667563338907,0.017711635938089));
#2515=CARTESIAN_POINT('',(-0.03306205473669,-0.04665163381975,0.017696075328915));
#2516=CARTESIAN_POINT('',(-0.03307095504329,-0.0466282440164,0.017679443538195));
#2517=CARTESIAN_POINT('',(-0.03308037369426,-0.04660547195376,0.017661818581426));
#2518=CARTESIAN_POINT('',(-0.03309026722723,-0.04658332346457,0.017643276874072));
#2519=CARTESIAN_POINT('',(-0.03310059317877,-0.04656180230744,0.017623893258725));
#2520=CARTESIAN_POINT('',(-0.03311131013482,-0.04654091023475,0.017603741032278));
#2521=CARTESIAN_POINT('',(-0.03313970915321,-0.0464889159577,0.017550243404173));
#2522=CARTESIAN_POINT('',(-0.03315791144456,-0.04645870676433,0.017515865462819));
#2523=CARTESIAN_POINT('',(-0.03317685866505,-0.04642997396435,0.017479979012192));
#2524=CARTESIAN_POINT('',(-0.03319644049798,-0.04640266778205,0.017442777986627));
#2525=CARTESIAN_POINT('',(-0.03321656197922,-0.0463767349789,0.01740442964088));
#2526=CARTESIAN_POINT('',(-0.03323714317661,-0.04635211965045,0.017365074799388));
#2527=CARTESIAN_POINT('',(-0.0332581188692,-0.04632876402308,0.017324828105521));
#2528=CARTESIAN_POINT('',(-0.03336305642792,-0.04621971440928,0.017122773731271));
#2529=CARTESIAN_POINT('',(-0.03345276784708,-0.04615045721413,0.01694786090187));
#2530=CARTESIAN_POINT('',(-0.03354486251988,-0.04609679074784,0.016765543924034));
#2531=CARTESIAN_POINT('',(-0.0336372814514,-0.04605654016062,0.016579589850734));
#2532=CARTESIAN_POINT('',(-0.03372901985749,-0.04602783183424,0.016391976175392));
#2533=CARTESIAN_POINT('',(-0.03381982211377,-0.0460092627636,0.016203253802034));
#2534=CARTESIAN_POINT('',(-0.03390997427157,-0.046,0.016012782016632));
#2535=CARTESIAN_POINT('',(-0.034,-0.046,0.015819292019556));
#2536=CARTESIAN_POINT('',(-0.034,-0.046,0.015819292019556));
#2537=CARTESIAN_POINT('',(0.11822658030621,-0.047,0.034));
#2538=CARTESIAN_POINT('',(-0.01581929201955,-0.046,0.034));
#2539=CARTESIAN_POINT('',(-0.01555743506362,-0.046,0.034121835048623));
#2540=CARTESIAN_POINT('',(-0.01530457702239,-0.04601696389266,0.034236677887864));
#2541=CARTESIAN_POINT('',(-0.01505623311662,-0.04604748815113,0.03434700381499));
#2542=CARTESIAN_POINT('',(-0.01480674506642,-0.04609195914701,0.034455481951766));
#2543=CARTESIAN_POINT('',(-0.01455381229025,-0.04615282532955,0.034563016794511));
#2544=CARTESIAN_POINT('',(-0.01430068089609,-0.0462337271778,0.03466786162006));
#2545=CARTESIAN_POINT('',(-0.01405931517194,-0.04633830072385,0.034765423937639));
#2546=CARTESIAN_POINT('',(-0.01381163216342,-0.04649534542218,0.034863890330544));
#2547=CARTESIAN_POINT('',(-0.01377085948152,-0.04652320560641,0.034880033007933));
#2548=CARTESIAN_POINT('',(-0.01373132157736,-0.04655249694595,0.034895624222342));
#2549=CARTESIAN_POINT('',(-0.01369323324924,-0.04658334496959,0.034910585978584));
#2550=CARTESIAN_POINT('',(-0.0136569073436,-0.04661586636464,0.034924803322697));
#2551=CARTESIAN_POINT('',(-0.01362275658689,-0.04665016543825,0.034938124163464));
#2552=CARTESIAN_POINT('',(-0.01359129541739,-0.04668633057879,0.034950359093936));
#2553=CARTESIAN_POINT('',(-0.01355436397639,-0.04673630972871,0.034964686554324));
#2554=CARTESIAN_POINT('',(-0.01354590713734,-0.04674837753556,0.034967964457636));
#2555=CARTESIAN_POINT('',(-0.01353779418694,-0.0467606307239,0.03497110643272));
#2556=CARTESIAN_POINT('',(-0.01353004772366,-0.04677306578175,0.034974104107957));
#2557=CARTESIAN_POINT('',(-0.01352269005738,-0.04678567909889,0.034976949230258));
#2558=CARTESIAN_POINT('',(-0.0135157432094,-0.0467984669669,0.034979633665072));
#2559=CARTESIAN_POINT('',(-0.01350922891242,-0.04681142557913,0.034982149396379));
#2560=CARTESIAN_POINT('',(-0.01349354505925,-0.0468453937974,0.034988202985345));
#2561=CARTESIAN_POINT('',(-0.01348505207395,-0.04686668792381,0.034991477582855));
#2562=CARTESIAN_POINT('',(-0.01347780797216,-0.04688836305006,0.034994268125291));
#2563=CARTESIAN_POINT('',(-0.01347190895101,-0.04691034876268,0.034996538886519));
#2564=CARTESIAN_POINT('',(-0.01346742906251,-0.04693257482084,0.034998262501606));
#2565=CARTESIAN_POINT('',(-0.01346442018889,-0.04695497138256,0.034999419860216));
#2566=CARTESIAN_POINT('',(-0.01346291201783,-0.04697746923087,0.035));
#2567=CARTESIAN_POINT('',(-0.01346291201783,-0.04702588102874,0.035));
#2568=CARTESIAN_POINT('',(-0.01346490201019,-0.04705170056988,0.034999234510856));
#2569=CARTESIAN_POINT('',(-0.01346886591407,-0.04707736308539,0.034997709814199));
#2570=CARTESIAN_POINT('',(-0.01347475240897,-0.04710277162925,0.034995444843469));
#2571=CARTESIAN_POINT('',(-0.01348247498383,-0.0471278282392,0.034992471409587));
#2572=CARTESIAN_POINT('',(-0.01349191198609,-0.04715243432846,0.034988834426636));
#2573=CARTESIAN_POINT('',(-0.01350290667088,-0.04717649107754,0.034984592137535));
#2574=CARTESIAN_POINT('',(-0.01353907593236,-0.04724498925492,0.034970617300433));
#2575=CARTESIAN_POINT('',(-0.01356798465502,-0.04728773450159,0.034959426493141));
#2576=CARTESIAN_POINT('',(-0.01360105140403,-0.04732817821342,0.034946591733911));
#2577=CARTESIAN_POINT('',(-0.01363746900842,-0.04736639513214,0.034932409112177));
#2578=CARTESIAN_POINT('',(-0.01367656359424,-0.04740248597798,0.034917125929899));
#2579=CARTESIAN_POINT('',(-0.01371779286071,-0.04743657200157,0.034900942191942));
#2580=CARTESIAN_POINT('',(-0.0137607441785,-0.04746879020331,0.034884010647684));
#2581=CARTESIAN_POINT('',(-0.0139152448823,-0.04757494692123,0.034822837124626));
#2582=CARTESIAN_POINT('',(-0.01403635353066,-0.04764150506227,0.034774425476567));
#2583=CARTESIAN_POINT('',(-0.01416347060608,-0.04769965159869,0.034723010799882));
#2584=CARTESIAN_POINT('',(-0.0142933724699,-0.04775029057611,0.034669803132857));
#2585=CARTESIAN_POINT('',(-0.01442443225041,-0.04779441131674,0.03461544799628));
#2586=CARTESIAN_POINT('',(-0.0145564113715,-0.04783295921362,0.034560045770426));
#2587=CARTESIAN_POINT('',(-0.01469020522305,-0.04786669020296,0.034503191532465));
#2588=CARTESIAN_POINT('',(-0.0149023061697,-0.04791194317978,0.034411885984896));
#2589=CARTESIAN_POINT('',(-0.01497741846252,-0.04792643205334,0.034379331668461));
#2590=CARTESIAN_POINT('',(-0.01505279538732,-0.04793949334963,0.03434643921089));
#2591=CARTESIAN_POINT('',(-0.01512837253617,-0.04795115538343,0.034313233217413));
#2592=CARTESIAN_POINT('',(-0.0152041001933,-0.04796143886876,0.034279732860189));
#2593=CARTESIAN_POINT('',(-0.01527994280122,-0.04797035674807,0.034245951758048));
#2594=CARTESIAN_POINT('',(-0.01535587842686,-0.04797791402147,0.034211897856219));
#2595=CARTESIAN_POINT('',(-0.01559208960799,-0.04799715883394,0.034105243504992));
#2596=CARTESIAN_POINT('',(-0.01575216515552,-0.04800411386003,0.034031932993375));
#2597=CARTESIAN_POINT('',(-0.01591202036485,-0.048004999435,0.033957682772947));
#2598=CARTESIAN_POINT('',(-0.01607153743196,-0.04799964393444,0.033882543566514));
#2599=CARTESIAN_POINT('',(-0.01623046711495,-0.04798769754745,0.033806629546406));
#2600=CARTESIAN_POINT('',(-0.01638831852364,-0.04796864693485,0.033730180030084));
#2601=CARTESIAN_POINT('',(-0.01654424667117,-0.04794183054176,0.033653632460369));
#2602=CARTESIAN_POINT('',(-0.01678659642126,-0.04788568828594,0.033533121078332));
#2603=CARTESIAN_POINT('',(-0.01687507087769,-0.04786198266998,0.033488784692849));
#2604=CARTESIAN_POINT('',(-0.01696235968276,-0.0478351296761,0.033444710785483));
#2605=CARTESIAN_POINT('',(-0.01704832763187,-0.04780486559616,0.033400980110465));
#2606=CARTESIAN_POINT('',(-0.01713267441759,-0.04777088948919,0.033357760315198));
#2607=CARTESIAN_POINT('',(-0.01721491216471,-0.04773287757523,0.033315322684698));
#2608=CARTESIAN_POINT('',(-0.01729434170583,-0.04769049980382,0.033274059537321));
#2609=CARTESIAN_POINT('',(-0.0174144006021,-0.04761584762748,0.033211310701051));
#2610=CARTESIAN_POINT('',(-0.01745756608987,-0.04758659740386,0.033188664110179));
#2611=CARTESIAN_POINT('',(-0.01749932799143,-0.04755561360004,0.033166672720172));
#2612=CARTESIAN_POINT('',(-0.01753945428819,-0.0475228243153,0.033145467780032));
#2613=CARTESIAN_POINT('',(-0.01757767424482,-0.04748816381977,0.033125203028953));
#2614=CARTESIAN_POINT('',(-0.01761367564157,-0.04745157629993,0.033106056158483));
#2615=CARTESIAN_POINT('',(-0.01764710200663,-0.04741301960406,0.033088230274697));
#2616=CARTESIAN_POINT('',(-0.01769561041628,-0.04734841581626,0.033062301664782));
#2617=CARTESIAN_POINT('',(-0.01771263166209,-0.047323649571,0.033053189012305));
#2618=CARTESIAN_POINT('',(-0.01772849800692,-0.04729820328166,0.033044682085818));
#2619=CARTESIAN_POINT('',(-0.01774310116114,-0.0472721134006,0.03303684196266));
#2620=CARTESIAN_POINT('',(-0.01775634009308,-0.0472454196783,0.033029725947441));
#2621=CARTESIAN_POINT('',(-0.01776812099772,-0.0472181650389,0.033023387404864));
#2622=CARTESIAN_POINT('',(-0.01777835726538,-0.04719039545568,0.033017875592541));
#2623=CARTESIAN_POINT('',(-0.01779299468252,-0.04714240569685,0.033009989201292));
#2624=CARTESIAN_POINT('',(-0.01779822171774,-0.04712243414551,0.03300717133898));
#2625=CARTESIAN_POINT('',(-0.01780261962997,-0.04710227957184,0.033004799330418));
#2626=CARTESIAN_POINT('',(-0.01780616353931,-0.04708197695403,0.033002887232254));
#2627=CARTESIAN_POINT('',(-0.01780883461145,-0.04706156174437,0.033001445712183));
#2628=CARTESIAN_POINT('',(-0.01781062005694,-0.04704106976456,0.033000482026892));
#2629=CARTESIAN_POINT('',(-0.01781151313055,-0.04702053710098,0.033));
#2630=CARTESIAN_POINT('',(-0.01781151313055,-0.04697450701401,0.033));
#2631=CARTESIAN_POINT('',(-0.01781013701486,-0.04694902710122,0.033000742737985));
#2632=CARTESIAN_POINT('',(-0.01780738734218,-0.04692362681721,0.033002226867131));
#2633=CARTESIAN_POINT('',(-0.01780328012978,-0.04689837224997,0.03300444329983));
#2634=CARTESIAN_POINT('',(-0.01779784485523,-0.04687332872761,0.033007375284001));
#2635=CARTESIAN_POINT('',(-0.01779112445812,-0.04684856052604,0.033010998479421));
#2636=CARTESIAN_POINT('',(-0.01778317534172,-0.04682413057667,0.033015281034035));
#2637=CARTESIAN_POINT('',(-0.01776917461061,-0.04678719113609,0.033022817331852));
#2638=CARTESIAN_POINT('',(-0.01776394595955,-0.04677439350848,0.033025630739984));
#2639=CARTESIAN_POINT('',(-0.01775839026124,-0.04676171257363,0.033028618861393));
#2640=CARTESIAN_POINT('',(-0.01775251678784,-0.046749153462,0.03303177643489));
#2641=CARTESIAN_POINT('',(-0.01774633524399,-0.04673672115216,0.033035097961383));
#2642=CARTESIAN_POINT('',(-0.01773985576678,-0.0467244204707,0.033038577703875));
#2643=CARTESIAN_POINT('',(-0.01773308892578,-0.04671225609232,0.033042209687466));
#2644=CARTESIAN_POINT('',(-0.01771163593808,-0.04667563338907,0.033053717185567));
#2645=CARTESIAN_POINT('',(-0.01769607532891,-0.04665163381975,0.033062054736697));
#2646=CARTESIAN_POINT('',(-0.01767944353819,-0.0466282440164,0.033070955043292));
#2647=CARTESIAN_POINT('',(-0.01766181858142,-0.04660547195376,0.033080373694269));
#2648=CARTESIAN_POINT('',(-0.01764327687407,-0.04658332346457,0.033090267227231));
#2649=CARTESIAN_POINT('',(-0.01762389325872,-0.04656180230744,0.033100593178776));
#2650=CARTESIAN_POINT('',(-0.01760374103227,-0.04654091023475,0.033111310134825));
#2651=CARTESIAN_POINT('',(-0.01755024340417,-0.0464889159577,0.033139709153217));
#2652=CARTESIAN_POINT('',(-0.01751586546281,-0.04645870676433,0.033157911444569));
#2653=CARTESIAN_POINT('',(-0.01747997901219,-0.04642997396435,0.033176858665055));
#2654=CARTESIAN_POINT('',(-0.01744277798662,-0.04640266778205,0.033196440497981));
#2655=CARTESIAN_POINT('',(-0.01740442964088,-0.0463767349789,0.03321656197923));
#2656=CARTESIAN_POINT('',(-0.01736507479938,-0.04635211965045,0.033237143176611));
#2657=CARTESIAN_POINT('',(-0.01732482810552,-0.04632876402308,0.033258118869204));
#2658=CARTESIAN_POINT('',(-0.01712277373127,-0.04621971440928,0.033363056427928));
#2659=CARTESIAN_POINT('',(-0.01694786090187,-0.04615045721413,0.033452767847081));
#2660=CARTESIAN_POINT('',(-0.01676554392403,-0.04609679074783,0.033544862519883));
#2661=CARTESIAN_POINT('',(-0.01657958985073,-0.04605654016062,0.033637281451406));
#2662=CARTESIAN_POINT('',(-0.01639197617539,-0.04602783183424,0.033729019857494));
#2663=CARTESIAN_POINT('',(-0.01620325380203,-0.0460092627636,0.033819822113777));
#2664=CARTESIAN_POINT('',(-0.01601278201663,-0.046,0.033909974271571));
#2665=CARTESIAN_POINT('',(-0.01581929201955,-0.046,0.034));
#2666=CARTESIAN_POINT('',(-0.01581929201955,-0.046,0.034));
#2667=CARTESIAN_POINT('',(0.015819292019556,-0.046,0.034));
#2668=CARTESIAN_POINT('',(0.015557435063627,-0.046,0.034121835048624));
#2669=CARTESIAN_POINT('',(0.015304577022402,-0.04601696389266,0.034236677887863));
#2670=CARTESIAN_POINT('',(0.015056233116621,-0.04604748815113,0.034347003814988));
#2671=CARTESIAN_POINT('',(0.014806745066423,-0.04609195914701,0.034455481951769));
#2672=CARTESIAN_POINT('',(0.014553812290248,-0.04615282532955,0.034563016794509));
#2673=CARTESIAN_POINT('',(0.014300680896103,-0.0462337271778,0.034667861620059));
#2674=CARTESIAN_POINT('',(0.014059315171942,-0.04633830072385,0.034765423937639));
#2675=CARTESIAN_POINT('',(0.013811632163426,-0.04649534542218,0.034863890330544));
#2676=CARTESIAN_POINT('',(0.013770859481529,-0.04652320560641,0.034880033007933));
#2677=CARTESIAN_POINT('',(0.013731321577364,-0.04655249694595,0.034895624222342));
#2678=CARTESIAN_POINT('',(0.01369323324924,-0.04658334496959,0.034910585978584));
#2679=CARTESIAN_POINT('',(0.013656907343606,-0.04661586636464,0.034924803322697));
#2680=CARTESIAN_POINT('',(0.013622756586898,-0.04665016543825,0.034938124163464));
#2681=CARTESIAN_POINT('',(0.013591295417393,-0.04668633057879,0.034950359093936));
#2682=CARTESIAN_POINT('',(0.013554363976399,-0.04673630972871,0.034964686554324));
#2683=CARTESIAN_POINT('',(0.013545907137344,-0.04674837753556,0.034967964457636));
#2684=CARTESIAN_POINT('',(0.013537794186945,-0.0467606307239,0.03497110643272));
#2685=CARTESIAN_POINT('',(0.013530047723665,-0.04677306578175,0.034974104107957));
#2686=CARTESIAN_POINT('',(0.013522690057386,-0.04678567909889,0.034976949230258));
#2687=CARTESIAN_POINT('',(0.013515743209401,-0.0467984669669,0.034979633665072));
#2688=CARTESIAN_POINT('',(0.013509228912422,-0.04681142557913,0.034982149396379));
#2689=CARTESIAN_POINT('',(0.01349354506931,-0.04684539377564,0.034988202981465));
#2690=CARTESIAN_POINT('',(0.013485052074857,-0.04686668791515,0.034991477582505));
#2691=CARTESIAN_POINT('',(0.013477807966345,-0.04688836306152,0.034994268127536));
#2692=CARTESIAN_POINT('',(0.013471908946361,-0.0469103487834,0.034996538888313));
#2693=CARTESIAN_POINT('',(0.013467429062977,-0.04693257483315,0.034998262501428));
#2694=CARTESIAN_POINT('',(0.013464420191767,-0.04695497137403,0.034999419859105));
#2695=CARTESIAN_POINT('',(0.013462912017836,-0.04697746920741,0.035));
#2696=CARTESIAN_POINT('',(0.013462912017836,-0.04702588111331,0.035));
#2697=CARTESIAN_POINT('',(0.013464902021834,-0.04705170060032,0.034999234506355));
#2698=CARTESIAN_POINT('',(0.013468865915921,-0.04707736304105,0.034997709813481));
#2699=CARTESIAN_POINT('',(0.013474752390114,-0.04710277155524,0.034995444850752));
#2700=CARTESIAN_POINT('',(0.013482474960219,-0.04712782819863,0.034992471418706));
#2701=CARTESIAN_POINT('',(0.013491911989693,-0.0471524343594,0.034988834425245));
#2702=CARTESIAN_POINT('',(0.013502906711509,-0.04717649115448,0.034984592121837));
#2703=CARTESIAN_POINT('',(0.013539075932365,-0.04724498925492,0.034970617300433));
#2704=CARTESIAN_POINT('',(0.013567984655026,-0.04728773450159,0.034959426493141));
#2705=CARTESIAN_POINT('',(0.013601051404032,-0.04732817821342,0.034946591733911));
#2706=CARTESIAN_POINT('',(0.013637469008424,-0.04736639513214,0.034932409112177));
#2707=CARTESIAN_POINT('',(0.013676563594249,-0.04740248597798,0.034917125929899));
#2708=CARTESIAN_POINT('',(0.013717792860715,-0.04743657200157,0.034900942191942));
#2709=CARTESIAN_POINT('',(0.013760744178502,-0.04746879020331,0.034884010647684));
#2710=CARTESIAN_POINT('',(0.013915244882303,-0.04757494692123,0.034822837124626));
#2711=CARTESIAN_POINT('',(0.014036353530662,-0.04764150506227,0.034774425476567));
#2712=CARTESIAN_POINT('',(0.014163470606088,-0.04769965159869,0.034723010799882));
#2713=CARTESIAN_POINT('',(0.014293372469903,-0.04775029057611,0.034669803132857));
#2714=CARTESIAN_POINT('',(0.014424432250415,-0.04779441131674,0.03461544799628));
#2715=CARTESIAN_POINT('',(0.014556411371507,-0.04783295921362,0.034560045770426));
#2716=CARTESIAN_POINT('',(0.014690205223052,-0.04786669020296,0.034503191532465));
#2717=CARTESIAN_POINT('',(0.014902306169702,-0.04791194317978,0.034411885984896));
#2718=CARTESIAN_POINT('',(0.014977418462528,-0.04792643205334,0.034379331668461));
#2719=CARTESIAN_POINT('',(0.015052795387327,-0.04793949334963,0.03434643921089));
#2720=CARTESIAN_POINT('',(0.015128372536178,-0.04795115538343,0.034313233217413));
#2721=CARTESIAN_POINT('',(0.015204100193307,-0.04796143886876,0.034279732860189));
#2722=CARTESIAN_POINT('',(0.015279942801228,-0.04797035674807,0.034245951758049));
#2723=CARTESIAN_POINT('',(0.01535587842686,-0.04797791402147,0.034211897856219));
#2724=CARTESIAN_POINT('',(0.015592089607992,-0.04799715883394,0.034105243504992));
#2725=CARTESIAN_POINT('',(0.015752165155526,-0.04800411386003,0.034031932993375));
#2726=CARTESIAN_POINT('',(0.015912020364852,-0.048004999435,0.033957682772947));
#2727=CARTESIAN_POINT('',(0.016071537431961,-0.04799964393444,0.033882543566514));
#2728=CARTESIAN_POINT('',(0.016230467114958,-0.04798769754745,0.033806629546405));
#2729=CARTESIAN_POINT('',(0.016388318523644,-0.04796864693485,0.033730180030084));
#2730=CARTESIAN_POINT('',(0.016544246671175,-0.04794183054176,0.033653632460369));
#2731=CARTESIAN_POINT('',(0.016786596421267,-0.04788568828594,0.033533121078332));
#2732=CARTESIAN_POINT('',(0.016875070877697,-0.04786198266998,0.033488784692849));
#2733=CARTESIAN_POINT('',(0.016962359682767,-0.0478351296761,0.033444710785483));
#2734=CARTESIAN_POINT('',(0.01704832763187,-0.04780486559616,0.033400980110465));
#2735=CARTESIAN_POINT('',(0.017132674417596,-0.04777088948919,0.033357760315198));
#2736=CARTESIAN_POINT('',(0.017214912164716,-0.04773287757523,0.033315322684698));
#2737=CARTESIAN_POINT('',(0.017294341705839,-0.04769049980382,0.033274059537321));
#2738=CARTESIAN_POINT('',(0.017414400602111,-0.04761584762748,0.03321131070105));
#2739=CARTESIAN_POINT('',(0.01745756608987,-0.04758659740386,0.03318866411018));
#2740=CARTESIAN_POINT('',(0.017499327991435,-0.04755561360004,0.033166672720172));
#2741=CARTESIAN_POINT('',(0.017539454288198,-0.0475228243153,0.033145467780032));
#2742=CARTESIAN_POINT('',(0.017577674244825,-0.04748816381977,0.033125203028952));
#2743=CARTESIAN_POINT('',(0.01761367564158,-0.04745157629993,0.033106056158482));
#2744=CARTESIAN_POINT('',(0.017647102006634,-0.04741301960406,0.033088230274697));
#2745=CARTESIAN_POINT('',(0.017695610416285,-0.04734841581626,0.033062301664782));
#2746=CARTESIAN_POINT('',(0.017712631662096,-0.047323649571,0.033053189012305));
#2747=CARTESIAN_POINT('',(0.017728498006924,-0.04729820328166,0.033044682085818));
#2748=CARTESIAN_POINT('',(0.017743101161143,-0.0472721134006,0.03303684196266));
#2749=CARTESIAN_POINT('',(0.017756340093084,-0.0472454196783,0.033029725947441));
#2750=CARTESIAN_POINT('',(0.017768120997726,-0.0472181650389,0.033023387404864));
#2751=CARTESIAN_POINT('',(0.017778357265387,-0.04719039545568,0.033017875592541));
#2752=CARTESIAN_POINT('',(0.017792994682526,-0.04714240569685,0.033009989201292));
#2753=CARTESIAN_POINT('',(0.017798221717749,-0.04712243414551,0.03300717133898));
#2754=CARTESIAN_POINT('',(0.01780261962997,-0.04710227957184,0.033004799330418));
#2755=CARTESIAN_POINT('',(0.017806163539311,-0.04708197695403,0.033002887232254));
#2756=CARTESIAN_POINT('',(0.017808834611452,-0.04706156174437,0.033001445712183));
#2757=CARTESIAN_POINT('',(0.017810620056948,-0.04704106976456,0.033000482026892));
#2758=CARTESIAN_POINT('',(0.017811513130557,-0.04702053710098,0.033));
#2759=CARTESIAN_POINT('',(0.017811513130557,-0.0469745070039,0.033));
#2760=CARTESIAN_POINT('',(0.017810137013834,-0.04694902709752,0.033000742738541));
#2761=CARTESIAN_POINT('',(0.017807387342016,-0.04692362682253,0.033002226867221));
#2762=CARTESIAN_POINT('',(0.017803280131448,-0.04689837225897,0.033004443298932));
#2763=CARTESIAN_POINT('',(0.01779784485732,-0.04687332873261,0.03300737528288));
#2764=CARTESIAN_POINT('',(0.017791124457788,-0.04684856052226,0.033010998479602));
#2765=CARTESIAN_POINT('',(0.017783175338101,-0.04682413056711,0.033015281035985));
#2766=CARTESIAN_POINT('',(0.017769174610614,-0.04678719113609,0.033022817331852));
#2767=CARTESIAN_POINT('',(0.017763945959554,-0.04677439350848,0.033025630739984));
#2768=CARTESIAN_POINT('',(0.017758390261243,-0.04676171257363,0.033028618861393));
#2769=CARTESIAN_POINT('',(0.017752516787846,-0.046749153462,0.03303177643489));
#2770=CARTESIAN_POINT('',(0.017746335243994,-0.04673672115216,0.033035097961383));
#2771=CARTESIAN_POINT('',(0.017739855766784,-0.0467244204707,0.033038577703875));
#2772=CARTESIAN_POINT('',(0.01773308892578,-0.04671225609232,0.033042209687466));
#2773=CARTESIAN_POINT('',(0.017711635932503,-0.04667563337954,0.033053717188564));
#2774=CARTESIAN_POINT('',(0.01769607532608,-0.04665163381661,0.033062054738205));
#2775=CARTESIAN_POINT('',(0.017679443541038,-0.04662824402151,0.033070955041764));
#2776=CARTESIAN_POINT('',(0.017661818587735,-0.04660547196175,0.033080373690905));
#2777=CARTESIAN_POINT('',(0.017643276878467,-0.04658332346862,0.033090267224898));
#2778=CARTESIAN_POINT('',(0.017623893256332,-0.04656180230392,0.033100593180055));
#2779=CARTESIAN_POINT('',(0.017603741024102,-0.0465409102268,0.033111310139165));
#2780=CARTESIAN_POINT('',(0.017550243404173,-0.0464889159577,0.033139709153217));
#2781=CARTESIAN_POINT('',(0.017515865462819,-0.04645870676433,0.033157911444569));
#2782=CARTESIAN_POINT('',(0.017479979012192,-0.04642997396435,0.033176858665055));
#2783=CARTESIAN_POINT('',(0.017442777986626,-0.04640266778205,0.033196440497981));
#2784=CARTESIAN_POINT('',(0.01740442964088,-0.0463767349789,0.03321656197923));
#2785=CARTESIAN_POINT('',(0.017365074799388,-0.04635211965045,0.033237143176612));
#2786=CARTESIAN_POINT('',(0.017324828105521,-0.04632876402308,0.033258118869204));
#2787=CARTESIAN_POINT('',(0.017122773731272,-0.04621971440928,0.033363056427927));
#2788=CARTESIAN_POINT('',(0.016947860901867,-0.04615045721413,0.033452767847083));
#2789=CARTESIAN_POINT('',(0.016765543924038,-0.04609679074784,0.033544862519881));
#2790=CARTESIAN_POINT('',(0.016579589850734,-0.04605654016062,0.033637281451405));
#2791=CARTESIAN_POINT('',(0.016391976175388,-0.04602783183424,0.033729019857496));
#2792=CARTESIAN_POINT('',(0.016203253802037,-0.0460092627636,0.033819822113776));
#2793=CARTESIAN_POINT('',(0.016012782016631,-0.046,0.033909974271571));
#2794=CARTESIAN_POINT('',(0.015819292019556,-0.046,0.034));
#2795=CARTESIAN_POINT('',(0.015819292019556,-0.046,0.034));
#2796=CARTESIAN_POINT('',(0.034,-0.047,-0.1182265803062));
#2797=CARTESIAN_POINT('',(0.034,-0.046,0.015819292019556));
#2798=CARTESIAN_POINT('',(0.034121835048623,-0.046,0.015557435063629));
#2799=CARTESIAN_POINT('',(0.034236677887866,-0.04601696389266,0.015304577022395));
#2800=CARTESIAN_POINT('',(0.034347003814986,-0.04604748815113,0.015056233116631));
#2801=CARTESIAN_POINT('',(0.034455481951768,-0.04609195914701,0.014806745066417));
#2802=CARTESIAN_POINT('',(0.034563016794512,-0.04615282532955,0.014553812290248));
#2803=CARTESIAN_POINT('',(0.034667861620058,-0.0462337271778,0.014300680896103));
#2804=CARTESIAN_POINT('',(0.034765423937639,-0.04633830072385,0.014059315171941));
#2805=CARTESIAN_POINT('',(0.034863890330544,-0.04649534542218,0.013811632163426));
#2806=CARTESIAN_POINT('',(0.034880033007933,-0.04652320560641,0.013770859481528));
#2807=CARTESIAN_POINT('',(0.034895624222342,-0.04655249694595,0.013731321577363));
#2808=CARTESIAN_POINT('',(0.034910585978584,-0.04658334496959,0.01369323324924));
#2809=CARTESIAN_POINT('',(0.034924803322697,-0.04661586636464,0.013656907343606));
#2810=CARTESIAN_POINT('',(0.034938124163464,-0.04665016543825,0.013622756586898));
#2811=CARTESIAN_POINT('',(0.034950359093936,-0.04668633057879,0.013591295417393));
#2812=CARTESIAN_POINT('',(0.034964686555097,-0.0467363097314,0.013554363974407));
#2813=CARTESIAN_POINT('',(0.03496796445802,-0.04674837753646,0.013545907136356));
#2814=CARTESIAN_POINT('',(0.034971106432462,-0.0467606307223,0.013537794187615));
#2815=CARTESIAN_POINT('',(0.034974104107358,-0.04677306577914,0.013530047725212));
#2816=CARTESIAN_POINT('',(0.03497694922983,-0.0467856790975,0.013522690058491));
#2817=CARTESIAN_POINT('',(0.034979633665183,-0.04679846696815,0.013515743209109));
#2818=CARTESIAN_POINT('',(0.034982149396913,-0.04681142558213,0.013509228911039));
#2819=CARTESIAN_POINT('',(0.034988202981476,-0.04684539377569,0.013493545069283));
#2820=CARTESIAN_POINT('',(0.034991477582506,-0.04686668791518,0.013485052074855));
#2821=CARTESIAN_POINT('',(0.03499426812753,-0.04688836306149,0.01347780796636));
#2822=CARTESIAN_POINT('',(0.034996538888308,-0.04691034878334,0.013471908946373));
#2823=CARTESIAN_POINT('',(0.034998262501429,-0.04693257483312,0.013467429062975));
#2824=CARTESIAN_POINT('',(0.034999419859108,-0.04695497137405,0.01346442019176));
#2825=CARTESIAN_POINT('',(0.035,-0.04697746920747,0.013462912017836));
#2826=CARTESIAN_POINT('',(0.035,-0.04702588102874,0.013462912017836));
#2827=CARTESIAN_POINT('',(0.034999234510856,-0.04705170056988,0.013464902010191));
#2828=CARTESIAN_POINT('',(0.034997709814199,-0.04707736308539,0.013468865914072));
#2829=CARTESIAN_POINT('',(0.034995444843469,-0.04710277162925,0.013474752408976));
#2830=CARTESIAN_POINT('',(0.034992471409587,-0.0471278282392,0.01348247498383));
#2831=CARTESIAN_POINT('',(0.034988834426636,-0.04715243432846,0.013491911986098));
#2832=CARTESIAN_POINT('',(0.034984592137535,-0.04717649107754,0.01350290667088));
#2833=CARTESIAN_POINT('',(0.034970617300432,-0.04724498925493,0.013539075932368));
#2834=CARTESIAN_POINT('',(0.03495942649314,-0.04728773450159,0.013567984655029));
#2835=CARTESIAN_POINT('',(0.034946591733911,-0.04732817821342,0.013601051404032));
#2836=CARTESIAN_POINT('',(0.034932409112178,-0.04736639513213,0.013637469008419));
#2837=CARTESIAN_POINT('',(0.0349171259299,-0.04740248597798,0.013676563594244));
#2838=CARTESIAN_POINT('',(0.034900942191942,-0.04743657200157,0.013717792860716));
#2839=CARTESIAN_POINT('',(0.034884010647681,-0.04746879020332,0.01376074417851));
#2840=CARTESIAN_POINT('',(0.034822837124626,-0.04757494692123,0.013915244882303));
#2841=CARTESIAN_POINT('',(0.034774425476567,-0.04764150506227,0.014036353530662));
#2842=CARTESIAN_POINT('',(0.034723010799882,-0.0476996515987,0.014163470606088));
#2843=CARTESIAN_POINT('',(0.034669803132856,-0.04775029057611,0.014293372469904));
#2844=CARTESIAN_POINT('',(0.03461544799628,-0.04779441131674,0.014424432250416));
#2845=CARTESIAN_POINT('',(0.034560045770425,-0.04783295921362,0.014556411371509));
#2846=CARTESIAN_POINT('',(0.034503191532464,-0.04786669020296,0.014690205223054));
#2847=CARTESIAN_POINT('',(0.034411885984895,-0.04791194317978,0.014902306169704));
#2848=CARTESIAN_POINT('',(0.03437933166846,-0.04792643205334,0.01497741846253));
#2849=CARTESIAN_POINT('',(0.034346439210889,-0.04793949334963,0.01505279538733));
#2850=CARTESIAN_POINT('',(0.034313233217411,-0.04795115538343,0.01512837253618));
#2851=CARTESIAN_POINT('',(0.034279732860188,-0.04796143886876,0.01520410019331));
#2852=CARTESIAN_POINT('',(0.034245951758047,-0.04797035674807,0.01527994280123));
#2853=CARTESIAN_POINT('',(0.034211897856218,-0.04797791402147,0.015355878426863));
#2854=CARTESIAN_POINT('',(0.034105243504991,-0.04799715883394,0.015592089607994));
#2855=CARTESIAN_POINT('',(0.034031932993374,-0.04800411386003,0.015752165155529));
#2856=CARTESIAN_POINT('',(0.033957682772946,-0.048004999435,0.015912020364855));
#2857=CARTESIAN_POINT('',(0.033882543566513,-0.04799964393444,0.016071537431964));
#2858=CARTESIAN_POINT('',(0.033806629546405,-0.04798769754745,0.016230467114959));
#2859=CARTESIAN_POINT('',(0.033730180030084,-0.04796864693485,0.016388318523645));
#2860=CARTESIAN_POINT('',(0.033653632460367,-0.04794183054176,0.016544246671179));
#2861=CARTESIAN_POINT('',(0.033533121078331,-0.04788568828593,0.016786596421269));
#2862=CARTESIAN_POINT('',(0.033488784692848,-0.04786198266998,0.016875070877699));
#2863=CARTESIAN_POINT('',(0.033444710785482,-0.0478351296761,0.016962359682768));
#2864=CARTESIAN_POINT('',(0.033400980110464,-0.04780486559616,0.017048327631871));
#2865=CARTESIAN_POINT('',(0.033357760315198,-0.04777088948919,0.017132674417597));
#2866=CARTESIAN_POINT('',(0.033315322684698,-0.04773287757523,0.017214912164717));
#2867=CARTESIAN_POINT('',(0.03327405953732,-0.04769049980382,0.01729434170584));
#2868=CARTESIAN_POINT('',(0.03321131070105,-0.04761584762748,0.017414400602111));
#2869=CARTESIAN_POINT('',(0.03318866411018,-0.04758659740386,0.01745756608987));
#2870=CARTESIAN_POINT('',(0.033166672720172,-0.04755561360004,0.017499327991435));
#2871=CARTESIAN_POINT('',(0.033145467780032,-0.0475228243153,0.017539454288198));
#2872=CARTESIAN_POINT('',(0.033125203028952,-0.04748816381977,0.017577674244826));
#2873=CARTESIAN_POINT('',(0.033106056158482,-0.04745157629993,0.01761367564158));
#2874=CARTESIAN_POINT('',(0.033088230274697,-0.04741301960406,0.017647102006634));
#2875=CARTESIAN_POINT('',(0.033062301649588,-0.04734841577841,0.017695610444709));
#2876=CARTESIAN_POINT('',(0.033053189008811,-0.04732364955478,0.017712631668605));
#2877=CARTESIAN_POINT('',(0.033044682094198,-0.04729820330116,0.017728497991249));
#2878=CARTESIAN_POINT('',(0.033036841972966,-0.04727211343801,0.017743101141919));
#2879=CARTESIAN_POINT('',(0.033029725950901,-0.04724541970169,0.017756340086679));
#2880=CARTESIAN_POINT('',(0.033023387399865,-0.04721816502396,0.01776812100707));
#2881=CARTESIAN_POINT('',(0.033017875585316,-0.04719039541171,0.017778357278796));
#2882=CARTESIAN_POINT('',(0.033009989201292,-0.04714240569685,0.017792994682526));
#2883=CARTESIAN_POINT('',(0.03300717133898,-0.04712243414551,0.017798221717749));
#2884=CARTESIAN_POINT('',(0.033004799330418,-0.04710227957184,0.01780261962997));
#2885=CARTESIAN_POINT('',(0.033002887232254,-0.04708197695403,0.017806163539311));
#2886=CARTESIAN_POINT('',(0.033001445712183,-0.04706156174437,0.017808834611452));
#2887=CARTESIAN_POINT('',(0.033000482026892,-0.04704106976456,0.017810620056948));
#2888=CARTESIAN_POINT('',(0.033,-0.04702053710098,0.017811513130557));
#2889=CARTESIAN_POINT('',(0.033,-0.04697450700383,0.017811513130557));
#2890=CARTESIAN_POINT('',(0.033000742738545,-0.0469490270975,0.017810137013826));
#2891=CARTESIAN_POINT('',(0.033002226867221,-0.04692362682257,0.017807387342015));
#2892=CARTESIAN_POINT('',(0.033004443298925,-0.04689837225904,0.017803280131461));
#2893=CARTESIAN_POINT('',(0.033007375282872,-0.04687332873265,0.017797844857336));
#2894=CARTESIAN_POINT('',(0.033010998479604,-0.04684856052224,0.017791124457786));
#2895=CARTESIAN_POINT('',(0.033015281035999,-0.04682413056704,0.017783175338075));
#2896=CARTESIAN_POINT('',(0.033022817331399,-0.04678719113831,0.017769174611456));
#2897=CARTESIAN_POINT('',(0.033025630739887,-0.04677439350938,0.017763945959732));
#2898=CARTESIAN_POINT('',(0.033028618861753,-0.04676171257255,0.017758390260571));
#2899=CARTESIAN_POINT('',(0.033031776435395,-0.04674915346004,0.017752516786905));
#2900=CARTESIAN_POINT('',(0.033035097961602,-0.04673672115097,0.017746335243587));
#2901=CARTESIAN_POINT('',(0.033038577703552,-0.04672442047143,0.017739855767387));
#2902=CARTESIAN_POINT('',(0.033042209686815,-0.04671225609439,0.017733088926993));
#2903=CARTESIAN_POINT('',(0.033053717188568,-0.04667563337952,0.017711635932496));
#2904=CARTESIAN_POINT('',(0.033062054738206,-0.0466516338166,0.017696075326076));
#2905=CARTESIAN_POINT('',(0.033070955041762,-0.04662824402152,0.017679443541041));
#2906=CARTESIAN_POINT('',(0.033080373690901,-0.04660547196176,0.017661818587743));
#2907=CARTESIAN_POINT('',(0.033090267224895,-0.04658332346862,0.017643276878473));
#2908=CARTESIAN_POINT('',(0.033100593180056,-0.04656180230391,0.01762389325633));
#2909=CARTESIAN_POINT('',(0.033111310139171,-0.04654091022679,0.017603741024092));
#2910=CARTESIAN_POINT('',(0.033139709153217,-0.0464889159577,0.017550243404173));
#2911=CARTESIAN_POINT('',(0.033157911444569,-0.04645870676433,0.017515865462819));
#2912=CARTESIAN_POINT('',(0.033176858665055,-0.04642997396435,0.017479979012192));
#2913=CARTESIAN_POINT('',(0.03319644049798,-0.04640266778205,0.017442777986627));
#2914=CARTESIAN_POINT('',(0.033216561979229,-0.0463767349789,0.01740442964088));
#2915=CARTESIAN_POINT('',(0.033237143176611,-0.04635211965045,0.017365074799388));
#2916=CARTESIAN_POINT('',(0.033258118869204,-0.04632876402308,0.017324828105521));
#2917=CARTESIAN_POINT('',(0.033363056427927,-0.04621971440928,0.017122773731271));
#2918=CARTESIAN_POINT('',(0.033452767847082,-0.04615045721413,0.01694786090187));
#2919=CARTESIAN_POINT('',(0.033544862519882,-0.04609679074784,0.016765543924036));
#2920=CARTESIAN_POINT('',(0.033637281451405,-0.04605654016062,0.016579589850733));
#2921=CARTESIAN_POINT('',(0.033729019857495,-0.04602783183424,0.01639197617539));
#2922=CARTESIAN_POINT('',(0.033819822113776,-0.0460092627636,0.016203253802037));
#2923=CARTESIAN_POINT('',(0.033909974271571,-0.046,0.016012782016631));
#2924=CARTESIAN_POINT('',(0.034,-0.046,0.015819292019556));
#2925=CARTESIAN_POINT('',(0.034,-0.046,0.015819292019556));
#2926=CARTESIAN_POINT('',(0.034,-0.046,-0.01581929201955));
#2927=CARTESIAN_POINT('',(0.034121835048624,-0.046,-0.01555743506362));
#2928=CARTESIAN_POINT('',(0.034236677887862,-0.04601696389266,-0.0153045770224));
#2929=CARTESIAN_POINT('',(0.034347003814992,-0.04604748815113,-0.01505623311661));
#2930=CARTESIAN_POINT('',(0.034455481951764,-0.04609195914701,-0.01480674506642));
#2931=CARTESIAN_POINT('',(0.034563016794512,-0.04615282532955,-0.01455381229024));
#2932=CARTESIAN_POINT('',(0.034667861620059,-0.0462337271778,-0.0143006808961));
#2933=CARTESIAN_POINT('',(0.034765423937639,-0.04633830072385,-0.01405931517194));
#2934=CARTESIAN_POINT('',(0.034863890330544,-0.04649534542218,-0.01381163216342));
#2935=CARTESIAN_POINT('',(0.034880033007933,-0.04652320560641,-0.01377085948152));
#2936=CARTESIAN_POINT('',(0.034895624222342,-0.04655249694595,-0.01373132157736));
#2937=CARTESIAN_POINT('',(0.034910585978584,-0.04658334496959,-0.01369323324924));
#2938=CARTESIAN_POINT('',(0.034924803322697,-0.04661586636464,-0.0136569073436));
#2939=CARTESIAN_POINT('',(0.034938124163464,-0.04665016543825,-0.01362275658689));
#2940=CARTESIAN_POINT('',(0.034950359093936,-0.04668633057879,-0.01359129541739));
#2941=CARTESIAN_POINT('',(0.034964686554324,-0.04673630972871,-0.01355436397639));
#2942=CARTESIAN_POINT('',(0.034967964457636,-0.04674837753556,-0.01354590713734));
#2943=CARTESIAN_POINT('',(0.03497110643272,-0.0467606307239,-0.01353779418694));
#2944=CARTESIAN_POINT('',(0.034974104107957,-0.04677306578175,-0.01353004772366));
#2945=CARTESIAN_POINT('',(0.034976949230258,-0.04678567909889,-0.01352269005738));
#2946=CARTESIAN_POINT('',(0.034979633665072,-0.0467984669669,-0.0135157432094));
#2947=CARTESIAN_POINT('',(0.034982149396379,-0.04681142557913,-0.01350922891242));
#2948=CARTESIAN_POINT('',(0.034988202985345,-0.0468453937974,-0.01349354505925));
#2949=CARTESIAN_POINT('',(0.034991477582855,-0.04686668792381,-0.01348505207395));
#2950=CARTESIAN_POINT('',(0.034994268125291,-0.04688836305006,-0.01347780797216));
#2951=CARTESIAN_POINT('',(0.034996538886519,-0.04691034876268,-0.01347190895101));
#2952=CARTESIAN_POINT('',(0.034998262501606,-0.04693257482084,-0.01346742906251));
#2953=CARTESIAN_POINT('',(0.034999419860216,-0.04695497138256,-0.01346442018889));
#2954=CARTESIAN_POINT('',(0.035,-0.04697746923087,-0.01346291201783));
#2955=CARTESIAN_POINT('',(0.035,-0.04702588102874,-0.01346291201783));
#2956=CARTESIAN_POINT('',(0.034999234510856,-0.04705170056988,-0.01346490201019));
#2957=CARTESIAN_POINT('',(0.034997709814199,-0.04707736308539,-0.01346886591407));
#2958=CARTESIAN_POINT('',(0.034995444843469,-0.04710277162925,-0.01347475240897));
#2959=CARTESIAN_POINT('',(0.034992471409587,-0.0471278282392,-0.01348247498383));
#2960=CARTESIAN_POINT('',(0.034988834426636,-0.04715243432846,-0.01349191198609));
#2961=CARTESIAN_POINT('',(0.034984592137535,-0.04717649107754,-0.01350290667088));
#2962=CARTESIAN_POINT('',(0.034970617300431,-0.04724498925493,-0.01353907593237));
#2963=CARTESIAN_POINT('',(0.034959426493139,-0.04728773450159,-0.01356798465503));
#2964=CARTESIAN_POINT('',(0.034946591733911,-0.04732817821342,-0.01360105140403));
#2965=CARTESIAN_POINT('',(0.034932409112179,-0.04736639513213,-0.01363746900841));
#2966=CARTESIAN_POINT('',(0.034917125929901,-0.04740248597798,-0.01367656359424));
#2967=CARTESIAN_POINT('',(0.034900942191942,-0.04743657200157,-0.01371779286071));
#2968=CARTESIAN_POINT('',(0.034884010647679,-0.04746879020332,-0.01376074417851));
#2969=CARTESIAN_POINT('',(0.034822837124626,-0.04757494692123,-0.0139152448823));
#2970=CARTESIAN_POINT('',(0.034774425476567,-0.04764150506227,-0.01403635353066));
#2971=CARTESIAN_POINT('',(0.034723010799882,-0.0476996515987,-0.01416347060608));
#2972=CARTESIAN_POINT('',(0.034669803132856,-0.04775029057611,-0.0142933724699));
#2973=CARTESIAN_POINT('',(0.034615447996279,-0.04779441131674,-0.01442443225041));
#2974=CARTESIAN_POINT('',(0.034560045770426,-0.04783295921362,-0.0145564113715));
#2975=CARTESIAN_POINT('',(0.034503191532464,-0.04786669020296,-0.01469020522305));
#2976=CARTESIAN_POINT('',(0.034411885984895,-0.04791194317978,-0.0149023061697));
#2977=CARTESIAN_POINT('',(0.03437933166846,-0.04792643205334,-0.01497741846253));
#2978=CARTESIAN_POINT('',(0.034346439210889,-0.04793949334963,-0.01505279538733));
#2979=CARTESIAN_POINT('',(0.034313233217411,-0.04795115538343,-0.01512837253618));
#2980=CARTESIAN_POINT('',(0.034279732860188,-0.04796143886876,-0.01520410019331));
#2981=CARTESIAN_POINT('',(0.034245951758047,-0.04797035674807,-0.01527994280123));
#2982=CARTESIAN_POINT('',(0.034211897856218,-0.04797791402147,-0.01535587842686));
#2983=CARTESIAN_POINT('',(0.034105243504991,-0.04799715883394,-0.01559208960799));
#2984=CARTESIAN_POINT('',(0.034031932993374,-0.04800411386003,-0.01575216515552));
#2985=CARTESIAN_POINT('',(0.033957682772946,-0.048004999435,-0.01591202036485));
#2986=CARTESIAN_POINT('',(0.033882543566513,-0.04799964393444,-0.01607153743196));
#2987=CARTESIAN_POINT('',(0.033806629546405,-0.04798769754745,-0.01623046711495));
#2988=CARTESIAN_POINT('',(0.033730180030083,-0.04796864693485,-0.01638831852364));
#2989=CARTESIAN_POINT('',(0.033653632460368,-0.04794183054176,-0.01654424667117));
#2990=CARTESIAN_POINT('',(0.033533121078331,-0.04788568828593,-0.01678659642126));
#2991=CARTESIAN_POINT('',(0.033488784692848,-0.04786198266998,-0.01687507087769));
#2992=CARTESIAN_POINT('',(0.033444710785482,-0.0478351296761,-0.01696235968276));
#2993=CARTESIAN_POINT('',(0.033400980110464,-0.04780486559616,-0.01704832763187));
#2994=CARTESIAN_POINT('',(0.033357760315198,-0.04777088948919,-0.01713267441759));
#2995=CARTESIAN_POINT('',(0.033315322684698,-0.04773287757523,-0.01721491216471));
#2996=CARTESIAN_POINT('',(0.03327405953732,-0.04769049980382,-0.01729434170584));
#2997=CARTESIAN_POINT('',(0.033211310701051,-0.04761584762748,-0.01741440060211));
#2998=CARTESIAN_POINT('',(0.033188664110179,-0.04758659740386,-0.01745756608987));
#2999=CARTESIAN_POINT('',(0.033166672720171,-0.04755561360004,-0.01749932799143));
#3000=CARTESIAN_POINT('',(0.033145467780032,-0.0475228243153,-0.01753945428819));
#3001=CARTESIAN_POINT('',(0.033125203028953,-0.04748816381977,-0.01757767424482));
#3002=CARTESIAN_POINT('',(0.033106056158483,-0.04745157629993,-0.01761367564158));
#3003=CARTESIAN_POINT('',(0.033088230274696,-0.04741301960406,-0.01764710200663));
#3004=CARTESIAN_POINT('',(0.033062301664782,-0.04734841581626,-0.01769561041628));
#3005=CARTESIAN_POINT('',(0.033053189012305,-0.047323649571,-0.01771263166209));
#3006=CARTESIAN_POINT('',(0.033044682085818,-0.04729820328166,-0.01772849800692));
#3007=CARTESIAN_POINT('',(0.03303684196266,-0.0472721134006,-0.01774310116114));
#3008=CARTESIAN_POINT('',(0.033029725947441,-0.0472454196783,-0.01775634009308));
#3009=CARTESIAN_POINT('',(0.033023387404864,-0.0472181650389,-0.01776812099772));
#3010=CARTESIAN_POINT('',(0.033017875592541,-0.04719039545568,-0.01777835726538));
#3011=CARTESIAN_POINT('',(0.033009989201292,-0.04714240569685,-0.01779299468252));
#3012=CARTESIAN_POINT('',(0.03300717133898,-0.04712243414551,-0.01779822171774));
#3013=CARTESIAN_POINT('',(0.033004799330418,-0.04710227957184,-0.01780261962997));
#3014=CARTESIAN_POINT('',(0.033002887232254,-0.04708197695403,-0.01780616353931));
#3015=CARTESIAN_POINT('',(0.033001445712183,-0.04706156174437,-0.01780883461145));
#3016=CARTESIAN_POINT('',(0.033000482026892,-0.04704106976456,-0.01781062005694));
#3017=CARTESIAN_POINT('',(0.033,-0.04702053710098,-0.01781151313055));
#3018=CARTESIAN_POINT('',(0.033,-0.0469745070039,-0.01781151313055));
#3019=CARTESIAN_POINT('',(0.033000742738541,-0.04694902709752,-0.01781013701383));
#3020=CARTESIAN_POINT('',(0.033002226867221,-0.04692362682253,-0.01780738734201));
#3021=CARTESIAN_POINT('',(0.033004443298932,-0.04689837225897,-0.01780328013144));
#3022=CARTESIAN_POINT('',(0.03300737528288,-0.04687332873261,-0.01779784485732));
#3023=CARTESIAN_POINT('',(0.033010998479602,-0.04684856052226,-0.01779112445778));
#3024=CARTESIAN_POINT('',(0.033015281035985,-0.04682413056711,-0.0177831753381));
#3025=CARTESIAN_POINT('',(0.033022817331852,-0.04678719113609,-0.01776917461061));
#3026=CARTESIAN_POINT('',(0.033025630739984,-0.04677439350848,-0.01776394595955));
#3027=CARTESIAN_POINT('',(0.033028618861393,-0.04676171257363,-0.01775839026124));
#3028=CARTESIAN_POINT('',(0.03303177643489,-0.046749153462,-0.01775251678784));
#3029=CARTESIAN_POINT('',(0.033035097961383,-0.04673672115216,-0.01774633524399));
#3030=CARTESIAN_POINT('',(0.033038577703875,-0.0467244204707,-0.01773985576678));
#3031=CARTESIAN_POINT('',(0.033042209687466,-0.04671225609232,-0.01773308892578));
#3032=CARTESIAN_POINT('',(0.033053717188568,-0.04667563337952,-0.01771163593249));
#3033=CARTESIAN_POINT('',(0.033062054738206,-0.0466516338166,-0.01769607532607));
#3034=CARTESIAN_POINT('',(0.033070955041762,-0.04662824402152,-0.01767944354104));
#3035=CARTESIAN_POINT('',(0.033080373690901,-0.04660547196176,-0.01766181858774));
#3036=CARTESIAN_POINT('',(0.033090267224894,-0.04658332346862,-0.01764327687847));
#3037=CARTESIAN_POINT('',(0.033100593180056,-0.04656180230391,-0.01762389325633));
#3038=CARTESIAN_POINT('',(0.033111310139171,-0.04654091022679,-0.01760374102409));
#3039=CARTESIAN_POINT('',(0.033139709153217,-0.0464889159577,-0.01755024340417));
#3040=CARTESIAN_POINT('',(0.033157911444569,-0.04645870676433,-0.01751586546281));
#3041=CARTESIAN_POINT('',(0.033176858665055,-0.04642997396435,-0.01747997901219));
#3042=CARTESIAN_POINT('',(0.03319644049798,-0.04640266778205,-0.01744277798662));
#3043=CARTESIAN_POINT('',(0.033216561979229,-0.0463767349789,-0.01740442964088));
#3044=CARTESIAN_POINT('',(0.033237143176611,-0.04635211965045,-0.01736507479938));
#3045=CARTESIAN_POINT('',(0.033258118869204,-0.04632876402308,-0.01732482810552));
#3046=CARTESIAN_POINT('',(0.033363056427927,-0.04621971440928,-0.01712277373127));
#3047=CARTESIAN_POINT('',(0.03345276784708,-0.04615045721413,-0.01694786090187));
#3048=CARTESIAN_POINT('',(0.033544862519884,-0.04609679074783,-0.01676554392403));
#3049=CARTESIAN_POINT('',(0.033637281451405,-0.04605654016062,-0.01657958985073));
#3050=CARTESIAN_POINT('',(0.033729019857492,-0.04602783183424,-0.01639197617539));
#3051=CARTESIAN_POINT('',(0.033819822113778,-0.04600926276359,-0.01620325380203));
#3052=CARTESIAN_POINT('',(0.03390997427157,-0.046,-0.01601278201663));
#3053=CARTESIAN_POINT('',(0.034,-0.046,-0.01581929201955));
#3054=CARTESIAN_POINT('',(0.034,-0.046,-0.01581929201955));
#3055=CARTESIAN_POINT('',(-3.21750619421E-18,3.840947764256E-34,1.729809091986E-18));
#3056=CARTESIAN_POINT('',(0.,0.,0.));
#3057=CARTESIAN_POINT('',(0.0375,0.,0.));
#3058=CARTESIAN_POINT('',(-3.21750619421E-18,-0.05,1.42108547152E-17));
#3059=CARTESIAN_POINT('',(0.,-0.05,7.105427357601E-18));
#3060=CARTESIAN_POINT('',(0.0375,-0.05,7.105427357601E-18));
#3061=CARTESIAN_POINT('',(0.,0.,0.));
#3062=MECHANICAL_DESIGN_GEOMETRIC_PRESENTATION_REPRESENTATION('',(#617),
#3063);
#3063=(
GEOMETRIC_REPRESENTATION_CONTEXT(3)
GLOBAL_UNCERTAINTY_ASSIGNED_CONTEXT((#3064))
GLOBAL_UNIT_ASSIGNED_CONTEXT((#3067,#3066,#3065))
REPRESENTATION_CONTEXT('SpoolBase','TOP_LEVEL_ASSEMBLY_PART')
);
#3064=UNCERTAINTY_MEASURE_WITH_UNIT(LENGTH_MEASURE(1.E-8),#3067,
'DISTANCE_ACCURACY_VALUE','Maximum Tolerance applied to model');
#3065=(
NAMED_UNIT(*)
SI_UNIT($,.STERADIAN.)
SOLID_ANGLE_UNIT()
);
#3066=(
NAMED_UNIT(*)
PLANE_ANGLE_UNIT()
SI_UNIT($,.RADIAN.)
);
#3067=(
LENGTH_UNIT()
NAMED_UNIT(*)
SI_UNIT($,.METRE.)
);
#3068=PRODUCT_DEFINITION_SHAPE('','',#3069);
#3069=PRODUCT_DEFINITION('','',#3071,#3070);
#3070=PRODUCT_DEFINITION_CONTEXT('',#3077,'design');
#3071=PRODUCT_DEFINITION_FORMATION_WITH_SPECIFIED_SOURCE('','',#3073,
 .NOT_KNOWN.);
#3072=PRODUCT_RELATED_PRODUCT_CATEGORY('','',(#3073));
#3073=PRODUCT('SpoolBase','SpoolBase','SpoolBase',(#3075));
#3074=PRODUCT_CATEGORY('','');
#3075=PRODUCT_CONTEXT('',#3077,'mechanical');
#3076=APPLICATION_PROTOCOL_DEFINITION('international standard',
'ap242_managed_model_based_3d_engineering',2020,#3077);
#3077=APPLICATION_CONTEXT('managed model based 3d engineering');
ENDSEC;
END-ISO-10303-21;
