ISO-10303-21;
HEADER;
/* Generated by software containing ST-Developer
 * from STEP Tools, Inc. (www.steptools.com) 
 */
/* OPTION: using custom renumber hook */

FILE_DESCRIPTION(
/* description */ ('STEP AP242 Edition 2',
'CAx-IF Rec.Pracs.---Representation and Presentation of Product Manufa
cturing Information (PMI)---4.0---2014-10-13',
'CAx-IF Rec.Pracs.---3D Tessellated Geometry---0.4---2014-09-14','2;1',
'CAx-IF Rec.Pracs.---User Defined Attributes---1.5---2016-08-15'),
/* implementation_level */ '2;1');

FILE_NAME(
/* name */ 'Small Gear',
/* time_stamp */ '2026-06-29T21:36:57Z',
/* author */ (''),
/* organization */ (''),
/* preprocessor_version */ 'ST-DEVELOPER v20',
/* originating_system */ 'ONSHAPE BY PTC INC, 1.217',
/* authorisation */ '  ');

FILE_SCHEMA (('AP242_MANAGED_MODEL_BASED_3D_ENGINEERING_MIM_LF { 1 0 10303 442 3 1 4 }'));
ENDSEC;

DATA;
#10=SHAPE_REPRESENTATION_RELATIONSHIP('','',#893,#11);
#11=ADVANCED_BREP_SHAPE_REPRESENTATION('',(#891),#3225);
#12=B_SPLINE_SURFACE_WITH_KNOTS('',3,1,((#2714,#2715),(#2716,#2717),(#2718,
#2719),(#2720,#2721),(#2722,#2723),(#2724,#2725),(#2726,#2727),(#2728,#2729),
(#2730,#2731),(#2732,#2733),(#2734,#2735),(#2736,#2737),(#2738,#2739),(#2740,
#2741),(#2742,#2743),(#2744,#2745)),.SURF_OF_LINEAR_EXTRUSION.,.F.,.F.,
 .F.,(4,1,1,1,1,1,1,1,1,1,1,1,1,4),(2,2),(0.0304980089358264,0.0607248845118063,
0.0909517600877862,0.121178635663766,0.136292073451756,0.151405511239746,
0.211859262391706,0.272313013543666,0.332766764695626,0.393220515847585,
0.514128018151505,0.635035520455425,0.755943022759345,0.997758027367184),
(0.,1.),.UNSPECIFIED.);
#13=B_SPLINE_SURFACE_WITH_KNOTS('',3,1,((#2747,#2748),(#2749,#2750),(#2751,
#2752),(#2753,#2754),(#2755,#2756),(#2757,#2758),(#2759,#2760),(#2761,#2762),
(#2763,#2764),(#2765,#2766),(#2767,#2768),(#2769,#2770),(#2771,#2772),(#2773,
#2774),(#2775,#2776),(#2777,#2778)),.SURF_OF_LINEAR_EXTRUSION.,.F.,.F.,
 .F.,(4,1,1,1,1,1,1,1,1,1,1,1,1,4),(2,2),(0.0304980089358264,0.0607248845118063,
0.0909517600877862,0.121178635663766,0.136292073451756,0.151405511239746,
0.211859262391706,0.272313013543666,0.332766764695626,0.393220515847585,
0.514128018151505,0.635035520455425,0.755943022759345,0.997758027367184),
(0.,1.),.UNSPECIFIED.);
#14=B_SPLINE_SURFACE_WITH_KNOTS('',3,1,((#2785,#2786),(#2787,#2788),(#2789,
#2790),(#2791,#2792),(#2793,#2794),(#2795,#2796),(#2797,#2798),(#2799,#2800),
(#2801,#2802),(#2803,#2804),(#2805,#2806),(#2807,#2808),(#2809,#2810),(#2811,
#2812),(#2813,#2814),(#2815,#2816)),.SURF_OF_LINEAR_EXTRUSION.,.F.,.F.,
 .F.,(4,1,1,1,1,1,1,1,1,1,1,1,1,4),(2,2),(0.0304980089358263,0.0607248845118062,
0.0909517600877861,0.121178635663766,0.136292073451756,0.151405511239746,
0.211859262391706,0.272313013543666,0.332766764695626,0.393220515847585,
0.514128018151505,0.635035520455425,0.755943022759345,0.997758027367184),
(0.,1.),.UNSPECIFIED.);
#15=B_SPLINE_SURFACE_WITH_KNOTS('',3,1,((#2818,#2819),(#2820,#2821),(#2822,
#2823),(#2824,#2825),(#2826,#2827),(#2828,#2829),(#2830,#2831),(#2832,#2833),
(#2834,#2835),(#2836,#2837),(#2838,#2839),(#2840,#2841),(#2842,#2843),(#2844,
#2845),(#2846,#2847),(#2848,#2849)),.SURF_OF_LINEAR_EXTRUSION.,.F.,.F.,
 .F.,(4,1,1,1,1,1,1,1,1,1,1,1,1,4),(2,2),(0.0304980089358263,0.0607248845118062,
0.0909517600877862,0.121178635663766,0.136292073451756,0.151405511239746,
0.211859262391706,0.272313013543666,0.332766764695626,0.393220515847585,
0.514128018151505,0.635035520455425,0.755943022759345,0.997758027367184),
(0.,1.),.UNSPECIFIED.);
#16=B_SPLINE_SURFACE_WITH_KNOTS('',3,1,((#2856,#2857),(#2858,#2859),(#2860,
#2861),(#2862,#2863),(#2864,#2865),(#2866,#2867),(#2868,#2869),(#2870,#2871),
(#2872,#2873),(#2874,#2875),(#2876,#2877),(#2878,#2879),(#2880,#2881),(#2882,
#2883),(#2884,#2885),(#2886,#2887)),.SURF_OF_LINEAR_EXTRUSION.,.F.,.F.,
 .F.,(4,1,1,1,1,1,1,1,1,1,1,1,1,4),(2,2),(0.0304980089358264,0.0607248845118063,
0.0909517600877862,0.121178635663766,0.136292073451756,0.151405511239746,
0.211859262391706,0.272313013543666,0.332766764695626,0.393220515847585,
0.514128018151505,0.635035520455425,0.755943022759345,0.997758027367184),
(0.,1.),.UNSPECIFIED.);
#17=B_SPLINE_SURFACE_WITH_KNOTS('',3,1,((#2889,#2890),(#2891,#2892),(#2893,
#2894),(#2895,#2896),(#2897,#2898),(#2899,#2900),(#2901,#2902),(#2903,#2904),
(#2905,#2906),(#2907,#2908),(#2909,#2910),(#2911,#2912),(#2913,#2914),(#2915,
#2916),(#2917,#2918),(#2919,#2920)),.SURF_OF_LINEAR_EXTRUSION.,.F.,.F.,
 .F.,(4,1,1,1,1,1,1,1,1,1,1,1,1,4),(2,2),(0.0304980089358263,0.0607248845118062,
0.0909517600877861,0.121178635663766,0.136292073451756,0.151405511239746,
0.211859262391706,0.272313013543666,0.332766764695625,0.393220515847585,
0.514128018151505,0.635035520455425,0.755943022759345,0.997758027367184),
(0.,1.),.UNSPECIFIED.);
#18=B_SPLINE_SURFACE_WITH_KNOTS('',3,1,((#2927,#2928),(#2929,#2930),(#2931,
#2932),(#2933,#2934),(#2935,#2936),(#2937,#2938),(#2939,#2940),(#2941,#2942),
(#2943,#2944),(#2945,#2946),(#2947,#2948),(#2949,#2950),(#2951,#2952),(#2953,
#2954),(#2955,#2956),(#2957,#2958)),.SURF_OF_LINEAR_EXTRUSION.,.F.,.F.,
 .F.,(4,1,1,1,1,1,1,1,1,1,1,1,1,4),(2,2),(0.0304980089358263,0.0607248845118063,
0.0909517600877862,0.121178635663766,0.136292073451756,0.151405511239746,
0.211859262391706,0.272313013543666,0.332766764695626,0.393220515847585,
0.514128018151505,0.635035520455425,0.755943022759345,0.997758027367184),
(0.,1.),.UNSPECIFIED.);
#19=B_SPLINE_SURFACE_WITH_KNOTS('',3,1,((#2960,#2961),(#2962,#2963),(#2964,
#2965),(#2966,#2967),(#2968,#2969),(#2970,#2971),(#2972,#2973),(#2974,#2975),
(#2976,#2977),(#2978,#2979),(#2980,#2981),(#2982,#2983),(#2984,#2985),(#2986,
#2987),(#2988,#2989),(#2990,#2991)),.SURF_OF_LINEAR_EXTRUSION.,.F.,.F.,
 .F.,(4,1,1,1,1,1,1,1,1,1,1,1,1,4),(2,2),(0.0304980089358263,0.0607248845118062,
0.0909517600877862,0.121178635663766,0.136292073451756,0.151405511239746,
0.211859262391706,0.272313013543666,0.332766764695626,0.393220515847585,
0.514128018151505,0.635035520455425,0.755943022759345,0.997758027367184),
(0.,1.),.UNSPECIFIED.);
#20=B_SPLINE_SURFACE_WITH_KNOTS('',3,1,((#2998,#2999),(#3000,#3001),(#3002,
#3003),(#3004,#3005),(#3006,#3007),(#3008,#3009),(#3010,#3011),(#3012,#3013),
(#3014,#3015),(#3016,#3017),(#3018,#3019),(#3020,#3021),(#3022,#3023),(#3024,
#3025),(#3026,#3027),(#3028,#3029)),.SURF_OF_LINEAR_EXTRUSION.,.F.,.F.,
 .F.,(4,1,1,1,1,1,1,1,1,1,1,1,1,4),(2,2),(0.0304980089358263,0.0607248845118062,
0.0909517600877861,0.121178635663766,0.136292073451756,0.151405511239746,
0.211859262391706,0.272313013543666,0.332766764695625,0.393220515847585,
0.514128018151505,0.635035520455425,0.755943022759345,0.997758027367184),
(0.,1.),.UNSPECIFIED.);
#21=B_SPLINE_SURFACE_WITH_KNOTS('',3,1,((#3031,#3032),(#3033,#3034),(#3035,
#3036),(#3037,#3038),(#3039,#3040),(#3041,#3042),(#3043,#3044),(#3045,#3046),
(#3047,#3048),(#3049,#3050),(#3051,#3052),(#3053,#3054),(#3055,#3056),(#3057,
#3058),(#3059,#3060),(#3061,#3062)),.SURF_OF_LINEAR_EXTRUSION.,.F.,.F.,
 .F.,(4,1,1,1,1,1,1,1,1,1,1,1,1,4),(2,2),(0.0304980089358263,0.0607248845118062,
0.0909517600877861,0.121178635663766,0.136292073451756,0.151405511239746,
0.211859262391706,0.272313013543666,0.332766764695626,0.393220515847585,
0.514128018151505,0.635035520455425,0.755943022759345,0.997758027367184),
(0.,1.),.UNSPECIFIED.);
#22=B_SPLINE_SURFACE_WITH_KNOTS('',3,1,((#3069,#3070),(#3071,#3072),(#3073,
#3074),(#3075,#3076),(#3077,#3078),(#3079,#3080),(#3081,#3082),(#3083,#3084),
(#3085,#3086),(#3087,#3088),(#3089,#3090),(#3091,#3092),(#3093,#3094),(#3095,
#3096),(#3097,#3098),(#3099,#3100)),.SURF_OF_LINEAR_EXTRUSION.,.F.,.F.,
 .F.,(4,1,1,1,1,1,1,1,1,1,1,1,1,4),(2,2),(0.0304980089358265,0.0607248845118064,
0.0909517600877863,0.121178635663766,0.136292073451756,0.151405511239746,
0.211859262391706,0.272313013543666,0.332766764695626,0.393220515847586,
0.514128018151505,0.635035520455425,0.755943022759345,0.997758027367184),
(0.,1.),.UNSPECIFIED.);
#23=B_SPLINE_SURFACE_WITH_KNOTS('',3,1,((#3102,#3103),(#3104,#3105),(#3106,
#3107),(#3108,#3109),(#3110,#3111),(#3112,#3113),(#3114,#3115),(#3116,#3117),
(#3118,#3119),(#3120,#3121),(#3122,#3123),(#3124,#3125),(#3126,#3127),(#3128,
#3129),(#3130,#3131),(#3132,#3133)),.SURF_OF_LINEAR_EXTRUSION.,.F.,.F.,
 .F.,(4,1,1,1,1,1,1,1,1,1,1,1,1,4),(2,2),(0.0304980089358262,0.0607248845118061,
0.0909517600877861,0.121178635663766,0.136292073451756,0.151405511239746,
0.211859262391706,0.272313013543666,0.332766764695625,0.393220515847585,
0.514128018151505,0.635035520455425,0.755943022759345,0.997758027367184),
(0.,1.),.UNSPECIFIED.);
#24=B_SPLINE_SURFACE_WITH_KNOTS('',3,1,((#3140,#3141),(#3142,#3143),(#3144,
#3145),(#3146,#3147),(#3148,#3149),(#3150,#3151),(#3152,#3153),(#3154,#3155),
(#3156,#3157),(#3158,#3159),(#3160,#3161),(#3162,#3163),(#3164,#3165),(#3166,
#3167),(#3168,#3169),(#3170,#3171)),.SURF_OF_LINEAR_EXTRUSION.,.F.,.F.,
 .F.,(4,1,1,1,1,1,1,1,1,1,1,1,1,4),(2,2),(0.0304980089358262,0.0607248845118061,
0.090951760087786,0.121178635663766,0.136292073451756,0.151405511239746,
0.211859262391706,0.272313013543666,0.332766764695625,0.393220515847585,
0.514128018151505,0.635035520455425,0.755943022759345,0.997758027367184),
(0.,1.),.UNSPECIFIED.);
#25=B_SPLINE_SURFACE_WITH_KNOTS('',3,1,((#3173,#3174),(#3175,#3176),(#3177,
#3178),(#3179,#3180),(#3181,#3182),(#3183,#3184),(#3185,#3186),(#3187,#3188),
(#3189,#3190),(#3191,#3192),(#3193,#3194),(#3195,#3196),(#3197,#3198),(#3199,
#3200),(#3201,#3202),(#3203,#3204)),.SURF_OF_LINEAR_EXTRUSION.,.F.,.F.,
 .F.,(4,1,1,1,1,1,1,1,1,1,1,1,1,4),(2,2),(0.0304980089358264,0.0607248845118063,
0.0909517600877863,0.121178635663766,0.136292073451756,0.151405511239746,
0.211859262391706,0.272313013543666,0.332766764695626,0.393220515847586,
0.514128018151505,0.635035520455425,0.755943022759345,0.997758027367184),
(0.,1.),.UNSPECIFIED.);
#26=B_SPLINE_CURVE_WITH_KNOTS('',3,(#1291,#1292,#1293,#1294,#1295,#1296,
#1297,#1298,#1299,#1300,#1301,#1302,#1303,#1304,#1305,#1306,#1307,#1308,
#1309,#1310,#1311,#1312,#1313,#1314,#1315,#1316,#1317,#1318,#1319,#1320,
#1321,#1322,#1323,#1324,#1325,#1326,#1327,#1328,#1329,#1330,#1331,#1332,
#1333,#1334,#1335,#1336,#1337),.UNSPECIFIED.,.F.,.F.,(4,1,1,1,1,1,1,1,1,
1,1,1,1,1,1,1,1,1,1,1,1,1,1,1,1,1,1,1,1,1,1,1,1,1,1,1,1,1,1,1,1,1,1,1,4),
(0.,0.129796720500254,0.135292515468846,0.142387554863182,0.150782518230532,
0.160301511732561,0.170825154889276,0.182265561072439,0.19455452857139,
0.207637133467961,0.221467910006593,0.236008412353811,0.251225574947606,
0.267090563644091,0.283577943523929,0.300665059263204,0.31833156297195,
0.336559047228148,0.355330754964561,0.374631346675259,0.394446711154212,
0.414763809827299,0.435570547379272,0.456855663226434,0.478608639705582,
0.500819623807641,0.523479359990249,0.546579132130947,0.570110713081703,
0.594066320590896,0.618438578595221,0.643220483068576,0.66840537176052,
0.693986897272624,0.719959003013763,0.746315901650228,0.7730520557274,0.80016216018948,
0.827641126564739,0.855484068617643,0.883686289297427,0.91224326883627,
0.941150653870089,0.970404247471659,0.997758027367184),.UNSPECIFIED.);
#27=B_SPLINE_CURVE_WITH_KNOTS('',3,(#1338,#1339,#1340,#1341,#1342,#1343,
#1344,#1345,#1346,#1347,#1348,#1349,#1350,#1351,#1352,#1353,#1354,#1355,
#1356,#1357,#1358,#1359,#1360,#1361,#1362,#1363,#1364,#1365,#1366,#1367,
#1368,#1369,#1370,#1371,#1372,#1373,#1374,#1375,#1376,#1377,#1378,#1379,
#1380,#1381,#1382,#1383,#1384),.UNSPECIFIED.,.F.,.F.,(4,1,1,1,1,1,1,1,1,
1,1,1,1,1,1,1,1,1,1,1,1,1,1,1,1,1,1,1,1,1,1,1,1,1,1,1,1,1,1,1,1,1,1,1,4),
(0.,0.129796720500254,0.135292515468846,0.142387554863182,0.150782518230532,
0.160301511732561,0.170825154889276,0.182265561072439,0.19455452857139,
0.207637133467961,0.221467910006593,0.236008412353811,0.251225574947606,
0.267090563644091,0.283577943523929,0.300665059263204,0.31833156297195,
0.336559047228148,0.355330754964561,0.374631346675259,0.394446711154212,
0.414763809827299,0.435570547379272,0.456855663226434,0.478608639705582,
0.500819623807641,0.523479359990249,0.546579132130947,0.570110713081703,
0.594066320590896,0.618438578595221,0.643220483068576,0.66840537176052,
0.693986897272624,0.719959003013763,0.746315901650228,0.7730520557274,0.80016216018948,
0.827641126564739,0.855484068617643,0.883686289297427,0.91224326883627,
0.941150653870089,0.970404247471659,0.997758027367184),.UNSPECIFIED.);
#28=B_SPLINE_CURVE_WITH_KNOTS('',3,(#1392,#1393,#1394,#1395,#1396,#1397,
#1398,#1399,#1400,#1401,#1402,#1403,#1404,#1405,#1406,#1407,#1408,#1409,
#1410,#1411,#1412,#1413,#1414,#1415,#1416,#1417,#1418,#1419,#1420,#1421,
#1422,#1423,#1424,#1425,#1426,#1427,#1428,#1429,#1430,#1431,#1432,#1433,
#1434,#1435,#1436,#1437,#1438),.UNSPECIFIED.,.F.,.F.,(4,1,1,1,1,1,1,1,1,
1,1,1,1,1,1,1,1,1,1,1,1,1,1,1,1,1,1,1,1,1,1,1,1,1,1,1,1,1,1,1,1,1,1,1,4),
(0.,0.129796720500254,0.135292515468846,0.142387554863182,0.150782518230532,
0.160301511732561,0.170825154889276,0.182265561072439,0.19455452857139,
0.207637133467961,0.221467910006593,0.236008412353811,0.251225574947606,
0.267090563644091,0.283577943523929,0.300665059263204,0.31833156297195,
0.336559047228148,0.355330754964561,0.374631346675259,0.394446711154212,
0.414763809827299,0.435570547379272,0.456855663226434,0.478608639705582,
0.500819623807641,0.523479359990249,0.546579132130947,0.570110713081703,
0.594066320590896,0.618438578595221,0.643220483068576,0.66840537176052,
0.693986897272624,0.719959003013763,0.746315901650228,0.7730520557274,0.80016216018948,
0.827641126564739,0.855484068617643,0.883686289297427,0.91224326883627,
0.941150653870089,0.970404247471659,0.997758027367184),.UNSPECIFIED.);
#29=B_SPLINE_CURVE_WITH_KNOTS('',3,(#1439,#1440,#1441,#1442,#1443,#1444,
#1445,#1446,#1447,#1448,#1449,#1450,#1451,#1452,#1453,#1454,#1455,#1456,
#1457,#1458,#1459,#1460,#1461,#1462,#1463,#1464,#1465,#1466,#1467,#1468,
#1469,#1470,#1471,#1472,#1473,#1474,#1475,#1476,#1477,#1478,#1479,#1480,
#1481,#1482,#1483,#1484,#1485),.UNSPECIFIED.,.F.,.F.,(4,1,1,1,1,1,1,1,1,
1,1,1,1,1,1,1,1,1,1,1,1,1,1,1,1,1,1,1,1,1,1,1,1,1,1,1,1,1,1,1,1,1,1,1,4),
(0.,0.129796720500254,0.135292515468846,0.142387554863182,0.150782518230532,
0.160301511732561,0.170825154889276,0.182265561072439,0.19455452857139,
0.207637133467961,0.221467910006593,0.236008412353811,0.251225574947606,
0.267090563644091,0.283577943523929,0.300665059263204,0.31833156297195,
0.336559047228148,0.355330754964561,0.374631346675259,0.394446711154212,
0.414763809827299,0.435570547379272,0.456855663226434,0.478608639705582,
0.500819623807641,0.523479359990249,0.546579132130947,0.570110713081703,
0.594066320590896,0.618438578595221,0.643220483068576,0.66840537176052,
0.693986897272624,0.719959003013763,0.746315901650228,0.7730520557274,0.80016216018948,
0.827641126564739,0.855484068617643,0.883686289297427,0.91224326883627,
0.941150653870089,0.970404247471659,0.997758027367184),.UNSPECIFIED.);
#30=B_SPLINE_CURVE_WITH_KNOTS('',3,(#1493,#1494,#1495,#1496,#1497,#1498,
#1499,#1500,#1501,#1502,#1503,#1504,#1505,#1506,#1507,#1508,#1509,#1510,
#1511,#1512,#1513,#1514,#1515,#1516,#1517,#1518,#1519,#1520,#1521,#1522,
#1523,#1524,#1525,#1526,#1527,#1528,#1529,#1530,#1531,#1532,#1533,#1534,
#1535,#1536,#1537,#1538,#1539),.UNSPECIFIED.,.F.,.F.,(4,1,1,1,1,1,1,1,1,
1,1,1,1,1,1,1,1,1,1,1,1,1,1,1,1,1,1,1,1,1,1,1,1,1,1,1,1,1,1,1,1,1,1,1,4),
(0.,0.129796720500254,0.135292515468846,0.142387554863182,0.150782518230532,
0.160301511732561,0.170825154889276,0.182265561072439,0.19455452857139,
0.207637133467961,0.221467910006593,0.236008412353811,0.251225574947606,
0.267090563644091,0.283577943523929,0.300665059263204,0.31833156297195,
0.336559047228148,0.355330754964561,0.374631346675259,0.394446711154212,
0.414763809827299,0.435570547379272,0.456855663226434,0.478608639705582,
0.500819623807641,0.523479359990249,0.546579132130947,0.570110713081703,
0.594066320590896,0.618438578595221,0.643220483068576,0.66840537176052,
0.693986897272624,0.719959003013763,0.746315901650228,0.7730520557274,0.80016216018948,
0.827641126564739,0.855484068617643,0.883686289297427,0.91224326883627,
0.941150653870089,0.970404247471659,0.997758027367184),.UNSPECIFIED.);
#31=B_SPLINE_CURVE_WITH_KNOTS('',3,(#1543,#1544,#1545,#1546,#1547,#1548,
#1549,#1550,#1551,#1552,#1553,#1554,#1555,#1556,#1557,#1558,#1559,#1560,
#1561,#1562,#1563,#1564,#1565,#1566,#1567,#1568,#1569,#1570,#1571,#1572,
#1573,#1574,#1575,#1576,#1577,#1578,#1579,#1580,#1581,#1582,#1583,#1584,
#1585,#1586,#1587,#1588,#1589),.UNSPECIFIED.,.F.,.F.,(4,1,1,1,1,1,1,1,1,
1,1,1,1,1,1,1,1,1,1,1,1,1,1,1,1,1,1,1,1,1,1,1,1,1,1,1,1,1,1,1,1,1,1,1,4),
(0.,0.129796720500254,0.135292515468846,0.142387554863182,0.150782518230532,
0.160301511732561,0.170825154889276,0.182265561072439,0.19455452857139,
0.207637133467961,0.221467910006593,0.236008412353811,0.251225574947606,
0.267090563644091,0.283577943523929,0.300665059263204,0.31833156297195,
0.336559047228148,0.355330754964561,0.374631346675259,0.394446711154212,
0.414763809827299,0.435570547379272,0.456855663226434,0.478608639705582,
0.500819623807641,0.523479359990249,0.546579132130947,0.570110713081703,
0.594066320590896,0.618438578595221,0.643220483068576,0.66840537176052,
0.693986897272624,0.719959003013763,0.746315901650228,0.7730520557274,0.80016216018948,
0.827641126564739,0.855484068617643,0.883686289297427,0.91224326883627,
0.941150653870089,0.970404247471659,0.997758027367184),.UNSPECIFIED.);
#32=B_SPLINE_CURVE_WITH_KNOTS('',3,(#1597,#1598,#1599,#1600,#1601,#1602,
#1603,#1604,#1605,#1606,#1607,#1608,#1609,#1610,#1611,#1612,#1613,#1614,
#1615,#1616,#1617,#1618,#1619,#1620,#1621,#1622,#1623,#1624,#1625,#1626,
#1627,#1628,#1629,#1630,#1631,#1632,#1633,#1634,#1635,#1636,#1637,#1638,
#1639,#1640,#1641,#1642,#1643),.UNSPECIFIED.,.F.,.F.,(4,1,1,1,1,1,1,1,1,
1,1,1,1,1,1,1,1,1,1,1,1,1,1,1,1,1,1,1,1,1,1,1,1,1,1,1,1,1,1,1,1,1,1,1,4),
(0.,0.129796720500254,0.135292515468846,0.142387554863182,0.150782518230532,
0.160301511732561,0.170825154889276,0.182265561072439,0.19455452857139,
0.207637133467961,0.221467910006593,0.236008412353811,0.251225574947606,
0.267090563644091,0.283577943523929,0.300665059263204,0.31833156297195,
0.336559047228148,0.355330754964561,0.374631346675259,0.394446711154212,
0.414763809827299,0.435570547379272,0.456855663226434,0.478608639705582,
0.500819623807641,0.523479359990249,0.546579132130947,0.570110713081703,
0.594066320590896,0.618438578595221,0.643220483068576,0.66840537176052,
0.693986897272624,0.719959003013763,0.746315901650228,0.7730520557274,0.80016216018948,
0.827641126564739,0.855484068617643,0.883686289297427,0.91224326883627,
0.941150653870089,0.970404247471659,0.997758027367184),.UNSPECIFIED.);
#33=B_SPLINE_CURVE_WITH_KNOTS('',3,(#1644,#1645,#1646,#1647,#1648,#1649,
#1650,#1651,#1652,#1653,#1654,#1655,#1656,#1657,#1658,#1659,#1660,#1661,
#1662,#1663,#1664,#1665,#1666,#1667,#1668,#1669,#1670,#1671,#1672,#1673,
#1674,#1675,#1676,#1677,#1678,#1679,#1680,#1681,#1682,#1683,#1684,#1685,
#1686,#1687,#1688,#1689,#1690),.UNSPECIFIED.,.F.,.F.,(4,1,1,1,1,1,1,1,1,
1,1,1,1,1,1,1,1,1,1,1,1,1,1,1,1,1,1,1,1,1,1,1,1,1,1,1,1,1,1,1,1,1,1,1,4),
(0.,0.129796720500254,0.135292515468846,0.142387554863182,0.150782518230532,
0.160301511732561,0.170825154889276,0.182265561072439,0.19455452857139,
0.207637133467961,0.221467910006593,0.236008412353811,0.251225574947606,
0.267090563644091,0.283577943523929,0.300665059263204,0.31833156297195,
0.336559047228148,0.355330754964561,0.374631346675259,0.394446711154212,
0.414763809827299,0.435570547379272,0.456855663226434,0.478608639705582,
0.500819623807641,0.523479359990249,0.546579132130947,0.570110713081703,
0.594066320590896,0.618438578595221,0.643220483068576,0.66840537176052,
0.693986897272624,0.719959003013763,0.746315901650228,0.7730520557274,0.80016216018948,
0.827641126564739,0.855484068617643,0.883686289297427,0.91224326883627,
0.941150653870089,0.970404247471659,0.997758027367184),.UNSPECIFIED.);
#34=B_SPLINE_CURVE_WITH_KNOTS('',3,(#1698,#1699,#1700,#1701,#1702,#1703,
#1704,#1705,#1706,#1707,#1708,#1709,#1710,#1711,#1712,#1713,#1714,#1715,
#1716,#1717,#1718,#1719,#1720,#1721,#1722,#1723,#1724,#1725,#1726,#1727,
#1728,#1729,#1730,#1731,#1732,#1733,#1734,#1735,#1736,#1737,#1738,#1739,
#1740,#1741,#1742,#1743,#1744),.UNSPECIFIED.,.F.,.F.,(4,1,1,1,1,1,1,1,1,
1,1,1,1,1,1,1,1,1,1,1,1,1,1,1,1,1,1,1,1,1,1,1,1,1,1,1,1,1,1,1,1,1,1,1,4),
(0.,0.129796720500254,0.135292515468846,0.142387554863182,0.150782518230532,
0.160301511732561,0.170825154889276,0.182265561072439,0.19455452857139,
0.207637133467961,0.221467910006593,0.236008412353811,0.251225574947606,
0.267090563644091,0.283577943523929,0.300665059263204,0.31833156297195,
0.336559047228148,0.355330754964561,0.374631346675259,0.394446711154212,
0.414763809827299,0.435570547379272,0.456855663226434,0.478608639705582,
0.500819623807641,0.523479359990249,0.546579132130947,0.570110713081703,
0.594066320590896,0.618438578595221,0.643220483068576,0.66840537176052,
0.693986897272624,0.719959003013763,0.746315901650228,0.7730520557274,0.80016216018948,
0.827641126564739,0.855484068617643,0.883686289297427,0.91224326883627,
0.941150653870089,0.970404247471659,0.997758027367184),.UNSPECIFIED.);
#35=B_SPLINE_CURVE_WITH_KNOTS('',3,(#1745,#1746,#1747,#1748,#1749,#1750,
#1751,#1752,#1753,#1754,#1755,#1756,#1757,#1758,#1759,#1760,#1761,#1762,
#1763,#1764,#1765,#1766,#1767,#1768,#1769,#1770,#1771,#1772,#1773,#1774,
#1775,#1776,#1777,#1778,#1779,#1780,#1781,#1782,#1783,#1784,#1785,#1786,
#1787,#1788,#1789,#1790,#1791),.UNSPECIFIED.,.F.,.F.,(4,1,1,1,1,1,1,1,1,
1,1,1,1,1,1,1,1,1,1,1,1,1,1,1,1,1,1,1,1,1,1,1,1,1,1,1,1,1,1,1,1,1,1,1,4),
(0.,0.129796720500254,0.135292515468846,0.142387554863182,0.150782518230532,
0.160301511732561,0.170825154889276,0.182265561072439,0.19455452857139,
0.207637133467961,0.221467910006593,0.236008412353811,0.251225574947606,
0.267090563644091,0.283577943523929,0.300665059263204,0.31833156297195,
0.336559047228148,0.355330754964561,0.374631346675259,0.394446711154212,
0.414763809827299,0.435570547379272,0.456855663226434,0.478608639705582,
0.500819623807641,0.523479359990249,0.546579132130947,0.570110713081703,
0.594066320590896,0.618438578595221,0.643220483068576,0.66840537176052,
0.693986897272624,0.719959003013763,0.746315901650228,0.7730520557274,0.80016216018948,
0.827641126564739,0.855484068617643,0.883686289297427,0.91224326883627,
0.941150653870089,0.970404247471659,0.997758027367184),.UNSPECIFIED.);
#36=B_SPLINE_CURVE_WITH_KNOTS('',3,(#1799,#1800,#1801,#1802,#1803,#1804,
#1805,#1806,#1807,#1808,#1809,#1810,#1811,#1812,#1813,#1814,#1815,#1816,
#1817,#1818,#1819,#1820,#1821,#1822,#1823,#1824,#1825,#1826,#1827,#1828,
#1829,#1830,#1831,#1832,#1833,#1834,#1835,#1836,#1837,#1838,#1839,#1840,
#1841,#1842,#1843,#1844,#1845),.UNSPECIFIED.,.F.,.F.,(4,1,1,1,1,1,1,1,1,
1,1,1,1,1,1,1,1,1,1,1,1,1,1,1,1,1,1,1,1,1,1,1,1,1,1,1,1,1,1,1,1,1,1,1,4),
(0.,0.129796720500254,0.135292515468846,0.142387554863182,0.150782518230532,
0.160301511732561,0.170825154889276,0.182265561072439,0.19455452857139,
0.207637133467961,0.221467910006593,0.236008412353811,0.251225574947606,
0.267090563644091,0.283577943523929,0.300665059263204,0.31833156297195,
0.336559047228148,0.355330754964561,0.374631346675259,0.394446711154212,
0.414763809827299,0.435570547379272,0.456855663226434,0.478608639705582,
0.500819623807641,0.523479359990249,0.546579132130947,0.570110713081703,
0.594066320590896,0.618438578595221,0.643220483068576,0.66840537176052,
0.693986897272624,0.719959003013763,0.746315901650228,0.7730520557274,0.80016216018948,
0.827641126564739,0.855484068617643,0.883686289297427,0.91224326883627,
0.941150653870089,0.970404247471659,0.997758027367184),.UNSPECIFIED.);
#37=B_SPLINE_CURVE_WITH_KNOTS('',3,(#1846,#1847,#1848,#1849,#1850,#1851,
#1852,#1853,#1854,#1855,#1856,#1857,#1858,#1859,#1860,#1861,#1862,#1863,
#1864,#1865,#1866,#1867,#1868,#1869,#1870,#1871,#1872,#1873,#1874,#1875,
#1876,#1877,#1878,#1879,#1880,#1881,#1882,#1883,#1884,#1885,#1886,#1887,
#1888,#1889,#1890,#1891,#1892),.UNSPECIFIED.,.F.,.F.,(4,1,1,1,1,1,1,1,1,
1,1,1,1,1,1,1,1,1,1,1,1,1,1,1,1,1,1,1,1,1,1,1,1,1,1,1,1,1,1,1,1,1,1,1,4),
(0.,0.129796720500254,0.135292515468846,0.142387554863182,0.150782518230532,
0.160301511732561,0.170825154889276,0.182265561072439,0.19455452857139,
0.207637133467961,0.221467910006593,0.236008412353811,0.251225574947606,
0.267090563644091,0.283577943523929,0.300665059263204,0.31833156297195,
0.336559047228148,0.355330754964561,0.374631346675259,0.394446711154212,
0.414763809827299,0.435570547379272,0.456855663226434,0.478608639705582,
0.500819623807641,0.523479359990249,0.546579132130947,0.570110713081703,
0.594066320590896,0.618438578595221,0.643220483068576,0.66840537176052,
0.693986897272624,0.719959003013763,0.746315901650228,0.7730520557274,0.80016216018948,
0.827641126564739,0.855484068617643,0.883686289297427,0.91224326883627,
0.941150653870089,0.970404247471659,0.997758027367184),.UNSPECIFIED.);
#38=B_SPLINE_CURVE_WITH_KNOTS('',3,(#1900,#1901,#1902,#1903,#1904,#1905,
#1906,#1907,#1908,#1909,#1910,#1911,#1912,#1913,#1914,#1915,#1916,#1917,
#1918,#1919,#1920,#1921,#1922,#1923,#1924,#1925,#1926,#1927,#1928,#1929,
#1930,#1931,#1932,#1933,#1934,#1935,#1936,#1937,#1938,#1939,#1940,#1941,
#1942,#1943,#1944,#1945,#1946),.UNSPECIFIED.,.F.,.F.,(4,1,1,1,1,1,1,1,1,
1,1,1,1,1,1,1,1,1,1,1,1,1,1,1,1,1,1,1,1,1,1,1,1,1,1,1,1,1,1,1,1,1,1,1,4),
(0.,0.129796720500254,0.135292515468846,0.142387554863182,0.150782518230532,
0.160301511732561,0.170825154889276,0.182265561072439,0.19455452857139,
0.207637133467961,0.221467910006593,0.236008412353811,0.251225574947606,
0.267090563644091,0.283577943523929,0.300665059263204,0.31833156297195,
0.336559047228148,0.355330754964561,0.374631346675259,0.394446711154212,
0.414763809827299,0.435570547379272,0.456855663226434,0.478608639705582,
0.500819623807641,0.523479359990249,0.546579132130947,0.570110713081703,
0.594066320590896,0.618438578595221,0.643220483068576,0.66840537176052,
0.693986897272624,0.719959003013763,0.746315901650228,0.7730520557274,0.80016216018948,
0.827641126564739,0.855484068617643,0.883686289297427,0.91224326883627,
0.941150653870089,0.970404247471659,0.997758027367184),.UNSPECIFIED.);
#39=B_SPLINE_CURVE_WITH_KNOTS('',3,(#1947,#1948,#1949,#1950,#1951,#1952,
#1953,#1954,#1955,#1956,#1957,#1958,#1959,#1960,#1961,#1962,#1963,#1964,
#1965,#1966,#1967,#1968,#1969,#1970,#1971,#1972,#1973,#1974,#1975,#1976,
#1977,#1978,#1979,#1980,#1981,#1982,#1983,#1984,#1985,#1986,#1987,#1988,
#1989,#1990,#1991,#1992,#1993),.UNSPECIFIED.,.F.,.F.,(4,1,1,1,1,1,1,1,1,
1,1,1,1,1,1,1,1,1,1,1,1,1,1,1,1,1,1,1,1,1,1,1,1,1,1,1,1,1,1,1,1,1,1,1,4),
(0.,0.129796720500254,0.135292515468846,0.142387554863182,0.150782518230532,
0.160301511732561,0.170825154889276,0.182265561072439,0.19455452857139,
0.207637133467961,0.221467910006593,0.236008412353811,0.251225574947606,
0.267090563644091,0.283577943523929,0.300665059263204,0.31833156297195,
0.336559047228148,0.355330754964561,0.374631346675259,0.394446711154212,
0.414763809827299,0.435570547379272,0.456855663226434,0.478608639705582,
0.500819623807641,0.523479359990249,0.546579132130947,0.570110713081703,
0.594066320590896,0.618438578595221,0.643220483068576,0.66840537176052,
0.693986897272624,0.719959003013763,0.746315901650228,0.7730520557274,0.80016216018948,
0.827641126564739,0.855484068617643,0.883686289297427,0.91224326883627,
0.941150653870089,0.970404247471659,0.997758027367184),.UNSPECIFIED.);
#40=B_SPLINE_CURVE_WITH_KNOTS('',3,(#2010,#2011,#2012,#2013,#2014,#2015,
#2016,#2017,#2018,#2019,#2020,#2021,#2022,#2023,#2024,#2025,#2026,#2027,
#2028,#2029,#2030,#2031,#2032,#2033,#2034,#2035,#2036,#2037,#2038,#2039,
#2040,#2041,#2042,#2043,#2044,#2045,#2046,#2047,#2048,#2049,#2050,#2051,
#2052,#2053,#2054,#2055,#2056),.UNSPECIFIED.,.F.,.F.,(4,1,1,1,1,1,1,1,1,
1,1,1,1,1,1,1,1,1,1,1,1,1,1,1,1,1,1,1,1,1,1,1,1,1,1,1,1,1,1,1,1,1,1,1,4),
(0.,0.129796720500254,0.135292515468846,0.142387554863182,0.150782518230532,
0.160301511732561,0.170825154889276,0.182265561072439,0.19455452857139,
0.207637133467961,0.221467910006593,0.236008412353811,0.251225574947606,
0.267090563644091,0.283577943523929,0.300665059263204,0.31833156297195,
0.336559047228148,0.355330754964561,0.374631346675259,0.394446711154212,
0.414763809827299,0.435570547379272,0.456855663226434,0.478608639705582,
0.500819623807641,0.523479359990249,0.546579132130947,0.570110713081703,
0.594066320590896,0.618438578595221,0.643220483068576,0.66840537176052,
0.693986897272624,0.719959003013763,0.746315901650228,0.7730520557274,0.80016216018948,
0.827641126564739,0.855484068617643,0.883686289297427,0.91224326883627,
0.941150653870089,0.970404247471659,0.997758027367184),.UNSPECIFIED.);
#41=B_SPLINE_CURVE_WITH_KNOTS('',3,(#2057,#2058,#2059,#2060,#2061,#2062,
#2063,#2064,#2065,#2066,#2067,#2068,#2069,#2070,#2071,#2072,#2073,#2074,
#2075,#2076,#2077,#2078,#2079,#2080,#2081,#2082,#2083,#2084,#2085,#2086,
#2087,#2088,#2089,#2090,#2091,#2092,#2093,#2094,#2095,#2096,#2097,#2098,
#2099,#2100,#2101,#2102,#2103),.UNSPECIFIED.,.F.,.F.,(4,1,1,1,1,1,1,1,1,
1,1,1,1,1,1,1,1,1,1,1,1,1,1,1,1,1,1,1,1,1,1,1,1,1,1,1,1,1,1,1,1,1,1,1,4),
(0.,0.129796720500254,0.135292515468846,0.142387554863182,0.150782518230532,
0.160301511732561,0.170825154889276,0.182265561072439,0.19455452857139,
0.207637133467961,0.221467910006593,0.236008412353811,0.251225574947606,
0.267090563644091,0.283577943523929,0.300665059263204,0.31833156297195,
0.336559047228148,0.355330754964561,0.374631346675259,0.394446711154212,
0.414763809827299,0.435570547379272,0.456855663226434,0.478608639705582,
0.500819623807641,0.523479359990249,0.546579132130947,0.570110713081703,
0.594066320590896,0.618438578595221,0.643220483068576,0.66840537176052,
0.693986897272624,0.719959003013763,0.746315901650228,0.7730520557274,0.80016216018948,
0.827641126564739,0.855484068617643,0.883686289297427,0.91224326883627,
0.941150653870089,0.970404247471659,0.997758027367184),.UNSPECIFIED.);
#42=B_SPLINE_CURVE_WITH_KNOTS('',3,(#2111,#2112,#2113,#2114,#2115,#2116,
#2117,#2118,#2119,#2120,#2121,#2122,#2123,#2124,#2125,#2126,#2127,#2128,
#2129,#2130,#2131,#2132,#2133,#2134,#2135,#2136,#2137,#2138,#2139,#2140,
#2141,#2142,#2143,#2144,#2145,#2146,#2147,#2148,#2149,#2150,#2151,#2152,
#2153,#2154,#2155,#2156,#2157),.UNSPECIFIED.,.F.,.F.,(4,1,1,1,1,1,1,1,1,
1,1,1,1,1,1,1,1,1,1,1,1,1,1,1,1,1,1,1,1,1,1,1,1,1,1,1,1,1,1,1,1,1,1,1,4),
(0.,0.129796720500254,0.135292515468846,0.142387554863182,0.150782518230532,
0.160301511732561,0.170825154889276,0.182265561072439,0.19455452857139,
0.207637133467961,0.221467910006593,0.236008412353811,0.251225574947606,
0.267090563644091,0.283577943523929,0.300665059263204,0.31833156297195,
0.336559047228148,0.355330754964561,0.374631346675259,0.394446711154212,
0.414763809827299,0.435570547379272,0.456855663226434,0.478608639705582,
0.500819623807641,0.523479359990249,0.546579132130947,0.570110713081703,
0.594066320590896,0.618438578595221,0.643220483068576,0.66840537176052,
0.693986897272624,0.719959003013763,0.746315901650228,0.7730520557274,0.80016216018948,
0.827641126564739,0.855484068617643,0.883686289297427,0.91224326883627,
0.941150653870089,0.970404247471659,0.997758027367184),.UNSPECIFIED.);
#43=B_SPLINE_CURVE_WITH_KNOTS('',3,(#2158,#2159,#2160,#2161,#2162,#2163,
#2164,#2165,#2166,#2167,#2168,#2169,#2170,#2171,#2172,#2173,#2174,#2175,
#2176,#2177,#2178,#2179,#2180,#2181,#2182,#2183,#2184,#2185,#2186,#2187,
#2188,#2189,#2190,#2191,#2192,#2193,#2194,#2195,#2196,#2197,#2198,#2199,
#2200,#2201,#2202,#2203,#2204),.UNSPECIFIED.,.F.,.F.,(4,1,1,1,1,1,1,1,1,
1,1,1,1,1,1,1,1,1,1,1,1,1,1,1,1,1,1,1,1,1,1,1,1,1,1,1,1,1,1,1,1,1,1,1,4),
(0.,0.129796720500254,0.135292515468846,0.142387554863182,0.150782518230532,
0.160301511732561,0.170825154889276,0.182265561072439,0.19455452857139,
0.207637133467961,0.221467910006593,0.236008412353811,0.251225574947606,
0.267090563644091,0.283577943523929,0.300665059263204,0.31833156297195,
0.336559047228148,0.355330754964561,0.374631346675259,0.394446711154212,
0.414763809827299,0.435570547379272,0.456855663226434,0.478608639705582,
0.500819623807641,0.523479359990249,0.546579132130947,0.570110713081703,
0.594066320590896,0.618438578595221,0.643220483068576,0.66840537176052,
0.693986897272624,0.719959003013763,0.746315901650228,0.7730520557274,0.80016216018948,
0.827641126564739,0.855484068617643,0.883686289297427,0.91224326883627,
0.941150653870089,0.970404247471659,0.997758027367184),.UNSPECIFIED.);
#44=B_SPLINE_CURVE_WITH_KNOTS('',3,(#2212,#2213,#2214,#2215,#2216,#2217,
#2218,#2219,#2220,#2221,#2222,#2223,#2224,#2225,#2226,#2227,#2228,#2229,
#2230,#2231,#2232,#2233,#2234,#2235,#2236,#2237,#2238,#2239,#2240,#2241,
#2242,#2243,#2244,#2245,#2246,#2247,#2248,#2249,#2250,#2251,#2252,#2253,
#2254,#2255,#2256,#2257,#2258),.UNSPECIFIED.,.F.,.F.,(4,1,1,1,1,1,1,1,1,
1,1,1,1,1,1,1,1,1,1,1,1,1,1,1,1,1,1,1,1,1,1,1,1,1,1,1,1,1,1,1,1,1,1,1,4),
(0.,0.129796720500254,0.135292515468846,0.142387554863182,0.150782518230532,
0.160301511732561,0.170825154889276,0.182265561072439,0.19455452857139,
0.207637133467961,0.221467910006593,0.236008412353811,0.251225574947606,
0.267090563644091,0.283577943523929,0.300665059263204,0.31833156297195,
0.336559047228148,0.355330754964561,0.374631346675259,0.394446711154212,
0.414763809827299,0.435570547379272,0.456855663226434,0.478608639705582,
0.500819623807641,0.523479359990249,0.546579132130947,0.570110713081703,
0.594066320590896,0.618438578595221,0.643220483068576,0.66840537176052,
0.693986897272624,0.719959003013763,0.746315901650228,0.7730520557274,0.80016216018948,
0.827641126564739,0.855484068617643,0.883686289297427,0.91224326883627,
0.941150653870089,0.970404247471659,0.997758027367184),.UNSPECIFIED.);
#45=B_SPLINE_CURVE_WITH_KNOTS('',3,(#2259,#2260,#2261,#2262,#2263,#2264,
#2265,#2266,#2267,#2268,#2269,#2270,#2271,#2272,#2273,#2274,#2275,#2276,
#2277,#2278,#2279,#2280,#2281,#2282,#2283,#2284,#2285,#2286,#2287,#2288,
#2289,#2290,#2291,#2292,#2293,#2294,#2295,#2296,#2297,#2298,#2299,#2300,
#2301,#2302,#2303,#2304,#2305),.UNSPECIFIED.,.F.,.F.,(4,1,1,1,1,1,1,1,1,
1,1,1,1,1,1,1,1,1,1,1,1,1,1,1,1,1,1,1,1,1,1,1,1,1,1,1,1,1,1,1,1,1,1,1,4),
(0.,0.129796720500254,0.135292515468846,0.142387554863182,0.150782518230532,
0.160301511732561,0.170825154889276,0.182265561072439,0.19455452857139,
0.207637133467961,0.221467910006593,0.236008412353811,0.251225574947606,
0.267090563644091,0.283577943523929,0.300665059263204,0.31833156297195,
0.336559047228148,0.355330754964561,0.374631346675259,0.394446711154212,
0.414763809827299,0.435570547379272,0.456855663226434,0.478608639705582,
0.500819623807641,0.523479359990249,0.546579132130947,0.570110713081703,
0.594066320590896,0.618438578595221,0.643220483068576,0.66840537176052,
0.693986897272624,0.719959003013763,0.746315901650228,0.7730520557274,0.80016216018948,
0.827641126564739,0.855484068617643,0.883686289297427,0.91224326883627,
0.941150653870089,0.970404247471659,0.997758027367184),.UNSPECIFIED.);
#46=B_SPLINE_CURVE_WITH_KNOTS('',3,(#2313,#2314,#2315,#2316,#2317,#2318,
#2319,#2320,#2321,#2322,#2323,#2324,#2325,#2326,#2327,#2328,#2329,#2330,
#2331,#2332,#2333,#2334,#2335,#2336,#2337,#2338,#2339,#2340,#2341,#2342,
#2343,#2344,#2345,#2346,#2347,#2348,#2349,#2350,#2351,#2352,#2353,#2354,
#2355,#2356,#2357,#2358,#2359),.UNSPECIFIED.,.F.,.F.,(4,1,1,1,1,1,1,1,1,
1,1,1,1,1,1,1,1,1,1,1,1,1,1,1,1,1,1,1,1,1,1,1,1,1,1,1,1,1,1,1,1,1,1,1,4),
(0.,0.129796720500254,0.135292515468846,0.142387554863182,0.150782518230532,
0.160301511732561,0.170825154889276,0.182265561072439,0.19455452857139,
0.207637133467961,0.221467910006593,0.236008412353811,0.251225574947606,
0.267090563644091,0.283577943523929,0.300665059263204,0.31833156297195,
0.336559047228148,0.355330754964561,0.374631346675259,0.394446711154212,
0.414763809827299,0.435570547379272,0.456855663226434,0.478608639705582,
0.500819623807641,0.523479359990249,0.546579132130947,0.570110713081703,
0.594066320590896,0.618438578595221,0.643220483068576,0.66840537176052,
0.693986897272624,0.719959003013763,0.746315901650228,0.7730520557274,0.80016216018948,
0.827641126564739,0.855484068617643,0.883686289297427,0.91224326883627,
0.941150653870089,0.970404247471659,0.997758027367184),.UNSPECIFIED.);
#47=B_SPLINE_CURVE_WITH_KNOTS('',3,(#2360,#2361,#2362,#2363,#2364,#2365,
#2366,#2367,#2368,#2369,#2370,#2371,#2372,#2373,#2374,#2375,#2376,#2377,
#2378,#2379,#2380,#2381,#2382,#2383,#2384,#2385,#2386,#2387,#2388,#2389,
#2390,#2391,#2392,#2393,#2394,#2395,#2396,#2397,#2398,#2399,#2400,#2401,
#2402,#2403,#2404,#2405,#2406),.UNSPECIFIED.,.F.,.F.,(4,1,1,1,1,1,1,1,1,
1,1,1,1,1,1,1,1,1,1,1,1,1,1,1,1,1,1,1,1,1,1,1,1,1,1,1,1,1,1,1,1,1,1,1,4),
(0.,0.129796720500254,0.135292515468846,0.142387554863182,0.150782518230532,
0.160301511732561,0.170825154889276,0.182265561072439,0.19455452857139,
0.207637133467961,0.221467910006593,0.236008412353811,0.251225574947606,
0.267090563644091,0.283577943523929,0.300665059263204,0.31833156297195,
0.336559047228148,0.355330754964561,0.374631346675259,0.394446711154212,
0.414763809827299,0.435570547379272,0.456855663226434,0.478608639705582,
0.500819623807641,0.523479359990249,0.546579132130947,0.570110713081703,
0.594066320590896,0.618438578595221,0.643220483068576,0.66840537176052,
0.693986897272624,0.719959003013763,0.746315901650228,0.7730520557274,0.80016216018948,
0.827641126564739,0.855484068617643,0.883686289297427,0.91224326883627,
0.941150653870089,0.970404247471659,0.997758027367184),.UNSPECIFIED.);
#48=B_SPLINE_CURVE_WITH_KNOTS('',3,(#2414,#2415,#2416,#2417,#2418,#2419,
#2420,#2421,#2422,#2423,#2424,#2425,#2426,#2427,#2428,#2429,#2430,#2431,
#2432,#2433,#2434,#2435,#2436,#2437,#2438,#2439,#2440,#2441,#2442,#2443,
#2444,#2445,#2446,#2447,#2448,#2449,#2450,#2451,#2452,#2453,#2454,#2455,
#2456,#2457,#2458,#2459,#2460),.UNSPECIFIED.,.F.,.F.,(4,1,1,1,1,1,1,1,1,
1,1,1,1,1,1,1,1,1,1,1,1,1,1,1,1,1,1,1,1,1,1,1,1,1,1,1,1,1,1,1,1,1,1,1,4),
(0.,0.129796720500254,0.135292515468846,0.142387554863182,0.150782518230532,
0.160301511732561,0.170825154889276,0.182265561072439,0.19455452857139,
0.207637133467961,0.221467910006593,0.236008412353811,0.251225574947606,
0.267090563644091,0.283577943523929,0.300665059263204,0.31833156297195,
0.336559047228148,0.355330754964561,0.374631346675259,0.394446711154212,
0.414763809827299,0.435570547379272,0.456855663226434,0.478608639705582,
0.500819623807641,0.523479359990249,0.546579132130947,0.570110713081703,
0.594066320590896,0.618438578595221,0.643220483068576,0.66840537176052,
0.693986897272624,0.719959003013763,0.746315901650228,0.7730520557274,0.80016216018948,
0.827641126564739,0.855484068617643,0.883686289297427,0.91224326883627,
0.941150653870089,0.970404247471659,0.997758027367184),.UNSPECIFIED.);
#49=B_SPLINE_CURVE_WITH_KNOTS('',3,(#2461,#2462,#2463,#2464,#2465,#2466,
#2467,#2468,#2469,#2470,#2471,#2472,#2473,#2474,#2475,#2476,#2477,#2478,
#2479,#2480,#2481,#2482,#2483,#2484,#2485,#2486,#2487,#2488,#2489,#2490,
#2491,#2492,#2493,#2494,#2495,#2496,#2497,#2498,#2499,#2500,#2501,#2502,
#2503,#2504,#2505,#2506,#2507),.UNSPECIFIED.,.F.,.F.,(4,1,1,1,1,1,1,1,1,
1,1,1,1,1,1,1,1,1,1,1,1,1,1,1,1,1,1,1,1,1,1,1,1,1,1,1,1,1,1,1,1,1,1,1,4),
(0.,0.129796720500254,0.135292515468846,0.142387554863182,0.150782518230532,
0.160301511732561,0.170825154889276,0.182265561072439,0.19455452857139,
0.207637133467961,0.221467910006593,0.236008412353811,0.251225574947606,
0.267090563644091,0.283577943523929,0.300665059263204,0.31833156297195,
0.336559047228148,0.355330754964561,0.374631346675259,0.394446711154212,
0.414763809827299,0.435570547379272,0.456855663226434,0.478608639705582,
0.500819623807641,0.523479359990249,0.546579132130947,0.570110713081703,
0.594066320590896,0.618438578595221,0.643220483068576,0.66840537176052,
0.693986897272624,0.719959003013763,0.746315901650228,0.7730520557274,0.80016216018948,
0.827641126564739,0.855484068617643,0.883686289297427,0.91224326883627,
0.941150653870089,0.970404247471659,0.997758027367184),.UNSPECIFIED.);
#50=B_SPLINE_CURVE_WITH_KNOTS('',3,(#2515,#2516,#2517,#2518,#2519,#2520,
#2521,#2522,#2523,#2524,#2525,#2526,#2527,#2528,#2529,#2530,#2531,#2532,
#2533,#2534,#2535,#2536,#2537,#2538,#2539,#2540,#2541,#2542,#2543,#2544,
#2545,#2546,#2547,#2548,#2549,#2550,#2551,#2552,#2553,#2554,#2555,#2556,
#2557,#2558,#2559,#2560,#2561),.UNSPECIFIED.,.F.,.F.,(4,1,1,1,1,1,1,1,1,
1,1,1,1,1,1,1,1,1,1,1,1,1,1,1,1,1,1,1,1,1,1,1,1,1,1,1,1,1,1,1,1,1,1,1,4),
(0.,0.129796720500254,0.135292515468846,0.142387554863182,0.150782518230532,
0.160301511732561,0.170825154889276,0.182265561072439,0.19455452857139,
0.207637133467961,0.221467910006593,0.236008412353811,0.251225574947606,
0.267090563644091,0.283577943523929,0.300665059263204,0.31833156297195,
0.336559047228148,0.355330754964561,0.374631346675259,0.394446711154212,
0.414763809827299,0.435570547379272,0.456855663226434,0.478608639705582,
0.500819623807641,0.523479359990249,0.546579132130947,0.570110713081703,
0.594066320590896,0.618438578595221,0.643220483068576,0.66840537176052,
0.693986897272624,0.719959003013763,0.746315901650228,0.7730520557274,0.80016216018948,
0.827641126564739,0.855484068617643,0.883686289297427,0.91224326883627,
0.941150653870089,0.970404247471659,0.997758027367184),.UNSPECIFIED.);
#51=B_SPLINE_CURVE_WITH_KNOTS('',3,(#2562,#2563,#2564,#2565,#2566,#2567,
#2568,#2569,#2570,#2571,#2572,#2573,#2574,#2575,#2576,#2577,#2578,#2579,
#2580,#2581,#2582,#2583,#2584,#2585,#2586,#2587,#2588,#2589,#2590,#2591,
#2592,#2593,#2594,#2595,#2596,#2597,#2598,#2599,#2600,#2601,#2602,#2603,
#2604,#2605,#2606,#2607,#2608),.UNSPECIFIED.,.F.,.F.,(4,1,1,1,1,1,1,1,1,
1,1,1,1,1,1,1,1,1,1,1,1,1,1,1,1,1,1,1,1,1,1,1,1,1,1,1,1,1,1,1,1,1,1,1,4),
(0.,0.129796720500254,0.135292515468846,0.142387554863182,0.150782518230532,
0.160301511732561,0.170825154889276,0.182265561072439,0.19455452857139,
0.207637133467961,0.221467910006593,0.236008412353811,0.251225574947606,
0.267090563644091,0.283577943523929,0.300665059263204,0.31833156297195,
0.336559047228148,0.355330754964561,0.374631346675259,0.394446711154212,
0.414763809827299,0.435570547379272,0.456855663226434,0.478608639705582,
0.500819623807641,0.523479359990249,0.546579132130947,0.570110713081703,
0.594066320590896,0.618438578595221,0.643220483068576,0.66840537176052,
0.693986897272624,0.719959003013763,0.746315901650228,0.7730520557274,0.80016216018948,
0.827641126564739,0.855484068617643,0.883686289297427,0.91224326883627,
0.941150653870089,0.970404247471659,0.997758027367184),.UNSPECIFIED.);
#52=B_SPLINE_CURVE_WITH_KNOTS('',3,(#2616,#2617,#2618,#2619,#2620,#2621,
#2622,#2623,#2624,#2625,#2626,#2627,#2628,#2629,#2630,#2631,#2632,#2633,
#2634,#2635,#2636,#2637,#2638,#2639,#2640,#2641,#2642,#2643,#2644,#2645,
#2646,#2647,#2648,#2649,#2650,#2651,#2652,#2653,#2654,#2655,#2656,#2657,
#2658,#2659,#2660,#2661,#2662),.UNSPECIFIED.,.F.,.F.,(4,1,1,1,1,1,1,1,1,
1,1,1,1,1,1,1,1,1,1,1,1,1,1,1,1,1,1,1,1,1,1,1,1,1,1,1,1,1,1,1,1,1,1,1,4),
(0.,0.129796720500254,0.135292515468846,0.142387554863182,0.150782518230532,
0.160301511732561,0.170825154889276,0.182265561072439,0.19455452857139,
0.207637133467961,0.221467910006593,0.236008412353811,0.251225574947606,
0.267090563644091,0.283577943523929,0.300665059263204,0.31833156297195,
0.336559047228148,0.355330754964561,0.374631346675259,0.394446711154212,
0.414763809827299,0.435570547379272,0.456855663226434,0.478608639705582,
0.500819623807641,0.523479359990249,0.546579132130947,0.570110713081703,
0.594066320590896,0.618438578595221,0.643220483068576,0.66840537176052,
0.693986897272624,0.719959003013763,0.746315901650228,0.7730520557274,0.80016216018948,
0.827641126564739,0.855484068617643,0.883686289297427,0.91224326883627,
0.941150653870089,0.970404247471659,0.997758027367184),.UNSPECIFIED.);
#53=B_SPLINE_CURVE_WITH_KNOTS('',3,(#2663,#2664,#2665,#2666,#2667,#2668,
#2669,#2670,#2671,#2672,#2673,#2674,#2675,#2676,#2677,#2678,#2679,#2680,
#2681,#2682,#2683,#2684,#2685,#2686,#2687,#2688,#2689,#2690,#2691,#2692,
#2693,#2694,#2695,#2696,#2697,#2698,#2699,#2700,#2701,#2702,#2703,#2704,
#2705,#2706,#2707,#2708,#2709),.UNSPECIFIED.,.F.,.F.,(4,1,1,1,1,1,1,1,1,
1,1,1,1,1,1,1,1,1,1,1,1,1,1,1,1,1,1,1,1,1,1,1,1,1,1,1,1,1,1,1,1,1,1,1,4),
(0.,0.129796720500254,0.135292515468846,0.142387554863182,0.150782518230532,
0.160301511732561,0.170825154889276,0.182265561072439,0.19455452857139,
0.207637133467961,0.221467910006593,0.236008412353811,0.251225574947606,
0.267090563644091,0.283577943523929,0.300665059263204,0.31833156297195,
0.336559047228148,0.355330754964561,0.374631346675259,0.394446711154212,
0.414763809827299,0.435570547379272,0.456855663226434,0.478608639705582,
0.500819623807641,0.523479359990249,0.546579132130947,0.570110713081703,
0.594066320590896,0.618438578595221,0.643220483068576,0.66840537176052,
0.693986897272624,0.719959003013763,0.746315901650228,0.7730520557274,0.80016216018948,
0.827641126564739,0.855484068617643,0.883686289297427,0.91224326883627,
0.941150653870089,0.970404247471659,0.997758027367184),.UNSPECIFIED.);
#54=PLANE('',#913);
#55=PLANE('',#939);
#56=PLANE('',#985);
#57=PLANE('',#989);
#58=CIRCLE('',#896,0.010969605);
#59=CIRCLE('',#897,0.010969605);
#60=CIRCLE('',#899,0.010969605);
#61=CIRCLE('',#900,0.010969605);
#62=CIRCLE('',#902,0.010969605);
#63=CIRCLE('',#903,0.010969605);
#64=CIRCLE('',#905,0.010969605);
#65=CIRCLE('',#906,0.010969605);
#66=CIRCLE('',#908,0.010969605);
#67=CIRCLE('',#909,0.010969605);
#68=CIRCLE('',#911,0.010969605);
#69=CIRCLE('',#912,0.010969605);
#70=CIRCLE('',#914,0.005);
#71=CIRCLE('',#915,0.0010101589627219);
#72=CIRCLE('',#916,0.0010101589627219);
#73=CIRCLE('',#917,0.00548480249999999);
#74=CIRCLE('',#918,0.0010101589627219);
#75=CIRCLE('',#919,0.0010101589627219);
#76=CIRCLE('',#920,0.00548480249999999);
#77=CIRCLE('',#921,0.0010101589627219);
#78=CIRCLE('',#922,0.010969605);
#79=CIRCLE('',#923,0.0010101589627219);
#80=CIRCLE('',#924,0.00548480249999999);
#81=CIRCLE('',#925,0.0010101589627219);
#82=CIRCLE('',#926,0.0010101589627219);
#83=CIRCLE('',#927,0.00548480249999999);
#84=CIRCLE('',#928,0.0010101589627219);
#85=CIRCLE('',#929,0.0010101589627219);
#86=CIRCLE('',#930,0.00548480249999999);
#87=CIRCLE('',#931,0.0010101589627219);
#88=CIRCLE('',#932,0.0010101589627219);
#89=CIRCLE('',#933,0.00548480249999999);
#90=CIRCLE('',#934,0.0010101589627219);
#91=CIRCLE('',#935,0.0010101589627219);
#92=CIRCLE('',#936,0.00548480249999999);
#93=CIRCLE('',#938,0.010969605);
#94=CIRCLE('',#940,0.002125);
#95=CIRCLE('',#941,0.0010101589627219);
#96=CIRCLE('',#942,0.0010101589627219);
#97=CIRCLE('',#943,0.00548480249999999);
#98=CIRCLE('',#944,0.0010101589627219);
#99=CIRCLE('',#945,0.0010101589627219);
#100=CIRCLE('',#946,0.00548480249999999);
#101=CIRCLE('',#947,0.0010101589627219);
#102=CIRCLE('',#948,0.0010101589627219);
#103=CIRCLE('',#949,0.00548480249999999);
#104=CIRCLE('',#950,0.0010101589627219);
#105=CIRCLE('',#951,0.0010101589627219);
#106=CIRCLE('',#952,0.00548480249999999);
#107=CIRCLE('',#953,0.0010101589627219);
#108=CIRCLE('',#954,0.0010101589627219);
#109=CIRCLE('',#955,0.00548480249999999);
#110=CIRCLE('',#956,0.0010101589627219);
#111=CIRCLE('',#957,0.0010101589627219);
#112=CIRCLE('',#958,0.00548480249999999);
#113=CIRCLE('',#959,0.0010101589627219);
#114=CIRCLE('',#960,0.0010101589627219);
#115=CIRCLE('',#961,0.00548480249999999);
#116=CIRCLE('',#984,0.005);
#117=CIRCLE('',#986,0.00399);
#118=CIRCLE('',#988,0.00399);
#119=CIRCLE('',#990,0.002125);
#120=ORIENTED_EDGE('',*,*,#384,.F.);
#121=ORIENTED_EDGE('',*,*,#385,.F.);
#122=ORIENTED_EDGE('',*,*,#386,.T.);
#123=ORIENTED_EDGE('',*,*,#387,.T.);
#124=ORIENTED_EDGE('',*,*,#388,.F.);
#125=ORIENTED_EDGE('',*,*,#389,.F.);
#126=ORIENTED_EDGE('',*,*,#390,.T.);
#127=ORIENTED_EDGE('',*,*,#391,.T.);
#128=ORIENTED_EDGE('',*,*,#392,.F.);
#129=ORIENTED_EDGE('',*,*,#393,.F.);
#130=ORIENTED_EDGE('',*,*,#394,.T.);
#131=ORIENTED_EDGE('',*,*,#395,.T.);
#132=ORIENTED_EDGE('',*,*,#396,.F.);
#133=ORIENTED_EDGE('',*,*,#397,.F.);
#134=ORIENTED_EDGE('',*,*,#398,.T.);
#135=ORIENTED_EDGE('',*,*,#399,.T.);
#136=ORIENTED_EDGE('',*,*,#400,.F.);
#137=ORIENTED_EDGE('',*,*,#401,.T.);
#138=ORIENTED_EDGE('',*,*,#402,.T.);
#139=ORIENTED_EDGE('',*,*,#403,.F.);
#140=ORIENTED_EDGE('',*,*,#404,.F.);
#141=ORIENTED_EDGE('',*,*,#405,.T.);
#142=ORIENTED_EDGE('',*,*,#406,.T.);
#143=ORIENTED_EDGE('',*,*,#407,.F.);
#144=ORIENTED_EDGE('',*,*,#408,.F.);
#145=ORIENTED_EDGE('',*,*,#409,.F.);
#146=ORIENTED_EDGE('',*,*,#410,.T.);
#147=ORIENTED_EDGE('',*,*,#400,.T.);
#148=ORIENTED_EDGE('',*,*,#411,.F.);
#149=ORIENTED_EDGE('',*,*,#412,.F.);
#150=ORIENTED_EDGE('',*,*,#413,.T.);
#151=ORIENTED_EDGE('',*,*,#414,.F.);
#152=ORIENTED_EDGE('',*,*,#415,.T.);
#153=ORIENTED_EDGE('',*,*,#404,.T.);
#154=ORIENTED_EDGE('',*,*,#416,.F.);
#155=ORIENTED_EDGE('',*,*,#417,.F.);
#156=ORIENTED_EDGE('',*,*,#418,.T.);
#157=ORIENTED_EDGE('',*,*,#419,.F.);
#158=ORIENTED_EDGE('',*,*,#420,.T.);
#159=ORIENTED_EDGE('',*,*,#421,.T.);
#160=ORIENTED_EDGE('',*,*,#422,.F.);
#161=ORIENTED_EDGE('',*,*,#423,.F.);
#162=ORIENTED_EDGE('',*,*,#424,.T.);
#163=ORIENTED_EDGE('',*,*,#425,.F.);
#164=ORIENTED_EDGE('',*,*,#426,.T.);
#165=ORIENTED_EDGE('',*,*,#397,.T.);
#166=ORIENTED_EDGE('',*,*,#427,.F.);
#167=ORIENTED_EDGE('',*,*,#428,.F.);
#168=ORIENTED_EDGE('',*,*,#429,.T.);
#169=ORIENTED_EDGE('',*,*,#430,.F.);
#170=ORIENTED_EDGE('',*,*,#431,.T.);
#171=ORIENTED_EDGE('',*,*,#393,.T.);
#172=ORIENTED_EDGE('',*,*,#432,.F.);
#173=ORIENTED_EDGE('',*,*,#433,.F.);
#174=ORIENTED_EDGE('',*,*,#434,.T.);
#175=ORIENTED_EDGE('',*,*,#435,.F.);
#176=ORIENTED_EDGE('',*,*,#436,.T.);
#177=ORIENTED_EDGE('',*,*,#389,.T.);
#178=ORIENTED_EDGE('',*,*,#437,.F.);
#179=ORIENTED_EDGE('',*,*,#438,.F.);
#180=ORIENTED_EDGE('',*,*,#439,.T.);
#181=ORIENTED_EDGE('',*,*,#440,.F.);
#182=ORIENTED_EDGE('',*,*,#441,.T.);
#183=ORIENTED_EDGE('',*,*,#385,.T.);
#184=ORIENTED_EDGE('',*,*,#442,.F.);
#185=ORIENTED_EDGE('',*,*,#443,.F.);
#186=ORIENTED_EDGE('',*,*,#444,.T.);
#187=ORIENTED_EDGE('',*,*,#421,.F.);
#188=ORIENTED_EDGE('',*,*,#445,.T.);
#189=ORIENTED_EDGE('',*,*,#446,.T.);
#190=ORIENTED_EDGE('',*,*,#447,.F.);
#191=ORIENTED_EDGE('',*,*,#448,.T.);
#192=ORIENTED_EDGE('',*,*,#449,.F.);
#193=ORIENTED_EDGE('',*,*,#450,.T.);
#194=ORIENTED_EDGE('',*,*,#387,.F.);
#195=ORIENTED_EDGE('',*,*,#451,.F.);
#196=ORIENTED_EDGE('',*,*,#452,.F.);
#197=ORIENTED_EDGE('',*,*,#453,.F.);
#198=ORIENTED_EDGE('',*,*,#454,.F.);
#199=ORIENTED_EDGE('',*,*,#455,.T.);
#200=ORIENTED_EDGE('',*,*,#391,.F.);
#201=ORIENTED_EDGE('',*,*,#456,.F.);
#202=ORIENTED_EDGE('',*,*,#457,.F.);
#203=ORIENTED_EDGE('',*,*,#458,.F.);
#204=ORIENTED_EDGE('',*,*,#459,.F.);
#205=ORIENTED_EDGE('',*,*,#460,.T.);
#206=ORIENTED_EDGE('',*,*,#395,.F.);
#207=ORIENTED_EDGE('',*,*,#461,.F.);
#208=ORIENTED_EDGE('',*,*,#462,.F.);
#209=ORIENTED_EDGE('',*,*,#463,.F.);
#210=ORIENTED_EDGE('',*,*,#464,.F.);
#211=ORIENTED_EDGE('',*,*,#465,.T.);
#212=ORIENTED_EDGE('',*,*,#399,.F.);
#213=ORIENTED_EDGE('',*,*,#466,.F.);
#214=ORIENTED_EDGE('',*,*,#467,.F.);
#215=ORIENTED_EDGE('',*,*,#468,.F.);
#216=ORIENTED_EDGE('',*,*,#469,.F.);
#217=ORIENTED_EDGE('',*,*,#470,.T.);
#218=ORIENTED_EDGE('',*,*,#446,.F.);
#219=ORIENTED_EDGE('',*,*,#471,.F.);
#220=ORIENTED_EDGE('',*,*,#472,.F.);
#221=ORIENTED_EDGE('',*,*,#473,.F.);
#222=ORIENTED_EDGE('',*,*,#474,.F.);
#223=ORIENTED_EDGE('',*,*,#475,.T.);
#224=ORIENTED_EDGE('',*,*,#406,.F.);
#225=ORIENTED_EDGE('',*,*,#476,.F.);
#226=ORIENTED_EDGE('',*,*,#477,.F.);
#227=ORIENTED_EDGE('',*,*,#478,.F.);
#228=ORIENTED_EDGE('',*,*,#479,.F.);
#229=ORIENTED_EDGE('',*,*,#480,.T.);
#230=ORIENTED_EDGE('',*,*,#402,.F.);
#231=ORIENTED_EDGE('',*,*,#481,.F.);
#232=ORIENTED_EDGE('',*,*,#482,.F.);
#233=ORIENTED_EDGE('',*,*,#483,.F.);
#234=ORIENTED_EDGE('',*,*,#422,.T.);
#235=ORIENTED_EDGE('',*,*,#447,.T.);
#236=ORIENTED_EDGE('',*,*,#470,.F.);
#237=ORIENTED_EDGE('',*,*,#484,.F.);
#238=ORIENTED_EDGE('',*,*,#466,.T.);
#239=ORIENTED_EDGE('',*,*,#398,.F.);
#240=ORIENTED_EDGE('',*,*,#426,.F.);
#241=ORIENTED_EDGE('',*,*,#485,.F.);
#242=ORIENTED_EDGE('',*,*,#468,.T.);
#243=ORIENTED_EDGE('',*,*,#486,.F.);
#244=ORIENTED_EDGE('',*,*,#424,.F.);
#245=ORIENTED_EDGE('',*,*,#487,.F.);
#246=ORIENTED_EDGE('',*,*,#423,.T.);
#247=ORIENTED_EDGE('',*,*,#484,.T.);
#248=ORIENTED_EDGE('',*,*,#469,.T.);
#249=ORIENTED_EDGE('',*,*,#487,.T.);
#250=ORIENTED_EDGE('',*,*,#425,.T.);
#251=ORIENTED_EDGE('',*,*,#486,.T.);
#252=ORIENTED_EDGE('',*,*,#467,.T.);
#253=ORIENTED_EDGE('',*,*,#485,.T.);
#254=ORIENTED_EDGE('',*,*,#416,.T.);
#255=ORIENTED_EDGE('',*,*,#407,.T.);
#256=ORIENTED_EDGE('',*,*,#475,.F.);
#257=ORIENTED_EDGE('',*,*,#488,.F.);
#258=ORIENTED_EDGE('',*,*,#471,.T.);
#259=ORIENTED_EDGE('',*,*,#445,.F.);
#260=ORIENTED_EDGE('',*,*,#420,.F.);
#261=ORIENTED_EDGE('',*,*,#489,.F.);
#262=ORIENTED_EDGE('',*,*,#473,.T.);
#263=ORIENTED_EDGE('',*,*,#490,.F.);
#264=ORIENTED_EDGE('',*,*,#418,.F.);
#265=ORIENTED_EDGE('',*,*,#491,.F.);
#266=ORIENTED_EDGE('',*,*,#417,.T.);
#267=ORIENTED_EDGE('',*,*,#488,.T.);
#268=ORIENTED_EDGE('',*,*,#474,.T.);
#269=ORIENTED_EDGE('',*,*,#491,.T.);
#270=ORIENTED_EDGE('',*,*,#419,.T.);
#271=ORIENTED_EDGE('',*,*,#490,.T.);
#272=ORIENTED_EDGE('',*,*,#472,.T.);
#273=ORIENTED_EDGE('',*,*,#489,.T.);
#274=ORIENTED_EDGE('',*,*,#411,.T.);
#275=ORIENTED_EDGE('',*,*,#403,.T.);
#276=ORIENTED_EDGE('',*,*,#480,.F.);
#277=ORIENTED_EDGE('',*,*,#492,.F.);
#278=ORIENTED_EDGE('',*,*,#476,.T.);
#279=ORIENTED_EDGE('',*,*,#405,.F.);
#280=ORIENTED_EDGE('',*,*,#415,.F.);
#281=ORIENTED_EDGE('',*,*,#493,.F.);
#282=ORIENTED_EDGE('',*,*,#478,.T.);
#283=ORIENTED_EDGE('',*,*,#494,.F.);
#284=ORIENTED_EDGE('',*,*,#413,.F.);
#285=ORIENTED_EDGE('',*,*,#495,.F.);
#286=ORIENTED_EDGE('',*,*,#412,.T.);
#287=ORIENTED_EDGE('',*,*,#492,.T.);
#288=ORIENTED_EDGE('',*,*,#479,.T.);
#289=ORIENTED_EDGE('',*,*,#495,.T.);
#290=ORIENTED_EDGE('',*,*,#414,.T.);
#291=ORIENTED_EDGE('',*,*,#494,.T.);
#292=ORIENTED_EDGE('',*,*,#477,.T.);
#293=ORIENTED_EDGE('',*,*,#493,.T.);
#294=ORIENTED_EDGE('',*,*,#427,.T.);
#295=ORIENTED_EDGE('',*,*,#396,.T.);
#296=ORIENTED_EDGE('',*,*,#465,.F.);
#297=ORIENTED_EDGE('',*,*,#496,.F.);
#298=ORIENTED_EDGE('',*,*,#461,.T.);
#299=ORIENTED_EDGE('',*,*,#394,.F.);
#300=ORIENTED_EDGE('',*,*,#431,.F.);
#301=ORIENTED_EDGE('',*,*,#497,.F.);
#302=ORIENTED_EDGE('',*,*,#463,.T.);
#303=ORIENTED_EDGE('',*,*,#498,.F.);
#304=ORIENTED_EDGE('',*,*,#429,.F.);
#305=ORIENTED_EDGE('',*,*,#499,.F.);
#306=ORIENTED_EDGE('',*,*,#428,.T.);
#307=ORIENTED_EDGE('',*,*,#496,.T.);
#308=ORIENTED_EDGE('',*,*,#464,.T.);
#309=ORIENTED_EDGE('',*,*,#499,.T.);
#310=ORIENTED_EDGE('',*,*,#430,.T.);
#311=ORIENTED_EDGE('',*,*,#498,.T.);
#312=ORIENTED_EDGE('',*,*,#462,.T.);
#313=ORIENTED_EDGE('',*,*,#497,.T.);
#314=ORIENTED_EDGE('',*,*,#432,.T.);
#315=ORIENTED_EDGE('',*,*,#392,.T.);
#316=ORIENTED_EDGE('',*,*,#460,.F.);
#317=ORIENTED_EDGE('',*,*,#500,.F.);
#318=ORIENTED_EDGE('',*,*,#456,.T.);
#319=ORIENTED_EDGE('',*,*,#390,.F.);
#320=ORIENTED_EDGE('',*,*,#436,.F.);
#321=ORIENTED_EDGE('',*,*,#501,.F.);
#322=ORIENTED_EDGE('',*,*,#458,.T.);
#323=ORIENTED_EDGE('',*,*,#502,.F.);
#324=ORIENTED_EDGE('',*,*,#434,.F.);
#325=ORIENTED_EDGE('',*,*,#503,.F.);
#326=ORIENTED_EDGE('',*,*,#433,.T.);
#327=ORIENTED_EDGE('',*,*,#500,.T.);
#328=ORIENTED_EDGE('',*,*,#459,.T.);
#329=ORIENTED_EDGE('',*,*,#503,.T.);
#330=ORIENTED_EDGE('',*,*,#435,.T.);
#331=ORIENTED_EDGE('',*,*,#502,.T.);
#332=ORIENTED_EDGE('',*,*,#457,.T.);
#333=ORIENTED_EDGE('',*,*,#501,.T.);
#334=ORIENTED_EDGE('',*,*,#437,.T.);
#335=ORIENTED_EDGE('',*,*,#388,.T.);
#336=ORIENTED_EDGE('',*,*,#455,.F.);
#337=ORIENTED_EDGE('',*,*,#504,.F.);
#338=ORIENTED_EDGE('',*,*,#451,.T.);
#339=ORIENTED_EDGE('',*,*,#386,.F.);
#340=ORIENTED_EDGE('',*,*,#441,.F.);
#341=ORIENTED_EDGE('',*,*,#505,.F.);
#342=ORIENTED_EDGE('',*,*,#453,.T.);
#343=ORIENTED_EDGE('',*,*,#506,.F.);
#344=ORIENTED_EDGE('',*,*,#439,.F.);
#345=ORIENTED_EDGE('',*,*,#507,.F.);
#346=ORIENTED_EDGE('',*,*,#438,.T.);
#347=ORIENTED_EDGE('',*,*,#504,.T.);
#348=ORIENTED_EDGE('',*,*,#454,.T.);
#349=ORIENTED_EDGE('',*,*,#507,.T.);
#350=ORIENTED_EDGE('',*,*,#440,.T.);
#351=ORIENTED_EDGE('',*,*,#506,.T.);
#352=ORIENTED_EDGE('',*,*,#452,.T.);
#353=ORIENTED_EDGE('',*,*,#505,.T.);
#354=ORIENTED_EDGE('',*,*,#442,.T.);
#355=ORIENTED_EDGE('',*,*,#384,.T.);
#356=ORIENTED_EDGE('',*,*,#450,.F.);
#357=ORIENTED_EDGE('',*,*,#508,.F.);
#358=ORIENTED_EDGE('',*,*,#481,.T.);
#359=ORIENTED_EDGE('',*,*,#401,.F.);
#360=ORIENTED_EDGE('',*,*,#410,.F.);
#361=ORIENTED_EDGE('',*,*,#509,.F.);
#362=ORIENTED_EDGE('',*,*,#483,.T.);
#363=ORIENTED_EDGE('',*,*,#510,.F.);
#364=ORIENTED_EDGE('',*,*,#444,.F.);
#365=ORIENTED_EDGE('',*,*,#511,.F.);
#366=ORIENTED_EDGE('',*,*,#443,.T.);
#367=ORIENTED_EDGE('',*,*,#508,.T.);
#368=ORIENTED_EDGE('',*,*,#449,.T.);
#369=ORIENTED_EDGE('',*,*,#511,.T.);
#370=ORIENTED_EDGE('',*,*,#409,.T.);
#371=ORIENTED_EDGE('',*,*,#510,.T.);
#372=ORIENTED_EDGE('',*,*,#482,.T.);
#373=ORIENTED_EDGE('',*,*,#509,.T.);
#374=ORIENTED_EDGE('',*,*,#512,.F.);
#375=ORIENTED_EDGE('',*,*,#408,.T.);
#376=ORIENTED_EDGE('',*,*,#513,.F.);
#377=ORIENTED_EDGE('',*,*,#512,.T.);
#378=ORIENTED_EDGE('',*,*,#514,.F.);
#379=ORIENTED_EDGE('',*,*,#513,.T.);
#380=ORIENTED_EDGE('',*,*,#515,.F.);
#381=ORIENTED_EDGE('',*,*,#514,.T.);
#382=ORIENTED_EDGE('',*,*,#515,.T.);
#383=ORIENTED_EDGE('',*,*,#448,.F.);
#384=EDGE_CURVE('',#516,#517,#606,.T.);
#385=EDGE_CURVE('',#518,#516,#58,.T.);
#386=EDGE_CURVE('',#518,#519,#607,.T.);
#387=EDGE_CURVE('',#519,#517,#59,.T.);
#388=EDGE_CURVE('',#520,#521,#608,.T.);
#389=EDGE_CURVE('',#522,#520,#60,.T.);
#390=EDGE_CURVE('',#522,#523,#609,.T.);
#391=EDGE_CURVE('',#523,#521,#61,.T.);
#392=EDGE_CURVE('',#524,#525,#610,.T.);
#393=EDGE_CURVE('',#526,#524,#62,.T.);
#394=EDGE_CURVE('',#526,#527,#611,.T.);
#395=EDGE_CURVE('',#527,#525,#63,.T.);
#396=EDGE_CURVE('',#528,#529,#612,.T.);
#397=EDGE_CURVE('',#530,#528,#64,.T.);
#398=EDGE_CURVE('',#530,#531,#613,.T.);
#399=EDGE_CURVE('',#531,#529,#65,.T.);
#400=EDGE_CURVE('',#532,#533,#66,.T.);
#401=EDGE_CURVE('',#532,#534,#614,.T.);
#402=EDGE_CURVE('',#534,#535,#67,.T.);
#403=EDGE_CURVE('',#533,#535,#615,.T.);
#404=EDGE_CURVE('',#536,#537,#68,.T.);
#405=EDGE_CURVE('',#536,#538,#616,.T.);
#406=EDGE_CURVE('',#538,#539,#69,.T.);
#407=EDGE_CURVE('',#537,#539,#617,.T.);
#408=EDGE_CURVE('',#540,#540,#70,.T.);
#409=EDGE_CURVE('',#541,#542,#71,.T.);
#410=EDGE_CURVE('',#541,#532,#26,.T.);
#411=EDGE_CURVE('',#543,#533,#27,.T.);
#412=EDGE_CURVE('',#544,#543,#72,.T.);
#413=EDGE_CURVE('',#544,#545,#73,.T.);
#414=EDGE_CURVE('',#546,#545,#74,.T.);
#415=EDGE_CURVE('',#546,#536,#28,.T.);
#416=EDGE_CURVE('',#547,#537,#29,.T.);
#417=EDGE_CURVE('',#548,#547,#75,.T.);
#418=EDGE_CURVE('',#548,#549,#76,.T.);
#419=EDGE_CURVE('',#550,#549,#77,.T.);
#420=EDGE_CURVE('',#550,#551,#30,.T.);
#421=EDGE_CURVE('',#551,#552,#78,.T.);
#422=EDGE_CURVE('',#553,#552,#31,.T.);
#423=EDGE_CURVE('',#554,#553,#79,.T.);
#424=EDGE_CURVE('',#554,#555,#80,.T.);
#425=EDGE_CURVE('',#556,#555,#81,.T.);
#426=EDGE_CURVE('',#556,#530,#32,.T.);
#427=EDGE_CURVE('',#557,#528,#33,.T.);
#428=EDGE_CURVE('',#558,#557,#82,.T.);
#429=EDGE_CURVE('',#558,#559,#83,.T.);
#430=EDGE_CURVE('',#560,#559,#84,.T.);
#431=EDGE_CURVE('',#560,#526,#34,.T.);
#432=EDGE_CURVE('',#561,#524,#35,.T.);
#433=EDGE_CURVE('',#562,#561,#85,.T.);
#434=EDGE_CURVE('',#562,#563,#86,.T.);
#435=EDGE_CURVE('',#564,#563,#87,.T.);
#436=EDGE_CURVE('',#564,#522,#36,.T.);
#437=EDGE_CURVE('',#565,#520,#37,.T.);
#438=EDGE_CURVE('',#566,#565,#88,.T.);
#439=EDGE_CURVE('',#566,#567,#89,.T.);
#440=EDGE_CURVE('',#568,#567,#90,.T.);
#441=EDGE_CURVE('',#568,#518,#38,.T.);
#442=EDGE_CURVE('',#569,#516,#39,.T.);
#443=EDGE_CURVE('',#570,#569,#91,.T.);
#444=EDGE_CURVE('',#570,#542,#92,.T.);
#445=EDGE_CURVE('',#551,#571,#618,.T.);
#446=EDGE_CURVE('',#571,#572,#93,.T.);
#447=EDGE_CURVE('',#552,#572,#619,.T.);
#448=EDGE_CURVE('',#573,#573,#94,.T.);
#449=EDGE_CURVE('',#574,#575,#95,.F.);
#450=EDGE_CURVE('',#574,#517,#40,.T.);
#451=EDGE_CURVE('',#576,#519,#41,.T.);
#452=EDGE_CURVE('',#577,#576,#96,.F.);
#453=EDGE_CURVE('',#578,#577,#97,.T.);
#454=EDGE_CURVE('',#579,#578,#98,.F.);
#455=EDGE_CURVE('',#579,#521,#42,.T.);
#456=EDGE_CURVE('',#580,#523,#43,.T.);
#457=EDGE_CURVE('',#581,#580,#99,.F.);
#458=EDGE_CURVE('',#582,#581,#100,.T.);
#459=EDGE_CURVE('',#583,#582,#101,.F.);
#460=EDGE_CURVE('',#583,#525,#44,.T.);
#461=EDGE_CURVE('',#584,#527,#45,.T.);
#462=EDGE_CURVE('',#585,#584,#102,.F.);
#463=EDGE_CURVE('',#586,#585,#103,.T.);
#464=EDGE_CURVE('',#587,#586,#104,.F.);
#465=EDGE_CURVE('',#587,#529,#46,.T.);
#466=EDGE_CURVE('',#588,#531,#47,.T.);
#467=EDGE_CURVE('',#589,#588,#105,.F.);
#468=EDGE_CURVE('',#590,#589,#106,.T.);
#469=EDGE_CURVE('',#591,#590,#107,.F.);
#470=EDGE_CURVE('',#591,#572,#48,.T.);
#471=EDGE_CURVE('',#592,#571,#49,.T.);
#472=EDGE_CURVE('',#593,#592,#108,.F.);
#473=EDGE_CURVE('',#594,#593,#109,.T.);
#474=EDGE_CURVE('',#595,#594,#110,.F.);
#475=EDGE_CURVE('',#595,#539,#50,.T.);
#476=EDGE_CURVE('',#596,#538,#51,.T.);
#477=EDGE_CURVE('',#597,#596,#111,.F.);
#478=EDGE_CURVE('',#598,#597,#112,.T.);
#479=EDGE_CURVE('',#599,#598,#113,.F.);
#480=EDGE_CURVE('',#599,#535,#52,.T.);
#481=EDGE_CURVE('',#600,#534,#53,.T.);
#482=EDGE_CURVE('',#601,#600,#114,.F.);
#483=EDGE_CURVE('',#575,#601,#115,.T.);
#484=EDGE_CURVE('',#553,#591,#620,.T.);
#485=EDGE_CURVE('',#588,#556,#621,.F.);
#486=EDGE_CURVE('',#555,#589,#622,.T.);
#487=EDGE_CURVE('',#590,#554,#623,.F.);
#488=EDGE_CURVE('',#547,#595,#624,.T.);
#489=EDGE_CURVE('',#592,#550,#625,.F.);
#490=EDGE_CURVE('',#549,#593,#626,.T.);
#491=EDGE_CURVE('',#594,#548,#627,.F.);
#492=EDGE_CURVE('',#543,#599,#628,.T.);
#493=EDGE_CURVE('',#596,#546,#629,.F.);
#494=EDGE_CURVE('',#545,#597,#630,.T.);
#495=EDGE_CURVE('',#598,#544,#631,.F.);
#496=EDGE_CURVE('',#557,#587,#632,.T.);
#497=EDGE_CURVE('',#584,#560,#633,.F.);
#498=EDGE_CURVE('',#559,#585,#634,.T.);
#499=EDGE_CURVE('',#586,#558,#635,.F.);
#500=EDGE_CURVE('',#561,#583,#636,.T.);
#501=EDGE_CURVE('',#580,#564,#637,.F.);
#502=EDGE_CURVE('',#563,#581,#638,.T.);
#503=EDGE_CURVE('',#582,#562,#639,.F.);
#504=EDGE_CURVE('',#565,#579,#640,.T.);
#505=EDGE_CURVE('',#576,#568,#641,.F.);
#506=EDGE_CURVE('',#567,#577,#642,.T.);
#507=EDGE_CURVE('',#578,#566,#643,.F.);
#508=EDGE_CURVE('',#569,#574,#644,.T.);
#509=EDGE_CURVE('',#600,#541,#645,.F.);
#510=EDGE_CURVE('',#542,#601,#646,.T.);
#511=EDGE_CURVE('',#575,#570,#647,.F.);
#512=EDGE_CURVE('',#602,#602,#116,.T.);
#513=EDGE_CURVE('',#603,#603,#117,.T.);
#514=EDGE_CURVE('',#604,#604,#118,.T.);
#515=EDGE_CURVE('',#605,#605,#119,.T.);
#516=VERTEX_POINT('',#1233);
#517=VERTEX_POINT('',#1234);
#518=VERTEX_POINT('',#1236);
#519=VERTEX_POINT('',#1238);
#520=VERTEX_POINT('',#1242);
#521=VERTEX_POINT('',#1243);
#522=VERTEX_POINT('',#1245);
#523=VERTEX_POINT('',#1247);
#524=VERTEX_POINT('',#1251);
#525=VERTEX_POINT('',#1252);
#526=VERTEX_POINT('',#1254);
#527=VERTEX_POINT('',#1256);
#528=VERTEX_POINT('',#1260);
#529=VERTEX_POINT('',#1261);
#530=VERTEX_POINT('',#1263);
#531=VERTEX_POINT('',#1265);
#532=VERTEX_POINT('',#1269);
#533=VERTEX_POINT('',#1270);
#534=VERTEX_POINT('',#1272);
#535=VERTEX_POINT('',#1274);
#536=VERTEX_POINT('',#1278);
#537=VERTEX_POINT('',#1279);
#538=VERTEX_POINT('',#1281);
#539=VERTEX_POINT('',#1283);
#540=VERTEX_POINT('',#1287);
#541=VERTEX_POINT('',#1289);
#542=VERTEX_POINT('',#1290);
#543=VERTEX_POINT('',#1385);
#544=VERTEX_POINT('',#1387);
#545=VERTEX_POINT('',#1389);
#546=VERTEX_POINT('',#1391);
#547=VERTEX_POINT('',#1486);
#548=VERTEX_POINT('',#1488);
#549=VERTEX_POINT('',#1490);
#550=VERTEX_POINT('',#1492);
#551=VERTEX_POINT('',#1540);
#552=VERTEX_POINT('',#1542);
#553=VERTEX_POINT('',#1590);
#554=VERTEX_POINT('',#1592);
#555=VERTEX_POINT('',#1594);
#556=VERTEX_POINT('',#1596);
#557=VERTEX_POINT('',#1691);
#558=VERTEX_POINT('',#1693);
#559=VERTEX_POINT('',#1695);
#560=VERTEX_POINT('',#1697);
#561=VERTEX_POINT('',#1792);
#562=VERTEX_POINT('',#1794);
#563=VERTEX_POINT('',#1796);
#564=VERTEX_POINT('',#1798);
#565=VERTEX_POINT('',#1893);
#566=VERTEX_POINT('',#1895);
#567=VERTEX_POINT('',#1897);
#568=VERTEX_POINT('',#1899);
#569=VERTEX_POINT('',#1994);
#570=VERTEX_POINT('',#1996);
#571=VERTEX_POINT('',#2000);
#572=VERTEX_POINT('',#2002);
#573=VERTEX_POINT('',#2006);
#574=VERTEX_POINT('',#2008);
#575=VERTEX_POINT('',#2009);
#576=VERTEX_POINT('',#2104);
#577=VERTEX_POINT('',#2106);
#578=VERTEX_POINT('',#2108);
#579=VERTEX_POINT('',#2110);
#580=VERTEX_POINT('',#2205);
#581=VERTEX_POINT('',#2207);
#582=VERTEX_POINT('',#2209);
#583=VERTEX_POINT('',#2211);
#584=VERTEX_POINT('',#2306);
#585=VERTEX_POINT('',#2308);
#586=VERTEX_POINT('',#2310);
#587=VERTEX_POINT('',#2312);
#588=VERTEX_POINT('',#2407);
#589=VERTEX_POINT('',#2409);
#590=VERTEX_POINT('',#2411);
#591=VERTEX_POINT('',#2413);
#592=VERTEX_POINT('',#2508);
#593=VERTEX_POINT('',#2510);
#594=VERTEX_POINT('',#2512);
#595=VERTEX_POINT('',#2514);
#596=VERTEX_POINT('',#2609);
#597=VERTEX_POINT('',#2611);
#598=VERTEX_POINT('',#2613);
#599=VERTEX_POINT('',#2615);
#600=VERTEX_POINT('',#2710);
#601=VERTEX_POINT('',#2712);
#602=VERTEX_POINT('',#3213);
#603=VERTEX_POINT('',#3216);
#604=VERTEX_POINT('',#3219);
#605=VERTEX_POINT('',#3222);
#606=LINE('',#1232,#648);
#607=LINE('',#1237,#649);
#608=LINE('',#1241,#650);
#609=LINE('',#1246,#651);
#610=LINE('',#1250,#652);
#611=LINE('',#1255,#653);
#612=LINE('',#1259,#654);
#613=LINE('',#1264,#655);
#614=LINE('',#1271,#656);
#615=LINE('',#1275,#657);
#616=LINE('',#1280,#658);
#617=LINE('',#1284,#659);
#618=LINE('',#1999,#660);
#619=LINE('',#2003,#661);
#620=LINE('',#2746,#662);
#621=LINE('',#2779,#663);
#622=LINE('',#2781,#664);
#623=LINE('',#2782,#665);
#624=LINE('',#2817,#666);
#625=LINE('',#2850,#667);
#626=LINE('',#2852,#668);
#627=LINE('',#2853,#669);
#628=LINE('',#2888,#670);
#629=LINE('',#2921,#671);
#630=LINE('',#2923,#672);
#631=LINE('',#2924,#673);
#632=LINE('',#2959,#674);
#633=LINE('',#2992,#675);
#634=LINE('',#2994,#676);
#635=LINE('',#2995,#677);
#636=LINE('',#3030,#678);
#637=LINE('',#3063,#679);
#638=LINE('',#3065,#680);
#639=LINE('',#3066,#681);
#640=LINE('',#3101,#682);
#641=LINE('',#3134,#683);
#642=LINE('',#3136,#684);
#643=LINE('',#3137,#685);
#644=LINE('',#3172,#686);
#645=LINE('',#3205,#687);
#646=LINE('',#3207,#688);
#647=LINE('',#3208,#689);
#648=VECTOR('',#996,1.);
#649=VECTOR('',#999,1.);
#650=VECTOR('',#1004,1.);
#651=VECTOR('',#1007,1.);
#652=VECTOR('',#1012,1.);
#653=VECTOR('',#1015,1.);
#654=VECTOR('',#1020,1.);
#655=VECTOR('',#1023,1.);
#656=VECTOR('',#1030,1.);
#657=VECTOR('',#1033,1.);
#658=VECTOR('',#1038,1.);
#659=VECTOR('',#1041,1.);
#660=VECTOR('',#1092,1.);
#661=VECTOR('',#1095,1.);
#662=VECTOR('',#1142,1.);
#663=VECTOR('',#1143,1.);
#664=VECTOR('',#1146,1.);
#665=VECTOR('',#1147,1.);
#666=VECTOR('',#1152,1.);
#667=VECTOR('',#1153,1.);
#668=VECTOR('',#1156,1.);
#669=VECTOR('',#1157,1.);
#670=VECTOR('',#1162,1.);
#671=VECTOR('',#1163,1.);
#672=VECTOR('',#1166,1.);
#673=VECTOR('',#1167,1.);
#674=VECTOR('',#1172,1.);
#675=VECTOR('',#1173,1.);
#676=VECTOR('',#1176,1.);
#677=VECTOR('',#1177,1.);
#678=VECTOR('',#1182,1.);
#679=VECTOR('',#1183,1.);
#680=VECTOR('',#1186,1.);
#681=VECTOR('',#1187,1.);
#682=VECTOR('',#1192,1.);
#683=VECTOR('',#1193,1.);
#684=VECTOR('',#1196,1.);
#685=VECTOR('',#1197,1.);
#686=VECTOR('',#1202,1.);
#687=VECTOR('',#1203,1.);
#688=VECTOR('',#1206,1.);
#689=VECTOR('',#1207,1.);
#690=EDGE_LOOP('',(#120,#121,#122,#123));
#691=EDGE_LOOP('',(#124,#125,#126,#127));
#692=EDGE_LOOP('',(#128,#129,#130,#131));
#693=EDGE_LOOP('',(#132,#133,#134,#135));
#694=EDGE_LOOP('',(#136,#137,#138,#139));
#695=EDGE_LOOP('',(#140,#141,#142,#143));
#696=EDGE_LOOP('',(#144));
#697=EDGE_LOOP('',(#145,#146,#147,#148,#149,#150,#151,#152,#153,#154,#155,
#156,#157,#158,#159,#160,#161,#162,#163,#164,#165,#166,#167,#168,#169,#170,
#171,#172,#173,#174,#175,#176,#177,#178,#179,#180,#181,#182,#183,#184,#185,
#186));
#698=EDGE_LOOP('',(#187,#188,#189,#190));
#699=EDGE_LOOP('',(#191));
#700=EDGE_LOOP('',(#192,#193,#194,#195,#196,#197,#198,#199,#200,#201,#202,
#203,#204,#205,#206,#207,#208,#209,#210,#211,#212,#213,#214,#215,#216,#217,
#218,#219,#220,#221,#222,#223,#224,#225,#226,#227,#228,#229,#230,#231,#232,
#233));
#701=EDGE_LOOP('',(#234,#235,#236,#237));
#702=EDGE_LOOP('',(#238,#239,#240,#241));
#703=EDGE_LOOP('',(#242,#243,#244,#245));
#704=EDGE_LOOP('',(#246,#247,#248,#249));
#705=EDGE_LOOP('',(#250,#251,#252,#253));
#706=EDGE_LOOP('',(#254,#255,#256,#257));
#707=EDGE_LOOP('',(#258,#259,#260,#261));
#708=EDGE_LOOP('',(#262,#263,#264,#265));
#709=EDGE_LOOP('',(#266,#267,#268,#269));
#710=EDGE_LOOP('',(#270,#271,#272,#273));
#711=EDGE_LOOP('',(#274,#275,#276,#277));
#712=EDGE_LOOP('',(#278,#279,#280,#281));
#713=EDGE_LOOP('',(#282,#283,#284,#285));
#714=EDGE_LOOP('',(#286,#287,#288,#289));
#715=EDGE_LOOP('',(#290,#291,#292,#293));
#716=EDGE_LOOP('',(#294,#295,#296,#297));
#717=EDGE_LOOP('',(#298,#299,#300,#301));
#718=EDGE_LOOP('',(#302,#303,#304,#305));
#719=EDGE_LOOP('',(#306,#307,#308,#309));
#720=EDGE_LOOP('',(#310,#311,#312,#313));
#721=EDGE_LOOP('',(#314,#315,#316,#317));
#722=EDGE_LOOP('',(#318,#319,#320,#321));
#723=EDGE_LOOP('',(#322,#323,#324,#325));
#724=EDGE_LOOP('',(#326,#327,#328,#329));
#725=EDGE_LOOP('',(#330,#331,#332,#333));
#726=EDGE_LOOP('',(#334,#335,#336,#337));
#727=EDGE_LOOP('',(#338,#339,#340,#341));
#728=EDGE_LOOP('',(#342,#343,#344,#345));
#729=EDGE_LOOP('',(#346,#347,#348,#349));
#730=EDGE_LOOP('',(#350,#351,#352,#353));
#731=EDGE_LOOP('',(#354,#355,#356,#357));
#732=EDGE_LOOP('',(#358,#359,#360,#361));
#733=EDGE_LOOP('',(#362,#363,#364,#365));
#734=EDGE_LOOP('',(#366,#367,#368,#369));
#735=EDGE_LOOP('',(#370,#371,#372,#373));
#736=EDGE_LOOP('',(#374));
#737=EDGE_LOOP('',(#375));
#738=EDGE_LOOP('',(#376));
#739=EDGE_LOOP('',(#377));
#740=EDGE_LOOP('',(#378));
#741=EDGE_LOOP('',(#379));
#742=EDGE_LOOP('',(#380));
#743=EDGE_LOOP('',(#381));
#744=EDGE_LOOP('',(#382));
#745=EDGE_LOOP('',(#383));
#746=FACE_BOUND('',#690,.T.);
#747=FACE_BOUND('',#691,.T.);
#748=FACE_BOUND('',#692,.T.);
#749=FACE_BOUND('',#693,.T.);
#750=FACE_BOUND('',#694,.T.);
#751=FACE_BOUND('',#695,.T.);
#752=FACE_BOUND('',#696,.T.);
#753=FACE_BOUND('',#697,.T.);
#754=FACE_BOUND('',#698,.T.);
#755=FACE_BOUND('',#699,.T.);
#756=FACE_BOUND('',#700,.T.);
#757=FACE_BOUND('',#701,.T.);
#758=FACE_BOUND('',#702,.T.);
#759=FACE_BOUND('',#703,.T.);
#760=FACE_BOUND('',#704,.T.);
#761=FACE_BOUND('',#705,.T.);
#762=FACE_BOUND('',#706,.T.);
#763=FACE_BOUND('',#707,.T.);
#764=FACE_BOUND('',#708,.T.);
#765=FACE_BOUND('',#709,.T.);
#766=FACE_BOUND('',#710,.T.);
#767=FACE_BOUND('',#711,.T.);
#768=FACE_BOUND('',#712,.T.);
#769=FACE_BOUND('',#713,.T.);
#770=FACE_BOUND('',#714,.T.);
#771=FACE_BOUND('',#715,.T.);
#772=FACE_BOUND('',#716,.T.);
#773=FACE_BOUND('',#717,.T.);
#774=FACE_BOUND('',#718,.T.);
#775=FACE_BOUND('',#719,.T.);
#776=FACE_BOUND('',#720,.T.);
#777=FACE_BOUND('',#721,.T.);
#778=FACE_BOUND('',#722,.T.);
#779=FACE_BOUND('',#723,.T.);
#780=FACE_BOUND('',#724,.T.);
#781=FACE_BOUND('',#725,.T.);
#782=FACE_BOUND('',#726,.T.);
#783=FACE_BOUND('',#727,.T.);
#784=FACE_BOUND('',#728,.T.);
#785=FACE_BOUND('',#729,.T.);
#786=FACE_BOUND('',#730,.T.);
#787=FACE_BOUND('',#731,.T.);
#788=FACE_BOUND('',#732,.T.);
#789=FACE_BOUND('',#733,.T.);
#790=FACE_BOUND('',#734,.T.);
#791=FACE_BOUND('',#735,.T.);
#792=FACE_BOUND('',#736,.T.);
#793=FACE_BOUND('',#737,.T.);
#794=FACE_BOUND('',#738,.T.);
#795=FACE_BOUND('',#739,.T.);
#796=FACE_BOUND('',#740,.T.);
#797=FACE_BOUND('',#741,.T.);
#798=FACE_BOUND('',#742,.T.);
#799=FACE_BOUND('',#743,.T.);
#800=FACE_BOUND('',#744,.T.);
#801=FACE_BOUND('',#745,.T.);
#802=CYLINDRICAL_SURFACE('',#895,0.010969605);
#803=CYLINDRICAL_SURFACE('',#898,0.010969605);
#804=CYLINDRICAL_SURFACE('',#901,0.010969605);
#805=CYLINDRICAL_SURFACE('',#904,0.010969605);
#806=CYLINDRICAL_SURFACE('',#907,0.010969605);
#807=CYLINDRICAL_SURFACE('',#910,0.010969605);
#808=CYLINDRICAL_SURFACE('',#937,0.010969605);
#809=CYLINDRICAL_SURFACE('',#962,0.00548480249999999);
#810=CYLINDRICAL_SURFACE('',#963,0.0010101589627219);
#811=CYLINDRICAL_SURFACE('',#964,0.0010101589627219);
#812=CYLINDRICAL_SURFACE('',#965,0.00548480249999999);
#813=CYLINDRICAL_SURFACE('',#966,0.0010101589627219);
#814=CYLINDRICAL_SURFACE('',#967,0.0010101589627219);
#815=CYLINDRICAL_SURFACE('',#968,0.00548480249999999);
#816=CYLINDRICAL_SURFACE('',#969,0.0010101589627219);
#817=CYLINDRICAL_SURFACE('',#970,0.0010101589627219);
#818=CYLINDRICAL_SURFACE('',#971,0.00548480249999999);
#819=CYLINDRICAL_SURFACE('',#972,0.0010101589627219);
#820=CYLINDRICAL_SURFACE('',#973,0.0010101589627219);
#821=CYLINDRICAL_SURFACE('',#974,0.00548480249999999);
#822=CYLINDRICAL_SURFACE('',#975,0.0010101589627219);
#823=CYLINDRICAL_SURFACE('',#976,0.0010101589627219);
#824=CYLINDRICAL_SURFACE('',#977,0.00548480249999999);
#825=CYLINDRICAL_SURFACE('',#978,0.0010101589627219);
#826=CYLINDRICAL_SURFACE('',#979,0.0010101589627219);
#827=CYLINDRICAL_SURFACE('',#980,0.00548480249999999);
#828=CYLINDRICAL_SURFACE('',#981,0.0010101589627219);
#829=CYLINDRICAL_SURFACE('',#982,0.0010101589627219);
#830=CYLINDRICAL_SURFACE('',#983,0.005);
#831=CYLINDRICAL_SURFACE('',#987,0.00399);
#832=CYLINDRICAL_SURFACE('',#991,0.002125);
#833=ADVANCED_FACE('',(#746),#802,.T.);
#834=ADVANCED_FACE('',(#747),#803,.T.);
#835=ADVANCED_FACE('',(#748),#804,.T.);
#836=ADVANCED_FACE('',(#749),#805,.T.);
#837=ADVANCED_FACE('',(#750),#806,.T.);
#838=ADVANCED_FACE('',(#751),#807,.T.);
#839=ADVANCED_FACE('',(#752,#753),#54,.T.);
#840=ADVANCED_FACE('',(#754),#808,.T.);
#841=ADVANCED_FACE('',(#755,#756),#55,.F.);
#842=ADVANCED_FACE('',(#757),#12,.T.);
#843=ADVANCED_FACE('',(#758),#13,.F.);
#844=ADVANCED_FACE('',(#759),#809,.T.);
#845=ADVANCED_FACE('',(#760),#810,.F.);
#846=ADVANCED_FACE('',(#761),#811,.F.);
#847=ADVANCED_FACE('',(#762),#14,.T.);
#848=ADVANCED_FACE('',(#763),#15,.F.);
#849=ADVANCED_FACE('',(#764),#812,.T.);
#850=ADVANCED_FACE('',(#765),#813,.F.);
#851=ADVANCED_FACE('',(#766),#814,.F.);
#852=ADVANCED_FACE('',(#767),#16,.T.);
#853=ADVANCED_FACE('',(#768),#17,.F.);
#854=ADVANCED_FACE('',(#769),#815,.T.);
#855=ADVANCED_FACE('',(#770),#816,.F.);
#856=ADVANCED_FACE('',(#771),#817,.F.);
#857=ADVANCED_FACE('',(#772),#18,.T.);
#858=ADVANCED_FACE('',(#773),#19,.F.);
#859=ADVANCED_FACE('',(#774),#818,.T.);
#860=ADVANCED_FACE('',(#775),#819,.F.);
#861=ADVANCED_FACE('',(#776),#820,.F.);
#862=ADVANCED_FACE('',(#777),#20,.T.);
#863=ADVANCED_FACE('',(#778),#21,.F.);
#864=ADVANCED_FACE('',(#779),#821,.T.);
#865=ADVANCED_FACE('',(#780),#822,.F.);
#866=ADVANCED_FACE('',(#781),#823,.F.);
#867=ADVANCED_FACE('',(#782),#22,.T.);
#868=ADVANCED_FACE('',(#783),#23,.F.);
#869=ADVANCED_FACE('',(#784),#824,.T.);
#870=ADVANCED_FACE('',(#785),#825,.F.);
#871=ADVANCED_FACE('',(#786),#826,.F.);
#872=ADVANCED_FACE('',(#787),#24,.T.);
#873=ADVANCED_FACE('',(#788),#25,.F.);
#874=ADVANCED_FACE('',(#789),#827,.T.);
#875=ADVANCED_FACE('',(#790),#828,.F.);
#876=ADVANCED_FACE('',(#791),#829,.F.);
#877=ADVANCED_FACE('',(#792,#793),#830,.T.);
#878=ADVANCED_FACE('',(#794,#795),#56,.T.);
#879=ADVANCED_FACE('',(#796,#797),#831,.T.);
#880=ADVANCED_FACE('',(#798,#799),#57,.T.);
#881=ADVANCED_FACE('',(#800,#801),#832,.F.);
#882=CLOSED_SHELL('',(#833,#834,#835,#836,#837,#838,#839,#840,#841,#842,
#843,#844,#845,#846,#847,#848,#849,#850,#851,#852,#853,#854,#855,#856,#857,
#858,#859,#860,#861,#862,#863,#864,#865,#866,#867,#868,#869,#870,#871,#872,
#873,#874,#875,#876,#877,#878,#879,#880,#881));
#883=STYLED_ITEM('',(#884),#891);
#884=PRESENTATION_STYLE_ASSIGNMENT((#885));
#885=SURFACE_STYLE_USAGE(.BOTH.,#886);
#886=SURFACE_SIDE_STYLE('',(#887));
#887=SURFACE_STYLE_FILL_AREA(#888);
#888=FILL_AREA_STYLE('',(#889));
#889=FILL_AREA_STYLE_COLOUR('',#890);
#890=COLOUR_RGB('',0.615686274509804,0.811764705882353,0.929411764705882);
#891=MANIFOLD_SOLID_BREP('Spur gear (7 teeth)',#882);
#892=SHAPE_DEFINITION_REPRESENTATION(#3230,#893);
#893=SHAPE_REPRESENTATION('Spur gear (7 teeth)',(#894),#3225);
#894=AXIS2_PLACEMENT_3D('',#1230,#992,#993);
#895=AXIS2_PLACEMENT_3D('',#1231,#994,#995);
#896=AXIS2_PLACEMENT_3D('',#1235,#997,#998);
#897=AXIS2_PLACEMENT_3D('',#1239,#1000,#1001);
#898=AXIS2_PLACEMENT_3D('',#1240,#1002,#1003);
#899=AXIS2_PLACEMENT_3D('',#1244,#1005,#1006);
#900=AXIS2_PLACEMENT_3D('',#1248,#1008,#1009);
#901=AXIS2_PLACEMENT_3D('',#1249,#1010,#1011);
#902=AXIS2_PLACEMENT_3D('',#1253,#1013,#1014);
#903=AXIS2_PLACEMENT_3D('',#1257,#1016,#1017);
#904=AXIS2_PLACEMENT_3D('',#1258,#1018,#1019);
#905=AXIS2_PLACEMENT_3D('',#1262,#1021,#1022);
#906=AXIS2_PLACEMENT_3D('',#1266,#1024,#1025);
#907=AXIS2_PLACEMENT_3D('',#1267,#1026,#1027);
#908=AXIS2_PLACEMENT_3D('',#1268,#1028,#1029);
#909=AXIS2_PLACEMENT_3D('',#1273,#1031,#1032);
#910=AXIS2_PLACEMENT_3D('',#1276,#1034,#1035);
#911=AXIS2_PLACEMENT_3D('',#1277,#1036,#1037);
#912=AXIS2_PLACEMENT_3D('',#1282,#1039,#1040);
#913=AXIS2_PLACEMENT_3D('',#1285,#1042,#1043);
#914=AXIS2_PLACEMENT_3D('',#1286,#1044,#1045);
#915=AXIS2_PLACEMENT_3D('',#1288,#1046,#1047);
#916=AXIS2_PLACEMENT_3D('',#1386,#1048,#1049);
#917=AXIS2_PLACEMENT_3D('',#1388,#1050,#1051);
#918=AXIS2_PLACEMENT_3D('',#1390,#1052,#1053);
#919=AXIS2_PLACEMENT_3D('',#1487,#1054,#1055);
#920=AXIS2_PLACEMENT_3D('',#1489,#1056,#1057);
#921=AXIS2_PLACEMENT_3D('',#1491,#1058,#1059);
#922=AXIS2_PLACEMENT_3D('',#1541,#1060,#1061);
#923=AXIS2_PLACEMENT_3D('',#1591,#1062,#1063);
#924=AXIS2_PLACEMENT_3D('',#1593,#1064,#1065);
#925=AXIS2_PLACEMENT_3D('',#1595,#1066,#1067);
#926=AXIS2_PLACEMENT_3D('',#1692,#1068,#1069);
#927=AXIS2_PLACEMENT_3D('',#1694,#1070,#1071);
#928=AXIS2_PLACEMENT_3D('',#1696,#1072,#1073);
#929=AXIS2_PLACEMENT_3D('',#1793,#1074,#1075);
#930=AXIS2_PLACEMENT_3D('',#1795,#1076,#1077);
#931=AXIS2_PLACEMENT_3D('',#1797,#1078,#1079);
#932=AXIS2_PLACEMENT_3D('',#1894,#1080,#1081);
#933=AXIS2_PLACEMENT_3D('',#1896,#1082,#1083);
#934=AXIS2_PLACEMENT_3D('',#1898,#1084,#1085);
#935=AXIS2_PLACEMENT_3D('',#1995,#1086,#1087);
#936=AXIS2_PLACEMENT_3D('',#1997,#1088,#1089);
#937=AXIS2_PLACEMENT_3D('',#1998,#1090,#1091);
#938=AXIS2_PLACEMENT_3D('',#2001,#1093,#1094);
#939=AXIS2_PLACEMENT_3D('',#2004,#1096,#1097);
#940=AXIS2_PLACEMENT_3D('',#2005,#1098,#1099);
#941=AXIS2_PLACEMENT_3D('',#2007,#1100,#1101);
#942=AXIS2_PLACEMENT_3D('',#2105,#1102,#1103);
#943=AXIS2_PLACEMENT_3D('',#2107,#1104,#1105);
#944=AXIS2_PLACEMENT_3D('',#2109,#1106,#1107);
#945=AXIS2_PLACEMENT_3D('',#2206,#1108,#1109);
#946=AXIS2_PLACEMENT_3D('',#2208,#1110,#1111);
#947=AXIS2_PLACEMENT_3D('',#2210,#1112,#1113);
#948=AXIS2_PLACEMENT_3D('',#2307,#1114,#1115);
#949=AXIS2_PLACEMENT_3D('',#2309,#1116,#1117);
#950=AXIS2_PLACEMENT_3D('',#2311,#1118,#1119);
#951=AXIS2_PLACEMENT_3D('',#2408,#1120,#1121);
#952=AXIS2_PLACEMENT_3D('',#2410,#1122,#1123);
#953=AXIS2_PLACEMENT_3D('',#2412,#1124,#1125);
#954=AXIS2_PLACEMENT_3D('',#2509,#1126,#1127);
#955=AXIS2_PLACEMENT_3D('',#2511,#1128,#1129);
#956=AXIS2_PLACEMENT_3D('',#2513,#1130,#1131);
#957=AXIS2_PLACEMENT_3D('',#2610,#1132,#1133);
#958=AXIS2_PLACEMENT_3D('',#2612,#1134,#1135);
#959=AXIS2_PLACEMENT_3D('',#2614,#1136,#1137);
#960=AXIS2_PLACEMENT_3D('',#2711,#1138,#1139);
#961=AXIS2_PLACEMENT_3D('',#2713,#1140,#1141);
#962=AXIS2_PLACEMENT_3D('',#2780,#1144,#1145);
#963=AXIS2_PLACEMENT_3D('',#2783,#1148,#1149);
#964=AXIS2_PLACEMENT_3D('',#2784,#1150,#1151);
#965=AXIS2_PLACEMENT_3D('',#2851,#1154,#1155);
#966=AXIS2_PLACEMENT_3D('',#2854,#1158,#1159);
#967=AXIS2_PLACEMENT_3D('',#2855,#1160,#1161);
#968=AXIS2_PLACEMENT_3D('',#2922,#1164,#1165);
#969=AXIS2_PLACEMENT_3D('',#2925,#1168,#1169);
#970=AXIS2_PLACEMENT_3D('',#2926,#1170,#1171);
#971=AXIS2_PLACEMENT_3D('',#2993,#1174,#1175);
#972=AXIS2_PLACEMENT_3D('',#2996,#1178,#1179);
#973=AXIS2_PLACEMENT_3D('',#2997,#1180,#1181);
#974=AXIS2_PLACEMENT_3D('',#3064,#1184,#1185);
#975=AXIS2_PLACEMENT_3D('',#3067,#1188,#1189);
#976=AXIS2_PLACEMENT_3D('',#3068,#1190,#1191);
#977=AXIS2_PLACEMENT_3D('',#3135,#1194,#1195);
#978=AXIS2_PLACEMENT_3D('',#3138,#1198,#1199);
#979=AXIS2_PLACEMENT_3D('',#3139,#1200,#1201);
#980=AXIS2_PLACEMENT_3D('',#3206,#1204,#1205);
#981=AXIS2_PLACEMENT_3D('',#3209,#1208,#1209);
#982=AXIS2_PLACEMENT_3D('',#3210,#1210,#1211);
#983=AXIS2_PLACEMENT_3D('',#3211,#1212,#1213);
#984=AXIS2_PLACEMENT_3D('',#3212,#1214,#1215);
#985=AXIS2_PLACEMENT_3D('',#3214,#1216,#1217);
#986=AXIS2_PLACEMENT_3D('',#3215,#1218,#1219);
#987=AXIS2_PLACEMENT_3D('',#3217,#1220,#1221);
#988=AXIS2_PLACEMENT_3D('',#3218,#1222,#1223);
#989=AXIS2_PLACEMENT_3D('',#3220,#1224,#1225);
#990=AXIS2_PLACEMENT_3D('',#3221,#1226,#1227);
#991=AXIS2_PLACEMENT_3D('',#3223,#1228,#1229);
#992=DIRECTION('',(0.,0.,1.));
#993=DIRECTION('',(1.,0.,0.));
#994=DIRECTION('',(0.,1.,0.));
#995=DIRECTION('',(0.,0.,1.));
#996=DIRECTION('',(0.,1.,0.));
#997=DIRECTION('',(0.,-1.,0.));
#998=DIRECTION('',(0.,0.,-1.));
#999=DIRECTION('',(0.,1.,0.));
#1000=DIRECTION('',(0.,-1.,0.));
#1001=DIRECTION('',(0.,0.,-1.));
#1002=DIRECTION('',(0.,1.,0.));
#1003=DIRECTION('',(0.,0.,1.));
#1004=DIRECTION('',(0.,1.,0.));
#1005=DIRECTION('',(0.,-1.,0.));
#1006=DIRECTION('',(0.,0.,-1.));
#1007=DIRECTION('',(0.,1.,0.));
#1008=DIRECTION('',(0.,-1.,0.));
#1009=DIRECTION('',(0.,0.,-1.));
#1010=DIRECTION('',(0.,1.,0.));
#1011=DIRECTION('',(0.,0.,1.));
#1012=DIRECTION('',(0.,1.,0.));
#1013=DIRECTION('',(0.,-1.,0.));
#1014=DIRECTION('',(0.,0.,-1.));
#1015=DIRECTION('',(0.,1.,0.));
#1016=DIRECTION('',(0.,-1.,0.));
#1017=DIRECTION('',(0.,0.,-1.));
#1018=DIRECTION('',(0.,1.,0.));
#1019=DIRECTION('',(0.,0.,1.));
#1020=DIRECTION('',(0.,1.,0.));
#1021=DIRECTION('',(0.,-1.,0.));
#1022=DIRECTION('',(0.,0.,-1.));
#1023=DIRECTION('',(0.,1.,0.));
#1024=DIRECTION('',(0.,-1.,0.));
#1025=DIRECTION('',(0.,0.,-1.));
#1026=DIRECTION('',(0.,1.,0.));
#1027=DIRECTION('',(0.,0.,1.));
#1028=DIRECTION('',(0.,-1.,0.));
#1029=DIRECTION('',(0.,0.,-1.));
#1030=DIRECTION('',(0.,1.,0.));
#1031=DIRECTION('',(0.,-1.,0.));
#1032=DIRECTION('',(0.,0.,-1.));
#1033=DIRECTION('',(0.,1.,0.));
#1034=DIRECTION('',(0.,1.,0.));
#1035=DIRECTION('',(0.,0.,1.));
#1036=DIRECTION('',(0.,-1.,0.));
#1037=DIRECTION('',(0.,0.,-1.));
#1038=DIRECTION('',(0.,1.,0.));
#1039=DIRECTION('',(0.,-1.,0.));
#1040=DIRECTION('',(0.,0.,-1.));
#1041=DIRECTION('',(0.,1.,0.));
#1042=DIRECTION('',(0.,-1.,0.));
#1043=DIRECTION('',(1.,0.,0.));
#1044=DIRECTION('',(0.,-1.,0.));
#1045=DIRECTION('',(0.,0.,-1.));
#1046=DIRECTION('',(0.,-1.,0.));
#1047=DIRECTION('',(-0.433883739117558,0.,0.900968867902419));
#1048=DIRECTION('',(0.,-1.,0.));
#1049=DIRECTION('',(-0.974927912181824,0.,0.222520933956314));
#1050=DIRECTION('',(0.,-1.,0.));
#1051=DIRECTION('',(-0.974927912181824,0.,0.222520933956314));
#1052=DIRECTION('',(0.,-1.,0.));
#1053=DIRECTION('',(-0.974927912181824,0.,0.222520933956314));
#1054=DIRECTION('',(0.,-1.,0.));
#1055=DIRECTION('',(-0.78183148246803,0.,-0.623489801858733));
#1056=DIRECTION('',(0.,-1.,0.));
#1057=DIRECTION('',(-0.78183148246803,0.,-0.623489801858733));
#1058=DIRECTION('',(0.,-1.,0.));
#1059=DIRECTION('',(-0.78183148246803,0.,-0.623489801858733));
#1060=DIRECTION('',(0.,-1.,0.));
#1061=DIRECTION('',(0.,0.,-1.));
#1062=DIRECTION('',(0.,-1.,0.));
#1063=DIRECTION('',(0.,0.,-1.));
#1064=DIRECTION('',(0.,-1.,0.));
#1065=DIRECTION('',(0.,0.,-1.));
#1066=DIRECTION('',(0.,-1.,0.));
#1067=DIRECTION('',(0.,0.,-1.));
#1068=DIRECTION('',(0.,-1.,0.));
#1069=DIRECTION('',(0.78183148246803,0.,-0.623489801858734));
#1070=DIRECTION('',(0.,-1.,0.));
#1071=DIRECTION('',(0.78183148246803,0.,-0.623489801858734));
#1072=DIRECTION('',(0.,-1.,0.));
#1073=DIRECTION('',(0.78183148246803,0.,-0.623489801858734));
#1074=DIRECTION('',(0.,-1.,0.));
#1075=DIRECTION('',(0.974927912181824,0.,0.222520933956315));
#1076=DIRECTION('',(0.,-1.,0.));
#1077=DIRECTION('',(0.974927912181824,0.,0.222520933956315));
#1078=DIRECTION('',(0.,-1.,0.));
#1079=DIRECTION('',(0.974927912181824,0.,0.222520933956315));
#1080=DIRECTION('',(0.,-1.,0.));
#1081=DIRECTION('',(0.433883739117559,0.,0.900968867902419));
#1082=DIRECTION('',(0.,-1.,0.));
#1083=DIRECTION('',(0.433883739117559,0.,0.900968867902419));
#1084=DIRECTION('',(0.,-1.,0.));
#1085=DIRECTION('',(0.433883739117559,0.,0.900968867902419));
#1086=DIRECTION('',(0.,-1.,0.));
#1087=DIRECTION('',(-0.433883739117558,0.,0.900968867902419));
#1088=DIRECTION('',(0.,-1.,0.));
#1089=DIRECTION('',(-0.433883739117558,0.,0.900968867902419));
#1090=DIRECTION('',(0.,1.,0.));
#1091=DIRECTION('',(0.,0.,1.));
#1092=DIRECTION('',(0.,1.,0.));
#1093=DIRECTION('',(0.,-1.,0.));
#1094=DIRECTION('',(0.,0.,-1.));
#1095=DIRECTION('',(0.,1.,0.));
#1096=DIRECTION('',(0.,-1.,0.));
#1097=DIRECTION('',(1.,0.,0.));
#1098=DIRECTION('',(0.,-1.,0.));
#1099=DIRECTION('',(0.,0.,-1.));
#1100=DIRECTION('',(0.,-1.,0.));
#1101=DIRECTION('',(-0.433883739117558,0.,0.900968867902419));
#1102=DIRECTION('',(0.,-1.,0.));
#1103=DIRECTION('',(0.433883739117559,0.,0.900968867902419));
#1104=DIRECTION('',(0.,-1.,0.));
#1105=DIRECTION('',(0.433883739117559,0.,0.900968867902419));
#1106=DIRECTION('',(0.,-1.,0.));
#1107=DIRECTION('',(0.433883739117559,0.,0.900968867902419));
#1108=DIRECTION('',(0.,-1.,0.));
#1109=DIRECTION('',(0.974927912181824,0.,0.222520933956315));
#1110=DIRECTION('',(0.,-1.,0.));
#1111=DIRECTION('',(0.974927912181824,0.,0.222520933956315));
#1112=DIRECTION('',(0.,-1.,0.));
#1113=DIRECTION('',(0.974927912181824,0.,0.222520933956315));
#1114=DIRECTION('',(0.,-1.,0.));
#1115=DIRECTION('',(0.78183148246803,0.,-0.623489801858734));
#1116=DIRECTION('',(0.,-1.,0.));
#1117=DIRECTION('',(0.78183148246803,0.,-0.623489801858734));
#1118=DIRECTION('',(0.,-1.,0.));
#1119=DIRECTION('',(0.78183148246803,0.,-0.623489801858734));
#1120=DIRECTION('',(0.,-1.,0.));
#1121=DIRECTION('',(0.,0.,-1.));
#1122=DIRECTION('',(0.,-1.,0.));
#1123=DIRECTION('',(0.,0.,-1.));
#1124=DIRECTION('',(0.,-1.,0.));
#1125=DIRECTION('',(0.,0.,-1.));
#1126=DIRECTION('',(0.,-1.,0.));
#1127=DIRECTION('',(-0.78183148246803,0.,-0.623489801858733));
#1128=DIRECTION('',(0.,-1.,0.));
#1129=DIRECTION('',(-0.78183148246803,0.,-0.623489801858733));
#1130=DIRECTION('',(0.,-1.,0.));
#1131=DIRECTION('',(-0.78183148246803,0.,-0.623489801858733));
#1132=DIRECTION('',(0.,-1.,0.));
#1133=DIRECTION('',(-0.974927912181824,0.,0.222520933956314));
#1134=DIRECTION('',(0.,-1.,0.));
#1135=DIRECTION('',(-0.974927912181824,0.,0.222520933956314));
#1136=DIRECTION('',(0.,-1.,0.));
#1137=DIRECTION('',(-0.974927912181824,0.,0.222520933956314));
#1138=DIRECTION('',(0.,-1.,0.));
#1139=DIRECTION('',(-0.433883739117558,0.,0.900968867902419));
#1140=DIRECTION('',(0.,-1.,0.));
#1141=DIRECTION('',(-0.433883739117558,0.,0.900968867902419));
#1142=DIRECTION('',(0.,1.,0.));
#1143=DIRECTION('',(0.,1.,0.));
#1144=DIRECTION('',(0.,1.,0.));
#1145=DIRECTION('',(0.,0.,1.));
#1146=DIRECTION('',(0.,1.,0.));
#1147=DIRECTION('',(0.,1.,0.));
#1148=DIRECTION('',(0.,1.,0.));
#1149=DIRECTION('',(0.,0.,1.));
#1150=DIRECTION('',(0.,1.,0.));
#1151=DIRECTION('',(0.,0.,1.));
#1152=DIRECTION('',(0.,1.,0.));
#1153=DIRECTION('',(0.,1.,0.));
#1154=DIRECTION('',(0.,1.,0.));
#1155=DIRECTION('',(0.78183148246803,0.,0.623489801858733));
#1156=DIRECTION('',(0.,1.,0.));
#1157=DIRECTION('',(0.,1.,0.));
#1158=DIRECTION('',(0.,1.,0.));
#1159=DIRECTION('',(0.78183148246803,0.,0.623489801858733));
#1160=DIRECTION('',(0.,1.,0.));
#1161=DIRECTION('',(0.78183148246803,0.,0.623489801858733));
#1162=DIRECTION('',(0.,1.,0.));
#1163=DIRECTION('',(0.,1.,0.));
#1164=DIRECTION('',(0.,1.,0.));
#1165=DIRECTION('',(0.974927912181824,0.,-0.222520933956314));
#1166=DIRECTION('',(0.,1.,0.));
#1167=DIRECTION('',(0.,1.,0.));
#1168=DIRECTION('',(0.,1.,0.));
#1169=DIRECTION('',(0.974927912181824,0.,-0.222520933956314));
#1170=DIRECTION('',(0.,1.,0.));
#1171=DIRECTION('',(0.974927912181824,0.,-0.222520933956314));
#1172=DIRECTION('',(0.,1.,0.));
#1173=DIRECTION('',(0.,1.,0.));
#1174=DIRECTION('',(0.,1.,0.));
#1175=DIRECTION('',(-0.78183148246803,0.,0.623489801858734));
#1176=DIRECTION('',(0.,1.,0.));
#1177=DIRECTION('',(0.,1.,0.));
#1178=DIRECTION('',(0.,1.,0.));
#1179=DIRECTION('',(-0.78183148246803,0.,0.623489801858734));
#1180=DIRECTION('',(0.,1.,0.));
#1181=DIRECTION('',(-0.78183148246803,0.,0.623489801858734));
#1182=DIRECTION('',(0.,1.,0.));
#1183=DIRECTION('',(0.,1.,0.));
#1184=DIRECTION('',(0.,1.,0.));
#1185=DIRECTION('',(-0.974927912181824,0.,-0.222520933956315));
#1186=DIRECTION('',(0.,1.,0.));
#1187=DIRECTION('',(0.,1.,0.));
#1188=DIRECTION('',(0.,1.,0.));
#1189=DIRECTION('',(-0.974927912181824,0.,-0.222520933956315));
#1190=DIRECTION('',(0.,1.,0.));
#1191=DIRECTION('',(-0.974927912181824,0.,-0.222520933956315));
#1192=DIRECTION('',(0.,1.,0.));
#1193=DIRECTION('',(0.,1.,0.));
#1194=DIRECTION('',(0.,1.,0.));
#1195=DIRECTION('',(-0.433883739117559,0.,-0.900968867902419));
#1196=DIRECTION('',(0.,1.,0.));
#1197=DIRECTION('',(0.,1.,0.));
#1198=DIRECTION('',(0.,1.,0.));
#1199=DIRECTION('',(-0.433883739117559,0.,-0.900968867902419));
#1200=DIRECTION('',(0.,1.,0.));
#1201=DIRECTION('',(-0.433883739117559,0.,-0.900968867902419));
#1202=DIRECTION('',(0.,1.,0.));
#1203=DIRECTION('',(0.,1.,0.));
#1204=DIRECTION('',(0.,1.,0.));
#1205=DIRECTION('',(0.433883739117558,0.,-0.900968867902419));
#1206=DIRECTION('',(0.,1.,0.));
#1207=DIRECTION('',(0.,1.,0.));
#1208=DIRECTION('',(0.,1.,0.));
#1209=DIRECTION('',(0.433883739117558,0.,-0.900968867902419));
#1210=DIRECTION('',(0.,1.,0.));
#1211=DIRECTION('',(0.433883739117558,0.,-0.900968867902419));
#1212=DIRECTION('',(0.,1.,0.));
#1213=DIRECTION('',(0.,0.,1.));
#1214=DIRECTION('',(0.,-1.,0.));
#1215=DIRECTION('',(0.,0.,-1.));
#1216=DIRECTION('',(0.,-1.,0.));
#1217=DIRECTION('',(1.,0.,0.));
#1218=DIRECTION('',(0.,-1.,0.));
#1219=DIRECTION('',(0.,0.,-1.));
#1220=DIRECTION('',(0.,1.,0.));
#1221=DIRECTION('',(0.,0.,1.));
#1222=DIRECTION('',(0.,-1.,0.));
#1223=DIRECTION('',(0.,0.,-1.));
#1224=DIRECTION('',(0.,-1.,0.));
#1225=DIRECTION('',(1.,0.,0.));
#1226=DIRECTION('',(0.,-1.,0.));
#1227=DIRECTION('',(0.,0.,-1.));
#1228=DIRECTION('',(0.,-1.,0.));
#1229=DIRECTION('',(0.,0.,-1.));
#1230=CARTESIAN_POINT('',(0.,0.,0.));
#1231=CARTESIAN_POINT('',(0.,-0.007,6.7169458255804E-19));
#1232=CARTESIAN_POINT('',(-0.0109405048729098,-0.007,-0.000798490439393322));
#1233=CARTESIAN_POINT('',(-0.0109405048729098,-0.007,-0.000798490439393322));
#1234=CARTESIAN_POINT('',(-0.0109405048729098,0.,-0.000798490439393322));
#1235=CARTESIAN_POINT('',(0.,-0.007,6.7169458255804E-19));
#1236=CARTESIAN_POINT('',(-0.0109405048729098,-0.007,0.000798490439393325));
#1237=CARTESIAN_POINT('',(-0.0109405048729098,-0.007,0.000798490439393325));
#1238=CARTESIAN_POINT('',(-0.0109405048729098,0.,0.000798490439393325));
#1239=CARTESIAN_POINT('',(0.,0.,6.7169458255804E-19));
#1240=CARTESIAN_POINT('',(0.,-0.007,6.7169458255804E-19));
#1241=CARTESIAN_POINT('',(-0.0074455781794125,-0.007,0.00805578049789237));
#1242=CARTESIAN_POINT('',(-0.0074455781794125,-0.007,0.00805578049789237));
#1243=CARTESIAN_POINT('',(-0.0074455781794125,0.,0.00805578049789237));
#1244=CARTESIAN_POINT('',(0.,-0.007,6.7169458255804E-19));
#1245=CARTESIAN_POINT('',(-0.00619700825147764,-0.007,0.00905148178957924));
#1246=CARTESIAN_POINT('',(-0.00619700825147764,-0.007,0.00905148178957924));
#1247=CARTESIAN_POINT('',(-0.00619700825147764,0.,0.00905148178957924));
#1248=CARTESIAN_POINT('',(0.,0.,6.7169458255804E-19));
#1249=CARTESIAN_POINT('',(0.,-0.007,6.7169458255804E-19));
#1250=CARTESIAN_POINT('',(0.00165602074529863,-0.007,0.01084388441229));
#1251=CARTESIAN_POINT('',(0.00165602074529863,-0.007,0.01084388441229));
#1252=CARTESIAN_POINT('',(0.00165602074529863,0.,0.01084388441229));
#1253=CARTESIAN_POINT('',(0.,-0.007,6.7169458255804E-19));
#1254=CARTESIAN_POINT('',(0.00321296197924839,-0.007,0.0104885227356321));
#1255=CARTESIAN_POINT('',(0.00321296197924839,-0.007,0.0104885227356321));
#1256=CARTESIAN_POINT('',(0.00321296197924839,0.,0.0104885227356321));
#1257=CARTESIAN_POINT('',(0.,0.,6.7169458255804E-19));
#1258=CARTESIAN_POINT('',(0.,-0.007,6.7169458255804E-19));
#1259=CARTESIAN_POINT('',(0.00951060227213289,-0.007,0.0054663221893031));
#1260=CARTESIAN_POINT('',(0.00951060227213289,-0.007,0.0054663221893031));
#1261=CARTESIAN_POINT('',(0.00951060227213289,0.,0.0054663221893031));
#1262=CARTESIAN_POINT('',(0.,-0.007,6.7169458255804E-19));
#1263=CARTESIAN_POINT('',(0.0102035063071201,-0.007,0.00402749213488088));
#1264=CARTESIAN_POINT('',(0.0102035063071201,-0.007,0.00402749213488088));
#1265=CARTESIAN_POINT('',(0.0102035063071201,0.,0.00402749213488088));
#1266=CARTESIAN_POINT('',(0.,0.,6.7169458255804E-19));
#1267=CARTESIAN_POINT('',(0.,-0.007,6.7169458255804E-19));
#1268=CARTESIAN_POINT('',(0.,-0.007,6.7169458255804E-19));
#1269=CARTESIAN_POINT('',(-0.0074455781794125,-0.007,-0.00805578049789237));
#1270=CARTESIAN_POINT('',(-0.00619700825147763,-0.007,-0.00905148178957925));
#1271=CARTESIAN_POINT('',(-0.0074455781794125,-0.007,-0.00805578049789237));
#1272=CARTESIAN_POINT('',(-0.0074455781794125,0.,-0.00805578049789237));
#1273=CARTESIAN_POINT('',(0.,0.,6.7169458255804E-19));
#1274=CARTESIAN_POINT('',(-0.00619700825147763,0.,-0.00905148178957925));
#1275=CARTESIAN_POINT('',(-0.00619700825147763,-0.007,-0.00905148178957925));
#1276=CARTESIAN_POINT('',(0.,-0.007,6.7169458255804E-19));
#1277=CARTESIAN_POINT('',(0.,-0.007,6.7169458255804E-19));
#1278=CARTESIAN_POINT('',(0.00165602074529864,-0.007,-0.01084388441229));
#1279=CARTESIAN_POINT('',(0.00321296197924838,-0.007,-0.0104885227356321));
#1280=CARTESIAN_POINT('',(0.00165602074529864,-0.007,-0.01084388441229));
#1281=CARTESIAN_POINT('',(0.00165602074529864,0.,-0.01084388441229));
#1282=CARTESIAN_POINT('',(0.,0.,6.7169458255804E-19));
#1283=CARTESIAN_POINT('',(0.00321296197924838,0.,-0.0104885227356321));
#1284=CARTESIAN_POINT('',(0.00321296197924838,-0.007,-0.0104885227356321));
#1285=CARTESIAN_POINT('',(0.,-0.007,0.));
#1286=CARTESIAN_POINT('',(0.,-0.007,3.06161699786838E-19));
#1287=CARTESIAN_POINT('',(0.,-0.007,-0.005));
#1288=CARTESIAN_POINT('',(-0.00566578411786566,-0.007,-0.00317543929748056));
#1289=CARTESIAN_POINT('',(-0.00504106602834884,-0.007,-0.00396925819281994));
#1290=CARTESIAN_POINT('',(-0.00478458680201418,-0.007,-0.00268156439378174));
#1291=CARTESIAN_POINT('',(-0.00430914064761075,-0.007,-0.00339328238481784));
#1292=CARTESIAN_POINT('',(-0.00536594525536143,-0.007,-0.00422489331147293));
#1293=CARTESIAN_POINT('',(-0.00646749661344354,-0.007,-0.00509171593784527));
#1294=CARTESIAN_POINT('',(-0.00647928230435011,-0.007,-0.00510238676248843));
#1295=CARTESIAN_POINT('',(-0.00648647670342304,-0.007,-0.0051085893412775));
#1296=CARTESIAN_POINT('',(-0.00649467152726615,-0.007,-0.00511606468891487));
#1297=CARTESIAN_POINT('',(-0.00650556507651736,-0.007,-0.00512634142559248));
#1298=CARTESIAN_POINT('',(-0.00651845671680257,-0.007,-0.00513902602028814));
#1299=CARTESIAN_POINT('',(-0.00653344130914408,-0.007,-0.00515436157898113));
#1300=CARTESIAN_POINT('',(-0.00655035887282908,-0.007,-0.00517238630305809));
#1301=CARTESIAN_POINT('',(-0.00656912437341811,-0.007,-0.00519319753518624));
#1302=CARTESIAN_POINT('',(-0.00658962700937772,-0.007,-0.00521687094578306));
#1303=CARTESIAN_POINT('',(-0.00661176044606719,-0.007,-0.00524348461928085));
#1304=CARTESIAN_POINT('',(-0.00663541398395227,-0.007,-0.00527311184702101));
#1305=CARTESIAN_POINT('',(-0.00666047523901217,-0.007,-0.00530582314321485));
#1306=CARTESIAN_POINT('',(-0.0066868294745104,-0.007,-0.00534168557936382));
#1307=CARTESIAN_POINT('',(-0.00671435990368209,-0.007,-0.00538076289744232));
#1308=CARTESIAN_POINT('',(-0.00674294771654584,-0.007,-0.0054231154031278));
#1309=CARTESIAN_POINT('',(-0.00677247218767037,-0.007,-0.00546879992498912));
#1310=CARTESIAN_POINT('',(-0.00680281076296064,-0.007,-0.00551786975804555));
#1311=CARTESIAN_POINT('',(-0.00683383915420972,-0.007,-0.00557037461479595));
#1312=CARTESIAN_POINT('',(-0.00686543143317145,-0.007,-0.00562636057718648));
#1313=CARTESIAN_POINT('',(-0.00689746012737322,-0.007,-0.00568587005136771));
#1314=CARTESIAN_POINT('',(-0.00692979631695547,-0.007,-0.00574894172474273));
#1315=CARTESIAN_POINT('',(-0.0069623097326535,-0.007,-0.00581561052547166));
#1316=CARTESIAN_POINT('',(-0.00699486885480863,-0.007,-0.00588590758441379));
#1317=CARTESIAN_POINT('',(-0.00702734101336128,-0.007,-0.0059598601995408));
#1318=CARTESIAN_POINT('',(-0.00705959248876083,-0.007,-0.00603749180283952));
#1319=CARTESIAN_POINT('',(-0.00709148861373289,-0.007,-0.00611882192972569));
#1320=CARTESIAN_POINT('',(-0.00712289387584143,-0.007,-0.00620386619098916));
#1321=CARTESIAN_POINT('',(-0.00715367202078932,-0.007,-0.00629263624728635));
#1322=CARTESIAN_POINT('',(-0.00718368615637813,-0.007,-0.00638513978620829));
#1323=CARTESIAN_POINT('',(-0.00721279885713333,-0.007,-0.00648138050189953));
#1324=CARTESIAN_POINT('',(-0.0072408722692734,-0.007,-0.00658135807739843));
#1325=CARTESIAN_POINT('',(-0.0072677682169524,-0.007,-0.00668506816911736));
#1326=CARTESIAN_POINT('',(-0.00729334830592383,-0.007,-0.00679250239574828));
#1327=CARTESIAN_POINT('',(-0.00731747403903356,-0.007,-0.00690364832292286));
#1328=CARTESIAN_POINT('',(-0.00734000688825992,-0.007,-0.00701848947676406));
#1329=CARTESIAN_POINT('',(-0.00736080853381232,-0.007,-0.00713700526000647));
#1330=CARTESIAN_POINT('',(-0.007379740467696,-0.007,-0.00725917125215351));
#1331=CARTESIAN_POINT('',(-0.0073966660184807,-0.007,-0.0073849580598076));
#1332=CARTESIAN_POINT('',(-0.00741144316026342,-0.007,-0.00751433569853664));
#1333=CARTESIAN_POINT('',(-0.00742395238379152,-0.007,-0.00764725694253405));
#1334=CARTESIAN_POINT('',(-0.00743399123583355,-0.007,-0.00778372066669274));
#1335=CARTESIAN_POINT('',(-0.00744147933117628,-0.007,-0.00791995933154358));
#1336=CARTESIAN_POINT('',(-0.00744426866082825,-0.007,-0.00801151484826258));
#1337=CARTESIAN_POINT('',(-0.0074455781794125,-0.007,-0.00805578049789237));
#1338=CARTESIAN_POINT('',(-0.00234933170941835,-0.007,-0.00495617786032016));
#1339=CARTESIAN_POINT('',(-0.00292493126556377,-0.007,-0.00617153701022623));
#1340=CARTESIAN_POINT('',(-0.00352490260192364,-0.007,-0.00743835635631711));
#1341=CARTESIAN_POINT('',(-0.00353268332376641,-0.007,-0.00745222103721195));
#1342=CARTESIAN_POINT('',(-0.00353712948655441,-0.007,-0.00746061526130461));
#1343=CARTESIAN_POINT('',(-0.00354259389176418,-0.007,-0.00747026804514258));
#1344=CARTESIAN_POINT('',(-0.00355018892644384,-0.007,-0.00748317525941384));
#1345=CARTESIAN_POINT('',(-0.00355968683203086,-0.007,-0.00749856626722024));
#1346=CARTESIAN_POINT('',(-0.00357130351076678,-0.007,-0.00751658764738975));
#1347=CARTESIAN_POINT('',(-0.00358511180530732,-0.007,-0.00753709193086827));
#1348=CARTESIAN_POINT('',(-0.00360122553967872,-0.007,-0.00756001787598852));
#1349=CARTESIAN_POINT('',(-0.0036197431427438,-0.007,-0.00758527429749479));
#1350=CARTESIAN_POINT('',(-0.00364076440287869,-0.007,-0.00761277490219859));
#1351=CARTESIAN_POINT('',(-0.00366438540682158,-0.007,-0.00764242807489189));
#1352=CARTESIAN_POINT('',(-0.00369069990864255,-0.007,-0.00767413994014407));
#1353=CARTESIAN_POINT('',(-0.00371979882954625,-0.007,-0.00770781356272132));
#1354=CARTESIAN_POINT('',(-0.00375177030086269,-0.007,-0.00774334926787048));
#1355=CARTESIAN_POINT('',(-0.0037866995539881,-0.007,-0.00778064464370011));
#1356=CARTESIAN_POINT('',(-0.00382466885661617,-0.007,-0.00781959463716374));
#1357=CARTESIAN_POINT('',(-0.0038657574384005,-0.007,-0.00786009162611086));
#1358=CARTESIAN_POINT('',(-0.00391004142217166,-0.007,-0.00790202550057102));
#1359=CARTESIAN_POINT('',(-0.00395759375617619,-0.007,-0.00794528374377983));
#1360=CARTESIAN_POINT('',(-0.00400848414864755,-0.007,-0.00798975151552193));
#1361=CARTESIAN_POINT('',(-0.00406277900438244,-0.007,-0.00803531173698487));
#1362=CARTESIAN_POINT('',(-0.00412054136345753,-0.007,-0.00808184517727319));
#1363=CARTESIAN_POINT('',(-0.00418183084209374,-0.007,-0.00812923054146855));
#1364=CARTESIAN_POINT('',(-0.00424670357571118,-0.007,-0.0081773445601969));
#1365=CARTESIAN_POINT('',(-0.00431521216420716,-0.007,-0.00822606208064352));
#1366=CARTESIAN_POINT('',(-0.00438740561949141,-0.007,-0.00827525615896272));
#1367=CARTESIAN_POINT('',(-0.00446332931531251,-0.007,-0.0083247981540257));
#1368=CARTESIAN_POINT('',(-0.00454302493940335,-0.007,-0.00837455782245517));
#1369=CARTESIAN_POINT('',(-0.00462653044799083,-0.007,-0.00842440341487589));
#1370=CARTESIAN_POINT('',(-0.00471388002264453,-0.007,-0.00847420177338137));
#1371=CARTESIAN_POINT('',(-0.00480510402970193,-0.007,-0.00852381842994161));
#1372=CARTESIAN_POINT('',(-0.00490022898149648,-0.007,-0.00857311770652845));
#1373=CARTESIAN_POINT('',(-0.00499927750247402,-0.007,-0.00862196281371157));
#1374=CARTESIAN_POINT('',(-0.00510226828853789,-0.007,-0.00867021595984242));
#1375=CARTESIAN_POINT('',(-0.0052092161042303,-0.007,-0.00871773842430355));
#1376=CARTESIAN_POINT('',(-0.00532013164775126,-0.007,-0.00876439077194757));
#1377=CARTESIAN_POINT('',(-0.0054350219318054,-0.007,-0.00881003253339261));
#1378=CARTESIAN_POINT('',(-0.00555388871220329,-0.007,-0.00885452392320024));
#1379=CARTESIAN_POINT('',(-0.00567673436002171,-0.007,-0.00889771980418952));
#1380=CARTESIAN_POINT('',(-0.00580353942681418,-0.007,-0.00893949315472372));
#1381=CARTESIAN_POINT('',(-0.00593434786576452,-0.007,-0.00897964634713671));
#1382=CARTESIAN_POINT('',(-0.00606550448487678,-0.007,-0.00901726265523899));
#1383=CARTESIAN_POINT('',(-0.00615414382940109,-0.007,-0.00904035506966214));
#1384=CARTESIAN_POINT('',(-0.00619700825147763,-0.007,-0.00905148178957925));
#1385=CARTESIAN_POINT('',(-0.00274799788207291,-0.007,-0.0057979190183689));
#1386=CARTESIAN_POINT('',(-0.00183506883105051,-0.007,-0.00623033279910067));
#1387=CARTESIAN_POINT('',(-0.00154966125203149,-0.007,-0.0052613314349087));
#1388=CARTESIAN_POINT('',(-2.38046549641178E-18,-0.007,-7.01884855473592E-18));
#1389=CARTESIAN_POINT('',(-0.000886609611839864,-0.007,-0.00541266864496612));
#1390=CARTESIAN_POINT('',(-0.00104990020358595,-0.007,-0.00640954241461532));
#1391=CARTESIAN_POINT('',(-3.97622419812147E-5,-0.007,-0.00641605613033066));
#1392=CARTESIAN_POINT('',(-3.37302512054528E-5,-0.007,-0.00548469878244557));
#1393=CARTESIAN_POINT('',(-4.24575430719597E-5,-0.007,-0.00682944282748607));
#1394=CARTESIAN_POINT('',(-5.15543620462748E-5,-0.007,-0.00823112542635363));
#1395=CARTESIAN_POINT('',(-5.05598334844576E-5,-0.007,-0.00824699300088945));
#1396=CARTESIAN_POINT('',(-5.01960965671546E-5,-0.007,-0.00825648505320232));
#1397=CARTESIAN_POINT('',(-4.946102353607E-5,-0.007,-0.00826755282749339));
#1398=CARTESIAN_POINT('',(-4.82183641286554E-5,-0.007,-0.00828247718776868));
#1399=CARTESIAN_POINT('',(-4.63389549003031E-5,-0.007,-0.00830046499343777));
#1400=CARTESIAN_POINT('',(-4.36918728228261E-5,-0.007,-0.0083217419839332));
#1401=CARTESIAN_POINT('',(-4.01475045065508E-5,-0.007,-0.00834620689947209));
#1402=CARTESIAN_POINT('',(-3.55767262838511E-5,-0.007,-0.00837385394961288));
#1403=CARTESIAN_POINT('',(-2.98512930139079E-5,-0.007,-0.00840464368596202));
#1404=CARTESIAN_POINT('',(-2.28438572651755E-5,-0.007,-0.00843854165759693));
#1405=CARTESIAN_POINT('',(-1.44280975288976E-5,-0.007,-0.00847550701254057));
#1406=CARTESIAN_POINT('',(-4.47881328384677E-6,-0.007,-0.008515495850319));
#1407=CARTESIAN_POINT('',(7.12797126648456E-6,-0.007,-0.00855846028453658));
#1408=CARTESIAN_POINT('',(2.05149069613369E-5,-0.007,-0.0086043487500948));
#1409=CARTESIAN_POINT('',(3.58032194896587E-5,-0.007,-0.00865310595758465));
#1410=CARTESIAN_POINT('',(5.31126102909186E-5,-0.007,-0.00870467295209635));
#1411=CARTESIAN_POINT('',(7.25611583174747E-5,-0.007,-0.0087589871458811));
#1412=CARTESIAN_POINT('',(9.42652227955288E-5,-0.007,-0.00881598236174189));
#1413=CARTESIAN_POINT('',(0.000118339347018608,-0.007,-0.00887558887663483));
#1414=CARTESIAN_POINT('',(0.000144896163236951,-0.007,-0.00893773346837009));
#1415=CARTESIAN_POINT('',(0.000174046298697981,-0.007,-0.00900233946454404));
#1416=CARTESIAN_POINT('',(0.000205898282894934,-0.007,-0.00906932679389597));
#1417=CARTESIAN_POINT('',(0.0002405584560796,-0.007,-0.00913861203998945));
#1418=CARTESIAN_POINT('',(0.000278130879094822,-0.007,-0.00921010849720208));
#1419=CARTESIAN_POINT('',(0.000318717244581713,-0.007,-0.00928372622898418));
#1420=CARTESIAN_POINT('',(0.000362416789615554,-0.007,-0.00935937212835348));
#1421=CARTESIAN_POINT('',(0.00040932620982519,-0.007,-0.00943694998058948));
#1422=CARTESIAN_POINT('',(0.000459539575043659,-0.007,-0.00951636052809342));
#1423=CARTESIAN_POINT('',(0.000513148246561308,-0.007,-0.0095975015373695));
#1424=CARTESIAN_POINT('',(0.000570240795958539,-0.007,-0.00968026786811666));
#1425=CARTESIAN_POINT('',(0.000630902925851698,-0.007,-0.00976455154428619));
#1426=CARTESIAN_POINT('',(0.000695217391518018,-0.007,-0.00985024182746903));
#1427=CARTESIAN_POINT('',(0.000763263927588347,-0.007,-0.00993722529102618));
#1428=CARTESIAN_POINT('',(0.000835119164045253,-0.007,-0.0100253859008205));
#1429=CARTESIAN_POINT('',(0.000910856591901805,-0.007,-0.010114605079989));
#1430=CARTESIAN_POINT('',(0.00099054634854627,-0.007,-0.01020476184358));
#1431=CARTESIAN_POINT('',(0.00107425569958783,-0.007,-0.0102957326757519));
#1432=CARTESIAN_POINT('',(0.00116204687758585,-0.007,-0.0103873923959942));
#1433=CARTESIAN_POINT('',(0.00125398499146944,-0.007,-0.0104796112689969));
#1434=CARTESIAN_POINT('',(0.00135010763141649,-0.007,-0.0105722664138552));
#1435=CARTESIAN_POINT('',(0.00145054014530801,-0.007,-0.0106651988447661));
#1436=CARTESIAN_POINT('',(0.00155238707153628,-0.007,-0.0107559966916021));
#1437=CARTESIAN_POINT('',(0.0016222289383088,-0.007,-0.0108152614083172));
#1438=CARTESIAN_POINT('',(0.00165602074529864,-0.007,-0.01084388441229));
#1439=CARTESIAN_POINT('',(0.00241011152190365,-0.007,-0.00492690784529136));
#1440=CARTESIAN_POINT('',(0.00300143711459471,-0.007,-0.00613469373514261));
#1441=CARTESIAN_POINT('',(0.00361780035234018,-0.007,-0.00739361915757219));
#1442=CARTESIAN_POINT('',(0.00362378899563808,-0.007,-0.00740834685800914));
#1443=CARTESIAN_POINT('',(0.00362757972714889,-0.007,-0.00741705672116928));
#1444=CARTESIAN_POINT('',(0.00363171957652537,-0.007,-0.00742734737747775));
#1445=CARTESIAN_POINT('',(0.00363707541632606,-0.007,-0.00744133293116928));
#1446=CARTESIAN_POINT('',(0.00364318674350349,-0.007,-0.00745835482918234));
#1447=CARTESIAN_POINT('',(0.00365003354515423,-0.007,-0.00747867326109091));
#1448=CARTESIAN_POINT('',(0.00365745510867609,-0.007,-0.00750225323212518));
#1449=CARTESIAN_POINT('',(0.00366533258528601,-0.007,-0.00752914554993732));
#1450=CARTESIAN_POINT('',(0.00367353331408815,-0.007,-0.00755937031623404));
#1451=CARTESIAN_POINT('',(0.00368192761131616,-0.007,-0.00759295174578642));
#1452=CARTESIAN_POINT('',(0.00369038394021479,-0.007,-0.0076299078410835));
#1453=CARTESIAN_POINT('',(0.00369877045131036,-0.007,-0.00767025337163525));
#1454=CARTESIAN_POINT('',(0.00370695466914146,-0.007,-0.00771399898437217));
#1455=CARTESIAN_POINT('',(0.00371480371586254,-0.007,-0.00776115143695054));
#1456=CARTESIAN_POINT('',(0.00372218438172639,-0.007,-0.00781171351318934));
#1457=CARTESIAN_POINT('',(0.00372896323988589,-0.007,-0.00786568403305837));
#1458=CARTESIAN_POINT('',(0.00373500674907454,-0.007,-0.00792305783948182));
#1459=CARTESIAN_POINT('',(0.00374018136004236,-0.007,-0.00798382579524156));
#1460=CARTESIAN_POINT('',(0.00374435362115286,-0.007,-0.00804797478051815));
#1461=CARTESIAN_POINT('',(0.00374739028433756,-0.007,-0.0081154876937));
#1462=CARTESIAN_POINT('',(0.0037491584109814,-0.007,-0.00818634345470216));
#1463=CARTESIAN_POINT('',(0.00374952547777174,-0.007,-0.00826051701099386));
#1464=CARTESIAN_POINT('',(0.00374835948241697,-0.007,-0.00833797934626887));
#1465=CARTESIAN_POINT('',(0.00374552904917767,-0.007,-0.00841869749176832));
#1466=CARTESIAN_POINT('',(0.00374090353414364,-0.007,-0.00850263454024423));
#1467=CARTESIAN_POINT('',(0.00373435313019392,-0.007,-0.00858974966255747));
#1468=CARTESIAN_POINT('',(0.00372574897157455,-0.007,-0.00867999812690123));
#1469=CARTESIAN_POINT('',(0.00371496323803648,-0.007,-0.00877333132064004));
#1470=CARTESIAN_POINT('',(0.00370186925844995,-0.007,-0.00886969677475516));
#1471=CARTESIAN_POINT('',(0.00368634161391147,-0.007,-0.00896903819087709));
#1472=CARTESIAN_POINT('',(0.00366825623998009,-0.007,-0.00907129547091909));
#1473=CARTESIAN_POINT('',(0.00364749052913238,-0.007,-0.00917640474919122));
#1474=CARTESIAN_POINT('',(0.00362392342897399,-0.007,-0.00928429842738273));
#1475=CARTESIAN_POINT('',(0.00359743555295097,-0.007,-0.00939490521085178));
#1476=CARTESIAN_POINT('',(0.00356790923937587,-0.007,-0.009508150152092));
#1477=CARTESIAN_POINT('',(0.00353522880324206,-0.007,-0.00962395467890056));
#1478=CARTESIAN_POINT('',(0.00349928004881468,-0.007,-0.00974223669280363));
#1479=CARTESIAN_POINT('',(0.00345995259270718,-0.007,-0.00986291041175389));
#1480=CARTESIAN_POINT('',(0.00341713148376003,-0.007,-0.00998588719798163));
#1481=CARTESIAN_POINT('',(0.00337072953836672,-0.007,-0.010111072649384));
#1482=CARTESIAN_POINT('',(0.00332056484063419,-0.007,-0.0102383779111094));
#1483=CARTESIAN_POINT('',(0.00326819964010001,-0.007,-0.0103643736695508));
#1484=CARTESIAN_POINT('',(0.00323098828934787,-0.007,-0.0104480725845784));
#1485=CARTESIAN_POINT('',(0.00321296197924838,-0.007,-0.0104885227356321));
#1486=CARTESIAN_POINT('',(0.00281964696635908,-0.007,-0.00576341463791588));
#1487=CARTESIAN_POINT('',(0.00372692362672124,-0.007,-0.00531926354703635));
#1488=CARTESIAN_POINT('',(0.00314727656853303,-0.007,-0.0044919604478634));
#1489=CARTESIAN_POINT('',(4.00336081007843E-18,-0.007,-6.23730336269238E-18));
#1490=CARTESIAN_POINT('',(0.00367900269959,-0.007,-0.00406792300817208));
#1491=CARTESIAN_POINT('',(0.00435657997805516,-0.007,-0.00481712936270675));
#1492=CARTESIAN_POINT('',(0.00499148332360018,-0.007,-0.00403143293800881));
#1493=CARTESIAN_POINT('',(0.00426707971232928,-0.007,-0.00344602512942581));
#1494=CARTESIAN_POINT('',(0.00531300156512674,-0.007,-0.00429128259915674));
#1495=CARTESIAN_POINT('',(0.00640320937548916,-0.007,-0.00517232958445795));
#1496=CARTESIAN_POINT('',(0.00641623522322763,-0.007,-0.00518144530162142));
#1497=CARTESIAN_POINT('',(0.00642388319481756,-0.007,-0.00518707911846392));
#1498=CARTESIAN_POINT('',(0.00643299463973767,-0.007,-0.00519340505962606));
#1499=CARTESIAN_POINT('',(0.00644543775992429,-0.007,-0.00520173869581027));
#1500=CARTESIAN_POINT('',(0.0064606729851843,-0.007,-0.0052114845278996));
#1501=CARTESIAN_POINT('',(0.00647895843488579,-0.007,-0.00522268094238289));
#1502=CARTESIAN_POINT('',(0.00650029575356924,-0.007,-0.0052351634689896));
#1503=CARTESIAN_POINT('',(0.0065247609213751,-0.007,-0.00524882754448998));
#1504=CARTESIAN_POINT('',(0.00655240305584478,-0.007,-0.00526354830712437));
#1505=CARTESIAN_POINT('',(0.00658327462198727,-0.007,-0.0052792047128627));
#1506=CARTESIAN_POINT('',(0.00661742244061328,-0.007,-0.00529567252878145));
#1507=CARTESIAN_POINT('',(0.00665489025019835,-0.007,-0.00531282649767368));
#1508=CARTESIAN_POINT('',(0.00669571790929559,-0.007,-0.0053305398346793));
#1509=CARTESIAN_POINT('',(0.00673994157423503,-0.007,-0.00534868449719778));
#1510=CARTESIAN_POINT('',(0.00678759360099685,-0.007,-0.00536713123478636));
#1511=CARTESIAN_POINT('',(0.00683870252940333,-0.007,-0.00538574970330614));
#1512=CARTESIAN_POINT('',(0.00689329304740464,-0.007,-0.00540440856209166));
#1513=CARTESIAN_POINT('',(0.00695138596437562,-0.007,-0.00542297557702914));
#1514=CARTESIAN_POINT('',(0.00701299818522088,-0.007,-0.00544131772295878));
#1515=CARTESIAN_POINT('',(0.00707814268758661,-0.007,-0.00545930128715277));
#1516=CARTESIAN_POINT('',(0.00714682850153436,-0.007,-0.00547679197328451));
#1517=CARTESIAN_POINT('',(0.00721906069186392,-0.007,-0.00549365500596494));
#1518=CARTESIAN_POINT('',(0.00729484034304165,-0.007,-0.00550975523573993));
#1519=CARTESIAN_POINT('',(0.00737416454675652,-0.007,-0.00552495724449513));
#1520=CARTESIAN_POINT('',(0.00745702639210725,-0.007,-0.00553912545120064));
#1521=CARTESIAN_POINT('',(0.00754341495842824,-0.007,-0.00555212421793284));
#1522=CARTESIAN_POINT('',(0.00763331531076041,-0.007,-0.00556381795610787));
#1523=CARTESIAN_POINT('',(0.00772670849796974,-0.007,-0.00557407123286814));
#1524=CARTESIAN_POINT('',(0.00782357155352345,-0.007,-0.00558274887753851));
#1525=CARTESIAN_POINT('',(0.00792387749890123,-0.007,-0.00558971608816351));
#1526=CARTESIAN_POINT('',(0.00802759534973613,-0.007,-0.00559483853777434));
#1527=CARTESIAN_POINT('',(0.00813469012432502,-0.007,-0.0055979824814212));
#1528=CARTESIAN_POINT('',(0.00824512285587977,-0.007,-0.00559901485970675));
#1529=CARTESIAN_POINT('',(0.00835885060327156,-0.007,-0.00559780341479695));
#1530=CARTESIAN_POINT('',(0.00847582648027306,-0.007,-0.00559421675763934));
#1531=CARTESIAN_POINT('',(0.00859599962698632,-0.007,-0.00558812461973203));
#1532=CARTESIAN_POINT('',(0.00871931541425925,-0.007,-0.00557939739983655));
#1533=CARTESIAN_POINT('',(0.00884571477339382,-0.007,-0.00556790839380704));
#1534=CARTESIAN_POINT('',(0.00897513686799362,-0.007,-0.00555352580879023));
#1535=CARTESIAN_POINT('',(0.00910750906299117,-0.007,-0.00553614364061055));
#1536=CARTESIAN_POINT('',(0.009242785211406,-0.007,-0.00551556476232164));
#1537=CARTESIAN_POINT('',(0.00937727434645669,-0.007,-0.00549254916053678));
#1538=CARTESIAN_POINT('',(0.00946715505945954,-0.007,-0.00547489553678159));
#1539=CARTESIAN_POINT('',(0.00951060227213289,-0.007,-0.0054663221893031));
#1540=CARTESIAN_POINT('',(0.00951060227213289,-0.007,-0.0054663221893031));
#1541=CARTESIAN_POINT('',(0.,-0.007,6.7169458255804E-19));
#1542=CARTESIAN_POINT('',(0.0102035063071201,-0.007,-0.00402749213488088));
#1543=CARTESIAN_POINT('',(0.00535469161991667,-0.007,-0.00118757573215374));
#1544=CARTESIAN_POINT('',(0.00666766212930398,-0.007,-0.00147830095254993));
#1545=CARTESIAN_POINT('',(0.00803622585161373,-0.007,-0.00178133593083013));
#1546=CARTESIAN_POINT('',(0.0080514742895029,-0.007,-0.00178583639198984));
#1547=CARTESIAN_POINT('',(0.00806064741716806,-0.007,-0.00178830318960903));
#1548=CARTESIAN_POINT('',(0.00807127413011275,-0.007,-0.0017914826442966));
#1549=CARTESIAN_POINT('',(0.00808554778778465,-0.007,-0.00179601513022537));
#1550=CARTESIAN_POINT('',(0.00810266639371358,-0.007,-0.00180185008205782));
#1551=CARTESIAN_POINT('',(0.00812282089445866,-0.007,-0.00180916537205781));
#1552=CARTESIAN_POINT('',(0.00814588372733867,-0.007,-0.00181806483151528));
#1553=CARTESIAN_POINT('',(0.0081718205143714,-0.007,-0.00182867305820344));
#1554=CARTESIAN_POINT('',(0.00820056425898835,-0.007,-0.00184110630379633));
#1555=CARTESIAN_POINT('',(0.00823205303655413,-0.007,-0.00185548105680801));
#1556=CARTESIAN_POINT('',(0.00826621891015593,-0.007,-0.00187191138118321));
#1557=CARTESIAN_POINT('',(0.00830299122025942,-0.007,-0.00189050956963023));
#1558=CARTESIAN_POINT('',(0.00834229569387088,-0.007,-0.00191138583388802));
#1559=CARTESIAN_POINT('',(0.00838405476635715,-0.007,-0.00193464827536935));
#1560=CARTESIAN_POINT('',(0.00842818755927662,-0.007,-0.00196040277733112));
#1561=CARTESIAN_POINT('',(0.00847460995976609,-0.007,-0.00198875292134619));
#1562=CARTESIAN_POINT('',(0.00852323467424354,-0.007,-0.00201979989879676));
#1563=CARTESIAN_POINT('',(0.00857397129234875,-0.007,-0.0020536424257286));
#1564=CARTESIAN_POINT('',(0.00862672635085945,-0.007,-0.00209037665875887));
#1565=CARTESIAN_POINT('',(0.00868140340038549,-0.007,-0.00213009611274207));
#1566=CARTESIAN_POINT('',(0.00873790307398204,-0.007,-0.00217289158005472));
#1567=CARTESIAN_POINT('',(0.00879612315785789,-0.007,-0.00221885105159733));
#1568=CARTESIAN_POINT('',(0.00885595866406867,-0.007,-0.00226805963954623));
#1569=CARTESIAN_POINT('',(0.00891730190516703,-0.007,-0.0023205995019056));
#1570=CARTESIAN_POINT('',(0.00898004257075888,-0.007,-0.00237654976890468));
#1571=CARTESIAN_POINT('',(0.00904406780592171,-0.007,-0.00243598647128544));
#1572=CARTESIAN_POINT('',(0.0091092622914373,-0.007,-0.00249898247052596));
#1573=CARTESIAN_POINT('',(0.00917550832579504,-0.007,-0.00256560739103858));
#1574=CARTESIAN_POINT('',(0.00924268590890662,-0.007,-0.0026359275544024));
#1575=CARTESIAN_POINT('',(0.00931067282752708,-0.007,-0.00271000591560537));
#1576=CARTESIAN_POINT('',(0.00937934474216645,-0.007,-0.00278790200158913));
#1577=CARTESIAN_POINT('',(0.0094485752760772,-0.007,-0.00286967185116911));
#1578=CARTESIAN_POINT('',(0.00951823610383845,-0.007,-0.00295536796006086));
#1579=CARTESIAN_POINT('',(0.00958819704875583,-0.007,-0.0030450392169487));
#1580=CARTESIAN_POINT('',(0.00965832615364712,-0.007,-0.00313873088443831));
#1581=CARTESIAN_POINT('',(0.00972848985986864,-0.007,-0.00323648441974271));
#1582=CARTESIAN_POINT('',(0.00979855278037279,-0.007,-0.00333833791712144));
#1583=CARTESIAN_POINT('',(0.00986837902513852,-0.007,-0.00344432419354951));
#1584=CARTESIAN_POINT('',(0.00993782762349128,-0.007,-0.00355447785671695));
#1585=CARTESIAN_POINT('',(0.0100067704108055,-0.007,-0.00366880821076365));
#1586=CARTESIAN_POINT('',(0.0100750244948567,-0.007,-0.00378740208316821));
#1587=CARTESIAN_POINT('',(0.0101408827769583,-0.007,-0.00390689991599723));
#1588=CARTESIAN_POINT('',(0.0101831203260679,-0.007,-0.00398817834146674));
#1589=CARTESIAN_POINT('',(0.0102035063071201,-0.007,-0.00402749213488088));
#1590=CARTESIAN_POINT('',(0.00626404013880652,-0.007,-0.0013889414828789));
#1591=CARTESIAN_POINT('',(0.00648246657818463,-0.007,-0.000402680350851483));
#1592=CARTESIAN_POINT('',(0.0054742509402501,-0.007,-0.000340051624282541));
#1593=CARTESIAN_POINT('',(7.37257477290143E-18,-0.007,-7.58941520739853E-19));
#1594=CARTESIAN_POINT('',(0.0054742509402501,-0.007,0.000340051624282541));
#1595=CARTESIAN_POINT('',(0.00648246657818463,-0.007,0.000402680350851483));
#1596=CARTESIAN_POINT('',(0.00626404013880652,-0.007,0.0013889414828789));
#1597=CARTESIAN_POINT('',(0.00535469161991667,-0.007,0.00118757573215374));
#1598=CARTESIAN_POINT('',(0.00666766212930398,-0.007,0.00147830095254993));
#1599=CARTESIAN_POINT('',(0.00803622585161373,-0.007,0.00178133593083013));
#1600=CARTESIAN_POINT('',(0.0080514742895029,-0.007,0.00178583639198984));
#1601=CARTESIAN_POINT('',(0.00806064741716806,-0.007,0.00178830318960903));
#1602=CARTESIAN_POINT('',(0.00807127413011275,-0.007,0.0017914826442966));
#1603=CARTESIAN_POINT('',(0.00808554778778465,-0.007,0.00179601513022537));
#1604=CARTESIAN_POINT('',(0.00810266639371358,-0.007,0.00180185008205782));
#1605=CARTESIAN_POINT('',(0.00812282089445866,-0.007,0.00180916537205781));
#1606=CARTESIAN_POINT('',(0.00814588372733867,-0.007,0.00181806483151528));
#1607=CARTESIAN_POINT('',(0.0081718205143714,-0.007,0.00182867305820344));
#1608=CARTESIAN_POINT('',(0.00820056425898835,-0.007,0.00184110630379633));
#1609=CARTESIAN_POINT('',(0.00823205303655413,-0.007,0.00185548105680801));
#1610=CARTESIAN_POINT('',(0.00826621891015593,-0.007,0.00187191138118321));
#1611=CARTESIAN_POINT('',(0.00830299122025942,-0.007,0.00189050956963023));
#1612=CARTESIAN_POINT('',(0.00834229569387088,-0.007,0.00191138583388802));
#1613=CARTESIAN_POINT('',(0.00838405476635715,-0.007,0.00193464827536935));
#1614=CARTESIAN_POINT('',(0.00842818755927662,-0.007,0.00196040277733112));
#1615=CARTESIAN_POINT('',(0.00847460995976609,-0.007,0.00198875292134619));
#1616=CARTESIAN_POINT('',(0.00852323467424354,-0.007,0.00201979989879676));
#1617=CARTESIAN_POINT('',(0.00857397129234875,-0.007,0.0020536424257286));
#1618=CARTESIAN_POINT('',(0.00862672635085945,-0.007,0.00209037665875887));
#1619=CARTESIAN_POINT('',(0.00868140340038549,-0.007,0.00213009611274207));
#1620=CARTESIAN_POINT('',(0.00873790307398204,-0.007,0.00217289158005472));
#1621=CARTESIAN_POINT('',(0.00879612315785789,-0.007,0.00221885105159733));
#1622=CARTESIAN_POINT('',(0.00885595866406867,-0.007,0.00226805963954623));
#1623=CARTESIAN_POINT('',(0.00891730190516703,-0.007,0.0023205995019056));
#1624=CARTESIAN_POINT('',(0.00898004257075888,-0.007,0.00237654976890468));
#1625=CARTESIAN_POINT('',(0.00904406780592171,-0.007,0.00243598647128544));
#1626=CARTESIAN_POINT('',(0.0091092622914373,-0.007,0.00249898247052596));
#1627=CARTESIAN_POINT('',(0.00917550832579504,-0.007,0.00256560739103858));
#1628=CARTESIAN_POINT('',(0.00924268590890662,-0.007,0.0026359275544024));
#1629=CARTESIAN_POINT('',(0.00931067282752708,-0.007,0.00271000591560537));
#1630=CARTESIAN_POINT('',(0.00937934474216645,-0.007,0.00278790200158913));
#1631=CARTESIAN_POINT('',(0.0094485752760772,-0.007,0.00286967185116911));
#1632=CARTESIAN_POINT('',(0.00951823610383845,-0.007,0.00295536796006086));
#1633=CARTESIAN_POINT('',(0.00958819704875583,-0.007,0.0030450392169487));
#1634=CARTESIAN_POINT('',(0.00965832615364712,-0.007,0.00313873088443831));
#1635=CARTESIAN_POINT('',(0.00972848985986864,-0.007,0.00323648441974271));
#1636=CARTESIAN_POINT('',(0.00979855278037279,-0.007,0.00333833791712144));
#1637=CARTESIAN_POINT('',(0.00986837902513852,-0.007,0.00344432419354951));
#1638=CARTESIAN_POINT('',(0.00993782762349128,-0.007,0.00355447785671695));
#1639=CARTESIAN_POINT('',(0.0100067704108055,-0.007,0.00366880821076365));
#1640=CARTESIAN_POINT('',(0.0100750244948567,-0.007,0.00378740208316821));
#1641=CARTESIAN_POINT('',(0.0101408827769583,-0.007,0.00390689991599723));
#1642=CARTESIAN_POINT('',(0.0101831203260679,-0.007,0.00398817834146674));
#1643=CARTESIAN_POINT('',(0.0102035063071201,-0.007,0.00402749213488088));
#1644=CARTESIAN_POINT('',(0.00426707971232928,-0.007,0.00344602512942581));
#1645=CARTESIAN_POINT('',(0.00531300156512674,-0.007,0.00429128259915674));
#1646=CARTESIAN_POINT('',(0.00640320937548916,-0.007,0.00517232958445794));
#1647=CARTESIAN_POINT('',(0.00641623522322763,-0.007,0.00518144530162142));
#1648=CARTESIAN_POINT('',(0.00642388319481756,-0.007,0.00518707911846392));
#1649=CARTESIAN_POINT('',(0.00643299463973767,-0.007,0.00519340505962606));
#1650=CARTESIAN_POINT('',(0.00644543775992429,-0.007,0.00520173869581027));
#1651=CARTESIAN_POINT('',(0.0064606729851843,-0.007,0.0052114845278996));
#1652=CARTESIAN_POINT('',(0.00647895843488579,-0.007,0.00522268094238289));
#1653=CARTESIAN_POINT('',(0.00650029575356924,-0.007,0.0052351634689896));
#1654=CARTESIAN_POINT('',(0.0065247609213751,-0.007,0.00524882754448998));
#1655=CARTESIAN_POINT('',(0.00655240305584478,-0.007,0.00526354830712437));
#1656=CARTESIAN_POINT('',(0.00658327462198727,-0.007,0.0052792047128627));
#1657=CARTESIAN_POINT('',(0.00661742244061328,-0.007,0.00529567252878144));
#1658=CARTESIAN_POINT('',(0.00665489025019835,-0.007,0.00531282649767367));
#1659=CARTESIAN_POINT('',(0.00669571790929559,-0.007,0.0053305398346793));
#1660=CARTESIAN_POINT('',(0.00673994157423503,-0.007,0.00534868449719778));
#1661=CARTESIAN_POINT('',(0.00678759360099686,-0.007,0.00536713123478636));
#1662=CARTESIAN_POINT('',(0.00683870252940333,-0.007,0.00538574970330614));
#1663=CARTESIAN_POINT('',(0.00689329304740464,-0.007,0.00540440856209166));
#1664=CARTESIAN_POINT('',(0.00695138596437562,-0.007,0.00542297557702914));
#1665=CARTESIAN_POINT('',(0.00701299818522089,-0.007,0.00544131772295878));
#1666=CARTESIAN_POINT('',(0.00707814268758661,-0.007,0.00545930128715277));
#1667=CARTESIAN_POINT('',(0.00714682850153436,-0.007,0.00547679197328451));
#1668=CARTESIAN_POINT('',(0.00721906069186392,-0.007,0.00549365500596494));
#1669=CARTESIAN_POINT('',(0.00729484034304165,-0.007,0.00550975523573993));
#1670=CARTESIAN_POINT('',(0.00737416454675652,-0.007,0.00552495724449513));
#1671=CARTESIAN_POINT('',(0.00745702639210725,-0.007,0.00553912545120064));
#1672=CARTESIAN_POINT('',(0.00754341495842824,-0.007,0.00555212421793284));
#1673=CARTESIAN_POINT('',(0.00763331531076041,-0.007,0.00556381795610787));
#1674=CARTESIAN_POINT('',(0.00772670849796974,-0.007,0.00557407123286814));
#1675=CARTESIAN_POINT('',(0.00782357155352345,-0.007,0.00558274887753851));
#1676=CARTESIAN_POINT('',(0.00792387749890123,-0.007,0.00558971608816351));
#1677=CARTESIAN_POINT('',(0.00802759534973613,-0.007,0.00559483853777434));
#1678=CARTESIAN_POINT('',(0.00813469012432502,-0.007,0.00559798248142119));
#1679=CARTESIAN_POINT('',(0.00824512285587977,-0.007,0.00559901485970675));
#1680=CARTESIAN_POINT('',(0.00835885060327156,-0.007,0.00559780341479694));
#1681=CARTESIAN_POINT('',(0.00847582648027306,-0.007,0.00559421675763934));
#1682=CARTESIAN_POINT('',(0.00859599962698632,-0.007,0.00558812461973203));
#1683=CARTESIAN_POINT('',(0.00871931541425926,-0.007,0.00557939739983655));
#1684=CARTESIAN_POINT('',(0.00884571477339382,-0.007,0.00556790839380703));
#1685=CARTESIAN_POINT('',(0.00897513686799363,-0.007,0.00555352580879022));
#1686=CARTESIAN_POINT('',(0.00910750906299117,-0.007,0.00553614364061055));
#1687=CARTESIAN_POINT('',(0.009242785211406,-0.007,0.00551556476232164));
#1688=CARTESIAN_POINT('',(0.00937727434645669,-0.007,0.00549254916053677));
#1689=CARTESIAN_POINT('',(0.00946715505945954,-0.007,0.00547489553678159));
#1690=CARTESIAN_POINT('',(0.00951060227213289,-0.007,0.0054663221893031));
#1691=CARTESIAN_POINT('',(0.00499148332360018,-0.007,0.00403143293800881));
#1692=CARTESIAN_POINT('',(0.00435657997805516,-0.007,0.00481712936270675));
#1693=CARTESIAN_POINT('',(0.00367900269959,-0.007,0.00406792300817208));
#1694=CARTESIAN_POINT('',(5.19008955861159E-18,-0.007,5.29091876591547E-18));
#1695=CARTESIAN_POINT('',(0.00314727656853304,-0.007,0.0044919604478634));
#1696=CARTESIAN_POINT('',(0.00372692362672124,-0.007,0.00531926354703634));
#1697=CARTESIAN_POINT('',(0.00281964696635908,-0.007,0.00576341463791588));
#1698=CARTESIAN_POINT('',(0.00241011152190365,-0.007,0.00492690784529136));
#1699=CARTESIAN_POINT('',(0.00300143711459471,-0.007,0.00613469373514261));
#1700=CARTESIAN_POINT('',(0.00361780035234018,-0.007,0.00739361915757218));
#1701=CARTESIAN_POINT('',(0.00362378899563808,-0.007,0.00740834685800914));
#1702=CARTESIAN_POINT('',(0.00362757972714889,-0.007,0.00741705672116928));
#1703=CARTESIAN_POINT('',(0.00363171957652537,-0.007,0.00742734737747775));
#1704=CARTESIAN_POINT('',(0.00363707541632606,-0.007,0.00744133293116928));
#1705=CARTESIAN_POINT('',(0.00364318674350349,-0.007,0.00745835482918234));
#1706=CARTESIAN_POINT('',(0.00365003354515423,-0.007,0.00747867326109091));
#1707=CARTESIAN_POINT('',(0.00365745510867609,-0.007,0.00750225323212518));
#1708=CARTESIAN_POINT('',(0.00366533258528601,-0.007,0.00752914554993732));
#1709=CARTESIAN_POINT('',(0.00367353331408815,-0.007,0.00755937031623404));
#1710=CARTESIAN_POINT('',(0.00368192761131616,-0.007,0.00759295174578642));
#1711=CARTESIAN_POINT('',(0.00369038394021479,-0.007,0.0076299078410835));
#1712=CARTESIAN_POINT('',(0.00369877045131036,-0.007,0.00767025337163525));
#1713=CARTESIAN_POINT('',(0.00370695466914146,-0.007,0.00771399898437217));
#1714=CARTESIAN_POINT('',(0.00371480371586254,-0.007,0.00776115143695054));
#1715=CARTESIAN_POINT('',(0.00372218438172639,-0.007,0.00781171351318934));
#1716=CARTESIAN_POINT('',(0.00372896323988589,-0.007,0.00786568403305837));
#1717=CARTESIAN_POINT('',(0.00373500674907454,-0.007,0.00792305783948182));
#1718=CARTESIAN_POINT('',(0.00374018136004236,-0.007,0.00798382579524156));
#1719=CARTESIAN_POINT('',(0.00374435362115287,-0.007,0.00804797478051815));
#1720=CARTESIAN_POINT('',(0.00374739028433756,-0.007,0.0081154876937));
#1721=CARTESIAN_POINT('',(0.0037491584109814,-0.007,0.00818634345470216));
#1722=CARTESIAN_POINT('',(0.00374952547777174,-0.007,0.00826051701099386));
#1723=CARTESIAN_POINT('',(0.00374835948241698,-0.007,0.00833797934626887));
#1724=CARTESIAN_POINT('',(0.00374552904917767,-0.007,0.00841869749176832));
#1725=CARTESIAN_POINT('',(0.00374090353414365,-0.007,0.00850263454024423));
#1726=CARTESIAN_POINT('',(0.00373435313019392,-0.007,0.00858974966255747));
#1727=CARTESIAN_POINT('',(0.00372574897157455,-0.007,0.00867999812690123));
#1728=CARTESIAN_POINT('',(0.00371496323803648,-0.007,0.00877333132064004));
#1729=CARTESIAN_POINT('',(0.00370186925844995,-0.007,0.00886969677475516));
#1730=CARTESIAN_POINT('',(0.00368634161391147,-0.007,0.00896903819087709));
#1731=CARTESIAN_POINT('',(0.00366825623998009,-0.007,0.00907129547091909));
#1732=CARTESIAN_POINT('',(0.00364749052913238,-0.007,0.00917640474919122));
#1733=CARTESIAN_POINT('',(0.00362392342897399,-0.007,0.00928429842738273));
#1734=CARTESIAN_POINT('',(0.00359743555295098,-0.007,0.00939490521085178));
#1735=CARTESIAN_POINT('',(0.00356790923937587,-0.007,0.009508150152092));
#1736=CARTESIAN_POINT('',(0.00353522880324207,-0.007,0.00962395467890056));
#1737=CARTESIAN_POINT('',(0.00349928004881468,-0.007,0.00974223669280363));
#1738=CARTESIAN_POINT('',(0.00345995259270719,-0.007,0.00986291041175389));
#1739=CARTESIAN_POINT('',(0.00341713148376003,-0.007,0.00998588719798163));
#1740=CARTESIAN_POINT('',(0.00337072953836673,-0.007,0.010111072649384));
#1741=CARTESIAN_POINT('',(0.0033205648406342,-0.007,0.0102383779111094));
#1742=CARTESIAN_POINT('',(0.00326819964010001,-0.007,0.0103643736695508));
#1743=CARTESIAN_POINT('',(0.00323098828934788,-0.007,0.0104480725845784));
#1744=CARTESIAN_POINT('',(0.00321296197924839,-0.007,0.0104885227356321));
#1745=CARTESIAN_POINT('',(-3.37302512054565E-5,-0.007,0.00548469878244557));
#1746=CARTESIAN_POINT('',(-4.2457543071964E-5,-0.007,0.00682944282748607));
#1747=CARTESIAN_POINT('',(-5.155436204628E-5,-0.007,0.00823112542635363));
#1748=CARTESIAN_POINT('',(-5.05598334844628E-5,-0.007,0.00824699300088945));
#1749=CARTESIAN_POINT('',(-5.01960965671601E-5,-0.007,0.00825648505320232));
#1750=CARTESIAN_POINT('',(-4.94610235360752E-5,-0.007,0.00826755282749339));
#1751=CARTESIAN_POINT('',(-4.82183641286609E-5,-0.007,0.00828247718776868));
#1752=CARTESIAN_POINT('',(-4.63389549003085E-5,-0.007,0.00830046499343777));
#1753=CARTESIAN_POINT('',(-4.36918728228316E-5,-0.007,0.0083217419839332));
#1754=CARTESIAN_POINT('',(-4.01475045065562E-5,-0.007,0.00834620689947209));
#1755=CARTESIAN_POINT('',(-3.55767262838565E-5,-0.007,0.00837385394961288));
#1756=CARTESIAN_POINT('',(-2.98512930139131E-5,-0.007,0.00840464368596201));
#1757=CARTESIAN_POINT('',(-2.2843857265181E-5,-0.007,0.00843854165759693));
#1758=CARTESIAN_POINT('',(-1.44280975289031E-5,-0.007,0.00847550701254057));
#1759=CARTESIAN_POINT('',(-4.47881328385219E-6,-0.007,0.008515495850319));
#1760=CARTESIAN_POINT('',(7.12797126647914E-6,-0.007,0.00855846028453659));
#1761=CARTESIAN_POINT('',(2.05149069613314E-5,-0.007,0.0086043487500948));
#1762=CARTESIAN_POINT('',(3.58032194896533E-5,-0.007,0.00865310595758465));
#1763=CARTESIAN_POINT('',(5.3112610290913E-5,-0.007,0.00870467295209635));
#1764=CARTESIAN_POINT('',(7.25611583174692E-5,-0.007,0.0087589871458811));
#1765=CARTESIAN_POINT('',(9.4265222795523E-5,-0.007,0.00881598236174189));
#1766=CARTESIAN_POINT('',(0.000118339347018603,-0.007,0.00887558887663483));
#1767=CARTESIAN_POINT('',(0.000144896163236945,-0.007,0.00893773346837009));
#1768=CARTESIAN_POINT('',(0.000174046298697975,-0.007,0.00900233946454404));
#1769=CARTESIAN_POINT('',(0.000205898282894928,-0.007,0.00906932679389597));
#1770=CARTESIAN_POINT('',(0.000240558456079595,-0.007,0.00913861203998945));
#1771=CARTESIAN_POINT('',(0.000278130879094816,-0.007,0.00921010849720208));
#1772=CARTESIAN_POINT('',(0.000318717244581707,-0.007,0.00928372622898418));
#1773=CARTESIAN_POINT('',(0.000362416789615549,-0.007,0.00935937212835348));
#1774=CARTESIAN_POINT('',(0.000409326209825184,-0.007,0.00943694998058948));
#1775=CARTESIAN_POINT('',(0.000459539575043653,-0.007,0.00951636052809343));
#1776=CARTESIAN_POINT('',(0.000513148246561302,-0.007,0.0095975015373695));
#1777=CARTESIAN_POINT('',(0.000570240795958532,-0.007,0.00968026786811666));
#1778=CARTESIAN_POINT('',(0.000630902925851692,-0.007,0.00976455154428619));
#1779=CARTESIAN_POINT('',(0.000695217391518011,-0.007,0.00985024182746904));
#1780=CARTESIAN_POINT('',(0.000763263927588341,-0.007,0.00993722529102618));
#1781=CARTESIAN_POINT('',(0.000835119164045246,-0.007,0.0100253859008205));
#1782=CARTESIAN_POINT('',(0.000910856591901798,-0.007,0.010114605079989));
#1783=CARTESIAN_POINT('',(0.000990546348546264,-0.007,0.01020476184358));
#1784=CARTESIAN_POINT('',(0.00107425569958782,-0.007,0.0102957326757519));
#1785=CARTESIAN_POINT('',(0.00116204687758584,-0.007,0.0103873923959942));
#1786=CARTESIAN_POINT('',(0.00125398499146943,-0.007,0.0104796112689969));
#1787=CARTESIAN_POINT('',(0.00135010763141649,-0.007,0.0105722664138552));
#1788=CARTESIAN_POINT('',(0.00145054014530801,-0.007,0.0106651988447661));
#1789=CARTESIAN_POINT('',(0.00155238707153627,-0.007,0.0107559966916021));
#1790=CARTESIAN_POINT('',(0.00162222893830878,-0.007,0.0108152614083172));
#1791=CARTESIAN_POINT('',(0.00165602074529863,-0.007,0.01084388441229));
#1792=CARTESIAN_POINT('',(-3.97622419812188E-5,-0.007,0.00641605613033066));
#1793=CARTESIAN_POINT('',(-0.00104990020358596,-0.007,0.00640954241461532));
#1794=CARTESIAN_POINT('',(-0.000886609611839868,-0.007,0.00541266864496613));
#1795=CARTESIAN_POINT('',(-9.00638951845785E-19,-0.007,7.35660930676243E-18));
#1796=CARTESIAN_POINT('',(-0.0015496612520315,-0.007,0.0052613314349087));
#1797=CARTESIAN_POINT('',(-0.00183506883105052,-0.007,0.00623033279910066));
#1798=CARTESIAN_POINT('',(-0.00274799788207291,-0.007,0.0057979190183689));
#1799=CARTESIAN_POINT('',(-0.00234933170941835,-0.007,0.00495617786032016));
#1800=CARTESIAN_POINT('',(-0.00292493126556377,-0.007,0.00617153701022623));
#1801=CARTESIAN_POINT('',(-0.00352490260192364,-0.007,0.00743835635631711));
#1802=CARTESIAN_POINT('',(-0.00353268332376642,-0.007,0.00745222103721195));
#1803=CARTESIAN_POINT('',(-0.00353712948655442,-0.007,0.00746061526130461));
#1804=CARTESIAN_POINT('',(-0.00354259389176418,-0.007,0.00747026804514258));
#1805=CARTESIAN_POINT('',(-0.00355018892644384,-0.007,0.00748317525941383));
#1806=CARTESIAN_POINT('',(-0.00355968683203087,-0.007,0.00749856626722024));
#1807=CARTESIAN_POINT('',(-0.00357130351076678,-0.007,0.00751658764738975));
#1808=CARTESIAN_POINT('',(-0.00358511180530733,-0.007,0.00753709193086827));
#1809=CARTESIAN_POINT('',(-0.00360122553967873,-0.007,0.00756001787598852));
#1810=CARTESIAN_POINT('',(-0.0036197431427438,-0.007,0.00758527429749478));
#1811=CARTESIAN_POINT('',(-0.0036407644028787,-0.007,0.00761277490219859));
#1812=CARTESIAN_POINT('',(-0.00366438540682159,-0.007,0.00764242807489189));
#1813=CARTESIAN_POINT('',(-0.00369069990864256,-0.007,0.00767413994014406));
#1814=CARTESIAN_POINT('',(-0.00371979882954625,-0.007,0.00770781356272132));
#1815=CARTESIAN_POINT('',(-0.00375177030086269,-0.007,0.00774334926787048));
#1816=CARTESIAN_POINT('',(-0.0037866995539881,-0.007,0.0077806446437001));
#1817=CARTESIAN_POINT('',(-0.00382466885661618,-0.007,0.00781959463716374));
#1818=CARTESIAN_POINT('',(-0.0038657574384005,-0.007,0.00786009162611086));
#1819=CARTESIAN_POINT('',(-0.00391004142217166,-0.007,0.00790202550057102));
#1820=CARTESIAN_POINT('',(-0.00395759375617619,-0.007,0.00794528374377983));
#1821=CARTESIAN_POINT('',(-0.00400848414864755,-0.007,0.00798975151552193));
#1822=CARTESIAN_POINT('',(-0.00406277900438244,-0.007,0.00803531173698487));
#1823=CARTESIAN_POINT('',(-0.00412054136345753,-0.007,0.00808184517727319));
#1824=CARTESIAN_POINT('',(-0.00418183084209375,-0.007,0.00812923054146855));
#1825=CARTESIAN_POINT('',(-0.00424670357571119,-0.007,0.00817734456019689));
#1826=CARTESIAN_POINT('',(-0.00431521216420716,-0.007,0.00822606208064352));
#1827=CARTESIAN_POINT('',(-0.00438740561949141,-0.007,0.00827525615896272));
#1828=CARTESIAN_POINT('',(-0.00446332931531252,-0.007,0.00832479815402569));
#1829=CARTESIAN_POINT('',(-0.00454302493940335,-0.007,0.00837455782245517));
#1830=CARTESIAN_POINT('',(-0.00462653044799084,-0.007,0.00842440341487589));
#1831=CARTESIAN_POINT('',(-0.00471388002264454,-0.007,0.00847420177338137));
#1832=CARTESIAN_POINT('',(-0.00480510402970194,-0.007,0.00852381842994161));
#1833=CARTESIAN_POINT('',(-0.00490022898149649,-0.007,0.00857311770652844));
#1834=CARTESIAN_POINT('',(-0.00499927750247403,-0.007,0.00862196281371157));
#1835=CARTESIAN_POINT('',(-0.0051022682885379,-0.007,0.00867021595984242));
#1836=CARTESIAN_POINT('',(-0.00520921610423031,-0.007,0.00871773842430355));
#1837=CARTESIAN_POINT('',(-0.00532013164775127,-0.007,0.00876439077194756));
#1838=CARTESIAN_POINT('',(-0.00543502193180541,-0.007,0.00881003253339261));
#1839=CARTESIAN_POINT('',(-0.0055538887122033,-0.007,0.00885452392320023));
#1840=CARTESIAN_POINT('',(-0.00567673436002172,-0.007,0.00889771980418952));
#1841=CARTESIAN_POINT('',(-0.00580353942681418,-0.007,0.00893949315472372));
#1842=CARTESIAN_POINT('',(-0.00593434786576453,-0.007,0.00897964634713671));
#1843=CARTESIAN_POINT('',(-0.00606550448487678,-0.007,0.00901726265523899));
#1844=CARTESIAN_POINT('',(-0.0061541438294011,-0.007,0.00904035506966213));
#1845=CARTESIAN_POINT('',(-0.00619700825147764,-0.007,0.00905148178957924));
#1846=CARTESIAN_POINT('',(-0.00430914064761075,-0.007,0.00339328238481784));
#1847=CARTESIAN_POINT('',(-0.00536594525536143,-0.007,0.00422489331147293));
#1848=CARTESIAN_POINT('',(-0.00646749661344354,-0.007,0.00509171593784527));
#1849=CARTESIAN_POINT('',(-0.0064792823043501,-0.007,0.00510238676248843));
#1850=CARTESIAN_POINT('',(-0.00648647670342304,-0.007,0.0051085893412775));
#1851=CARTESIAN_POINT('',(-0.00649467152726615,-0.007,0.00511606468891487));
#1852=CARTESIAN_POINT('',(-0.00650556507651735,-0.007,0.00512634142559248));
#1853=CARTESIAN_POINT('',(-0.00651845671680257,-0.007,0.00513902602028814));
#1854=CARTESIAN_POINT('',(-0.00653344130914408,-0.007,0.00515436157898114));
#1855=CARTESIAN_POINT('',(-0.00655035887282908,-0.007,0.00517238630305809));
#1856=CARTESIAN_POINT('',(-0.00656912437341811,-0.007,0.00519319753518624));
#1857=CARTESIAN_POINT('',(-0.00658962700937772,-0.007,0.00521687094578306));
#1858=CARTESIAN_POINT('',(-0.00661176044606719,-0.007,0.00524348461928085));
#1859=CARTESIAN_POINT('',(-0.00663541398395227,-0.007,0.00527311184702101));
#1860=CARTESIAN_POINT('',(-0.00666047523901217,-0.007,0.00530582314321485));
#1861=CARTESIAN_POINT('',(-0.0066868294745104,-0.007,0.00534168557936382));
#1862=CARTESIAN_POINT('',(-0.00671435990368209,-0.007,0.00538076289744232));
#1863=CARTESIAN_POINT('',(-0.00674294771654584,-0.007,0.0054231154031278));
#1864=CARTESIAN_POINT('',(-0.00677247218767037,-0.007,0.00546879992498912));
#1865=CARTESIAN_POINT('',(-0.00680281076296064,-0.007,0.00551786975804555));
#1866=CARTESIAN_POINT('',(-0.00683383915420972,-0.007,0.00557037461479595));
#1867=CARTESIAN_POINT('',(-0.00686543143317145,-0.007,0.00562636057718648));
#1868=CARTESIAN_POINT('',(-0.00689746012737322,-0.007,0.00568587005136771));
#1869=CARTESIAN_POINT('',(-0.00692979631695547,-0.007,0.00574894172474273));
#1870=CARTESIAN_POINT('',(-0.00696230973265349,-0.007,0.00581561052547166));
#1871=CARTESIAN_POINT('',(-0.00699486885480863,-0.007,0.00588590758441379));
#1872=CARTESIAN_POINT('',(-0.00702734101336128,-0.007,0.0059598601995408));
#1873=CARTESIAN_POINT('',(-0.00705959248876083,-0.007,0.00603749180283952));
#1874=CARTESIAN_POINT('',(-0.00709148861373289,-0.007,0.0061188219297257));
#1875=CARTESIAN_POINT('',(-0.00712289387584143,-0.007,0.00620386619098916));
#1876=CARTESIAN_POINT('',(-0.00715367202078931,-0.007,0.00629263624728635));
#1877=CARTESIAN_POINT('',(-0.00718368615637813,-0.007,0.00638513978620829));
#1878=CARTESIAN_POINT('',(-0.00721279885713333,-0.007,0.00648138050189953));
#1879=CARTESIAN_POINT('',(-0.00724087226927339,-0.007,0.00658135807739843));
#1880=CARTESIAN_POINT('',(-0.0072677682169524,-0.007,0.00668506816911736));
#1881=CARTESIAN_POINT('',(-0.00729334830592383,-0.007,0.00679250239574828));
#1882=CARTESIAN_POINT('',(-0.00731747403903356,-0.007,0.00690364832292286));
#1883=CARTESIAN_POINT('',(-0.00734000688825992,-0.007,0.00701848947676406));
#1884=CARTESIAN_POINT('',(-0.00736080853381232,-0.007,0.00713700526000647));
#1885=CARTESIAN_POINT('',(-0.007379740467696,-0.007,0.00725917125215351));
#1886=CARTESIAN_POINT('',(-0.0073966660184807,-0.007,0.00738495805980761));
#1887=CARTESIAN_POINT('',(-0.00741144316026342,-0.007,0.00751433569853664));
#1888=CARTESIAN_POINT('',(-0.00742395238379151,-0.007,0.00764725694253405));
#1889=CARTESIAN_POINT('',(-0.00743399123583355,-0.007,0.00778372066669274));
#1890=CARTESIAN_POINT('',(-0.00744147933117628,-0.007,0.00791995933154359));
#1891=CARTESIAN_POINT('',(-0.00744426866082825,-0.007,0.00801151484826258));
#1892=CARTESIAN_POINT('',(-0.0074455781794125,-0.007,0.00805578049789237));
#1893=CARTESIAN_POINT('',(-0.00504106602834884,-0.007,0.00396925819281995));
#1894=CARTESIAN_POINT('',(-0.00566578411786567,-0.007,0.00317543929748056));
#1895=CARTESIAN_POINT('',(-0.00478458680201417,-0.007,0.00268156439378174));
#1896=CARTESIAN_POINT('',(-6.31316796187676E-18,-0.007,3.88262299213538E-18));
#1897=CARTESIAN_POINT('',(-0.00507967254248759,-0.007,0.0020688125398653));
#1898=CARTESIAN_POINT('',(-0.00601521703045889,-0.007,0.00244983437781414));
#1899=CARTESIAN_POINT('',(-0.0062463442763628,-0.007,0.00146647212199573));
#1900=CARTESIAN_POINT('',(-0.00533968024591503,-0.007,0.00125334485892395));
#1901=CARTESIAN_POINT('',(-0.00664876674502826,-0.007,0.00156108704019697));
#1902=CARTESIAN_POINT('',(-0.0080132820020296,-0.007,0.00188185950393743));
#1903=CARTESIAN_POINT('',(-0.00802897304676763,-0.007,0.00188442077778838));
#1904=CARTESIAN_POINT('',(-0.00803830805258989,-0.007,0.00188617834086083));
#1905=CARTESIAN_POINT('',(-0.00804926190380938,-0.007,0.0018879245091174));
#1906=CARTESIAN_POINT('',(-0.00806408859694514,-0.007,0.00189003398836293));
#1907=CARTESIAN_POINT('',(-0.00808204361866762,-0.007,0.00189220436316512));
#1908=CARTESIAN_POINT('',(-0.00810337618176498,-0.007,0.00189435822475877));
#1909=CARTESIAN_POINT('',(-0.00812801640694104,-0.007,0.00189634667701105));
#1910=CARTESIAN_POINT('',(-0.00815598738165181,-0.007,0.00189804254515982));
#1911=CARTESIAN_POINT('',(-0.00818727918378583,-0.007,0.00189931202134429));
#1912=CARTESIAN_POINT('',(-0.0082218865636465,-0.007,0.00190002328494746));
#1913=CARTESIAN_POINT('',(-0.00825979780268124,-0.007,0.00190004409118443));
#1914=CARTESIAN_POINT('',(-0.00830099796082955,-0.007,0.00189924260979798));
#1915=CARTESIAN_POINT('',(-0.00834546793951774,-0.007,0.00189748731759818));
#1916=CARTESIAN_POINT('',(-0.00839318475887127,-0.007,0.00189464716454453));
#1917=CARTESIAN_POINT('',(-0.00844412149095558,-0.007,0.00189059166127825));
#1918=CARTESIAN_POINT('',(-0.00849824729505967,-0.007,0.0018851909888233));
#1919=CARTESIAN_POINT('',(-0.00855552742767905,-0.007,0.00187831610162887));
#1920=CARTESIAN_POINT('',(-0.00861592326318087,-0.007,0.00186983883202581));
#1921=CARTESIAN_POINT('',(-0.00867939231490417,-0.007,0.00185963199372325));
#1922=CARTESIAN_POINT('',(-0.00874588825952583,-0.007,0.00184756948492657));
#1923=CARTESIAN_POINT('',(-0.00881536096385787,-0.007,0.00183352639082954));
#1924=CARTESIAN_POINT('',(-0.00888775651427745,-0.007,0.00181737908546818));
#1925=CARTESIAN_POINT('',(-0.00896301724870451,-0.007,0.00179900533285951));
#1926=CARTESIAN_POINT('',(-0.00904108179112356,-0.007,0.00177828438736719));
#1927=CARTESIAN_POINT('',(-0.00912188508862349,-0.007,0.00175509709323191));
#1928=CARTESIAN_POINT('',(-0.00920535845093511,-0.007,0.00172932598320639));
#1929=CARTESIAN_POINT('',(-0.0092914295924435,-0.007,0.00170085537623363));
#1930=CARTESIAN_POINT('',(-0.00938002267665224,-0.007,0.00166957147411413));
#1931=CARTESIAN_POINT('',(-0.00947105836307236,-0.007,0.00163536245708285));
#1932=CARTESIAN_POINT('',(-0.00956445385652045,-0.007,0.00159811857831586));
#1933=CARTESIAN_POINT('',(-0.00966012295875902,-0.007,0.00155773225700915));
#1934=CARTESIAN_POINT('',(-0.00975797612260372,-0.007,0.00151409817111881));
#1935=CARTESIAN_POINT('',(-0.0098579205078827,-0.007,0.00146711334532606));
#1936=CARTESIAN_POINT('',(-0.00995986004145216,-0.007,0.00141667725089738));
#1937=CARTESIAN_POINT('',(-0.0100636954727076,-0.007,0.00136269185355857));
#1938=CARTESIAN_POINT('',(-0.0101693244570797,-0.007,0.00130506185272764));
#1939=CARTESIAN_POINT('',(-0.0102766415435331,-0.007,0.00124369418442427));
#1940=CARTESIAN_POINT('',(-0.0103855385381414,-0.007,0.00117850032110517));
#1941=CARTESIAN_POINT('',(-0.0104959034464292,-0.007,0.00110938791743567));
#1942=CARTESIAN_POINT('',(-0.0106076248329742,-0.007,0.0010362929821284));
#1943=CARTESIAN_POINT('',(-0.0107205755906068,-0.007,0.000959057932366099));
#1944=CARTESIAN_POINT('',(-0.0108317600189982,-0.007,0.000879968942895417));
#1945=CARTESIAN_POINT('',(-0.0109050801229547,-0.007,0.000825065797654105));
#1946=CARTESIAN_POINT('',(-0.0109405048729098,-0.007,0.000798490439393325));
#1947=CARTESIAN_POINT('',(-0.00533968024591503,-0.007,-0.00125334485892395));
#1948=CARTESIAN_POINT('',(-0.00664876674502826,-0.007,-0.00156108704019697));
#1949=CARTESIAN_POINT('',(-0.00801328200202961,-0.007,-0.00188185950393742));
#1950=CARTESIAN_POINT('',(-0.00802897304676763,-0.007,-0.00188442077778838));
#1951=CARTESIAN_POINT('',(-0.00803830805258989,-0.007,-0.00188617834086083));
#1952=CARTESIAN_POINT('',(-0.00804926190380938,-0.007,-0.0018879245091174));
#1953=CARTESIAN_POINT('',(-0.00806408859694514,-0.007,-0.00189003398836293));
#1954=CARTESIAN_POINT('',(-0.00808204361866762,-0.007,-0.00189220436316511));
#1955=CARTESIAN_POINT('',(-0.00810337618176498,-0.007,-0.00189435822475877));
#1956=CARTESIAN_POINT('',(-0.00812801640694104,-0.007,-0.00189634667701105));
#1957=CARTESIAN_POINT('',(-0.00815598738165181,-0.007,-0.00189804254515982));
#1958=CARTESIAN_POINT('',(-0.00818727918378584,-0.007,-0.00189931202134429));
#1959=CARTESIAN_POINT('',(-0.0082218865636465,-0.007,-0.00190002328494745));
#1960=CARTESIAN_POINT('',(-0.00825979780268124,-0.007,-0.00190004409118443));
#1961=CARTESIAN_POINT('',(-0.00830099796082955,-0.007,-0.00189924260979798));
#1962=CARTESIAN_POINT('',(-0.00834546793951774,-0.007,-0.00189748731759818));
#1963=CARTESIAN_POINT('',(-0.00839318475887127,-0.007,-0.00189464716454452));
#1964=CARTESIAN_POINT('',(-0.00844412149095558,-0.007,-0.00189059166127825));
#1965=CARTESIAN_POINT('',(-0.00849824729505968,-0.007,-0.0018851909888233));
#1966=CARTESIAN_POINT('',(-0.00855552742767905,-0.007,-0.00187831610162887));
#1967=CARTESIAN_POINT('',(-0.00861592326318087,-0.007,-0.0018698388320258));
#1968=CARTESIAN_POINT('',(-0.00867939231490418,-0.007,-0.00185963199372325));
#1969=CARTESIAN_POINT('',(-0.00874588825952583,-0.007,-0.00184756948492657));
#1970=CARTESIAN_POINT('',(-0.00881536096385787,-0.007,-0.00183352639082954));
#1971=CARTESIAN_POINT('',(-0.00888775651427745,-0.007,-0.00181737908546818));
#1972=CARTESIAN_POINT('',(-0.00896301724870451,-0.007,-0.00179900533285951));
#1973=CARTESIAN_POINT('',(-0.00904108179112357,-0.007,-0.00177828438736719));
#1974=CARTESIAN_POINT('',(-0.00912188508862349,-0.007,-0.00175509709323191));
#1975=CARTESIAN_POINT('',(-0.00920535845093511,-0.007,-0.00172932598320639));
#1976=CARTESIAN_POINT('',(-0.0092914295924435,-0.007,-0.00170085537623363));
#1977=CARTESIAN_POINT('',(-0.00938002267665224,-0.007,-0.00166957147411413));
#1978=CARTESIAN_POINT('',(-0.00947105836307236,-0.007,-0.00163536245708285));
#1979=CARTESIAN_POINT('',(-0.00956445385652045,-0.007,-0.00159811857831586));
#1980=CARTESIAN_POINT('',(-0.00966012295875903,-0.007,-0.00155773225700914));
#1981=CARTESIAN_POINT('',(-0.00975797612260372,-0.007,-0.00151409817111881));
#1982=CARTESIAN_POINT('',(-0.0098579205078827,-0.007,-0.00146711334532605));
#1983=CARTESIAN_POINT('',(-0.00995986004145217,-0.007,-0.00141667725089738));
#1984=CARTESIAN_POINT('',(-0.0100636954727076,-0.007,-0.00136269185355857));
#1985=CARTESIAN_POINT('',(-0.0101693244570797,-0.007,-0.00130506185272764));
#1986=CARTESIAN_POINT('',(-0.0102766415435331,-0.007,-0.00124369418442427));
#1987=CARTESIAN_POINT('',(-0.0103855385381414,-0.007,-0.00117850032110517));
#1988=CARTESIAN_POINT('',(-0.0104959034464292,-0.007,-0.00110938791743567));
#1989=CARTESIAN_POINT('',(-0.0106076248329742,-0.007,-0.0010362929821284));
#1990=CARTESIAN_POINT('',(-0.0107205755906068,-0.007,-0.000959057932366096));
#1991=CARTESIAN_POINT('',(-0.0108317600189982,-0.007,-0.000879968942895414));
#1992=CARTESIAN_POINT('',(-0.0109050801229547,-0.007,-0.000825065797654102));
#1993=CARTESIAN_POINT('',(-0.0109405048729098,-0.007,-0.000798490439393322));
#1994=CARTESIAN_POINT('',(-0.0062463442763628,-0.007,-0.00146647212199573));
#1995=CARTESIAN_POINT('',(-0.00601521703045889,-0.007,-0.00244983437781414));
#1996=CARTESIAN_POINT('',(-0.00507967254248759,-0.007,-0.0020688125398653));
#1997=CARTESIAN_POINT('',(-6.97175273145711E-18,-0.007,-2.51505762664513E-18));
#1998=CARTESIAN_POINT('',(0.,-0.007,6.7169458255804E-19));
#1999=CARTESIAN_POINT('',(0.00951060227213289,-0.007,-0.0054663221893031));
#2000=CARTESIAN_POINT('',(0.00951060227213289,0.,-0.0054663221893031));
#2001=CARTESIAN_POINT('',(0.,0.,6.7169458255804E-19));
#2002=CARTESIAN_POINT('',(0.0102035063071201,0.,-0.00402749213488088));
#2003=CARTESIAN_POINT('',(0.0102035063071201,-0.007,-0.00402749213488088));
#2004=CARTESIAN_POINT('',(0.,0.,0.));
#2005=CARTESIAN_POINT('',(0.,0.,1.30118722409406E-19));
#2006=CARTESIAN_POINT('',(0.,0.,-0.002125));
#2007=CARTESIAN_POINT('',(-0.00601521703045889,0.,-0.00244983437781414));
#2008=CARTESIAN_POINT('',(-0.0062463442763628,0.,-0.00146647212199573));
#2009=CARTESIAN_POINT('',(-0.00507967254248759,0.,-0.0020688125398653));
#2010=CARTESIAN_POINT('',(-0.00533968024591503,0.,-0.00125334485892395));
#2011=CARTESIAN_POINT('',(-0.00664876674502826,0.,-0.00156108704019697));
#2012=CARTESIAN_POINT('',(-0.00801328200202961,0.,-0.00188185950393742));
#2013=CARTESIAN_POINT('',(-0.00802897304676763,0.,-0.00188442077778838));
#2014=CARTESIAN_POINT('',(-0.00803830805258989,0.,-0.00188617834086083));
#2015=CARTESIAN_POINT('',(-0.00804926190380938,0.,-0.0018879245091174));
#2016=CARTESIAN_POINT('',(-0.00806408859694514,0.,-0.00189003398836293));
#2017=CARTESIAN_POINT('',(-0.00808204361866762,0.,-0.00189220436316511));
#2018=CARTESIAN_POINT('',(-0.00810337618176498,0.,-0.00189435822475877));
#2019=CARTESIAN_POINT('',(-0.00812801640694104,0.,-0.00189634667701105));
#2020=CARTESIAN_POINT('',(-0.00815598738165181,0.,-0.00189804254515982));
#2021=CARTESIAN_POINT('',(-0.00818727918378584,0.,-0.00189931202134429));
#2022=CARTESIAN_POINT('',(-0.0082218865636465,0.,-0.00190002328494745));
#2023=CARTESIAN_POINT('',(-0.00825979780268124,0.,-0.00190004409118443));
#2024=CARTESIAN_POINT('',(-0.00830099796082955,0.,-0.00189924260979798));
#2025=CARTESIAN_POINT('',(-0.00834546793951774,0.,-0.00189748731759818));
#2026=CARTESIAN_POINT('',(-0.00839318475887127,0.,-0.00189464716454452));
#2027=CARTESIAN_POINT('',(-0.00844412149095558,0.,-0.00189059166127825));
#2028=CARTESIAN_POINT('',(-0.00849824729505968,0.,-0.0018851909888233));
#2029=CARTESIAN_POINT('',(-0.00855552742767905,0.,-0.00187831610162887));
#2030=CARTESIAN_POINT('',(-0.00861592326318087,0.,-0.0018698388320258));
#2031=CARTESIAN_POINT('',(-0.00867939231490418,0.,-0.00185963199372325));
#2032=CARTESIAN_POINT('',(-0.00874588825952583,0.,-0.00184756948492657));
#2033=CARTESIAN_POINT('',(-0.00881536096385787,0.,-0.00183352639082954));
#2034=CARTESIAN_POINT('',(-0.00888775651427745,0.,-0.00181737908546818));
#2035=CARTESIAN_POINT('',(-0.00896301724870451,0.,-0.00179900533285951));
#2036=CARTESIAN_POINT('',(-0.00904108179112357,0.,-0.00177828438736719));
#2037=CARTESIAN_POINT('',(-0.00912188508862349,0.,-0.00175509709323191));
#2038=CARTESIAN_POINT('',(-0.00920535845093511,0.,-0.00172932598320639));
#2039=CARTESIAN_POINT('',(-0.0092914295924435,0.,-0.00170085537623363));
#2040=CARTESIAN_POINT('',(-0.00938002267665224,0.,-0.00166957147411413));
#2041=CARTESIAN_POINT('',(-0.00947105836307236,0.,-0.00163536245708285));
#2042=CARTESIAN_POINT('',(-0.00956445385652045,0.,-0.00159811857831586));
#2043=CARTESIAN_POINT('',(-0.00966012295875903,0.,-0.00155773225700914));
#2044=CARTESIAN_POINT('',(-0.00975797612260372,0.,-0.00151409817111881));
#2045=CARTESIAN_POINT('',(-0.0098579205078827,0.,-0.00146711334532605));
#2046=CARTESIAN_POINT('',(-0.00995986004145217,0.,-0.00141667725089738));
#2047=CARTESIAN_POINT('',(-0.0100636954727076,0.,-0.00136269185355857));
#2048=CARTESIAN_POINT('',(-0.0101693244570797,0.,-0.00130506185272764));
#2049=CARTESIAN_POINT('',(-0.0102766415435331,0.,-0.00124369418442427));
#2050=CARTESIAN_POINT('',(-0.0103855385381414,0.,-0.00117850032110517));
#2051=CARTESIAN_POINT('',(-0.0104959034464292,0.,-0.00110938791743567));
#2052=CARTESIAN_POINT('',(-0.0106076248329742,0.,-0.0010362929821284));
#2053=CARTESIAN_POINT('',(-0.0107205755906068,0.,-0.000959057932366096));
#2054=CARTESIAN_POINT('',(-0.0108317600189982,0.,-0.000879968942895414));
#2055=CARTESIAN_POINT('',(-0.0109050801229547,0.,-0.000825065797654102));
#2056=CARTESIAN_POINT('',(-0.0109405048729098,0.,-0.000798490439393322));
#2057=CARTESIAN_POINT('',(-0.00533968024591503,0.,0.00125334485892395));
#2058=CARTESIAN_POINT('',(-0.00664876674502826,0.,0.00156108704019697));
#2059=CARTESIAN_POINT('',(-0.0080132820020296,0.,0.00188185950393743));
#2060=CARTESIAN_POINT('',(-0.00802897304676763,0.,0.00188442077778838));
#2061=CARTESIAN_POINT('',(-0.00803830805258989,0.,0.00188617834086083));
#2062=CARTESIAN_POINT('',(-0.00804926190380938,0.,0.0018879245091174));
#2063=CARTESIAN_POINT('',(-0.00806408859694514,0.,0.00189003398836293));
#2064=CARTESIAN_POINT('',(-0.00808204361866762,0.,0.00189220436316512));
#2065=CARTESIAN_POINT('',(-0.00810337618176498,0.,0.00189435822475877));
#2066=CARTESIAN_POINT('',(-0.00812801640694104,0.,0.00189634667701105));
#2067=CARTESIAN_POINT('',(-0.00815598738165181,0.,0.00189804254515982));
#2068=CARTESIAN_POINT('',(-0.00818727918378583,0.,0.00189931202134429));
#2069=CARTESIAN_POINT('',(-0.0082218865636465,0.,0.00190002328494746));
#2070=CARTESIAN_POINT('',(-0.00825979780268124,0.,0.00190004409118443));
#2071=CARTESIAN_POINT('',(-0.00830099796082955,0.,0.00189924260979798));
#2072=CARTESIAN_POINT('',(-0.00834546793951774,0.,0.00189748731759818));
#2073=CARTESIAN_POINT('',(-0.00839318475887127,0.,0.00189464716454453));
#2074=CARTESIAN_POINT('',(-0.00844412149095558,0.,0.00189059166127825));
#2075=CARTESIAN_POINT('',(-0.00849824729505967,0.,0.0018851909888233));
#2076=CARTESIAN_POINT('',(-0.00855552742767905,0.,0.00187831610162887));
#2077=CARTESIAN_POINT('',(-0.00861592326318087,0.,0.00186983883202581));
#2078=CARTESIAN_POINT('',(-0.00867939231490417,0.,0.00185963199372325));
#2079=CARTESIAN_POINT('',(-0.00874588825952583,0.,0.00184756948492657));
#2080=CARTESIAN_POINT('',(-0.00881536096385787,0.,0.00183352639082954));
#2081=CARTESIAN_POINT('',(-0.00888775651427745,0.,0.00181737908546818));
#2082=CARTESIAN_POINT('',(-0.00896301724870451,0.,0.00179900533285951));
#2083=CARTESIAN_POINT('',(-0.00904108179112356,0.,0.00177828438736719));
#2084=CARTESIAN_POINT('',(-0.00912188508862349,0.,0.00175509709323191));
#2085=CARTESIAN_POINT('',(-0.00920535845093511,0.,0.00172932598320639));
#2086=CARTESIAN_POINT('',(-0.0092914295924435,0.,0.00170085537623363));
#2087=CARTESIAN_POINT('',(-0.00938002267665224,0.,0.00166957147411413));
#2088=CARTESIAN_POINT('',(-0.00947105836307236,0.,0.00163536245708285));
#2089=CARTESIAN_POINT('',(-0.00956445385652045,0.,0.00159811857831586));
#2090=CARTESIAN_POINT('',(-0.00966012295875902,0.,0.00155773225700915));
#2091=CARTESIAN_POINT('',(-0.00975797612260372,0.,0.00151409817111881));
#2092=CARTESIAN_POINT('',(-0.0098579205078827,0.,0.00146711334532606));
#2093=CARTESIAN_POINT('',(-0.00995986004145216,0.,0.00141667725089738));
#2094=CARTESIAN_POINT('',(-0.0100636954727076,0.,0.00136269185355857));
#2095=CARTESIAN_POINT('',(-0.0101693244570797,0.,0.00130506185272764));
#2096=CARTESIAN_POINT('',(-0.0102766415435331,0.,0.00124369418442427));
#2097=CARTESIAN_POINT('',(-0.0103855385381414,0.,0.00117850032110517));
#2098=CARTESIAN_POINT('',(-0.0104959034464292,0.,0.00110938791743567));
#2099=CARTESIAN_POINT('',(-0.0106076248329742,0.,0.0010362929821284));
#2100=CARTESIAN_POINT('',(-0.0107205755906068,0.,0.000959057932366099));
#2101=CARTESIAN_POINT('',(-0.0108317600189982,0.,0.000879968942895417));
#2102=CARTESIAN_POINT('',(-0.0109050801229547,0.,0.000825065797654105));
#2103=CARTESIAN_POINT('',(-0.0109405048729098,0.,0.000798490439393325));
#2104=CARTESIAN_POINT('',(-0.0062463442763628,0.,0.00146647212199573));
#2105=CARTESIAN_POINT('',(-0.00601521703045889,0.,0.00244983437781414));
#2106=CARTESIAN_POINT('',(-0.00507967254248759,0.,0.0020688125398653));
#2107=CARTESIAN_POINT('',(-6.31316796187676E-18,0.,3.88262299213538E-18));
#2108=CARTESIAN_POINT('',(-0.00478458680201417,0.,0.00268156439378174));
#2109=CARTESIAN_POINT('',(-0.00566578411786567,0.,0.00317543929748056));
#2110=CARTESIAN_POINT('',(-0.00504106602834884,0.,0.00396925819281995));
#2111=CARTESIAN_POINT('',(-0.00430914064761075,0.,0.00339328238481784));
#2112=CARTESIAN_POINT('',(-0.00536594525536143,0.,0.00422489331147293));
#2113=CARTESIAN_POINT('',(-0.00646749661344354,0.,0.00509171593784527));
#2114=CARTESIAN_POINT('',(-0.0064792823043501,0.,0.00510238676248843));
#2115=CARTESIAN_POINT('',(-0.00648647670342304,0.,0.0051085893412775));
#2116=CARTESIAN_POINT('',(-0.00649467152726615,0.,0.00511606468891487));
#2117=CARTESIAN_POINT('',(-0.00650556507651735,0.,0.00512634142559248));
#2118=CARTESIAN_POINT('',(-0.00651845671680257,0.,0.00513902602028814));
#2119=CARTESIAN_POINT('',(-0.00653344130914408,0.,0.00515436157898114));
#2120=CARTESIAN_POINT('',(-0.00655035887282908,0.,0.00517238630305809));
#2121=CARTESIAN_POINT('',(-0.00656912437341811,0.,0.00519319753518624));
#2122=CARTESIAN_POINT('',(-0.00658962700937772,0.,0.00521687094578306));
#2123=CARTESIAN_POINT('',(-0.00661176044606719,0.,0.00524348461928085));
#2124=CARTESIAN_POINT('',(-0.00663541398395227,0.,0.00527311184702101));
#2125=CARTESIAN_POINT('',(-0.00666047523901217,0.,0.00530582314321485));
#2126=CARTESIAN_POINT('',(-0.0066868294745104,0.,0.00534168557936382));
#2127=CARTESIAN_POINT('',(-0.00671435990368209,0.,0.00538076289744232));
#2128=CARTESIAN_POINT('',(-0.00674294771654584,0.,0.0054231154031278));
#2129=CARTESIAN_POINT('',(-0.00677247218767037,0.,0.00546879992498912));
#2130=CARTESIAN_POINT('',(-0.00680281076296064,0.,0.00551786975804555));
#2131=CARTESIAN_POINT('',(-0.00683383915420972,0.,0.00557037461479595));
#2132=CARTESIAN_POINT('',(-0.00686543143317145,0.,0.00562636057718648));
#2133=CARTESIAN_POINT('',(-0.00689746012737322,0.,0.00568587005136771));
#2134=CARTESIAN_POINT('',(-0.00692979631695547,0.,0.00574894172474273));
#2135=CARTESIAN_POINT('',(-0.00696230973265349,0.,0.00581561052547166));
#2136=CARTESIAN_POINT('',(-0.00699486885480863,0.,0.00588590758441379));
#2137=CARTESIAN_POINT('',(-0.00702734101336128,0.,0.0059598601995408));
#2138=CARTESIAN_POINT('',(-0.00705959248876083,0.,0.00603749180283952));
#2139=CARTESIAN_POINT('',(-0.00709148861373289,0.,0.0061188219297257));
#2140=CARTESIAN_POINT('',(-0.00712289387584143,0.,0.00620386619098916));
#2141=CARTESIAN_POINT('',(-0.00715367202078931,0.,0.00629263624728635));
#2142=CARTESIAN_POINT('',(-0.00718368615637813,0.,0.00638513978620829));
#2143=CARTESIAN_POINT('',(-0.00721279885713333,0.,0.00648138050189953));
#2144=CARTESIAN_POINT('',(-0.00724087226927339,0.,0.00658135807739843));
#2145=CARTESIAN_POINT('',(-0.0072677682169524,0.,0.00668506816911736));
#2146=CARTESIAN_POINT('',(-0.00729334830592383,0.,0.00679250239574828));
#2147=CARTESIAN_POINT('',(-0.00731747403903356,0.,0.00690364832292286));
#2148=CARTESIAN_POINT('',(-0.00734000688825992,0.,0.00701848947676406));
#2149=CARTESIAN_POINT('',(-0.00736080853381232,0.,0.00713700526000647));
#2150=CARTESIAN_POINT('',(-0.007379740467696,0.,0.00725917125215351));
#2151=CARTESIAN_POINT('',(-0.0073966660184807,0.,0.00738495805980761));
#2152=CARTESIAN_POINT('',(-0.00741144316026342,0.,0.00751433569853664));
#2153=CARTESIAN_POINT('',(-0.00742395238379151,0.,0.00764725694253405));
#2154=CARTESIAN_POINT('',(-0.00743399123583355,0.,0.00778372066669274));
#2155=CARTESIAN_POINT('',(-0.00744147933117628,0.,0.00791995933154359));
#2156=CARTESIAN_POINT('',(-0.00744426866082825,0.,0.00801151484826258));
#2157=CARTESIAN_POINT('',(-0.0074455781794125,0.,0.00805578049789237));
#2158=CARTESIAN_POINT('',(-0.00234933170941835,0.,0.00495617786032016));
#2159=CARTESIAN_POINT('',(-0.00292493126556377,0.,0.00617153701022623));
#2160=CARTESIAN_POINT('',(-0.00352490260192364,0.,0.00743835635631711));
#2161=CARTESIAN_POINT('',(-0.00353268332376642,0.,0.00745222103721195));
#2162=CARTESIAN_POINT('',(-0.00353712948655442,0.,0.00746061526130461));
#2163=CARTESIAN_POINT('',(-0.00354259389176418,0.,0.00747026804514258));
#2164=CARTESIAN_POINT('',(-0.00355018892644384,0.,0.00748317525941383));
#2165=CARTESIAN_POINT('',(-0.00355968683203087,0.,0.00749856626722024));
#2166=CARTESIAN_POINT('',(-0.00357130351076678,0.,0.00751658764738975));
#2167=CARTESIAN_POINT('',(-0.00358511180530733,0.,0.00753709193086827));
#2168=CARTESIAN_POINT('',(-0.00360122553967873,0.,0.00756001787598852));
#2169=CARTESIAN_POINT('',(-0.0036197431427438,0.,0.00758527429749478));
#2170=CARTESIAN_POINT('',(-0.0036407644028787,0.,0.00761277490219859));
#2171=CARTESIAN_POINT('',(-0.00366438540682159,0.,0.00764242807489189));
#2172=CARTESIAN_POINT('',(-0.00369069990864256,0.,0.00767413994014406));
#2173=CARTESIAN_POINT('',(-0.00371979882954625,0.,0.00770781356272132));
#2174=CARTESIAN_POINT('',(-0.00375177030086269,0.,0.00774334926787048));
#2175=CARTESIAN_POINT('',(-0.0037866995539881,0.,0.0077806446437001));
#2176=CARTESIAN_POINT('',(-0.00382466885661618,0.,0.00781959463716374));
#2177=CARTESIAN_POINT('',(-0.0038657574384005,0.,0.00786009162611086));
#2178=CARTESIAN_POINT('',(-0.00391004142217166,0.,0.00790202550057102));
#2179=CARTESIAN_POINT('',(-0.00395759375617619,0.,0.00794528374377983));
#2180=CARTESIAN_POINT('',(-0.00400848414864755,0.,0.00798975151552193));
#2181=CARTESIAN_POINT('',(-0.00406277900438244,0.,0.00803531173698487));
#2182=CARTESIAN_POINT('',(-0.00412054136345753,0.,0.00808184517727319));
#2183=CARTESIAN_POINT('',(-0.00418183084209375,0.,0.00812923054146855));
#2184=CARTESIAN_POINT('',(-0.00424670357571119,0.,0.00817734456019689));
#2185=CARTESIAN_POINT('',(-0.00431521216420716,0.,0.00822606208064352));
#2186=CARTESIAN_POINT('',(-0.00438740561949141,0.,0.00827525615896272));
#2187=CARTESIAN_POINT('',(-0.00446332931531252,0.,0.00832479815402569));
#2188=CARTESIAN_POINT('',(-0.00454302493940335,0.,0.00837455782245517));
#2189=CARTESIAN_POINT('',(-0.00462653044799084,0.,0.00842440341487589));
#2190=CARTESIAN_POINT('',(-0.00471388002264454,0.,0.00847420177338137));
#2191=CARTESIAN_POINT('',(-0.00480510402970194,0.,0.00852381842994161));
#2192=CARTESIAN_POINT('',(-0.00490022898149649,0.,0.00857311770652844));
#2193=CARTESIAN_POINT('',(-0.00499927750247403,0.,0.00862196281371157));
#2194=CARTESIAN_POINT('',(-0.0051022682885379,0.,0.00867021595984242));
#2195=CARTESIAN_POINT('',(-0.00520921610423031,0.,0.00871773842430355));
#2196=CARTESIAN_POINT('',(-0.00532013164775127,0.,0.00876439077194756));
#2197=CARTESIAN_POINT('',(-0.00543502193180541,0.,0.00881003253339261));
#2198=CARTESIAN_POINT('',(-0.0055538887122033,0.,0.00885452392320023));
#2199=CARTESIAN_POINT('',(-0.00567673436002172,0.,0.00889771980418952));
#2200=CARTESIAN_POINT('',(-0.00580353942681418,0.,0.00893949315472372));
#2201=CARTESIAN_POINT('',(-0.00593434786576453,0.,0.00897964634713671));
#2202=CARTESIAN_POINT('',(-0.00606550448487678,0.,0.00901726265523899));
#2203=CARTESIAN_POINT('',(-0.0061541438294011,0.,0.00904035506966213));
#2204=CARTESIAN_POINT('',(-0.00619700825147764,0.,0.00905148178957924));
#2205=CARTESIAN_POINT('',(-0.00274799788207291,0.,0.0057979190183689));
#2206=CARTESIAN_POINT('',(-0.00183506883105052,0.,0.00623033279910066));
#2207=CARTESIAN_POINT('',(-0.0015496612520315,0.,0.00526133143490869));
#2208=CARTESIAN_POINT('',(-9.00638951845785E-19,0.,7.35660930676243E-18));
#2209=CARTESIAN_POINT('',(-0.000886609611839868,0.,0.00541266864496613));
#2210=CARTESIAN_POINT('',(-0.00104990020358596,0.,0.00640954241461532));
#2211=CARTESIAN_POINT('',(-3.97622419812188E-5,0.,0.00641605613033066));
#2212=CARTESIAN_POINT('',(-3.37302512054565E-5,0.,0.00548469878244557));
#2213=CARTESIAN_POINT('',(-4.2457543071964E-5,0.,0.00682944282748607));
#2214=CARTESIAN_POINT('',(-5.155436204628E-5,0.,0.00823112542635363));
#2215=CARTESIAN_POINT('',(-5.05598334844628E-5,0.,0.00824699300088945));
#2216=CARTESIAN_POINT('',(-5.01960965671601E-5,0.,0.00825648505320232));
#2217=CARTESIAN_POINT('',(-4.94610235360752E-5,0.,0.00826755282749339));
#2218=CARTESIAN_POINT('',(-4.82183641286609E-5,0.,0.00828247718776868));
#2219=CARTESIAN_POINT('',(-4.63389549003085E-5,0.,0.00830046499343777));
#2220=CARTESIAN_POINT('',(-4.36918728228316E-5,0.,0.0083217419839332));
#2221=CARTESIAN_POINT('',(-4.01475045065562E-5,0.,0.00834620689947209));
#2222=CARTESIAN_POINT('',(-3.55767262838565E-5,0.,0.00837385394961288));
#2223=CARTESIAN_POINT('',(-2.98512930139131E-5,0.,0.00840464368596201));
#2224=CARTESIAN_POINT('',(-2.2843857265181E-5,0.,0.00843854165759693));
#2225=CARTESIAN_POINT('',(-1.44280975289031E-5,0.,0.00847550701254057));
#2226=CARTESIAN_POINT('',(-4.47881328385219E-6,0.,0.008515495850319));
#2227=CARTESIAN_POINT('',(7.12797126647914E-6,0.,0.00855846028453659));
#2228=CARTESIAN_POINT('',(2.05149069613314E-5,0.,0.0086043487500948));
#2229=CARTESIAN_POINT('',(3.58032194896533E-5,0.,0.00865310595758465));
#2230=CARTESIAN_POINT('',(5.3112610290913E-5,0.,0.00870467295209635));
#2231=CARTESIAN_POINT('',(7.25611583174692E-5,0.,0.0087589871458811));
#2232=CARTESIAN_POINT('',(9.4265222795523E-5,0.,0.00881598236174189));
#2233=CARTESIAN_POINT('',(0.000118339347018603,0.,0.00887558887663483));
#2234=CARTESIAN_POINT('',(0.000144896163236945,0.,0.00893773346837009));
#2235=CARTESIAN_POINT('',(0.000174046298697975,0.,0.00900233946454404));
#2236=CARTESIAN_POINT('',(0.000205898282894928,0.,0.00906932679389597));
#2237=CARTESIAN_POINT('',(0.000240558456079595,0.,0.00913861203998945));
#2238=CARTESIAN_POINT('',(0.000278130879094816,0.,0.00921010849720208));
#2239=CARTESIAN_POINT('',(0.000318717244581707,0.,0.00928372622898418));
#2240=CARTESIAN_POINT('',(0.000362416789615549,0.,0.00935937212835348));
#2241=CARTESIAN_POINT('',(0.000409326209825184,0.,0.00943694998058948));
#2242=CARTESIAN_POINT('',(0.000459539575043653,0.,0.00951636052809343));
#2243=CARTESIAN_POINT('',(0.000513148246561302,0.,0.0095975015373695));
#2244=CARTESIAN_POINT('',(0.000570240795958532,0.,0.00968026786811666));
#2245=CARTESIAN_POINT('',(0.000630902925851692,0.,0.00976455154428619));
#2246=CARTESIAN_POINT('',(0.000695217391518011,0.,0.00985024182746904));
#2247=CARTESIAN_POINT('',(0.000763263927588341,0.,0.00993722529102618));
#2248=CARTESIAN_POINT('',(0.000835119164045246,0.,0.0100253859008205));
#2249=CARTESIAN_POINT('',(0.000910856591901798,0.,0.010114605079989));
#2250=CARTESIAN_POINT('',(0.000990546348546264,0.,0.01020476184358));
#2251=CARTESIAN_POINT('',(0.00107425569958782,0.,0.0102957326757519));
#2252=CARTESIAN_POINT('',(0.00116204687758584,0.,0.0103873923959942));
#2253=CARTESIAN_POINT('',(0.00125398499146943,0.,0.0104796112689969));
#2254=CARTESIAN_POINT('',(0.00135010763141649,0.,0.0105722664138552));
#2255=CARTESIAN_POINT('',(0.00145054014530801,0.,0.0106651988447661));
#2256=CARTESIAN_POINT('',(0.00155238707153627,0.,0.0107559966916021));
#2257=CARTESIAN_POINT('',(0.00162222893830878,0.,0.0108152614083172));
#2258=CARTESIAN_POINT('',(0.00165602074529863,0.,0.01084388441229));
#2259=CARTESIAN_POINT('',(0.00241011152190365,0.,0.00492690784529136));
#2260=CARTESIAN_POINT('',(0.00300143711459471,0.,0.00613469373514261));
#2261=CARTESIAN_POINT('',(0.00361780035234018,0.,0.00739361915757218));
#2262=CARTESIAN_POINT('',(0.00362378899563808,0.,0.00740834685800914));
#2263=CARTESIAN_POINT('',(0.00362757972714889,0.,0.00741705672116928));
#2264=CARTESIAN_POINT('',(0.00363171957652537,0.,0.00742734737747775));
#2265=CARTESIAN_POINT('',(0.00363707541632606,0.,0.00744133293116928));
#2266=CARTESIAN_POINT('',(0.00364318674350349,0.,0.00745835482918234));
#2267=CARTESIAN_POINT('',(0.00365003354515423,0.,0.00747867326109091));
#2268=CARTESIAN_POINT('',(0.00365745510867609,0.,0.00750225323212518));
#2269=CARTESIAN_POINT('',(0.00366533258528601,0.,0.00752914554993732));
#2270=CARTESIAN_POINT('',(0.00367353331408815,0.,0.00755937031623404));
#2271=CARTESIAN_POINT('',(0.00368192761131616,0.,0.00759295174578642));
#2272=CARTESIAN_POINT('',(0.00369038394021479,0.,0.0076299078410835));
#2273=CARTESIAN_POINT('',(0.00369877045131036,0.,0.00767025337163525));
#2274=CARTESIAN_POINT('',(0.00370695466914146,0.,0.00771399898437217));
#2275=CARTESIAN_POINT('',(0.00371480371586254,0.,0.00776115143695054));
#2276=CARTESIAN_POINT('',(0.00372218438172639,0.,0.00781171351318934));
#2277=CARTESIAN_POINT('',(0.00372896323988589,0.,0.00786568403305837));
#2278=CARTESIAN_POINT('',(0.00373500674907454,0.,0.00792305783948182));
#2279=CARTESIAN_POINT('',(0.00374018136004236,0.,0.00798382579524156));
#2280=CARTESIAN_POINT('',(0.00374435362115287,0.,0.00804797478051815));
#2281=CARTESIAN_POINT('',(0.00374739028433756,0.,0.0081154876937));
#2282=CARTESIAN_POINT('',(0.0037491584109814,0.,0.00818634345470216));
#2283=CARTESIAN_POINT('',(0.00374952547777174,0.,0.00826051701099386));
#2284=CARTESIAN_POINT('',(0.00374835948241698,0.,0.00833797934626887));
#2285=CARTESIAN_POINT('',(0.00374552904917767,0.,0.00841869749176832));
#2286=CARTESIAN_POINT('',(0.00374090353414365,0.,0.00850263454024423));
#2287=CARTESIAN_POINT('',(0.00373435313019392,0.,0.00858974966255747));
#2288=CARTESIAN_POINT('',(0.00372574897157455,0.,0.00867999812690123));
#2289=CARTESIAN_POINT('',(0.00371496323803648,0.,0.00877333132064004));
#2290=CARTESIAN_POINT('',(0.00370186925844995,0.,0.00886969677475516));
#2291=CARTESIAN_POINT('',(0.00368634161391147,0.,0.00896903819087709));
#2292=CARTESIAN_POINT('',(0.00366825623998009,0.,0.00907129547091909));
#2293=CARTESIAN_POINT('',(0.00364749052913238,0.,0.00917640474919122));
#2294=CARTESIAN_POINT('',(0.00362392342897399,0.,0.00928429842738273));
#2295=CARTESIAN_POINT('',(0.00359743555295098,0.,0.00939490521085178));
#2296=CARTESIAN_POINT('',(0.00356790923937587,0.,0.009508150152092));
#2297=CARTESIAN_POINT('',(0.00353522880324207,0.,0.00962395467890056));
#2298=CARTESIAN_POINT('',(0.00349928004881468,0.,0.00974223669280363));
#2299=CARTESIAN_POINT('',(0.00345995259270719,0.,0.00986291041175389));
#2300=CARTESIAN_POINT('',(0.00341713148376003,0.,0.00998588719798163));
#2301=CARTESIAN_POINT('',(0.00337072953836673,0.,0.010111072649384));
#2302=CARTESIAN_POINT('',(0.0033205648406342,0.,0.0102383779111094));
#2303=CARTESIAN_POINT('',(0.00326819964010001,0.,0.0103643736695508));
#2304=CARTESIAN_POINT('',(0.00323098828934788,0.,0.0104480725845784));
#2305=CARTESIAN_POINT('',(0.00321296197924839,0.,0.0104885227356321));
#2306=CARTESIAN_POINT('',(0.00281964696635908,0.,0.00576341463791588));
#2307=CARTESIAN_POINT('',(0.00372692362672124,0.,0.00531926354703634));
#2308=CARTESIAN_POINT('',(0.00314727656853303,0.,0.00449196044786339));
#2309=CARTESIAN_POINT('',(5.19008955861159E-18,0.,5.29091876591547E-18));
#2310=CARTESIAN_POINT('',(0.00367900269959,0.,0.00406792300817208));
#2311=CARTESIAN_POINT('',(0.00435657997805516,0.,0.00481712936270675));
#2312=CARTESIAN_POINT('',(0.00499148332360018,0.,0.00403143293800881));
#2313=CARTESIAN_POINT('',(0.00426707971232928,0.,0.00344602512942581));
#2314=CARTESIAN_POINT('',(0.00531300156512674,0.,0.00429128259915674));
#2315=CARTESIAN_POINT('',(0.00640320937548916,0.,0.00517232958445794));
#2316=CARTESIAN_POINT('',(0.00641623522322763,0.,0.00518144530162142));
#2317=CARTESIAN_POINT('',(0.00642388319481756,0.,0.00518707911846392));
#2318=CARTESIAN_POINT('',(0.00643299463973767,0.,0.00519340505962606));
#2319=CARTESIAN_POINT('',(0.00644543775992429,0.,0.00520173869581027));
#2320=CARTESIAN_POINT('',(0.0064606729851843,0.,0.0052114845278996));
#2321=CARTESIAN_POINT('',(0.00647895843488579,0.,0.00522268094238289));
#2322=CARTESIAN_POINT('',(0.00650029575356924,0.,0.0052351634689896));
#2323=CARTESIAN_POINT('',(0.0065247609213751,0.,0.00524882754448998));
#2324=CARTESIAN_POINT('',(0.00655240305584478,0.,0.00526354830712437));
#2325=CARTESIAN_POINT('',(0.00658327462198727,0.,0.0052792047128627));
#2326=CARTESIAN_POINT('',(0.00661742244061328,0.,0.00529567252878144));
#2327=CARTESIAN_POINT('',(0.00665489025019835,0.,0.00531282649767367));
#2328=CARTESIAN_POINT('',(0.00669571790929559,0.,0.0053305398346793));
#2329=CARTESIAN_POINT('',(0.00673994157423503,0.,0.00534868449719778));
#2330=CARTESIAN_POINT('',(0.00678759360099686,0.,0.00536713123478636));
#2331=CARTESIAN_POINT('',(0.00683870252940333,0.,0.00538574970330614));
#2332=CARTESIAN_POINT('',(0.00689329304740464,0.,0.00540440856209166));
#2333=CARTESIAN_POINT('',(0.00695138596437562,0.,0.00542297557702914));
#2334=CARTESIAN_POINT('',(0.00701299818522089,0.,0.00544131772295878));
#2335=CARTESIAN_POINT('',(0.00707814268758661,0.,0.00545930128715277));
#2336=CARTESIAN_POINT('',(0.00714682850153436,0.,0.00547679197328451));
#2337=CARTESIAN_POINT('',(0.00721906069186392,0.,0.00549365500596494));
#2338=CARTESIAN_POINT('',(0.00729484034304165,0.,0.00550975523573993));
#2339=CARTESIAN_POINT('',(0.00737416454675652,0.,0.00552495724449513));
#2340=CARTESIAN_POINT('',(0.00745702639210725,0.,0.00553912545120064));
#2341=CARTESIAN_POINT('',(0.00754341495842824,0.,0.00555212421793284));
#2342=CARTESIAN_POINT('',(0.00763331531076041,0.,0.00556381795610787));
#2343=CARTESIAN_POINT('',(0.00772670849796974,0.,0.00557407123286814));
#2344=CARTESIAN_POINT('',(0.00782357155352345,0.,0.00558274887753851));
#2345=CARTESIAN_POINT('',(0.00792387749890123,0.,0.00558971608816351));
#2346=CARTESIAN_POINT('',(0.00802759534973613,0.,0.00559483853777434));
#2347=CARTESIAN_POINT('',(0.00813469012432502,0.,0.00559798248142119));
#2348=CARTESIAN_POINT('',(0.00824512285587977,0.,0.00559901485970675));
#2349=CARTESIAN_POINT('',(0.00835885060327156,0.,0.00559780341479694));
#2350=CARTESIAN_POINT('',(0.00847582648027306,0.,0.00559421675763934));
#2351=CARTESIAN_POINT('',(0.00859599962698632,0.,0.00558812461973203));
#2352=CARTESIAN_POINT('',(0.00871931541425926,0.,0.00557939739983655));
#2353=CARTESIAN_POINT('',(0.00884571477339382,0.,0.00556790839380703));
#2354=CARTESIAN_POINT('',(0.00897513686799363,0.,0.00555352580879022));
#2355=CARTESIAN_POINT('',(0.00910750906299117,0.,0.00553614364061055));
#2356=CARTESIAN_POINT('',(0.009242785211406,0.,0.00551556476232164));
#2357=CARTESIAN_POINT('',(0.00937727434645669,0.,0.00549254916053677));
#2358=CARTESIAN_POINT('',(0.00946715505945954,0.,0.00547489553678159));
#2359=CARTESIAN_POINT('',(0.00951060227213289,0.,0.0054663221893031));
#2360=CARTESIAN_POINT('',(0.00535469161991667,0.,0.00118757573215374));
#2361=CARTESIAN_POINT('',(0.00666766212930398,0.,0.00147830095254993));
#2362=CARTESIAN_POINT('',(0.00803622585161373,0.,0.00178133593083013));
#2363=CARTESIAN_POINT('',(0.0080514742895029,0.,0.00178583639198984));
#2364=CARTESIAN_POINT('',(0.00806064741716806,0.,0.00178830318960903));
#2365=CARTESIAN_POINT('',(0.00807127413011275,0.,0.0017914826442966));
#2366=CARTESIAN_POINT('',(0.00808554778778465,0.,0.00179601513022537));
#2367=CARTESIAN_POINT('',(0.00810266639371358,0.,0.00180185008205782));
#2368=CARTESIAN_POINT('',(0.00812282089445866,0.,0.00180916537205781));
#2369=CARTESIAN_POINT('',(0.00814588372733867,0.,0.00181806483151528));
#2370=CARTESIAN_POINT('',(0.0081718205143714,0.,0.00182867305820344));
#2371=CARTESIAN_POINT('',(0.00820056425898835,0.,0.00184110630379633));
#2372=CARTESIAN_POINT('',(0.00823205303655413,0.,0.00185548105680801));
#2373=CARTESIAN_POINT('',(0.00826621891015593,0.,0.00187191138118321));
#2374=CARTESIAN_POINT('',(0.00830299122025942,0.,0.00189050956963023));
#2375=CARTESIAN_POINT('',(0.00834229569387088,0.,0.00191138583388802));
#2376=CARTESIAN_POINT('',(0.00838405476635715,0.,0.00193464827536935));
#2377=CARTESIAN_POINT('',(0.00842818755927662,0.,0.00196040277733112));
#2378=CARTESIAN_POINT('',(0.00847460995976609,0.,0.00198875292134619));
#2379=CARTESIAN_POINT('',(0.00852323467424354,0.,0.00201979989879676));
#2380=CARTESIAN_POINT('',(0.00857397129234875,0.,0.0020536424257286));
#2381=CARTESIAN_POINT('',(0.00862672635085945,0.,0.00209037665875887));
#2382=CARTESIAN_POINT('',(0.00868140340038549,0.,0.00213009611274207));
#2383=CARTESIAN_POINT('',(0.00873790307398204,0.,0.00217289158005472));
#2384=CARTESIAN_POINT('',(0.00879612315785789,0.,0.00221885105159733));
#2385=CARTESIAN_POINT('',(0.00885595866406867,0.,0.00226805963954623));
#2386=CARTESIAN_POINT('',(0.00891730190516703,0.,0.0023205995019056));
#2387=CARTESIAN_POINT('',(0.00898004257075888,0.,0.00237654976890468));
#2388=CARTESIAN_POINT('',(0.00904406780592171,0.,0.00243598647128544));
#2389=CARTESIAN_POINT('',(0.0091092622914373,0.,0.00249898247052596));
#2390=CARTESIAN_POINT('',(0.00917550832579504,0.,0.00256560739103858));
#2391=CARTESIAN_POINT('',(0.00924268590890662,0.,0.0026359275544024));
#2392=CARTESIAN_POINT('',(0.00931067282752708,0.,0.00271000591560537));
#2393=CARTESIAN_POINT('',(0.00937934474216645,0.,0.00278790200158913));
#2394=CARTESIAN_POINT('',(0.0094485752760772,0.,0.00286967185116911));
#2395=CARTESIAN_POINT('',(0.00951823610383845,0.,0.00295536796006086));
#2396=CARTESIAN_POINT('',(0.00958819704875583,0.,0.0030450392169487));
#2397=CARTESIAN_POINT('',(0.00965832615364712,0.,0.00313873088443831));
#2398=CARTESIAN_POINT('',(0.00972848985986864,0.,0.00323648441974271));
#2399=CARTESIAN_POINT('',(0.00979855278037279,0.,0.00333833791712144));
#2400=CARTESIAN_POINT('',(0.00986837902513852,0.,0.00344432419354951));
#2401=CARTESIAN_POINT('',(0.00993782762349128,0.,0.00355447785671695));
#2402=CARTESIAN_POINT('',(0.0100067704108055,0.,0.00366880821076365));
#2403=CARTESIAN_POINT('',(0.0100750244948567,0.,0.00378740208316821));
#2404=CARTESIAN_POINT('',(0.0101408827769583,0.,0.00390689991599723));
#2405=CARTESIAN_POINT('',(0.0101831203260679,0.,0.00398817834146674));
#2406=CARTESIAN_POINT('',(0.0102035063071201,0.,0.00402749213488088));
#2407=CARTESIAN_POINT('',(0.00626404013880652,0.,0.0013889414828789));
#2408=CARTESIAN_POINT('',(0.00648246657818463,0.,0.000402680350851483));
#2409=CARTESIAN_POINT('',(0.00547425094025009,0.,0.00034005162428254));
#2410=CARTESIAN_POINT('',(7.37257477290143E-18,0.,-7.58941520739853E-19));
#2411=CARTESIAN_POINT('',(0.0054742509402501,0.,-0.000340051624282541));
#2412=CARTESIAN_POINT('',(0.00648246657818463,0.,-0.000402680350851483));
#2413=CARTESIAN_POINT('',(0.00626404013880652,0.,-0.0013889414828789));
#2414=CARTESIAN_POINT('',(0.00535469161991667,0.,-0.00118757573215374));
#2415=CARTESIAN_POINT('',(0.00666766212930398,0.,-0.00147830095254993));
#2416=CARTESIAN_POINT('',(0.00803622585161373,0.,-0.00178133593083013));
#2417=CARTESIAN_POINT('',(0.0080514742895029,0.,-0.00178583639198984));
#2418=CARTESIAN_POINT('',(0.00806064741716806,0.,-0.00178830318960903));
#2419=CARTESIAN_POINT('',(0.00807127413011275,0.,-0.0017914826442966));
#2420=CARTESIAN_POINT('',(0.00808554778778465,0.,-0.00179601513022537));
#2421=CARTESIAN_POINT('',(0.00810266639371358,0.,-0.00180185008205782));
#2422=CARTESIAN_POINT('',(0.00812282089445866,0.,-0.00180916537205781));
#2423=CARTESIAN_POINT('',(0.00814588372733867,0.,-0.00181806483151528));
#2424=CARTESIAN_POINT('',(0.0081718205143714,0.,-0.00182867305820344));
#2425=CARTESIAN_POINT('',(0.00820056425898835,0.,-0.00184110630379633));
#2426=CARTESIAN_POINT('',(0.00823205303655413,0.,-0.00185548105680801));
#2427=CARTESIAN_POINT('',(0.00826621891015593,0.,-0.00187191138118321));
#2428=CARTESIAN_POINT('',(0.00830299122025942,0.,-0.00189050956963023));
#2429=CARTESIAN_POINT('',(0.00834229569387088,0.,-0.00191138583388802));
#2430=CARTESIAN_POINT('',(0.00838405476635715,0.,-0.00193464827536935));
#2431=CARTESIAN_POINT('',(0.00842818755927662,0.,-0.00196040277733112));
#2432=CARTESIAN_POINT('',(0.00847460995976609,0.,-0.00198875292134619));
#2433=CARTESIAN_POINT('',(0.00852323467424354,0.,-0.00201979989879676));
#2434=CARTESIAN_POINT('',(0.00857397129234875,0.,-0.0020536424257286));
#2435=CARTESIAN_POINT('',(0.00862672635085945,0.,-0.00209037665875887));
#2436=CARTESIAN_POINT('',(0.00868140340038549,0.,-0.00213009611274207));
#2437=CARTESIAN_POINT('',(0.00873790307398204,0.,-0.00217289158005472));
#2438=CARTESIAN_POINT('',(0.00879612315785789,0.,-0.00221885105159733));
#2439=CARTESIAN_POINT('',(0.00885595866406867,0.,-0.00226805963954623));
#2440=CARTESIAN_POINT('',(0.00891730190516703,0.,-0.0023205995019056));
#2441=CARTESIAN_POINT('',(0.00898004257075888,0.,-0.00237654976890468));
#2442=CARTESIAN_POINT('',(0.00904406780592171,0.,-0.00243598647128544));
#2443=CARTESIAN_POINT('',(0.0091092622914373,0.,-0.00249898247052596));
#2444=CARTESIAN_POINT('',(0.00917550832579504,0.,-0.00256560739103858));
#2445=CARTESIAN_POINT('',(0.00924268590890662,0.,-0.0026359275544024));
#2446=CARTESIAN_POINT('',(0.00931067282752708,0.,-0.00271000591560537));
#2447=CARTESIAN_POINT('',(0.00937934474216645,0.,-0.00278790200158913));
#2448=CARTESIAN_POINT('',(0.0094485752760772,0.,-0.00286967185116911));
#2449=CARTESIAN_POINT('',(0.00951823610383845,0.,-0.00295536796006086));
#2450=CARTESIAN_POINT('',(0.00958819704875583,0.,-0.0030450392169487));
#2451=CARTESIAN_POINT('',(0.00965832615364712,0.,-0.00313873088443831));
#2452=CARTESIAN_POINT('',(0.00972848985986864,0.,-0.00323648441974271));
#2453=CARTESIAN_POINT('',(0.00979855278037279,0.,-0.00333833791712144));
#2454=CARTESIAN_POINT('',(0.00986837902513852,0.,-0.00344432419354951));
#2455=CARTESIAN_POINT('',(0.00993782762349128,0.,-0.00355447785671695));
#2456=CARTESIAN_POINT('',(0.0100067704108055,0.,-0.00366880821076365));
#2457=CARTESIAN_POINT('',(0.0100750244948567,0.,-0.00378740208316821));
#2458=CARTESIAN_POINT('',(0.0101408827769583,0.,-0.00390689991599723));
#2459=CARTESIAN_POINT('',(0.0101831203260679,0.,-0.00398817834146674));
#2460=CARTESIAN_POINT('',(0.0102035063071201,0.,-0.00402749213488088));
#2461=CARTESIAN_POINT('',(0.00426707971232928,0.,-0.00344602512942581));
#2462=CARTESIAN_POINT('',(0.00531300156512674,0.,-0.00429128259915674));
#2463=CARTESIAN_POINT('',(0.00640320937548916,0.,-0.00517232958445795));
#2464=CARTESIAN_POINT('',(0.00641623522322763,0.,-0.00518144530162142));
#2465=CARTESIAN_POINT('',(0.00642388319481756,0.,-0.00518707911846392));
#2466=CARTESIAN_POINT('',(0.00643299463973767,0.,-0.00519340505962606));
#2467=CARTESIAN_POINT('',(0.00644543775992429,0.,-0.00520173869581027));
#2468=CARTESIAN_POINT('',(0.0064606729851843,0.,-0.0052114845278996));
#2469=CARTESIAN_POINT('',(0.00647895843488579,0.,-0.00522268094238289));
#2470=CARTESIAN_POINT('',(0.00650029575356924,0.,-0.0052351634689896));
#2471=CARTESIAN_POINT('',(0.0065247609213751,0.,-0.00524882754448998));
#2472=CARTESIAN_POINT('',(0.00655240305584478,0.,-0.00526354830712437));
#2473=CARTESIAN_POINT('',(0.00658327462198727,0.,-0.0052792047128627));
#2474=CARTESIAN_POINT('',(0.00661742244061328,0.,-0.00529567252878145));
#2475=CARTESIAN_POINT('',(0.00665489025019835,0.,-0.00531282649767368));
#2476=CARTESIAN_POINT('',(0.00669571790929559,0.,-0.0053305398346793));
#2477=CARTESIAN_POINT('',(0.00673994157423503,0.,-0.00534868449719778));
#2478=CARTESIAN_POINT('',(0.00678759360099685,0.,-0.00536713123478636));
#2479=CARTESIAN_POINT('',(0.00683870252940333,0.,-0.00538574970330614));
#2480=CARTESIAN_POINT('',(0.00689329304740464,0.,-0.00540440856209166));
#2481=CARTESIAN_POINT('',(0.00695138596437562,0.,-0.00542297557702914));
#2482=CARTESIAN_POINT('',(0.00701299818522088,0.,-0.00544131772295878));
#2483=CARTESIAN_POINT('',(0.00707814268758661,0.,-0.00545930128715277));
#2484=CARTESIAN_POINT('',(0.00714682850153436,0.,-0.00547679197328451));
#2485=CARTESIAN_POINT('',(0.00721906069186392,0.,-0.00549365500596494));
#2486=CARTESIAN_POINT('',(0.00729484034304165,0.,-0.00550975523573993));
#2487=CARTESIAN_POINT('',(0.00737416454675652,0.,-0.00552495724449513));
#2488=CARTESIAN_POINT('',(0.00745702639210725,0.,-0.00553912545120064));
#2489=CARTESIAN_POINT('',(0.00754341495842824,0.,-0.00555212421793284));
#2490=CARTESIAN_POINT('',(0.00763331531076041,0.,-0.00556381795610787));
#2491=CARTESIAN_POINT('',(0.00772670849796974,0.,-0.00557407123286814));
#2492=CARTESIAN_POINT('',(0.00782357155352345,0.,-0.00558274887753851));
#2493=CARTESIAN_POINT('',(0.00792387749890123,0.,-0.00558971608816351));
#2494=CARTESIAN_POINT('',(0.00802759534973613,0.,-0.00559483853777434));
#2495=CARTESIAN_POINT('',(0.00813469012432502,0.,-0.0055979824814212));
#2496=CARTESIAN_POINT('',(0.00824512285587977,0.,-0.00559901485970675));
#2497=CARTESIAN_POINT('',(0.00835885060327156,0.,-0.00559780341479695));
#2498=CARTESIAN_POINT('',(0.00847582648027306,0.,-0.00559421675763934));
#2499=CARTESIAN_POINT('',(0.00859599962698632,0.,-0.00558812461973203));
#2500=CARTESIAN_POINT('',(0.00871931541425925,0.,-0.00557939739983655));
#2501=CARTESIAN_POINT('',(0.00884571477339382,0.,-0.00556790839380704));
#2502=CARTESIAN_POINT('',(0.00897513686799362,0.,-0.00555352580879023));
#2503=CARTESIAN_POINT('',(0.00910750906299117,0.,-0.00553614364061055));
#2504=CARTESIAN_POINT('',(0.009242785211406,0.,-0.00551556476232164));
#2505=CARTESIAN_POINT('',(0.00937727434645669,0.,-0.00549254916053678));
#2506=CARTESIAN_POINT('',(0.00946715505945954,0.,-0.00547489553678159));
#2507=CARTESIAN_POINT('',(0.00951060227213289,0.,-0.0054663221893031));
#2508=CARTESIAN_POINT('',(0.00499148332360018,0.,-0.00403143293800881));
#2509=CARTESIAN_POINT('',(0.00435657997805516,0.,-0.00481712936270675));
#2510=CARTESIAN_POINT('',(0.00367900269959,0.,-0.00406792300817208));
#2511=CARTESIAN_POINT('',(4.00336081007843E-18,0.,-6.23730336269238E-18));
#2512=CARTESIAN_POINT('',(0.00314727656853303,0.,-0.0044919604478634));
#2513=CARTESIAN_POINT('',(0.00372692362672124,0.,-0.00531926354703635));
#2514=CARTESIAN_POINT('',(0.00281964696635908,0.,-0.00576341463791588));
#2515=CARTESIAN_POINT('',(0.00241011152190365,0.,-0.00492690784529136));
#2516=CARTESIAN_POINT('',(0.00300143711459471,0.,-0.00613469373514261));
#2517=CARTESIAN_POINT('',(0.00361780035234018,0.,-0.00739361915757219));
#2518=CARTESIAN_POINT('',(0.00362378899563808,0.,-0.00740834685800914));
#2519=CARTESIAN_POINT('',(0.00362757972714889,0.,-0.00741705672116928));
#2520=CARTESIAN_POINT('',(0.00363171957652537,0.,-0.00742734737747775));
#2521=CARTESIAN_POINT('',(0.00363707541632606,0.,-0.00744133293116928));
#2522=CARTESIAN_POINT('',(0.00364318674350349,0.,-0.00745835482918234));
#2523=CARTESIAN_POINT('',(0.00365003354515423,0.,-0.00747867326109091));
#2524=CARTESIAN_POINT('',(0.00365745510867609,0.,-0.00750225323212518));
#2525=CARTESIAN_POINT('',(0.00366533258528601,0.,-0.00752914554993732));
#2526=CARTESIAN_POINT('',(0.00367353331408815,0.,-0.00755937031623404));
#2527=CARTESIAN_POINT('',(0.00368192761131616,0.,-0.00759295174578642));
#2528=CARTESIAN_POINT('',(0.00369038394021479,0.,-0.0076299078410835));
#2529=CARTESIAN_POINT('',(0.00369877045131036,0.,-0.00767025337163525));
#2530=CARTESIAN_POINT('',(0.00370695466914146,0.,-0.00771399898437217));
#2531=CARTESIAN_POINT('',(0.00371480371586254,0.,-0.00776115143695054));
#2532=CARTESIAN_POINT('',(0.00372218438172639,0.,-0.00781171351318934));
#2533=CARTESIAN_POINT('',(0.00372896323988589,0.,-0.00786568403305837));
#2534=CARTESIAN_POINT('',(0.00373500674907454,0.,-0.00792305783948182));
#2535=CARTESIAN_POINT('',(0.00374018136004236,0.,-0.00798382579524156));
#2536=CARTESIAN_POINT('',(0.00374435362115286,0.,-0.00804797478051815));
#2537=CARTESIAN_POINT('',(0.00374739028433756,0.,-0.0081154876937));
#2538=CARTESIAN_POINT('',(0.0037491584109814,0.,-0.00818634345470216));
#2539=CARTESIAN_POINT('',(0.00374952547777174,0.,-0.00826051701099386));
#2540=CARTESIAN_POINT('',(0.00374835948241697,0.,-0.00833797934626887));
#2541=CARTESIAN_POINT('',(0.00374552904917767,0.,-0.00841869749176832));
#2542=CARTESIAN_POINT('',(0.00374090353414364,0.,-0.00850263454024423));
#2543=CARTESIAN_POINT('',(0.00373435313019392,0.,-0.00858974966255747));
#2544=CARTESIAN_POINT('',(0.00372574897157455,0.,-0.00867999812690123));
#2545=CARTESIAN_POINT('',(0.00371496323803648,0.,-0.00877333132064004));
#2546=CARTESIAN_POINT('',(0.00370186925844995,0.,-0.00886969677475516));
#2547=CARTESIAN_POINT('',(0.00368634161391147,0.,-0.00896903819087709));
#2548=CARTESIAN_POINT('',(0.00366825623998009,0.,-0.00907129547091909));
#2549=CARTESIAN_POINT('',(0.00364749052913238,0.,-0.00917640474919122));
#2550=CARTESIAN_POINT('',(0.00362392342897399,0.,-0.00928429842738273));
#2551=CARTESIAN_POINT('',(0.00359743555295097,0.,-0.00939490521085178));
#2552=CARTESIAN_POINT('',(0.00356790923937587,0.,-0.009508150152092));
#2553=CARTESIAN_POINT('',(0.00353522880324206,0.,-0.00962395467890056));
#2554=CARTESIAN_POINT('',(0.00349928004881468,0.,-0.00974223669280363));
#2555=CARTESIAN_POINT('',(0.00345995259270718,0.,-0.00986291041175389));
#2556=CARTESIAN_POINT('',(0.00341713148376003,0.,-0.00998588719798163));
#2557=CARTESIAN_POINT('',(0.00337072953836672,0.,-0.010111072649384));
#2558=CARTESIAN_POINT('',(0.00332056484063419,0.,-0.0102383779111094));
#2559=CARTESIAN_POINT('',(0.00326819964010001,0.,-0.0103643736695508));
#2560=CARTESIAN_POINT('',(0.00323098828934787,0.,-0.0104480725845784));
#2561=CARTESIAN_POINT('',(0.00321296197924838,0.,-0.0104885227356321));
#2562=CARTESIAN_POINT('',(-3.37302512054528E-5,0.,-0.00548469878244557));
#2563=CARTESIAN_POINT('',(-4.24575430719597E-5,0.,-0.00682944282748607));
#2564=CARTESIAN_POINT('',(-5.15543620462748E-5,0.,-0.00823112542635363));
#2565=CARTESIAN_POINT('',(-5.05598334844576E-5,0.,-0.00824699300088945));
#2566=CARTESIAN_POINT('',(-5.01960965671546E-5,0.,-0.00825648505320232));
#2567=CARTESIAN_POINT('',(-4.946102353607E-5,0.,-0.00826755282749339));
#2568=CARTESIAN_POINT('',(-4.82183641286554E-5,0.,-0.00828247718776868));
#2569=CARTESIAN_POINT('',(-4.63389549003031E-5,0.,-0.00830046499343777));
#2570=CARTESIAN_POINT('',(-4.36918728228261E-5,0.,-0.0083217419839332));
#2571=CARTESIAN_POINT('',(-4.01475045065508E-5,0.,-0.00834620689947209));
#2572=CARTESIAN_POINT('',(-3.55767262838511E-5,0.,-0.00837385394961288));
#2573=CARTESIAN_POINT('',(-2.98512930139079E-5,0.,-0.00840464368596202));
#2574=CARTESIAN_POINT('',(-2.28438572651755E-5,0.,-0.00843854165759693));
#2575=CARTESIAN_POINT('',(-1.44280975288976E-5,0.,-0.00847550701254057));
#2576=CARTESIAN_POINT('',(-4.47881328384677E-6,0.,-0.008515495850319));
#2577=CARTESIAN_POINT('',(7.12797126648456E-6,0.,-0.00855846028453658));
#2578=CARTESIAN_POINT('',(2.05149069613369E-5,0.,-0.0086043487500948));
#2579=CARTESIAN_POINT('',(3.58032194896587E-5,0.,-0.00865310595758465));
#2580=CARTESIAN_POINT('',(5.31126102909186E-5,0.,-0.00870467295209635));
#2581=CARTESIAN_POINT('',(7.25611583174747E-5,0.,-0.0087589871458811));
#2582=CARTESIAN_POINT('',(9.42652227955288E-5,0.,-0.00881598236174189));
#2583=CARTESIAN_POINT('',(0.000118339347018608,0.,-0.00887558887663483));
#2584=CARTESIAN_POINT('',(0.000144896163236951,0.,-0.00893773346837009));
#2585=CARTESIAN_POINT('',(0.000174046298697981,0.,-0.00900233946454404));
#2586=CARTESIAN_POINT('',(0.000205898282894934,0.,-0.00906932679389597));
#2587=CARTESIAN_POINT('',(0.0002405584560796,0.,-0.00913861203998945));
#2588=CARTESIAN_POINT('',(0.000278130879094822,0.,-0.00921010849720208));
#2589=CARTESIAN_POINT('',(0.000318717244581713,0.,-0.00928372622898418));
#2590=CARTESIAN_POINT('',(0.000362416789615554,0.,-0.00935937212835348));
#2591=CARTESIAN_POINT('',(0.00040932620982519,0.,-0.00943694998058948));
#2592=CARTESIAN_POINT('',(0.000459539575043659,0.,-0.00951636052809342));
#2593=CARTESIAN_POINT('',(0.000513148246561308,0.,-0.0095975015373695));
#2594=CARTESIAN_POINT('',(0.000570240795958539,0.,-0.00968026786811666));
#2595=CARTESIAN_POINT('',(0.000630902925851698,0.,-0.00976455154428619));
#2596=CARTESIAN_POINT('',(0.000695217391518018,0.,-0.00985024182746903));
#2597=CARTESIAN_POINT('',(0.000763263927588347,0.,-0.00993722529102618));
#2598=CARTESIAN_POINT('',(0.000835119164045253,0.,-0.0100253859008205));
#2599=CARTESIAN_POINT('',(0.000910856591901805,0.,-0.010114605079989));
#2600=CARTESIAN_POINT('',(0.00099054634854627,0.,-0.01020476184358));
#2601=CARTESIAN_POINT('',(0.00107425569958783,0.,-0.0102957326757519));
#2602=CARTESIAN_POINT('',(0.00116204687758585,0.,-0.0103873923959942));
#2603=CARTESIAN_POINT('',(0.00125398499146944,0.,-0.0104796112689969));
#2604=CARTESIAN_POINT('',(0.00135010763141649,0.,-0.0105722664138552));
#2605=CARTESIAN_POINT('',(0.00145054014530801,0.,-0.0106651988447661));
#2606=CARTESIAN_POINT('',(0.00155238707153628,0.,-0.0107559966916021));
#2607=CARTESIAN_POINT('',(0.0016222289383088,0.,-0.0108152614083172));
#2608=CARTESIAN_POINT('',(0.00165602074529864,0.,-0.01084388441229));
#2609=CARTESIAN_POINT('',(-3.97622419812147E-5,0.,-0.00641605613033066));
#2610=CARTESIAN_POINT('',(-0.00104990020358595,0.,-0.00640954241461532));
#2611=CARTESIAN_POINT('',(-0.000886609611839864,0.,-0.00541266864496612));
#2612=CARTESIAN_POINT('',(-2.38046549641178E-18,0.,-7.01884855473592E-18));
#2613=CARTESIAN_POINT('',(-0.00154966125203149,0.,-0.0052613314349087));
#2614=CARTESIAN_POINT('',(-0.00183506883105051,0.,-0.00623033279910067));
#2615=CARTESIAN_POINT('',(-0.00274799788207291,0.,-0.0057979190183689));
#2616=CARTESIAN_POINT('',(-0.00234933170941835,0.,-0.00495617786032016));
#2617=CARTESIAN_POINT('',(-0.00292493126556377,0.,-0.00617153701022623));
#2618=CARTESIAN_POINT('',(-0.00352490260192364,0.,-0.00743835635631711));
#2619=CARTESIAN_POINT('',(-0.00353268332376641,0.,-0.00745222103721195));
#2620=CARTESIAN_POINT('',(-0.00353712948655441,0.,-0.00746061526130461));
#2621=CARTESIAN_POINT('',(-0.00354259389176418,0.,-0.00747026804514258));
#2622=CARTESIAN_POINT('',(-0.00355018892644384,0.,-0.00748317525941384));
#2623=CARTESIAN_POINT('',(-0.00355968683203086,0.,-0.00749856626722024));
#2624=CARTESIAN_POINT('',(-0.00357130351076678,0.,-0.00751658764738975));
#2625=CARTESIAN_POINT('',(-0.00358511180530732,0.,-0.00753709193086827));
#2626=CARTESIAN_POINT('',(-0.00360122553967872,0.,-0.00756001787598852));
#2627=CARTESIAN_POINT('',(-0.0036197431427438,0.,-0.00758527429749479));
#2628=CARTESIAN_POINT('',(-0.00364076440287869,0.,-0.00761277490219859));
#2629=CARTESIAN_POINT('',(-0.00366438540682158,0.,-0.00764242807489189));
#2630=CARTESIAN_POINT('',(-0.00369069990864255,0.,-0.00767413994014407));
#2631=CARTESIAN_POINT('',(-0.00371979882954625,0.,-0.00770781356272132));
#2632=CARTESIAN_POINT('',(-0.00375177030086269,0.,-0.00774334926787048));
#2633=CARTESIAN_POINT('',(-0.0037866995539881,0.,-0.00778064464370011));
#2634=CARTESIAN_POINT('',(-0.00382466885661617,0.,-0.00781959463716374));
#2635=CARTESIAN_POINT('',(-0.0038657574384005,0.,-0.00786009162611086));
#2636=CARTESIAN_POINT('',(-0.00391004142217166,0.,-0.00790202550057102));
#2637=CARTESIAN_POINT('',(-0.00395759375617619,0.,-0.00794528374377983));
#2638=CARTESIAN_POINT('',(-0.00400848414864755,0.,-0.00798975151552193));
#2639=CARTESIAN_POINT('',(-0.00406277900438244,0.,-0.00803531173698487));
#2640=CARTESIAN_POINT('',(-0.00412054136345753,0.,-0.00808184517727319));
#2641=CARTESIAN_POINT('',(-0.00418183084209374,0.,-0.00812923054146855));
#2642=CARTESIAN_POINT('',(-0.00424670357571118,0.,-0.0081773445601969));
#2643=CARTESIAN_POINT('',(-0.00431521216420716,0.,-0.00822606208064352));
#2644=CARTESIAN_POINT('',(-0.00438740561949141,0.,-0.00827525615896272));
#2645=CARTESIAN_POINT('',(-0.00446332931531251,0.,-0.0083247981540257));
#2646=CARTESIAN_POINT('',(-0.00454302493940335,0.,-0.00837455782245517));
#2647=CARTESIAN_POINT('',(-0.00462653044799083,0.,-0.00842440341487589));
#2648=CARTESIAN_POINT('',(-0.00471388002264453,0.,-0.00847420177338137));
#2649=CARTESIAN_POINT('',(-0.00480510402970193,0.,-0.00852381842994161));
#2650=CARTESIAN_POINT('',(-0.00490022898149648,0.,-0.00857311770652845));
#2651=CARTESIAN_POINT('',(-0.00499927750247402,0.,-0.00862196281371157));
#2652=CARTESIAN_POINT('',(-0.00510226828853789,0.,-0.00867021595984242));
#2653=CARTESIAN_POINT('',(-0.0052092161042303,0.,-0.00871773842430355));
#2654=CARTESIAN_POINT('',(-0.00532013164775126,0.,-0.00876439077194757));
#2655=CARTESIAN_POINT('',(-0.0054350219318054,0.,-0.00881003253339261));
#2656=CARTESIAN_POINT('',(-0.00555388871220329,0.,-0.00885452392320024));
#2657=CARTESIAN_POINT('',(-0.00567673436002171,0.,-0.00889771980418952));
#2658=CARTESIAN_POINT('',(-0.00580353942681418,0.,-0.00893949315472372));
#2659=CARTESIAN_POINT('',(-0.00593434786576452,0.,-0.00897964634713671));
#2660=CARTESIAN_POINT('',(-0.00606550448487678,0.,-0.00901726265523899));
#2661=CARTESIAN_POINT('',(-0.00615414382940109,0.,-0.00904035506966214));
#2662=CARTESIAN_POINT('',(-0.00619700825147763,0.,-0.00905148178957925));
#2663=CARTESIAN_POINT('',(-0.00430914064761075,0.,-0.00339328238481784));
#2664=CARTESIAN_POINT('',(-0.00536594525536143,0.,-0.00422489331147293));
#2665=CARTESIAN_POINT('',(-0.00646749661344354,0.,-0.00509171593784527));
#2666=CARTESIAN_POINT('',(-0.00647928230435011,0.,-0.00510238676248843));
#2667=CARTESIAN_POINT('',(-0.00648647670342304,0.,-0.0051085893412775));
#2668=CARTESIAN_POINT('',(-0.00649467152726615,0.,-0.00511606468891487));
#2669=CARTESIAN_POINT('',(-0.00650556507651736,0.,-0.00512634142559248));
#2670=CARTESIAN_POINT('',(-0.00651845671680257,0.,-0.00513902602028814));
#2671=CARTESIAN_POINT('',(-0.00653344130914408,0.,-0.00515436157898113));
#2672=CARTESIAN_POINT('',(-0.00655035887282908,0.,-0.00517238630305809));
#2673=CARTESIAN_POINT('',(-0.00656912437341811,0.,-0.00519319753518624));
#2674=CARTESIAN_POINT('',(-0.00658962700937772,0.,-0.00521687094578306));
#2675=CARTESIAN_POINT('',(-0.00661176044606719,0.,-0.00524348461928085));
#2676=CARTESIAN_POINT('',(-0.00663541398395227,0.,-0.00527311184702101));
#2677=CARTESIAN_POINT('',(-0.00666047523901217,0.,-0.00530582314321485));
#2678=CARTESIAN_POINT('',(-0.0066868294745104,0.,-0.00534168557936382));
#2679=CARTESIAN_POINT('',(-0.00671435990368209,0.,-0.00538076289744232));
#2680=CARTESIAN_POINT('',(-0.00674294771654584,0.,-0.0054231154031278));
#2681=CARTESIAN_POINT('',(-0.00677247218767037,0.,-0.00546879992498912));
#2682=CARTESIAN_POINT('',(-0.00680281076296064,0.,-0.00551786975804555));
#2683=CARTESIAN_POINT('',(-0.00683383915420972,0.,-0.00557037461479595));
#2684=CARTESIAN_POINT('',(-0.00686543143317145,0.,-0.00562636057718648));
#2685=CARTESIAN_POINT('',(-0.00689746012737322,0.,-0.00568587005136771));
#2686=CARTESIAN_POINT('',(-0.00692979631695547,0.,-0.00574894172474273));
#2687=CARTESIAN_POINT('',(-0.0069623097326535,0.,-0.00581561052547166));
#2688=CARTESIAN_POINT('',(-0.00699486885480863,0.,-0.00588590758441379));
#2689=CARTESIAN_POINT('',(-0.00702734101336128,0.,-0.0059598601995408));
#2690=CARTESIAN_POINT('',(-0.00705959248876083,0.,-0.00603749180283952));
#2691=CARTESIAN_POINT('',(-0.00709148861373289,0.,-0.00611882192972569));
#2692=CARTESIAN_POINT('',(-0.00712289387584143,0.,-0.00620386619098916));
#2693=CARTESIAN_POINT('',(-0.00715367202078932,0.,-0.00629263624728635));
#2694=CARTESIAN_POINT('',(-0.00718368615637813,0.,-0.00638513978620829));
#2695=CARTESIAN_POINT('',(-0.00721279885713333,0.,-0.00648138050189953));
#2696=CARTESIAN_POINT('',(-0.0072408722692734,0.,-0.00658135807739843));
#2697=CARTESIAN_POINT('',(-0.0072677682169524,0.,-0.00668506816911736));
#2698=CARTESIAN_POINT('',(-0.00729334830592383,0.,-0.00679250239574828));
#2699=CARTESIAN_POINT('',(-0.00731747403903356,0.,-0.00690364832292286));
#2700=CARTESIAN_POINT('',(-0.00734000688825992,0.,-0.00701848947676406));
#2701=CARTESIAN_POINT('',(-0.00736080853381232,0.,-0.00713700526000647));
#2702=CARTESIAN_POINT('',(-0.007379740467696,0.,-0.00725917125215351));
#2703=CARTESIAN_POINT('',(-0.0073966660184807,0.,-0.0073849580598076));
#2704=CARTESIAN_POINT('',(-0.00741144316026342,0.,-0.00751433569853664));
#2705=CARTESIAN_POINT('',(-0.00742395238379152,0.,-0.00764725694253405));
#2706=CARTESIAN_POINT('',(-0.00743399123583355,0.,-0.00778372066669274));
#2707=CARTESIAN_POINT('',(-0.00744147933117628,0.,-0.00791995933154358));
#2708=CARTESIAN_POINT('',(-0.00744426866082825,0.,-0.00801151484826258));
#2709=CARTESIAN_POINT('',(-0.0074455781794125,0.,-0.00805578049789237));
#2710=CARTESIAN_POINT('',(-0.00504106602834884,0.,-0.00396925819281994));
#2711=CARTESIAN_POINT('',(-0.00566578411786566,0.,-0.00317543929748056));
#2712=CARTESIAN_POINT('',(-0.00478458680201417,0.,-0.00268156439378174));
#2713=CARTESIAN_POINT('',(-6.97175273145711E-18,0.,-2.51505762664513E-18));
#2714=CARTESIAN_POINT('',(0.00626404013935402,-0.007,-0.00138894148300015));
#2715=CARTESIAN_POINT('',(0.00626404013935402,-6.93889390390723E-18,-0.00138894148300015));
#2716=CARTESIAN_POINT('',(0.00655377896188056,-0.007,-0.00145310970102979));
#2717=CARTESIAN_POINT('',(0.00655377896188056,-6.93889390390723E-18,-0.00145310970102979));
#2718=CARTESIAN_POINT('',(0.00710222547229745,-0.007,-0.00157460692081858));
#2719=CARTESIAN_POINT('',(0.00710222547229745,-2.60208521396521E-18,-0.00157460692081858));
#2720=CARTESIAN_POINT('',(0.00773077495786468,-0.007,-0.00171397831656552));
#2721=CARTESIAN_POINT('',(0.00773077495786468,-6.93889390390723E-18,-0.00171397831656552));
#2722=CARTESIAN_POINT('',(0.00803056174841806,-0.007,-0.0017808269103237));
#2723=CARTESIAN_POINT('',(0.00803056174841806,-9.54097911787244E-18,-0.0017808269103237));
#2724=CARTESIAN_POINT('',(0.00805254780020373,-0.007,-0.00178595318136953));
#2725=CARTESIAN_POINT('',(0.00805254780020373,-3.46944695195361E-18,-0.00178595318136953));
#2726=CARTESIAN_POINT('',(0.00809002395779848,-0.00700000000000001,-0.00179683061297625));
#2727=CARTESIAN_POINT('',(0.00809002395779848,-1.56125112837913E-17,-0.00179683061297625));
#2728=CARTESIAN_POINT('',(0.00817684596044766,-0.007,-0.00182856665406548));
#2729=CARTESIAN_POINT('',(0.00817684596044766,-3.46944695195361E-18,-0.00182856665406548));
#2730=CARTESIAN_POINT('',(0.00831252765073948,-0.007,-0.00189342128346781));
#2731=CARTESIAN_POINT('',(0.00831252765073948,-1.04083408558608E-17,-0.00189342128346781));
#2732=CARTESIAN_POINT('',(0.008463139589563,-0.007,-0.00197947495638189));
#2733=CARTESIAN_POINT('',(0.008463139589563,-4.33680868994202E-18,-0.00197947495638189));
#2734=CARTESIAN_POINT('',(0.0086752580794012,-0.007,-0.00212017162942088));
#2735=CARTESIAN_POINT('',(0.0086752580794012,-9.54097911787244E-18,-0.00212017162942088));
#2736=CARTESIAN_POINT('',(0.00895337910926752,-0.007,-0.00234205972873752));
#2737=CARTESIAN_POINT('',(0.00895337910926752,-3.46944695195361E-18,-0.00234205972873752));
#2738=CARTESIAN_POINT('',(0.00928931927157289,-0.007,-0.00267517448923922));
#2739=CARTESIAN_POINT('',(0.00928931927157289,-8.67361737988404E-18,-0.00267517448923922));
#2740=CARTESIAN_POINT('',(0.0097252857029986,-0.007,-0.00320016235208927));
#2741=CARTESIAN_POINT('',(0.0097252857029986,-5.20417042793042E-18,-0.00320016235208927));
#2742=CARTESIAN_POINT('',(0.0100232885777643,-0.007,-0.00367994729201453));
#2743=CARTESIAN_POINT('',(0.0100232885777643,-7.80625564189563E-18,-0.00367994729201453));
#2744=CARTESIAN_POINT('',(0.0102035063071201,-0.007,-0.00402749213488088));
#2745=CARTESIAN_POINT('',(0.0102035063071201,-7.80625564189563E-18,-0.00402749213488088));
#2746=CARTESIAN_POINT('',(0.00626404013880652,-0.007,-0.0013889414828789));
#2747=CARTESIAN_POINT('',(0.00626404013935402,-0.007,0.00138894148300015));
#2748=CARTESIAN_POINT('',(0.00626404013935402,-6.93889390390723E-18,0.00138894148300015));
#2749=CARTESIAN_POINT('',(0.00655377896188056,-0.007,0.00145310970102979));
#2750=CARTESIAN_POINT('',(0.00655377896188056,-6.93889390390723E-18,0.00145310970102979));
#2751=CARTESIAN_POINT('',(0.00710222547229745,-0.007,0.00157460692081858));
#2752=CARTESIAN_POINT('',(0.00710222547229745,-2.60208521396521E-18,0.00157460692081858));
#2753=CARTESIAN_POINT('',(0.00773077495786468,-0.007,0.00171397831656552));
#2754=CARTESIAN_POINT('',(0.00773077495786468,-6.93889390390723E-18,0.00171397831656552));
#2755=CARTESIAN_POINT('',(0.00803056174841806,-0.007,0.0017808269103237));
#2756=CARTESIAN_POINT('',(0.00803056174841806,-9.54097911787244E-18,0.0017808269103237));
#2757=CARTESIAN_POINT('',(0.00805254780020373,-0.007,0.00178595318136953));
#2758=CARTESIAN_POINT('',(0.00805254780020373,-3.46944695195361E-18,0.00178595318136953));
#2759=CARTESIAN_POINT('',(0.00809002395779848,-0.00700000000000001,0.00179683061297625));
#2760=CARTESIAN_POINT('',(0.00809002395779848,-1.56125112837913E-17,0.00179683061297625));
#2761=CARTESIAN_POINT('',(0.00817684596044766,-0.007,0.00182856665406548));
#2762=CARTESIAN_POINT('',(0.00817684596044766,-3.46944695195361E-18,0.00182856665406548));
#2763=CARTESIAN_POINT('',(0.00831252765073948,-0.007,0.00189342128346781));
#2764=CARTESIAN_POINT('',(0.00831252765073948,-1.04083408558608E-17,0.00189342128346781));
#2765=CARTESIAN_POINT('',(0.008463139589563,-0.007,0.00197947495638189));
#2766=CARTESIAN_POINT('',(0.008463139589563,-4.33680868994202E-18,0.00197947495638189));
#2767=CARTESIAN_POINT('',(0.0086752580794012,-0.007,0.00212017162942088));
#2768=CARTESIAN_POINT('',(0.0086752580794012,-9.54097911787244E-18,0.00212017162942088));
#2769=CARTESIAN_POINT('',(0.00895337910926752,-0.007,0.00234205972873752));
#2770=CARTESIAN_POINT('',(0.00895337910926752,-3.46944695195361E-18,0.00234205972873752));
#2771=CARTESIAN_POINT('',(0.00928931927157289,-0.007,0.00267517448923922));
#2772=CARTESIAN_POINT('',(0.00928931927157289,-8.67361737988404E-18,0.00267517448923922));
#2773=CARTESIAN_POINT('',(0.0097252857029986,-0.007,0.00320016235208927));
#2774=CARTESIAN_POINT('',(0.0097252857029986,-5.20417042793042E-18,0.00320016235208927));
#2775=CARTESIAN_POINT('',(0.0100232885777643,-0.007,0.00367994729201453));
#2776=CARTESIAN_POINT('',(0.0100232885777643,-7.80625564189563E-18,0.00367994729201453));
#2777=CARTESIAN_POINT('',(0.0102035063071201,-0.007,0.00402749213488088));
#2778=CARTESIAN_POINT('',(0.0102035063071201,-7.80625564189563E-18,0.00402749213488088));
#2779=CARTESIAN_POINT('',(0.00626404013880652,8.67361737988404E-19,0.0013889414828789));
#2780=CARTESIAN_POINT('',(7.37257477290143E-18,-0.007,-7.58941520739853E-19));
#2781=CARTESIAN_POINT('',(0.0054742509402501,-0.007,0.000340051624282541));
#2782=CARTESIAN_POINT('',(0.0054742509402501,-0.007,-0.000340051624282542));
#2783=CARTESIAN_POINT('',(0.00648246657818463,-0.0035,-0.000402680350851483));
#2784=CARTESIAN_POINT('',(0.00648246657818463,-0.0035,0.000402680350851483));
#2785=CARTESIAN_POINT('',(0.00281964696660564,-0.007,-0.00576341463841954));
#2786=CARTESIAN_POINT('',(0.00281964696660564,0.,-0.00576341463841954));
#2787=CARTESIAN_POINT('',(0.00295012743462405,-0.007,-0.00602994980110893));
#2788=CARTESIAN_POINT('',(0.00295012743462405,0.,-0.00602994980110893));
#2789=CARTESIAN_POINT('',(0.00319708788927078,-0.007,-0.00653449482689509));
#2790=CARTESIAN_POINT('',(0.00319708788927078,-3.46944695195361E-18,-0.00653449482689509));
#2791=CARTESIAN_POINT('',(0.00348001713853503,-0.007,-0.00711281124691967));
#2792=CARTESIAN_POINT('',(0.00348001713853503,-2.60208521396521E-18,-0.00711281124691967));
#2793=CARTESIAN_POINT('',(0.00361466681001816,-0.007,-0.00738887341427917));
#2794=CARTESIAN_POINT('',(0.00361466681001816,-3.46944695195361E-18,-0.00738887341427917));
#2795=CARTESIAN_POINT('',(0.00362436700899837,-0.007,-0.00740925897945902));
#2796=CARTESIAN_POINT('',(0.00362436700899837,0.,-0.00740925897945902));
#2797=CARTESIAN_POINT('',(0.00363922869259302,-0.007,-0.00744534098698572));
#2798=CARTESIAN_POINT('',(0.00363922869259302,-4.33680868994202E-18,-0.00744534098698572));
#2799=CARTESIAN_POINT('',(0.00366854908976928,-0.007,-0.0075330082599983));
#2800=CARTESIAN_POINT('',(0.00366854908976928,0.,-0.0075330082599983));
#2801=CARTESIAN_POINT('',(0.00370243984891465,-0.007,-0.0076795246770986));
#2802=CARTESIAN_POINT('',(0.00370243984891465,-8.67361737988404E-19,-0.0076795246770986));
#2803=CARTESIAN_POINT('',(0.00372906538614305,-0.007,-0.00785093141998078));
#2804=CARTESIAN_POINT('',(0.00372906538614305,-2.60208521396521E-18,-0.00785093141998078));
#2805=CARTESIAN_POINT('',(0.00375131801288245,-0.007,-0.00810449527414513));
#2806=CARTESIAN_POINT('',(0.00375131801288245,8.67361737988404E-19,-0.00810449527414513));
#2807=CARTESIAN_POINT('',(0.0037512445370558,-0.007,-0.00846028401830879));
#2808=CARTESIAN_POINT('',(0.0037512445370558,-8.67361737988404E-19,-0.00846028401830879));
#2809=CARTESIAN_POINT('',(0.00370026019525294,-0.007,-0.00893062626944597));
#2810=CARTESIAN_POINT('',(0.00370026019525294,-8.67361737988404E-19,-0.00893062626944597));
#2811=CARTESIAN_POINT('',(0.00356162878010984,-0.007,-0.00959880312942047));
#2812=CARTESIAN_POINT('',(0.00356162878010984,-8.67361737988404E-19,-0.00959880312942047));
#2813=CARTESIAN_POINT('',(0.00337231956260321,-0.007,-0.010130932175907));
#2814=CARTESIAN_POINT('',(0.00337231956260321,-8.67361737988404E-19,-0.010130932175907));
#2815=CARTESIAN_POINT('',(0.00321296197924838,-0.007,-0.0104885227356321));
#2816=CARTESIAN_POINT('',(0.00321296197924838,-8.67361737988404E-19,-0.0104885227356321));
#2817=CARTESIAN_POINT('',(0.00281964696635908,-0.007,-0.00576341463791588));
#2818=CARTESIAN_POINT('',(0.00499148332403635,-0.007,-0.00403143293836126));
#2819=CARTESIAN_POINT('',(0.00499148332403635,3.46944695195361E-18,-0.00403143293836126));
#2820=CARTESIAN_POINT('',(0.00522230125811364,-0.007,-0.00421795164196079));
#2821=CARTESIAN_POINT('',(0.00522230125811364,3.46944695195361E-18,-0.00421795164196079));
#2822=CARTESIAN_POINT('',(0.0056592424156868,-0.007,-0.00457099211276196));
#2823=CARTESIAN_POINT('',(0.0056592424156868,6.07153216591882E-18,-0.00457099211276196));
#2824=CARTESIAN_POINT('',(0.00616010155485199,-0.007,-0.00497551524494846));
#2825=CARTESIAN_POINT('',(0.00616010155485199,2.60208521396521E-18,-0.00497551524494846));
#2826=CARTESIAN_POINT('',(0.00639927989665284,-0.007,-0.00516821857935432));
#2827=CARTESIAN_POINT('',(0.00639927989665284,8.67361737988404E-18,-0.00516821857935432));
#2828=CARTESIAN_POINT('',(0.00641699585581564,-0.007,-0.00518221178909689));
#2829=CARTESIAN_POINT('',(0.00641699585581564,1.73472347597681E-18,-0.00518221178909689));
#2830=CARTESIAN_POINT('',(0.00644886617636733,-0.007,-0.00520472986126919));
#2831=CARTESIAN_POINT('',(0.00644886617636733,1.73472347597681E-18,-0.00520472986126919));
#2832=CARTESIAN_POINT('',(0.00652781104564852,-0.007,-0.00525282293834074));
#2833=CARTESIAN_POINT('',(0.00652781104564852,7.80625564189563E-18,-0.00525282293834074));
#2834=CARTESIAN_POINT('',(0.00666311258689497,-0.007,-0.0053184669553697));
#2835=CARTESIAN_POINT('',(0.00666311258689497,2.60208521396521E-18,-0.0053184669553697));
#2836=CARTESIAN_POINT('',(0.00682429706545582,-0.007,-0.00538256652330304));
#2837=CARTESIAN_POINT('',(0.00682429706545582,4.33680868994202E-18,-0.00538256652330304));
#2838=CARTESIAN_POINT('',(0.00706655186911601,-0.007,-0.00546068449587687));
#2839=CARTESIAN_POINT('',(0.00706655186911601,6.07153216591882E-18,-0.00546068449587687));
#2840=CARTESIAN_POINT('',(0.00741343659655086,-0.007,-0.00553978330588504));
#2841=CARTESIAN_POINT('',(0.00741343659655086,4.33680868994202E-18,-0.00553978330588504));
#2842=CARTESIAN_POINT('',(0.00788333146881805,-0.007,-0.00559473824497936));
#2843=CARTESIAN_POINT('',(0.00788333146881805,4.33680868994202E-18,-0.00559473824497936));
#2844=CARTESIAN_POINT('',(0.00856560413185452,-0.007,-0.00560826594778065));
#2845=CARTESIAN_POINT('',(0.00856560413185452,4.33680868994202E-18,-0.00560826594778065));
#2846=CARTESIAN_POINT('',(0.00912651685604302,-0.007,-0.00554211296000952));
#2847=CARTESIAN_POINT('',(0.00912651685604302,4.33680868994202E-18,-0.00554211296000952));
#2848=CARTESIAN_POINT('',(0.00951060227213289,-0.007,-0.0054663221893031));
#2849=CARTESIAN_POINT('',(0.00951060227213289,4.33680868994202E-18,-0.0054663221893031));
#2850=CARTESIAN_POINT('',(0.00499148332360018,8.67361737988404E-19,-0.00403143293800881));
#2851=CARTESIAN_POINT('',(4.00336081007843E-18,-0.007,-6.23730336269238E-18));
#2852=CARTESIAN_POINT('',(0.00367900269959,-0.007,-0.00406792300817208));
#2853=CARTESIAN_POINT('',(0.00314727656853303,-0.007,-0.0044919604478634));
#2854=CARTESIAN_POINT('',(0.00372692362672124,-0.0035,-0.00531926354703635));
#2855=CARTESIAN_POINT('',(0.00435657997805516,-0.0035,-0.00481712936270675));
#2856=CARTESIAN_POINT('',(-0.00274799788231296,-0.007,-0.0057979190188757));
#2857=CARTESIAN_POINT('',(-0.00274799788231296,0.,-0.0057979190188757));
#2858=CARTESIAN_POINT('',(-0.00287503022253703,-0.007,-0.00606611471239325));
#2859=CARTESIAN_POINT('',(-0.00287503022253703,0.,-0.00606611471239325));
#2860=CARTESIAN_POINT('',(-0.00311552208308465,-0.007,-0.0065737748489169));
#2861=CARTESIAN_POINT('',(-0.00311552208308465,-1.73472347597681E-18,-0.0065737748489169));
#2862=CARTESIAN_POINT('',(-0.00339126456552427,-0.007,-0.00715555223343551));
#2863=CARTESIAN_POINT('',(-0.00339126456552427,8.67361737988404E-19,-0.00715555223343551));
#2864=CARTESIAN_POINT('',(-0.00352314596209093,-0.007,-0.00743294753173268));
#2865=CARTESIAN_POINT('',(-0.00352314596209093,-2.60208521396521E-18,-0.00743294753173268));
#2866=CARTESIAN_POINT('',(-0.00353303606359627,-0.007,-0.00745324164467637));
#2867=CARTESIAN_POINT('',(-0.00353303606359627,3.46944695195361E-18,-0.00745324164467637));
#2868=CARTESIAN_POINT('',(-0.00355198000487159,-0.00700000000000001,-0.00748735774051663));
#2869=CARTESIAN_POINT('',(-0.00355198000487159,-8.67361737988404E-18,-0.00748735774051663));
#2870=CARTESIAN_POINT('',(-0.00360224007026909,-0.007,-0.0075649410007876));
#2871=CARTESIAN_POINT('',(-0.00360224007026909,3.46944695195361E-18,-0.0075649410007876));
#2872=CARTESIAN_POINT('',(-0.00369566067515214,-0.007,-0.00768278935511911));
#2873=CARTESIAN_POINT('',(-0.00369566067515214,-3.46944695195361E-18,-0.00768278935511911));
#2874=CARTESIAN_POINT('',(-0.00381307111211381,-0.007,-0.00781047639451876));
#2875=CARTESIAN_POINT('',(-0.00381307111211381,2.60208521396521E-18,-0.00781047639451876));
#2876=CARTESIAN_POINT('',(-0.00399744103027885,-0.007,-0.00798596867586271));
#2877=CARTESIAN_POINT('',(-0.00399744103027885,-2.60208521396521E-18,-0.00798596867586271));
#2878=CARTESIAN_POINT('',(-0.00427565368300235,-0.007,-0.00820774188375039));
#2879=CARTESIAN_POINT('',(-0.00427565368300235,3.46944695195361E-18,-0.00820774188375039));
#2880=CARTESIAN_POINT('',(-0.00467517027964485,-0.007,-0.00846113431718332));
#2881=CARTESIAN_POINT('',(-0.00467517027964485,-1.73472347597681E-18,-0.00846113431718332));
#2882=CARTESIAN_POINT('',(-0.0052840072581885,-0.007,-0.00876934937039744));
#2883=CARTESIAN_POINT('',(-0.0052840072581885,1.73472347597681E-18,-0.00876934937039744));
#2884=CARTESIAN_POINT('',(-0.00581807486598064,-0.007,-0.00895311849798653));
#2885=CARTESIAN_POINT('',(-0.00581807486598064,-8.67361737988404E-19,-0.00895311849798653));
#2886=CARTESIAN_POINT('',(-0.00619700825147763,-0.007,-0.00905148178957925));
#2887=CARTESIAN_POINT('',(-0.00619700825147763,-8.67361737988404E-19,-0.00905148178957925));
#2888=CARTESIAN_POINT('',(-0.00274799788207291,-0.007,-0.0057979190183689));
#2889=CARTESIAN_POINT('',(-3.97622419848306E-5,-0.007,-0.00641605613089142));
#2890=CARTESIAN_POINT('',(-3.97622419848306E-5,7.80625564189563E-18,-0.00641605613089142));
#2891=CARTESIAN_POINT('',(-4.16758085447727E-5,-0.007,-0.0067128093680215));
#2892=CARTESIAN_POINT('',(-4.16758085447727E-5,7.80625564189563E-18,-0.0067128093680215));
#2893=CARTESIAN_POINT('',(-4.52656074432467E-5,-0.007,-0.00727454085418615));
#2894=CARTESIAN_POINT('',(-4.52656074432467E-5,1.04083408558608E-17,-0.00727454085418615));
#2895=CARTESIAN_POINT('',(-4.92539621359881E-5,-0.007,-0.00791834434500157));
#2896=CARTESIAN_POINT('',(-4.92539621359881E-5,5.20417042793042E-18,-0.00791834434500157));
#2897=CARTESIAN_POINT('',(-5.07902388127393E-5,-0.007,-0.0082254900663322));
#2898=CARTESIAN_POINT('',(-5.07902388127393E-5,7.80625564189563E-18,-0.0082254900663322));
#2899=CARTESIAN_POINT('',(-5.06848508621143E-5,-0.007,-0.00824806558451756));
#2900=CARTESIAN_POINT('',(-5.06848508621143E-5,7.80625564189563E-18,-0.00824806558451756));
#2901=CARTESIAN_POINT('',(-4.8419368764952E-5,-0.00700000000000001,-0.00828702259283817));
#2902=CARTESIAN_POINT('',(-4.8419368764952E-5,2.60208521396521E-18,-0.00828702259283817));
#2903=CARTESIAN_POINT('',(-3.67987296023579E-5,-0.007,-0.00837872972011564));
#2904=CARTESIAN_POINT('',(-3.67987296023579E-5,9.54097911787244E-18,-0.00837872972011564));
#2905=CARTESIAN_POINT('',(-3.76215760833278E-6,-0.007,-0.00852544109985915));
#2906=CARTESIAN_POINT('',(-3.76215760833278E-6,6.07153216591882E-18,-0.00852544109985915));
#2907=CARTESIAN_POINT('',(4.66196607693887E-5,-0.007,-0.00869142562659322));
#2908=CARTESIAN_POINT('',(4.66196607693887E-5,6.93889390390723E-18,-0.00869142562659322));
#2909=CARTESIAN_POINT('',(0.000136587969998016,-0.007,-0.00892953381811553));
#2910=CARTESIAN_POINT('',(0.000136587969998016,6.07153216591882E-18,-0.00892953381811553));
#2911=CARTESIAN_POINT('',(0.000291025120084044,-0.007,-0.00925005652019068));
#2912=CARTESIAN_POINT('',(0.000291025120084044,5.20417042793042E-18,-0.00925005652019068));
#2913=CARTESIAN_POINT('',(0.000541034279387292,-0.007,-0.00965169896886656));
#2914=CARTESIAN_POINT('',(0.000541034279387292,8.67361737988404E-18,-0.00965169896886656));
#2915=CARTESIAN_POINT('',(0.000955847942942025,-0.007,-0.0101935556011949));
#2916=CARTESIAN_POINT('',(0.000955847942942025,7.80625564189563E-18,-0.0101935556011949));
#2917=CARTESIAN_POINT('',(0.00135729179470515,-0.007,-0.0105908491146448));
#2918=CARTESIAN_POINT('',(0.00135729179470515,7.80625564189563E-18,-0.0105908491146448));
#2919=CARTESIAN_POINT('',(0.00165602074529864,-0.007,-0.01084388441229));
#2920=CARTESIAN_POINT('',(0.00165602074529864,7.80625564189563E-18,-0.01084388441229));
#2921=CARTESIAN_POINT('',(-3.97622419812147E-5,8.67361737988404E-19,-0.00641605613033066));
#2922=CARTESIAN_POINT('',(-2.38046549641178E-18,-0.007,-7.01884855473592E-18));
#2923=CARTESIAN_POINT('',(-0.000886609611839864,-0.007,-0.00541266864496612));
#2924=CARTESIAN_POINT('',(-0.00154966125203149,-0.007,-0.0052613314349087));
#2925=CARTESIAN_POINT('',(-0.00183506883105051,-0.0035,-0.00623033279910067));
#2926=CARTESIAN_POINT('',(-0.00104990020358595,-0.0035,-0.00640954241461532));
#2927=CARTESIAN_POINT('',(0.00499148332403635,-0.007,0.00403143293836126));
#2928=CARTESIAN_POINT('',(0.00499148332403635,0.,0.00403143293836126));
#2929=CARTESIAN_POINT('',(0.00522230125811365,-0.007,0.00421795164196079));
#2930=CARTESIAN_POINT('',(0.00522230125811365,0.,0.00421795164196079));
#2931=CARTESIAN_POINT('',(0.0056592424156868,-0.007,0.00457099211276195));
#2932=CARTESIAN_POINT('',(0.0056592424156868,4.33680868994202E-18,0.00457099211276195));
#2933=CARTESIAN_POINT('',(0.00616010155485199,-0.007,0.00497551524494846));
#2934=CARTESIAN_POINT('',(0.00616010155485199,8.67361737988404E-19,0.00497551524494846));
#2935=CARTESIAN_POINT('',(0.00639927989665285,-0.007,0.00516821857935432));
#2936=CARTESIAN_POINT('',(0.00639927989665285,-2.60208521396521E-18,0.00516821857935432));
#2937=CARTESIAN_POINT('',(0.00641699585581564,-0.007,0.00518221178909689));
#2938=CARTESIAN_POINT('',(0.00641699585581564,0.,0.00518221178909689));
#2939=CARTESIAN_POINT('',(0.00644886617636733,-0.007,0.00520472986126919));
#2940=CARTESIAN_POINT('',(0.00644886617636733,-3.46944695195361E-18,0.00520472986126919));
#2941=CARTESIAN_POINT('',(0.00652781104564852,-0.007,0.00525282293834075));
#2942=CARTESIAN_POINT('',(0.00652781104564852,1.73472347597681E-18,0.00525282293834075));
#2943=CARTESIAN_POINT('',(0.00666311258689497,-0.007,0.00531846695536969));
#2944=CARTESIAN_POINT('',(0.00666311258689497,-1.73472347597681E-18,0.00531846695536969));
#2945=CARTESIAN_POINT('',(0.00682429706545583,-0.007,0.00538256652330305));
#2946=CARTESIAN_POINT('',(0.00682429706545583,2.60208521396521E-18,0.00538256652330305));
#2947=CARTESIAN_POINT('',(0.00706655186911602,-0.007,0.00546068449587687));
#2948=CARTESIAN_POINT('',(0.00706655186911602,-2.60208521396521E-18,0.00546068449587687));
#2949=CARTESIAN_POINT('',(0.00741343659655086,-0.007,0.00553978330588504));
#2950=CARTESIAN_POINT('',(0.00741343659655086,3.46944695195361E-18,0.00553978330588504));
#2951=CARTESIAN_POINT('',(0.00788333146881805,-0.007,0.00559473824497936));
#2952=CARTESIAN_POINT('',(0.00788333146881805,-1.73472347597681E-18,0.00559473824497936));
#2953=CARTESIAN_POINT('',(0.00856560413185452,-0.007,0.00560826594778063));
#2954=CARTESIAN_POINT('',(0.00856560413185452,1.73472347597681E-18,0.00560826594778063));
#2955=CARTESIAN_POINT('',(0.00912651685604302,-0.007,0.00554211296000952));
#2956=CARTESIAN_POINT('',(0.00912651685604302,-8.67361737988404E-19,0.00554211296000952));
#2957=CARTESIAN_POINT('',(0.00951060227213289,-0.007,0.0054663221893031));
#2958=CARTESIAN_POINT('',(0.00951060227213289,-8.67361737988404E-19,0.0054663221893031));
#2959=CARTESIAN_POINT('',(0.00499148332360018,-0.007,0.00403143293800881));
#2960=CARTESIAN_POINT('',(0.00281964696660564,-0.007,0.00576341463841954));
#2961=CARTESIAN_POINT('',(0.00281964696660564,0.,0.00576341463841954));
#2962=CARTESIAN_POINT('',(0.00295012743462405,-0.007,0.00602994980110893));
#2963=CARTESIAN_POINT('',(0.00295012743462405,0.,0.00602994980110893));
#2964=CARTESIAN_POINT('',(0.00319708788927078,-0.007,0.00653449482689508));
#2965=CARTESIAN_POINT('',(0.00319708788927078,2.60208521396521E-18,0.00653449482689508));
#2966=CARTESIAN_POINT('',(0.00348001713853503,-0.007,0.00711281124691967));
#2967=CARTESIAN_POINT('',(0.00348001713853503,-8.67361737988404E-19,0.00711281124691967));
#2968=CARTESIAN_POINT('',(0.00361466681001816,-0.007,0.00738887341427917));
#2969=CARTESIAN_POINT('',(0.00361466681001816,5.20417042793042E-18,0.00738887341427917));
#2970=CARTESIAN_POINT('',(0.00362436700899838,-0.007,0.00740925897945902));
#2971=CARTESIAN_POINT('',(0.00362436700899838,-1.73472347597681E-18,0.00740925897945902));
#2972=CARTESIAN_POINT('',(0.00363922869259302,-0.007,0.00744534098698573));
#2973=CARTESIAN_POINT('',(0.00363922869259302,-1.73472347597681E-18,0.00744534098698573));
#2974=CARTESIAN_POINT('',(0.00366854908976928,-0.007,0.00753300825999829));
#2975=CARTESIAN_POINT('',(0.00366854908976928,4.33680868994202E-18,0.00753300825999829));
#2976=CARTESIAN_POINT('',(0.00370243984891465,-0.007,0.0076795246770986));
#2977=CARTESIAN_POINT('',(0.00370243984891465,-8.67361737988404E-19,0.0076795246770986));
#2978=CARTESIAN_POINT('',(0.00372906538614305,-0.007,0.00785093141998078));
#2979=CARTESIAN_POINT('',(0.00372906538614305,8.67361737988404E-19,0.00785093141998078));
#2980=CARTESIAN_POINT('',(0.00375131801288246,-0.007,0.00810449527414513));
#2981=CARTESIAN_POINT('',(0.00375131801288246,2.60208521396521E-18,0.00810449527414513));
#2982=CARTESIAN_POINT('',(0.0037512445370558,-0.007,0.00846028401830879));
#2983=CARTESIAN_POINT('',(0.0037512445370558,8.67361737988404E-19,0.00846028401830879));
#2984=CARTESIAN_POINT('',(0.00370026019525294,-0.007,0.00893062626944598));
#2985=CARTESIAN_POINT('',(0.00370026019525294,8.67361737988404E-19,0.00893062626944598));
#2986=CARTESIAN_POINT('',(0.00356162878010985,-0.007,0.00959880312942043));
#2987=CARTESIAN_POINT('',(0.00356162878010985,8.67361737988404E-19,0.00959880312942043));
#2988=CARTESIAN_POINT('',(0.00337231956260321,-0.007,0.0101309321759071));
#2989=CARTESIAN_POINT('',(0.00337231956260321,8.67361737988404E-19,0.0101309321759071));
#2990=CARTESIAN_POINT('',(0.00321296197924839,-0.007,0.0104885227356321));
#2991=CARTESIAN_POINT('',(0.00321296197924839,8.67361737988404E-19,0.0104885227356321));
#2992=CARTESIAN_POINT('',(0.00281964696635908,8.67361737988404E-19,0.00576341463791588));
#2993=CARTESIAN_POINT('',(5.19008955861159E-18,-0.007,5.29091876591547E-18));
#2994=CARTESIAN_POINT('',(0.00314727656853304,-0.007,0.0044919604478634));
#2995=CARTESIAN_POINT('',(0.00367900269959,-0.007,0.00406792300817208));
#2996=CARTESIAN_POINT('',(0.00435657997805516,-0.0035,0.00481712936270675));
#2997=CARTESIAN_POINT('',(0.00372692362672124,-0.0035,0.00531926354703634));
#2998=CARTESIAN_POINT('',(-3.97622419848348E-5,-0.007,0.00641605613089142));
#2999=CARTESIAN_POINT('',(-3.97622419848348E-5,2.60208521396521E-18,0.00641605613089142));
#3000=CARTESIAN_POINT('',(-4.1675808544777E-5,-0.007,0.0067128093680215));
#3001=CARTESIAN_POINT('',(-4.1675808544777E-5,1.73472347597681E-18,0.0067128093680215));
#3002=CARTESIAN_POINT('',(-4.52656074432514E-5,-0.007,0.00727454085418615));
#3003=CARTESIAN_POINT('',(-4.52656074432514E-5,2.60208521396521E-18,0.00727454085418615));
#3004=CARTESIAN_POINT('',(-4.92539621359931E-5,-0.007,0.00791834434500157));
#3005=CARTESIAN_POINT('',(-4.92539621359931E-5,-1.73472347597681E-18,0.00791834434500157));
#3006=CARTESIAN_POINT('',(-5.07902388127445E-5,-0.007,0.0082254900663322));
#3007=CARTESIAN_POINT('',(-5.07902388127445E-5,-8.67361737988404E-19,0.0082254900663322));
#3008=CARTESIAN_POINT('',(-5.06848508621196E-5,-0.007,0.00824806558451756));
#3009=CARTESIAN_POINT('',(-5.06848508621196E-5,8.67361737988404E-19,0.00824806558451756));
#3010=CARTESIAN_POINT('',(-4.84193687649574E-5,-0.00700000000000001,0.00828702259283817));
#3011=CARTESIAN_POINT('',(-4.84193687649574E-5,-4.33680868994202E-18,0.00828702259283817));
#3012=CARTESIAN_POINT('',(-3.67987296023633E-5,-0.007,0.00837872972011564));
#3013=CARTESIAN_POINT('',(-3.67987296023633E-5,2.60208521396521E-18,0.00837872972011564));
#3014=CARTESIAN_POINT('',(-3.76215760833814E-6,-0.007,0.00852544109985915));
#3015=CARTESIAN_POINT('',(-3.76215760833814E-6,-8.67361737988404E-19,0.00852544109985915));
#3016=CARTESIAN_POINT('',(4.66196607693832E-5,-0.007,0.00869142562659322));
#3017=CARTESIAN_POINT('',(4.66196607693832E-5,8.67361737988404E-19,0.00869142562659322));
#3018=CARTESIAN_POINT('',(0.00013658796999801,-0.007,0.00892953381811553));
#3019=CARTESIAN_POINT('',(0.00013658796999801,-1.73472347597681E-18,0.00892953381811553));
#3020=CARTESIAN_POINT('',(0.000291025120084039,-0.007,0.00925005652019068));
#3021=CARTESIAN_POINT('',(0.000291025120084039,8.67361737988404E-19,0.00925005652019068));
#3022=CARTESIAN_POINT('',(0.000541034279387284,-0.007,0.00965169896886656));
#3023=CARTESIAN_POINT('',(0.000541034279387284,8.67361737988404E-19,0.00965169896886656));
#3024=CARTESIAN_POINT('',(0.000955847942942029,-0.007,0.0101935556011949));
#3025=CARTESIAN_POINT('',(0.000955847942942029,8.67361737988404E-19,0.0101935556011949));
#3026=CARTESIAN_POINT('',(0.00135729179470509,-0.007,0.0105908491146448));
#3027=CARTESIAN_POINT('',(0.00135729179470509,8.67361737988404E-19,0.0105908491146448));
#3028=CARTESIAN_POINT('',(0.00165602074529863,-0.007,0.01084388441229));
#3029=CARTESIAN_POINT('',(0.00165602074529863,8.67361737988404E-19,0.01084388441229));
#3030=CARTESIAN_POINT('',(-3.97622419812188E-5,-0.007,0.00641605613033066));
#3031=CARTESIAN_POINT('',(-0.00274799788231296,-0.007,0.0057979190188757));
#3032=CARTESIAN_POINT('',(-0.00274799788231296,-8.67361737988404E-19,0.0057979190188757));
#3033=CARTESIAN_POINT('',(-0.00287503022253703,-0.007,0.00606611471239324));
#3034=CARTESIAN_POINT('',(-0.00287503022253703,-8.67361737988404E-19,0.00606611471239324));
#3035=CARTESIAN_POINT('',(-0.00311552208308466,-0.007,0.0065737748489169));
#3036=CARTESIAN_POINT('',(-0.00311552208308466,0.,0.0065737748489169));
#3037=CARTESIAN_POINT('',(-0.00339126456552428,-0.007,0.00715555223343551));
#3038=CARTESIAN_POINT('',(-0.00339126456552428,-4.33680868994202E-18,0.00715555223343551));
#3039=CARTESIAN_POINT('',(-0.00352314596209093,-0.007,0.00743294753173267));
#3040=CARTESIAN_POINT('',(-0.00352314596209093,-1.73472347597681E-18,0.00743294753173267));
#3041=CARTESIAN_POINT('',(-0.00353303606359628,-0.007,0.00745324164467637));
#3042=CARTESIAN_POINT('',(-0.00353303606359628,-1.73472347597681E-18,0.00745324164467637));
#3043=CARTESIAN_POINT('',(-0.00355198000487159,-0.007,0.00748735774051662));
#3044=CARTESIAN_POINT('',(-0.00355198000487159,-3.46944695195361E-18,0.00748735774051662));
#3045=CARTESIAN_POINT('',(-0.0036022400702691,-0.007,0.0075649410007876));
#3046=CARTESIAN_POINT('',(-0.0036022400702691,-8.67361737988404E-19,0.0075649410007876));
#3047=CARTESIAN_POINT('',(-0.00369566067515214,-0.007,0.0076827893551191));
#3048=CARTESIAN_POINT('',(-0.00369566067515214,-1.73472347597681E-18,0.0076827893551191));
#3049=CARTESIAN_POINT('',(-0.00381307111211381,-0.007,0.00781047639451875));
#3050=CARTESIAN_POINT('',(-0.00381307111211381,-3.46944695195361E-18,0.00781047639451875));
#3051=CARTESIAN_POINT('',(-0.00399744103027885,-0.007,0.00798596867586271));
#3052=CARTESIAN_POINT('',(-0.00399744103027885,8.67361737988404E-19,0.00798596867586271));
#3053=CARTESIAN_POINT('',(-0.00427565368300236,-0.007,0.00820774188375039));
#3054=CARTESIAN_POINT('',(-0.00427565368300236,-4.33680868994202E-18,0.00820774188375039));
#3055=CARTESIAN_POINT('',(-0.00467517027964486,-0.007,0.00846113431718332));
#3056=CARTESIAN_POINT('',(-0.00467517027964486,-8.67361737988404E-19,0.00846113431718332));
#3057=CARTESIAN_POINT('',(-0.00528400725818851,-0.007,0.00876934937039744));
#3058=CARTESIAN_POINT('',(-0.00528400725818851,-1.73472347597681E-18,0.00876934937039744));
#3059=CARTESIAN_POINT('',(-0.00581807486598064,-0.007,0.00895311849798653));
#3060=CARTESIAN_POINT('',(-0.00581807486598064,-1.73472347597681E-18,0.00895311849798653));
#3061=CARTESIAN_POINT('',(-0.00619700825147764,-0.007,0.00905148178957924));
#3062=CARTESIAN_POINT('',(-0.00619700825147764,-1.73472347597681E-18,0.00905148178957924));
#3063=CARTESIAN_POINT('',(-0.00274799788207291,8.67361737988404E-19,0.0057979190183689));
#3064=CARTESIAN_POINT('',(-9.00638951845785E-19,-0.007,7.35660930676243E-18));
#3065=CARTESIAN_POINT('',(-0.0015496612520315,-0.007,0.0052613314349087));
#3066=CARTESIAN_POINT('',(-0.000886609611839868,-0.007,0.00541266864496613));
#3067=CARTESIAN_POINT('',(-0.00104990020358596,-0.0035,0.00640954241461532));
#3068=CARTESIAN_POINT('',(-0.00183506883105052,-0.0035,0.00623033279910066));
#3069=CARTESIAN_POINT('',(-0.00504106602878952,-0.007,0.00396925819316675));
#3070=CARTESIAN_POINT('',(-0.00504106602878952,7.80625564189563E-18,0.00396925819316675));
#3071=CARTESIAN_POINT('',(-0.00527427014133742,-0.007,0.00415278472360556));
#3072=CARTESIAN_POINT('',(-0.00527427014133742,7.80625564189563E-18,0.00415278472360556));
#3073=CARTESIAN_POINT('',(-0.00571568770491841,-0.007,0.00450021195881761));
#3074=CARTESIAN_POINT('',(-0.00571568770491841,4.33680868994202E-18,0.00450021195881761));
#3075=CARTESIAN_POINT('',(-0.00622152024103785,-0.007,0.00489849864848004));
#3076=CARTESIAN_POINT('',(-0.00622152024103785,6.93889390390723E-18,0.00489849864848004));
#3077=CARTESIAN_POINT('',(-0.00646261428852027,-0.007,0.00508879976394257));
#3078=CARTESIAN_POINT('',(-0.00646261428852027,5.20417042793042E-18,0.00508879976394257));
#3079=CARTESIAN_POINT('',(-0.00648019883105816,-0.007,0.00510295776492049));
#3080=CARTESIAN_POINT('',(-0.00648019883105816,6.07153216591882E-18,0.00510295776492049));
#3081=CARTESIAN_POINT('',(-0.00650924414164212,-0.007,0.00512901828754585));
#3082=CARTESIAN_POINT('',(-0.00650924414164212,6.07153216591882E-18,0.00512901828754585));
#3083=CARTESIAN_POINT('',(-0.00657369831090538,-0.007,0.00519528212770483));
#3084=CARTESIAN_POINT('',(-0.00657369831090538,4.33680868994202E-18,0.00519528212770483));
#3085=CARTESIAN_POINT('',(-0.00666780392069853,-0.007,0.00531258420884928));
#3086=CARTESIAN_POINT('',(-0.00666780392069853,7.80625564189563E-18,0.00531258420884928));
#3087=CARTESIAN_POINT('',(-0.00676616329934418,-0.007,0.00545546396028601));
#3088=CARTESIAN_POINT('',(-0.00676616329934418,4.33680868994202E-18,0.00545546396028601));
#3089=CARTESIAN_POINT('',(-0.00689622945641533,-0.007,0.00567426204601856));
#3090=CARTESIAN_POINT('',(-0.00689622945641533,9.54097911787244E-18,0.00567426204601856));
#3091=CARTESIAN_POINT('',(-0.00705053420763664,-0.007,0.00599484850802652));
#3092=CARTESIAN_POINT('',(-0.00705053420763664,3.46944695195361E-18,0.00599484850802652));
#3093=CARTESIAN_POINT('',(-0.00720867275751013,-0.007,0.00644073351041813));
#3094=CARTESIAN_POINT('',(-0.00720867275751013,7.80625564189563E-18,0.00644073351041813));
#3095=CARTESIAN_POINT('',(-0.00737368124275051,-0.007,0.0071028899762694));
#3096=CARTESIAN_POINT('',(-0.00737368124275051,8.67361737988404E-18,0.0071028899762694));
#3097=CARTESIAN_POINT('',(-0.00743400167175272,-0.007,0.00766445987200154));
#3098=CARTESIAN_POINT('',(-0.00743400167175272,6.07153216591882E-18,0.00766445987200154));
#3099=CARTESIAN_POINT('',(-0.0074455781794125,-0.007,0.00805578049789237));
#3100=CARTESIAN_POINT('',(-0.0074455781794125,6.07153216591882E-18,0.00805578049789237));
#3101=CARTESIAN_POINT('',(-0.00504106602834884,-0.007,0.00396925819281995));
#3102=CARTESIAN_POINT('',(-0.0062463442769087,-0.007,0.00146647212212404));
#3103=CARTESIAN_POINT('',(-0.0062463442769087,-6.93889390390723E-18,0.00146647212212404));
#3104=CARTESIAN_POINT('',(-0.00653523148219902,-0.007,0.00153437151905589));
#3105=CARTESIAN_POINT('',(-0.00653523148219902,-6.93889390390723E-18,0.00153437151905589));
#3106=CARTESIAN_POINT('',(-0.0070820803818087,-0.007,0.00166286832913516));
#3107=CARTESIAN_POINT('',(-0.0070820803818087,-6.93889390390723E-18,0.00166286832913516));
#3108=CARTESIAN_POINT('',(-0.00770885488255358,-0.007,0.00181001644150938));
#3109=CARTESIAN_POINT('',(-0.00770885488255358,-6.07153216591882E-18,0.00181001644150938));
#3110=CARTESIAN_POINT('',(-0.0080079579656651,-0.007,0.00187986055329356));
#3111=CARTESIAN_POINT('',(-0.0080079579656651,-5.20417042793042E-18,0.00187986055329356));
#3112=CARTESIAN_POINT('',(-0.00802999091950119,-0.007,0.00188478133303004));
#3113=CARTESIAN_POINT('',(-0.00802999091950119,-6.93889390390723E-18,0.00188478133303004));
#3114=CARTESIAN_POINT('',(-0.00806847531148016,-0.007,0.00189124140117461));
#3115=CARTESIAN_POINT('',(-0.00806847531148016,-1.04083408558608E-17,0.00189124140117461));
#3116=CARTESIAN_POINT('',(-0.00816046898508861,-0.00699999999999999,0.00190031887130984));
#3117=CARTESIAN_POINT('',(-0.00816046898508861,-1.73472347597681E-18,0.00190031887130984));
#3118=CARTESIAN_POINT('',(-0.0083108533330901,-0.007,0.00190075694839261));
#3119=CARTESIAN_POINT('',(-0.0083108533330901,-8.67361737988404E-18,0.00190075694839261));
#3120=CARTESIAN_POINT('',(-0.00848388729047325,-0.007,0.00188857333930085));
#3121=CARTESIAN_POINT('',(-0.00848388729047325,-7.80625564189563E-18,0.00188857333930085));
#3122=CARTESIAN_POINT('',(-0.00873604544470353,-0.007,0.00185384478058225));
#3123=CARTESIAN_POINT('',(-0.00873604544470353,-8.67361737988404E-18,0.00185384478058225));
#3124=CARTESIAN_POINT('',(-0.00908289747231921,-0.007,0.00177460270330553));
#3125=CARTESIAN_POINT('',(-0.00908289747231921,-9.54097911787244E-18,0.00177460270330553));
#3126=CARTESIAN_POINT('',(-0.00953010217787617,-0.007,0.00162023564839554));
#3127=CARTESIAN_POINT('',(-0.00953010217787617,-6.07153216591882E-18,0.00162023564839554));
#3128=CARTESIAN_POINT('',(-0.010150678056966,-0.007,0.00133639667333776));
#3129=CARTESIAN_POINT('',(-0.010150678056966,-6.93889390390723E-18,0.00133639667333776));
#3130=CARTESIAN_POINT('',(-0.0106273402533822,-0.007,0.00103342398074777));
#3131=CARTESIAN_POINT('',(-0.0106273402533822,-6.93889390390723E-18,0.00103342398074777));
#3132=CARTESIAN_POINT('',(-0.0109405048729098,-0.007,0.000798490439393325));
#3133=CARTESIAN_POINT('',(-0.0109405048729098,-6.93889390390723E-18,0.000798490439393325));
#3134=CARTESIAN_POINT('',(-0.0062463442763628,8.67361737988404E-19,0.00146647212199573));
#3135=CARTESIAN_POINT('',(-6.31316796187676E-18,-0.007,3.88262299213538E-18));
#3136=CARTESIAN_POINT('',(-0.00507967254248759,-0.007,0.0020688125398653));
#3137=CARTESIAN_POINT('',(-0.00478458680201417,-0.007,0.00268156439378174));
#3138=CARTESIAN_POINT('',(-0.00566578411786567,-0.0035,0.00317543929748056));
#3139=CARTESIAN_POINT('',(-0.00601521703045889,-0.0035,0.00244983437781414));
#3140=CARTESIAN_POINT('',(-0.0062463442769087,-0.007,-0.00146647212212404));
#3141=CARTESIAN_POINT('',(-0.0062463442769087,3.46944695195361E-18,-0.00146647212212404));
#3142=CARTESIAN_POINT('',(-0.00653523148219902,-0.007,-0.00153437151905589));
#3143=CARTESIAN_POINT('',(-0.00653523148219902,4.33680868994202E-18,-0.00153437151905589));
#3144=CARTESIAN_POINT('',(-0.00708208038180871,-0.007,-0.00166286832913516));
#3145=CARTESIAN_POINT('',(-0.00708208038180871,2.60208521396521E-18,-0.00166286832913516));
#3146=CARTESIAN_POINT('',(-0.00770885488255358,-0.007,-0.00181001644150937));
#3147=CARTESIAN_POINT('',(-0.00770885488255358,2.60208521396521E-18,-0.00181001644150937));
#3148=CARTESIAN_POINT('',(-0.00800795796566511,-0.007,-0.00187986055329355));
#3149=CARTESIAN_POINT('',(-0.00800795796566511,5.20417042793042E-18,-0.00187986055329355));
#3150=CARTESIAN_POINT('',(-0.00802999091950118,-0.007,-0.00188478133303003));
#3151=CARTESIAN_POINT('',(-0.00802999091950118,1.73472347597681E-18,-0.00188478133303003));
#3152=CARTESIAN_POINT('',(-0.00806847531148016,-0.007,-0.00189124140117461));
#3153=CARTESIAN_POINT('',(-0.00806847531148016,5.20417042793042E-18,-0.00189124140117461));
#3154=CARTESIAN_POINT('',(-0.00816046898508862,-0.007,-0.00190031887130984));
#3155=CARTESIAN_POINT('',(-0.00816046898508862,-8.67361737988404E-19,-0.00190031887130984));
#3156=CARTESIAN_POINT('',(-0.0083108533330901,-0.007,-0.0019007569483926));
#3157=CARTESIAN_POINT('',(-0.0083108533330901,5.20417042793042E-18,-0.0019007569483926));
#3158=CARTESIAN_POINT('',(-0.00848388729047326,-0.007,-0.00188857333930085));
#3159=CARTESIAN_POINT('',(-0.00848388729047326,0.,-0.00188857333930085));
#3160=CARTESIAN_POINT('',(-0.00873604544470353,-0.007,-0.00185384478058225));
#3161=CARTESIAN_POINT('',(-0.00873604544470353,2.60208521396521E-18,-0.00185384478058225));
#3162=CARTESIAN_POINT('',(-0.00908289747231922,-0.007,-0.00177460270330553));
#3163=CARTESIAN_POINT('',(-0.00908289747231922,-1.73472347597681E-18,-0.00177460270330553));
#3164=CARTESIAN_POINT('',(-0.00953010217787617,-0.007,-0.00162023564839554));
#3165=CARTESIAN_POINT('',(-0.00953010217787617,3.46944695195361E-18,-0.00162023564839554));
#3166=CARTESIAN_POINT('',(-0.010150678056966,-0.007,-0.00133639667333775));
#3167=CARTESIAN_POINT('',(-0.010150678056966,2.60208521396521E-18,-0.00133639667333775));
#3168=CARTESIAN_POINT('',(-0.0106273402533822,-0.007,-0.00103342398074776));
#3169=CARTESIAN_POINT('',(-0.0106273402533822,2.60208521396521E-18,-0.00103342398074776));
#3170=CARTESIAN_POINT('',(-0.0109405048729098,-0.007,-0.000798490439393322));
#3171=CARTESIAN_POINT('',(-0.0109405048729098,2.60208521396521E-18,-0.000798490439393322));
#3172=CARTESIAN_POINT('',(-0.00624634427636281,-0.007,-0.00146647212199573));
#3173=CARTESIAN_POINT('',(-0.00504106602878951,-0.007,-0.00396925819316675));
#3174=CARTESIAN_POINT('',(-0.00504106602878951,-2.60208521396521E-18,-0.00396925819316675));
#3175=CARTESIAN_POINT('',(-0.00527427014133742,-0.007,-0.00415278472360556));
#3176=CARTESIAN_POINT('',(-0.00527427014133742,-2.60208521396521E-18,-0.00415278472360556));
#3177=CARTESIAN_POINT('',(-0.00571568770491841,-0.007,-0.00450021195881761));
#3178=CARTESIAN_POINT('',(-0.00571568770491841,-4.33680868994202E-18,-0.00450021195881761));
#3179=CARTESIAN_POINT('',(-0.00622152024103785,-0.007,-0.00489849864848005));
#3180=CARTESIAN_POINT('',(-0.00622152024103785,0.,-0.00489849864848005));
#3181=CARTESIAN_POINT('',(-0.00646261428852028,-0.00700000000000001,-0.00508879976394257));
#3182=CARTESIAN_POINT('',(-0.00646261428852028,-8.67361737988404E-18,-0.00508879976394257));
#3183=CARTESIAN_POINT('',(-0.00648019883105817,-0.007,-0.00510295776492049));
#3184=CARTESIAN_POINT('',(-0.00648019883105817,8.67361737988404E-19,-0.00510295776492049));
#3185=CARTESIAN_POINT('',(-0.00650924414164211,-0.00700000000000001,-0.00512901828754584));
#3186=CARTESIAN_POINT('',(-0.00650924414164211,-1.12757025938492E-17,-0.00512901828754584));
#3187=CARTESIAN_POINT('',(-0.00657369831090539,-0.007,-0.00519528212770483));
#3188=CARTESIAN_POINT('',(-0.00657369831090539,-1.73472347597681E-18,-0.00519528212770483));
#3189=CARTESIAN_POINT('',(-0.00666780392069853,-0.007,-0.00531258420884928));
#3190=CARTESIAN_POINT('',(-0.00666780392069853,-2.60208521396521E-18,-0.00531258420884928));
#3191=CARTESIAN_POINT('',(-0.00676616329934418,-0.007,-0.00545546396028601));
#3192=CARTESIAN_POINT('',(-0.00676616329934418,-4.33680868994202E-18,-0.00545546396028601));
#3193=CARTESIAN_POINT('',(-0.00689622945641533,-0.007,-0.00567426204601856));
#3194=CARTESIAN_POINT('',(-0.00689622945641533,-2.60208521396521E-18,-0.00567426204601856));
#3195=CARTESIAN_POINT('',(-0.00705053420763664,-0.007,-0.00599484850802652));
#3196=CARTESIAN_POINT('',(-0.00705053420763664,-1.73472347597681E-18,-0.00599484850802652));
#3197=CARTESIAN_POINT('',(-0.00720867275751013,-0.007,-0.00644073351041813));
#3198=CARTESIAN_POINT('',(-0.00720867275751013,-2.60208521396521E-18,-0.00644073351041813));
#3199=CARTESIAN_POINT('',(-0.00737368124275051,-0.007,-0.0071028899762694));
#3200=CARTESIAN_POINT('',(-0.00737368124275051,-8.67361737988404E-19,-0.0071028899762694));
#3201=CARTESIAN_POINT('',(-0.00743400167175272,-0.007,-0.00766445987200154));
#3202=CARTESIAN_POINT('',(-0.00743400167175272,-3.46944695195361E-18,-0.00766445987200154));
#3203=CARTESIAN_POINT('',(-0.0074455781794125,-0.007,-0.00805578049789237));
#3204=CARTESIAN_POINT('',(-0.0074455781794125,-3.46944695195361E-18,-0.00805578049789237));
#3205=CARTESIAN_POINT('',(-0.00504106602834884,8.67361737988404E-19,-0.00396925819281994));
#3206=CARTESIAN_POINT('',(-6.97175273145711E-18,-0.007,-2.51505762664513E-18));
#3207=CARTESIAN_POINT('',(-0.00478458680201418,-0.007,-0.00268156439378174));
#3208=CARTESIAN_POINT('',(-0.00507967254248759,-0.007,-0.0020688125398653));
#3209=CARTESIAN_POINT('',(-0.00601521703045889,-0.0035,-0.00244983437781414));
#3210=CARTESIAN_POINT('',(-0.00566578411786566,-0.0035,-0.00317543929748056));
#3211=CARTESIAN_POINT('',(0.,-0.0115,3.06161699786838E-19));
#3212=CARTESIAN_POINT('',(0.,-0.0115,3.06161699786838E-19));
#3213=CARTESIAN_POINT('',(0.,-0.0115,-0.005));
#3214=CARTESIAN_POINT('',(-0.000383049346438722,-0.0115,0.));
#3215=CARTESIAN_POINT('',(0.,-0.0115,2.44317036429897E-19));
#3216=CARTESIAN_POINT('',(0.,-0.0115,-0.00399));
#3217=CARTESIAN_POINT('',(0.,-0.0185,2.44317036429897E-19));
#3218=CARTESIAN_POINT('',(0.,-0.0185,2.44317036429897E-19));
#3219=CARTESIAN_POINT('',(0.,-0.0185,-0.00399));
#3220=CARTESIAN_POINT('',(0.,-0.0185,0.));
#3221=CARTESIAN_POINT('',(0.,-0.0185,1.30118722409406E-19));
#3222=CARTESIAN_POINT('',(0.,-0.0185,-0.002125));
#3223=CARTESIAN_POINT('',(0.,0.0065,1.30118722409406E-19));
#3224=MECHANICAL_DESIGN_GEOMETRIC_PRESENTATION_REPRESENTATION('',(#883),
#3225);
#3225=(
GEOMETRIC_REPRESENTATION_CONTEXT(3)
GLOBAL_UNCERTAINTY_ASSIGNED_CONTEXT((#3226))
GLOBAL_UNIT_ASSIGNED_CONTEXT((#3229,#3228,#3227))
REPRESENTATION_CONTEXT('Spur gear (7 teeth)','TOP_LEVEL_ASSEMBLY_PART')
);
#3226=UNCERTAINTY_MEASURE_WITH_UNIT(LENGTH_MEASURE(2.E-5),#3229,
'DISTANCE_ACCURACY_VALUE','Maximum Tolerance applied to model');
#3227=(
NAMED_UNIT(*)
SI_UNIT($,.STERADIAN.)
SOLID_ANGLE_UNIT()
);
#3228=(
NAMED_UNIT(*)
PLANE_ANGLE_UNIT()
SI_UNIT($,.RADIAN.)
);
#3229=(
LENGTH_UNIT()
NAMED_UNIT(*)
SI_UNIT($,.METRE.)
);
#3230=PRODUCT_DEFINITION_SHAPE('','',#3231);
#3231=PRODUCT_DEFINITION('','',#3233,#3232);
#3232=PRODUCT_DEFINITION_CONTEXT('',#3239,'design');
#3233=PRODUCT_DEFINITION_FORMATION_WITH_SPECIFIED_SOURCE('','',#3235,
 .NOT_KNOWN.);
#3234=PRODUCT_RELATED_PRODUCT_CATEGORY('','',(#3235));
#3235=PRODUCT('Spur gear (7 teeth)','Spur gear (7 teeth)',
'Spur gear (7 teeth)',(#3237));
#3236=PRODUCT_CATEGORY('','');
#3237=PRODUCT_CONTEXT('',#3239,'mechanical');
#3238=APPLICATION_PROTOCOL_DEFINITION('international standard',
'ap242_managed_model_based_3d_engineering',2020,#3239);
#3239=APPLICATION_CONTEXT('managed model based 3d engineering');
ENDSEC;
END-ISO-10303-21;
